timestamp_utc,strategy,key,asset,direction,venue,gross_bps,stressed_bps,candidate,detail_json
2026-09-05T23:48:01+00:00,eu_cross_spot,BTC:buy Coinbase / sell Kraken,BTC,buy Coinbase / sell Kraken,Coinbase<->Kraken,1.089961,-43.910039,NO,"{""buffer_bps"":45.0,""buy_ask"":68809.8,""note"":""Assumes prefunded balances on both venues; rebalancing and account-specific fees can erase the edge."",""sell_bid"":68817.3}"
2026-09-05T23:48:01+00:00,eu_cross_spot,BTC:buy Kraken / sell Coinbase,BTC,buy Kraken / sell Coinbase,Coinbase<->Kraken,-1.623136,-46.623136,NO,"{""buffer_bps"":45.0,""buy_ask"":68817.4,""note"":""Assumes prefunded balances on both venues; rebalancing and account-specific fees can erase the edge."",""sell_bid"":68806.23}"
2026-09-05T23:48:01+00:00,eu_cross_spot,ETH:buy Coinbase / sell Kraken,ETH,buy Coinbase / sell Kraken,Coinbase<->Kraken,-0.420728,-45.420728,NO,"{""buffer_bps"":45.0,""buy_ask"":2139.15,""note"":""Assumes prefunded balances on both venues; rebalancing and account-specific fees can erase the edge."",""sell_bid"":2139.06}"
2026-09-05T23:48:01+00:00,eu_cross_spot,ETH:buy Kraken / sell Coinbase,ETH,buy Kraken / sell Coinbase,Coinbase<->Kraken,-1.449228,-46.449228,NO,"{""buffer_bps"":45.0,""buy_ask"":2139.07,""note"":""Assumes prefunded balances on both venues; rebalancing and account-specific fees can erase the edge."",""sell_bid"":2138.76}"
2026-09-05T23:48:01+00:00,eu_cross_spot,SOL:buy Coinbase / sell Kraken,SOL,buy Coinbase / sell Kraken,Coinbase<->Kraken,1.123596,-43.876404,NO,"{""buffer_bps"":45.0,""buy_ask"":89.0,""note"":""Assumes prefunded balances on both venues; rebalancing and account-specific fees can erase the edge."",""sell_bid"":89.01}"
2026-09-05T23:48:01+00:00,eu_cross_spot,SOL:buy Kraken / sell Coinbase,SOL,buy Kraken / sell Coinbase,Coinbase<->Kraken,-3.370029,-48.370029,NO,"{""buffer_bps"":45.0,""buy_ask"":89.02,""note"":""Assumes prefunded balances on both venues; rebalancing and account-specific fees can erase the edge."",""sell_bid"":88.99}"
2026-09-05T23:48:01+00:00,eur_triangle,Coinbase:BTC:EUR-USDT-BTC-EUR,BTC,EUR->USDT->BTC->EUR,Coinbase,-0.288993,-129.806179,NO,"{""extra_buffer_bps"":10.0,""fee_bps_per_leg_assumption"":40.0,""note"":""Top-of-book paper cycle. Exact Coinbase fee tier and available size must be validated.""}"
2026-09-05T23:48:01+00:00,eur_triangle,Coinbase:BTC:EUR-BTC-USDT-EUR,BTC,EUR->BTC->USDT->EUR,Coinbase,-2.422974,-131.914655,NO,"{""extra_buffer_bps"":10.0,""fee_bps_per_leg_assumption"":40.0,""note"":""Top-of-book paper cycle. Exact Coinbase fee tier and available size must be validated.""}"
2026-09-05T23:48:01+00:00,eur_triangle,Kraken:BTC:EUR-USDT-BTC-EUR,BTC,EUR->USDT->BTC->EUR,Kraken,0.870204,-128.660836,NO,"{""extra_buffer_bps"":10.0,""fee_bps_per_leg_assumption"":40.0,""note"":""Top-of-book paper cycle. Exact Kraken fee tier and available size must be validated.""}"
2026-09-05T23:48:01+00:00,eur_triangle,Kraken:BTC:EUR-BTC-USDT-EUR,BTC,EUR->BTC->USDT->EUR,Kraken,-2.057573,-131.553620,NO,"{""extra_buffer_bps"":10.0,""fee_bps_per_leg_assumption"":40.0,""note"":""Top-of-book paper cycle. Exact Kraken fee tier and available size must be validated.""}"
2026-09-05T23:48:01+00:00,eur_triangle,Coinbase:ETH:EUR-USDT-ETH-EUR,ETH,EUR->USDT->ETH->EUR,Coinbase,-1.192811,-130.699194,NO,"{""extra_buffer_bps"":10.0,""fee_bps_per_leg_assumption"":40.0,""note"":""Top-of-book paper cycle. Exact Coinbase fee tier and available size must be validated.""}"
2026-09-05T23:48:01+00:00,eur_triangle,Coinbase:ETH:EUR-ETH-USDT-EUR,ETH,EUR->ETH->USDT->EUR,Coinbase,-4.326705,-133.795632,NO,"{""extra_buffer_bps"":10.0,""fee_bps_per_leg_assumption"":40.0,""note"":""Top-of-book paper cycle. Exact Coinbase fee tier and available size must be validated.""}"
2026-09-05T23:48:01+00:00,eur_triangle,Kraken:ETH:EUR-USDT-ETH-EUR,ETH,EUR->USDT->ETH->EUR,Kraken,-0.313983,-129.830870,NO,"{""extra_buffer_bps"":10.0,""fee_bps_per_leg_assumption"":40.0,""note"":""Top-of-book paper cycle. Exact Kraken fee tier and available size must be validated.""}"
2026-09-05T23:48:01+00:00,eur_triangle,Kraken:ETH:EUR-ETH-USDT-EUR,ETH,EUR->ETH->USDT->EUR,Kraken,-1.175240,-130.681833,NO,"{""extra_buffer_bps"":10.0,""fee_bps_per_leg_assumption"":40.0,""note"":""Top-of-book paper cycle. Exact Kraken fee tier and available size must be validated.""}"
2026-09-05T23:48:01+00:00,eur_triangle,Coinbase:SOL:EUR-USDT-SOL-EUR,SOL,EUR->USDT->SOL->EUR,Coinbase,-1.684512,-131.185019,NO,"{""extra_buffer_bps"":10.0,""fee_bps_per_leg_assumption"":40.0,""note"":""Top-of-book paper cycle. Exact Coinbase fee tier and available size must be validated.""}"
2026-09-05T23:48:01+00:00,eur_triangle,Coinbase:SOL:EUR-SOL-USDT-EUR,SOL,EUR->SOL->USDT->EUR,Coinbase,-0.639281,-130.152280,NO,"{""extra_buffer_bps"":10.0,""fee_bps_per_leg_assumption"":40.0,""note"":""Top-of-book paper cycle. Exact Coinbase fee tier and available size must be validated.""}"
2026-09-05T23:48:01+00:00,eur_triangle,Kraken:SOL:EUR-USDT-SOL-EUR,SOL,EUR->USDT->SOL->EUR,Kraken,-0.405556,-129.921349,NO,"{""extra_buffer_bps"":10.0,""fee_bps_per_leg_assumption"":40.0,""note"":""Top-of-book paper cycle. Exact Kraken fee tier and available size must be validated.""}"
2026-09-05T23:48:01+00:00,eur_triangle,Kraken:SOL:EUR-SOL-USDT-EUR,SOL,EUR->SOL->USDT->EUR,Kraken,-2.846102,-132.332725,NO,"{""extra_buffer_bps"":10.0,""fee_bps_per_leg_assumption"":40.0,""note"":""Top-of-book paper cycle. Exact Kraken fee tier and available size must be validated.""}"
2026-09-05T23:48:01+00:00,stable_eur_dislocation,Coinbase:USDC-EUR-USDT,USDC/USDT,USDC->EUR->USDT,Coinbase,-2.320993,-37.320993,NO,"{""buffer_bps"":35.0,""note"":""Two-leg stablecoin conversion via EUR; issuer, venue and fee risks remain."",""usdc_eur"":{""ask"":0.8616,""bid"":0.8615,""last"":0.8616},""usdt_eur"":{""ask"":0.8617,""bid"":0.86168,""last"":0.8617}}"
2026-09-05T23:48:01+00:00,stable_eur_dislocation,Coinbase:USDT-EUR-USDC,USDT/USDC,USDT->EUR->USDC,Coinbase,0.928505,-34.071495,NO,"{""buffer_bps"":35.0,""note"":""Two-leg stablecoin conversion via EUR; issuer, venue and fee risks remain."",""usdc_eur"":{""ask"":0.8616,""bid"":0.8615,""last"":0.8616},""usdt_eur"":{""ask"":0.8617,""bid"":0.86168,""last"":0.8617}}"
2026-09-05T23:48:01+00:00,stable_eur_dislocation,Kraken:USDC-EUR-USDT,USDC/USDT,USDC->EUR->USDT,Kraken,-2.320993,-37.320993,NO,"{""buffer_bps"":35.0,""note"":""Two-leg stablecoin conversion via EUR; issuer, venue and fee risks remain."",""usdc_eur"":{""ask"":0.8616,""bid"":0.8615,""last"":0.8615},""usdt_eur"":{""ask"":0.8617,""bid"":0.8616,""last"":0.8617}}"
2026-09-05T23:48:01+00:00,stable_eur_dislocation,Kraken:USDT-EUR-USDC,USDT/USDC,USDT->EUR->USDC,Kraken,0.000000,-35.000000,NO,"{""buffer_bps"":35.0,""note"":""Two-leg stablecoin conversion via EUR; issuer, venue and fee risks remain."",""usdc_eur"":{""ask"":0.8616,""bid"":0.8615,""last"":0.8615},""usdt_eur"":{""ask"":0.8617,""bid"":0.8616,""last"":0.8617}}"
2026-09-05T23:51:23+00:00,eu_cross_spot,BTC:buy Coinbase / sell Kraken,BTC,buy Coinbase / sell Kraken,Coinbase<->Kraken,-1.273384,-46.273384,NO,"{""buffer_bps"":45.0,""buy_ask"":68793.06,""note"":""Assumes prefunded balances on both venues; rebalancing and account-specific fees can erase the edge."",""sell_bid"":68784.3}"
2026-09-05T23:51:23+00:00,eu_cross_spot,BTC:buy Kraken / sell Coinbase,BTC,buy Kraken / sell Coinbase,Coinbase<->Kraken,0.399800,-44.600200,NO,"{""buffer_bps"":45.0,""buy_ask"":68784.4,""note"":""Assumes prefunded balances on both venues; rebalancing and account-specific fees can erase the edge."",""sell_bid"":68787.15}"
2026-09-05T23:51:23+00:00,eu_cross_spot,ETH:buy Coinbase / sell Kraken,ETH,buy Coinbase / sell Kraken,Coinbase<->Kraken,-0.841617,-45.841617,NO,"{""buffer_bps"":45.0,""buy_ask"":2138.74,""note"":""Assumes prefunded balances on both venues; rebalancing and account-specific fees can erase the edge."",""sell_bid"":2138.56}"
2026-09-05T23:51:23+00:00,eu_cross_spot,ETH:buy Kraken / sell Coinbase,ETH,buy Kraken / sell Coinbase,Coinbase<->Kraken,-1.776872,-46.776872,NO,"{""buffer_bps"":45.0,""buy_ask"":2138.59,""note"":""Assumes prefunded balances on both venues; rebalancing and account-specific fees can erase the edge."",""sell_bid"":2138.21}"
2026-09-05T23:51:23+00:00,eu_cross_spot,SOL:buy Coinbase / sell Kraken,SOL,buy Coinbase / sell Kraken,Coinbase<->Kraken,-1.123974,-46.123974,NO,"{""buffer_bps"":45.0,""buy_ask"":88.97,""note"":""Assumes prefunded balances on both venues; rebalancing and account-specific fees can erase the edge."",""sell_bid"":88.96}"
2026-09-05T23:51:23+00:00,eu_cross_spot,SOL:buy Kraken / sell Coinbase,SOL,buy Kraken / sell Coinbase,Coinbase<->Kraken,-1.123974,-46.123974,NO,"{""buffer_bps"":45.0,""buy_ask"":88.97,""note"":""Assumes prefunded balances on both venues; rebalancing and account-specific fees can erase the edge."",""sell_bid"":88.96}"
2026-09-05T23:51:23+00:00,eur_triangle,Coinbase:BTC:EUR-USDT-BTC-EUR,BTC,EUR->USDT->BTC->EUR,Coinbase,-0.762831,-130.274353,NO,"{""extra_buffer_bps"":10.0,""fee_bps_per_leg_assumption"":40.0,""note"":""Top-of-book paper cycle. Exact Coinbase fee tier and available size must be validated.""}"
2026-09-05T23:51:23+00:00,eur_triangle,Coinbase:BTC:EUR-BTC-USDT-EUR,BTC,EUR->BTC->USDT->EUR,Coinbase,-2.403091,-131.895009,NO,"{""extra_buffer_bps"":10.0,""fee_bps_per_leg_assumption"":40.0,""note"":""Top-of-book paper cycle. Exact Coinbase fee tier and available size must be validated.""}"
2026-09-05T23:51:23+00:00,eur_triangle,Kraken:BTC:EUR-USDT-BTC-EUR,BTC,EUR->USDT->BTC->EUR,Kraken,-0.118678,-129.637900,NO,"{""extra_buffer_bps"":10.0,""fee_bps_per_leg_assumption"":40.0,""note"":""Top-of-book paper cycle. Exact Kraken fee tier and available size must be validated.""}"
2026-09-05T23:51:23+00:00,eur_triangle,Kraken:BTC:EUR-BTC-USDT-EUR,BTC,EUR->BTC->USDT->EUR,Kraken,-1.068894,-130.576758,NO,"{""extra_buffer_bps"":10.0,""fee_bps_per_leg_assumption"":40.0,""note"":""Top-of-book paper cycle. Exact Kraken fee tier and available size must be validated.""}"
2026-09-05T23:51:23+00:00,eur_triangle,Coinbase:ETH:EUR-USDT-ETH-EUR,ETH,EUR->USDT->ETH->EUR,Coinbase,-2.998904,-132.483701,NO,"{""extra_buffer_bps"":10.0,""fee_bps_per_leg_assumption"":40.0,""note"":""Top-of-book paper cycle. Exact Coinbase fee tier and available size must be validated.""}"
2026-09-05T23:51:23+00:00,eur_triangle,Coinbase:ETH:EUR-ETH-USDT-EUR,ETH,EUR->ETH->USDT->EUR,Coinbase,-3.785210,-133.260608,NO,"{""extra_buffer_bps"":10.0,""fee_bps_per_leg_assumption"":40.0,""note"":""Top-of-book paper cycle. Exact Coinbase fee tier and available size must be validated.""}"
2026-09-05T23:51:23+00:00,eur_triangle,Kraken:ETH:EUR-USDT-ETH-EUR,ETH,EUR->USDT->ETH->EUR,Kraken,-0.073306,-129.593070,NO,"{""extra_buffer_bps"":10.0,""fee_bps_per_leg_assumption"":40.0,""note"":""Top-of-book paper cycle. Exact Kraken fee tier and available size must be validated.""}"
2026-09-05T23:51:23+00:00,eur_triangle,Kraken:ETH:EUR-ETH-USDT-EUR,ETH,EUR->ETH->USDT->EUR,Kraken,-1.267751,-130.773239,NO,"{""extra_buffer_bps"":10.0,""fee_bps_per_leg_assumption"":40.0,""note"":""Top-of-book paper cycle. Exact Kraken fee tier and available size must be validated.""}"
2026-09-05T23:51:23+00:00,eur_triangle,Coinbase:SOL:EUR-USDT-SOL-EUR,SOL,EUR->USDT->SOL->EUR,Coinbase,-1.182976,-130.689477,NO,"{""extra_buffer_bps"":10.0,""fee_bps_per_leg_assumption"":40.0,""note"":""Top-of-book paper cycle. Exact Coinbase fee tier and available size must be validated.""}"
2026-09-05T23:51:23+00:00,eur_triangle,Coinbase:SOL:EUR-SOL-USDT-EUR,SOL,EUR->SOL->USDT->EUR,Coinbase,-1.025559,-130.533942,NO,"{""extra_buffer_bps"":10.0,""fee_bps_per_leg_assumption"":40.0,""note"":""Top-of-book paper cycle. Exact Coinbase fee tier and available size must be validated.""}"
2026-09-05T23:51:23+00:00,eur_triangle,Kraken:SOL:EUR-USDT-SOL-EUR,SOL,EUR->USDT->SOL->EUR,Kraken,-0.214474,-129.732550,NO,"{""extra_buffer_bps"":10.0,""fee_bps_per_leg_assumption"":40.0,""note"":""Top-of-book paper cycle. Exact Kraken fee tier and available size must be validated.""}"
2026-09-05T23:51:23+00:00,eur_triangle,Kraken:SOL:EUR-SOL-USDT-EUR,SOL,EUR->SOL->USDT->EUR,Kraken,-3.038328,-132.522653,NO,"{""extra_buffer_bps"":10.0,""fee_bps_per_leg_assumption"":40.0,""note"":""Top-of-book paper cycle. Exact Kraken fee tier and available size must be validated.""}"
2026-09-05T23:51:23+00:00,stable_eur_dislocation,Coinbase:USDC-EUR-USDT,USDC/USDT,USDC->EUR->USDT,Coinbase,-2.320993,-37.320993,NO,"{""buffer_bps"":35.0,""note"":""Two-leg stablecoin conversion via EUR; issuer, venue and fee risks remain."",""usdc_eur"":{""ask"":0.8616,""bid"":0.8615,""last"":0.8615},""usdt_eur"":{""ask"":0.8617,""bid"":0.86169,""last"":0.8617}}"
2026-09-05T23:51:23+00:00,stable_eur_dislocation,Coinbase:USDT-EUR-USDC,USDT/USDC,USDT->EUR->USDC,Coinbase,1.044568,-33.955432,NO,"{""buffer_bps"":35.0,""note"":""Two-leg stablecoin conversion via EUR; issuer, venue and fee risks remain."",""usdc_eur"":{""ask"":0.8616,""bid"":0.8615,""last"":0.8615},""usdt_eur"":{""ask"":0.8617,""bid"":0.86169,""last"":0.8617}}"
2026-09-05T23:51:23+00:00,stable_eur_dislocation,Kraken:USDC-EUR-USDT,USDC/USDT,USDC->EUR->USDT,Kraken,-2.320993,-37.320993,NO,"{""buffer_bps"":35.0,""note"":""Two-leg stablecoin conversion via EUR; issuer, venue and fee risks remain."",""usdc_eur"":{""ask"":0.8616,""bid"":0.8615,""last"":0.8616},""usdt_eur"":{""ask"":0.8617,""bid"":0.8616,""last"":0.8617}}"
2026-09-05T23:51:23+00:00,stable_eur_dislocation,Kraken:USDT-EUR-USDC,USDT/USDC,USDT->EUR->USDC,Kraken,0.000000,-35.000000,NO,"{""buffer_bps"":35.0,""note"":""Two-leg stablecoin conversion via EUR; issuer, venue and fee risks remain."",""usdc_eur"":{""ask"":0.8616,""bid"":0.8615,""last"":0.8616},""usdt_eur"":{""ask"":0.8617,""bid"":0.8616,""last"":0.8617}}"
2026-09-05T23:56:21+00:00,eu_cross_spot,BTC:buy Coinbase / sell Kraken,BTC,buy Coinbase / sell Kraken,Coinbase<->Kraken,3.062255,-146.937745,NO,"{""buffer_bps"":150.0,""buy_ask"":68772.84,""coinbase_taker_bps"":60.0,""kraken_taker_bps"":80.0,""note"":""Assumes prefunded balances on both venues; rebalancing and account-specific fees can erase the edge."",""sell_bid"":68793.9}"
2026-09-05T23:56:21+00:00,eu_cross_spot,BTC:buy Kraken / sell Coinbase,BTC,buy Kraken / sell Coinbase,Coinbase<->Kraken,-4.411587,-154.411587,NO,"{""buffer_bps"":150.0,""buy_ask"":68796.1,""coinbase_taker_bps"":60.0,""kraken_taker_bps"":80.0,""note"":""Assumes prefunded balances on both venues; rebalancing and account-specific fees can erase the edge."",""sell_bid"":68765.75}"
2026-09-05T23:56:21+00:00,eu_cross_spot,ETH:buy Coinbase / sell Kraken,ETH,buy Coinbase / sell Kraken,Coinbase<->Kraken,1.403634,-148.596366,NO,"{""buffer_bps"":150.0,""buy_ask"":2137.31,""coinbase_taker_bps"":60.0,""kraken_taker_bps"":80.0,""note"":""Assumes prefunded balances on both venues; rebalancing and account-specific fees can erase the edge."",""sell_bid"":2137.61}"
2026-09-05T23:56:21+00:00,eu_cross_spot,ETH:buy Kraken / sell Coinbase,ETH,buy Kraken / sell Coinbase,Coinbase<->Kraken,-7.623234,-157.623234,NO,"{""buffer_bps"":150.0,""buy_ask"":2138.2,""coinbase_taker_bps"":60.0,""kraken_taker_bps"":80.0,""note"":""Assumes prefunded balances on both venues; rebalancing and account-specific fees can erase the edge."",""sell_bid"":2136.57}"
2026-09-05T23:56:21+00:00,eu_cross_spot,SOL:buy Coinbase / sell Kraken,SOL,buy Coinbase / sell Kraken,Coinbase<->Kraken,10.123735,-139.876265,NO,"{""buffer_bps"":150.0,""buy_ask"":88.9,""coinbase_taker_bps"":60.0,""kraken_taker_bps"":80.0,""note"":""Assumes prefunded balances on both venues; rebalancing and account-specific fees can erase the edge."",""sell_bid"":88.99}"
2026-09-05T23:56:21+00:00,eu_cross_spot,SOL:buy Kraken / sell Coinbase,SOL,buy Kraken / sell Coinbase,Coinbase<->Kraken,-12.359551,-162.359551,NO,"{""buffer_bps"":150.0,""buy_ask"":89.0,""coinbase_taker_bps"":60.0,""kraken_taker_bps"":80.0,""note"":""Assumes prefunded balances on both venues; rebalancing and account-specific fees can erase the edge."",""sell_bid"":88.89}"
2026-09-05T23:56:21+00:00,eur_triangle,Coinbase:BTC:EUR-USDT-BTC-EUR,BTC,EUR->USDT->BTC->EUR,Coinbase,-0.686922,-189.596792,NO,"{""extra_buffer_bps"":10.0,""fee_bps_per_leg_assumption"":60.0,""note"":""Top-of-book paper cycle. Exact Coinbase fee tier and available size must be validated.""}"
2026-09-05T23:56:21+00:00,eur_triangle,Coinbase:BTC:EUR-BTC-USDT-EUR,BTC,EUR->BTC->USDT->EUR,Coinbase,-3.187187,-192.052322,NO,"{""extra_buffer_bps"":10.0,""fee_bps_per_leg_assumption"":60.0,""note"":""Top-of-book paper cycle. Exact Coinbase fee tier and available size must be validated.""}"
2026-09-05T23:56:21+00:00,eur_triangle,Kraken:BTC:EUR-USDT-BTC-EUR,BTC,EUR->USDT->BTC->EUR,Kraken,0.374964,-247.719083,NO,"{""extra_buffer_bps"":10.0,""fee_bps_per_leg_assumption"":80.0,""note"":""Top-of-book paper cycle. Exact Kraken fee tier and available size must be validated.""}"
2026-09-05T23:56:21+00:00,eur_triangle,Kraken:BTC:EUR-BTC-USDT-EUR,BTC,EUR->BTC->USDT->EUR,Kraken,-1.867664,-249.908318,NO,"{""extra_buffer_bps"":10.0,""fee_bps_per_leg_assumption"":80.0,""note"":""Top-of-book paper cycle. Exact Kraken fee tier and available size must be validated.""}"
2026-09-05T23:56:21+00:00,eur_triangle,Coinbase:ETH:EUR-USDT-ETH-EUR,ETH,EUR->USDT->ETH->EUR,Coinbase,-3.467310,-192.327432,NO,"{""extra_buffer_bps"":10.0,""fee_bps_per_leg_assumption"":60.0,""note"":""Top-of-book paper cycle. Exact Coinbase fee tier and available size must be validated.""}"
2026-09-05T23:56:21+00:00,eur_triangle,Coinbase:ETH:EUR-ETH-USDT-EUR,ETH,EUR->ETH->USDT->EUR,Coinbase,-3.452302,-192.312693,NO,"{""extra_buffer_bps"":10.0,""fee_bps_per_leg_assumption"":60.0,""note"":""Top-of-book paper cycle. Exact Coinbase fee tier and available size must be validated.""}"
2026-09-05T23:56:21+00:00,eur_triangle,Kraken:ETH:EUR-USDT-ETH-EUR,ETH,EUR->USDT->ETH->EUR,Kraken,-8.018210,-255.912428,NO,"{""extra_buffer_bps"":10.0,""fee_bps_per_leg_assumption"":80.0,""note"":""Top-of-book paper cycle. Exact Kraken fee tier and available size must be validated.""}"
2026-09-05T23:56:21+00:00,eur_triangle,Kraken:ETH:EUR-ETH-USDT-EUR,ETH,EUR->ETH->USDT->EUR,Kraken,4.021401,-244.159462,NO,"{""extra_buffer_bps"":10.0,""fee_bps_per_leg_assumption"":80.0,""note"":""Top-of-book paper cycle. Exact Kraken fee tier and available size must be validated.""}"
2026-09-05T23:56:21+00:00,eur_triangle,Coinbase:SOL:EUR-USDT-SOL-EUR,SOL,EUR->USDT->SOL->EUR,Coinbase,-0.102238,-189.022568,NO,"{""extra_buffer_bps"":10.0,""fee_bps_per_leg_assumption"":60.0,""note"":""Top-of-book paper cycle. Exact Coinbase fee tier and available size must be validated.""}"
2026-09-05T23:56:21+00:00,eur_triangle,Coinbase:SOL:EUR-SOL-USDT-EUR,SOL,EUR->SOL->USDT->EUR,Coinbase,-3.193206,-192.058232,NO,"{""extra_buffer_bps"":10.0,""fee_bps_per_leg_assumption"":60.0,""note"":""Top-of-book paper cycle. Exact Coinbase fee tier and available size must be validated.""}"
2026-09-05T23:56:21+00:00,eur_triangle,Kraken:SOL:EUR-USDT-SOL-EUR,SOL,EUR->USDT->SOL->EUR,Kraken,9.944817,-238.377075,NO,"{""extra_buffer_bps"":10.0,""fee_bps_per_leg_assumption"":80.0,""note"":""Top-of-book paper cycle. Exact Kraken fee tier and available size must be validated.""}"
2026-09-05T23:56:21+00:00,eur_triangle,Kraken:SOL:EUR-SOL-USDT-EUR,SOL,EUR->SOL->USDT->EUR,Kraken,-13.184719,-260.955931,NO,"{""extra_buffer_bps"":10.0,""fee_bps_per_leg_assumption"":80.0,""note"":""Top-of-book paper cycle. Exact Kraken fee tier and available size must be validated.""}"
2026-09-05T23:56:21+00:00,stable_eur_dislocation,Coinbase:USDC-EUR-USDT,USDC/USDT,USDC->EUR->USDT,Coinbase,-2.088943,-32.088943,NO,"{""buffer_bps"":30.0,""note"":""Two-leg stablecoin conversion via EUR; issuer, venue and fee risks remain."",""usdc_eur"":{""ask"":0.8616,""bid"":0.8615,""last"":0.8615},""usdt_eur"":{""ask"":0.86168,""bid"":0.86166,""last"":0.86167}}"
2026-09-05T23:56:21+00:00,stable_eur_dislocation,Coinbase:USDT-EUR-USDC,USDT/USDC,USDT->EUR->USDC,Coinbase,0.696379,-29.303621,NO,"{""buffer_bps"":30.0,""note"":""Two-leg stablecoin conversion via EUR; issuer, venue and fee risks remain."",""usdc_eur"":{""ask"":0.8616,""bid"":0.8615,""last"":0.8615},""usdt_eur"":{""ask"":0.86168,""bid"":0.86166,""last"":0.86167}}"
2026-09-05T23:56:21+00:00,stable_eur_dislocation,Kraken:USDC-EUR-USDT,USDC/USDT,USDC->EUR->USDT,Kraken,-2.320993,-52.320993,NO,"{""buffer_bps"":50.0,""note"":""Two-leg stablecoin conversion via EUR; issuer, venue and fee risks remain."",""usdc_eur"":{""ask"":0.8616,""bid"":0.8615,""last"":0.8616},""usdt_eur"":{""ask"":0.8617,""bid"":0.8616,""last"":0.8616}}"
2026-09-05T23:56:21+00:00,stable_eur_dislocation,Kraken:USDT-EUR-USDC,USDT/USDC,USDT->EUR->USDC,Kraken,0.000000,-50.000000,NO,"{""buffer_bps"":50.0,""note"":""Two-leg stablecoin conversion via EUR; issuer, venue and fee risks remain."",""usdc_eur"":{""ask"":0.8616,""bid"":0.8615,""last"":0.8616},""usdt_eur"":{""ask"":0.8617,""bid"":0.8616,""last"":0.8616}}"
2026-09-06T06:53:02+00:00,eu_cross_spot,BTC:buy Coinbase / sell Kraken,BTC,buy Coinbase / sell Kraken,Coinbase<->Kraken,-0.440916,-150.440916,NO,"{""buffer_bps"":150.0,""buy_ask"":68720.53,""coinbase_taker_bps"":60.0,""kraken_taker_bps"":80.0,""note"":""Assumes prefunded balances on both venues; rebalancing and account-specific fees can erase the edge."",""sell_bid"":68717.5}"
2026-09-06T06:53:02+00:00,eu_cross_spot,BTC:buy Kraken / sell Coinbase,BTC,buy Kraken / sell Coinbase,Coinbase<->Kraken,0.424928,-149.575072,NO,"{""buffer_bps"":150.0,""buy_ask"":68717.6,""coinbase_taker_bps"":60.0,""kraken_taker_bps"":80.0,""note"":""Assumes prefunded balances on both venues; rebalancing and account-specific fees can erase the edge."",""sell_bid"":68720.52}"
2026-09-06T06:53:02+00:00,eu_cross_spot,ETH:buy Coinbase / sell Kraken,ETH,buy Coinbase / sell Kraken,Coinbase<->Kraken,-1.204189,-151.204189,NO,"{""buffer_bps"":150.0,""buy_ask"":2159.13,""coinbase_taker_bps"":60.0,""kraken_taker_bps"":80.0,""note"":""Assumes prefunded balances on both venues; rebalancing and account-specific fees can erase the edge."",""sell_bid"":2158.87}"
2026-09-06T06:53:02+00:00,eu_cross_spot,ETH:buy Kraken / sell Coinbase,ETH,buy Kraken / sell Coinbase,Coinbase<->Kraken,-0.370563,-150.370563,NO,"{""buffer_bps"":150.0,""buy_ask"":2158.88,""coinbase_taker_bps"":60.0,""kraken_taker_bps"":80.0,""note"":""Assumes prefunded balances on both venues; rebalancing and account-specific fees can erase the edge."",""sell_bid"":2158.8}"
2026-09-06T06:53:02+00:00,eu_cross_spot,SOL:buy Coinbase / sell Kraken,SOL,buy Coinbase / sell Kraken,Coinbase<->Kraken,-1.099626,-151.099626,NO,"{""buffer_bps"":150.0,""buy_ask"":90.94,""coinbase_taker_bps"":60.0,""kraken_taker_bps"":80.0,""note"":""Assumes prefunded balances on both venues; rebalancing and account-specific fees can erase the edge."",""sell_bid"":90.93}"
2026-09-06T06:53:02+00:00,eu_cross_spot,SOL:buy Kraken / sell Coinbase,SOL,buy Kraken / sell Coinbase,Coinbase<->Kraken,-2.199252,-152.199252,NO,"{""buffer_bps"":150.0,""buy_ask"":90.94,""coinbase_taker_bps"":60.0,""kraken_taker_bps"":80.0,""note"":""Assumes prefunded balances on both venues; rebalancing and account-specific fees can erase the edge."",""sell_bid"":90.92}"
2026-09-06T06:53:02+00:00,eur_triangle,Coinbase:BTC:EUR-USDT-BTC-EUR,BTC,EUR->USDT->BTC->EUR,Coinbase,0.625847,-188.307511,NO,"{""extra_buffer_bps"":10.0,""fee_bps_per_leg_assumption"":60.0,""note"":""Top-of-book paper cycle. Exact Coinbase fee tier and available size must be validated.""}"
2026-09-06T06:53:02+00:00,eur_triangle,Coinbase:BTC:EUR-BTC-USDT-EUR,BTC,EUR->BTC->USDT->EUR,Coinbase,-1.802051,-190.691968,NO,"{""extra_buffer_bps"":10.0,""fee_bps_per_leg_assumption"":60.0,""note"":""Top-of-book paper cycle. Exact Coinbase fee tier and available size must be validated.""}"
2026-09-06T06:53:02+00:00,eur_triangle,Kraken:BTC:EUR-USDT-BTC-EUR,BTC,EUR->USDT->BTC->EUR,Kraken,-0.500791,-248.573987,NO,"{""extra_buffer_bps"":10.0,""fee_bps_per_leg_assumption"":80.0,""note"":""Top-of-book paper cycle. Exact Kraken fee tier and available size must be validated.""}"
2026-09-06T06:53:02+00:00,eur_triangle,Kraken:BTC:EUR-BTC-USDT-EUR,BTC,EUR->BTC->USDT->EUR,Kraken,-0.724830,-248.792693,NO,"{""extra_buffer_bps"":10.0,""fee_bps_per_leg_assumption"":80.0,""note"":""Top-of-book paper cycle. Exact Kraken fee tier and available size must be validated.""}"
2026-09-06T06:53:02+00:00,eur_triangle,Coinbase:ETH:EUR-USDT-ETH-EUR,ETH,EUR->USDT->ETH->EUR,Coinbase,-1.095239,-189.997803,NO,"{""extra_buffer_bps"":10.0,""fee_bps_per_leg_assumption"":60.0,""note"":""Top-of-book paper cycle. Exact Coinbase fee tier and available size must be validated.""}"
2026-09-06T06:53:02+00:00,eur_triangle,Coinbase:ETH:EUR-ETH-USDT-EUR,ETH,EUR->ETH->USDT->EUR,Coinbase,-4.016641,-192.866934,NO,"{""extra_buffer_bps"":10.0,""fee_bps_per_leg_assumption"":60.0,""note"":""Top-of-book paper cycle. Exact Coinbase fee tier and available size must be validated.""}"
2026-09-06T06:53:02+00:00,eur_triangle,Kraken:ETH:EUR-USDT-ETH-EUR,ETH,EUR->USDT->ETH->EUR,Kraken,-0.622259,-248.692564,NO,"{""extra_buffer_bps"":10.0,""fee_bps_per_leg_assumption"":80.0,""note"":""Top-of-book paper cycle. Exact Kraken fee tier and available size must be validated.""}"
2026-09-06T06:53:02+00:00,eur_triangle,Kraken:ETH:EUR-ETH-USDT-EUR,ETH,EUR->ETH->USDT->EUR,Kraken,-0.664785,-248.734077,NO,"{""extra_buffer_bps"":10.0,""fee_bps_per_leg_assumption"":80.0,""note"":""Top-of-book paper cycle. Exact Kraken fee tier and available size must be validated.""}"
2026-09-06T06:53:02+00:00,eur_triangle,Coinbase:SOL:EUR-USDT-SOL-EUR,SOL,EUR->USDT->SOL->EUR,Coinbase,-1.380232,-190.277696,NO,"{""extra_buffer_bps"":10.0,""fee_bps_per_leg_assumption"":60.0,""note"":""Top-of-book paper cycle. Exact Coinbase fee tier and available size must be validated.""}"
2026-09-06T06:53:02+00:00,eur_triangle,Coinbase:SOL:EUR-SOL-USDT-EUR,SOL,EUR->SOL->USDT->EUR,Coinbase,-1.998516,-190.884918,NO,"{""extra_buffer_bps"":10.0,""fee_bps_per_leg_assumption"":60.0,""note"":""Top-of-book paper cycle. Exact Coinbase fee tier and available size must be validated.""}"
2026-09-06T06:53:02+00:00,eur_triangle,Kraken:SOL:EUR-USDT-SOL-EUR,SOL,EUR->USDT->SOL->EUR,Kraken,-0.879500,-248.943681,NO,"{""extra_buffer_bps"":10.0,""fee_bps_per_leg_assumption"":80.0,""note"":""Top-of-book paper cycle. Exact Kraken fee tier and available size must be validated.""}"
2026-09-06T06:53:02+00:00,eur_triangle,Kraken:SOL:EUR-SOL-USDT-EUR,SOL,EUR->SOL->USDT->EUR,Kraken,-2.328128,-250.357819,NO,"{""extra_buffer_bps"":10.0,""fee_bps_per_leg_assumption"":80.0,""note"":""Top-of-book paper cycle. Exact Kraken fee tier and available size must be validated.""}"
2026-09-06T06:53:02+00:00,stable_eur_dislocation,Coinbase:USDC-EUR-USDT,USDC/USDT,USDC->EUR->USDT,Coinbase,-2.669979,-32.669979,NO,"{""buffer_bps"":30.0,""note"":""Two-leg stablecoin conversion via EUR; issuer, venue and fee risks remain."",""usdc_eur"":{""ask"":0.8614,""bid"":0.8612,""last"":0.8613},""usdt_eur"":{""ask"":0.86143,""bid"":0.86141,""last"":0.86141}}"
2026-09-06T06:53:02+00:00,stable_eur_dislocation,Coinbase:USDT-EUR-USDC,USDT/USDC,USDT->EUR->USDC,Coinbase,0.116090,-29.883910,NO,"{""buffer_bps"":30.0,""note"":""Two-leg stablecoin conversion via EUR; issuer, venue and fee risks remain."",""usdc_eur"":{""ask"":0.8614,""bid"":0.8612,""last"":0.8613},""usdt_eur"":{""ask"":0.86143,""bid"":0.86141,""last"":0.86141}}"
2026-09-06T06:53:02+00:00,stable_eur_dislocation,Kraken:USDC-EUR-USDT,USDC/USDT,USDC->EUR->USDT,Kraken,-2.321802,-52.321802,NO,"{""buffer_bps"":50.0,""note"":""Two-leg stablecoin conversion via EUR; issuer, venue and fee risks remain."",""usdc_eur"":{""ask"":0.8613,""bid"":0.8612,""last"":0.8613},""usdt_eur"":{""ask"":0.8614,""bid"":0.8613,""last"":0.8614}}"
2026-09-06T06:53:02+00:00,stable_eur_dislocation,Kraken:USDT-EUR-USDC,USDT/USDC,USDT->EUR->USDC,Kraken,0.000000,-50.000000,NO,"{""buffer_bps"":50.0,""note"":""Two-leg stablecoin conversion via EUR; issuer, venue and fee risks remain."",""usdc_eur"":{""ask"":0.8613,""bid"":0.8612,""last"":0.8613},""usdt_eur"":{""ask"":0.8614,""bid"":0.8613,""last"":0.8614}}"
2026-09-06T10:11:57+00:00,eu_cross_spot,BTC:buy Coinbase / sell Kraken,BTC,buy Coinbase / sell Kraken,Coinbase<->Kraken,-0.575132,-150.575132,NO,"{""buffer_bps"":150.0,""buy_ask"":68853.76,""coinbase_taker_bps"":60.0,""kraken_taker_bps"":80.0,""note"":""Assumes prefunded balances on both venues; rebalancing and account-specific fees can erase the edge."",""sell_bid"":68849.8}"
2026-09-06T10:11:57+00:00,eu_cross_spot,BTC:buy Kraken / sell Coinbase,BTC,buy Kraken / sell Coinbase,Coinbase<->Kraken,-0.499638,-150.499638,NO,"{""buffer_bps"":150.0,""buy_ask"":68849.9,""coinbase_taker_bps"":60.0,""kraken_taker_bps"":80.0,""note"":""Assumes prefunded balances on both venues; rebalancing and account-specific fees can erase the edge."",""sell_bid"":68846.46}"
2026-09-06T10:11:57+00:00,eu_cross_spot,ETH:buy Coinbase / sell Kraken,ETH,buy Coinbase / sell Kraken,Coinbase<->Kraken,0.649996,-149.350004,NO,"{""buffer_bps"":150.0,""buy_ask"":2153.86,""coinbase_taker_bps"":60.0,""kraken_taker_bps"":80.0,""note"":""Assumes prefunded balances on both venues; rebalancing and account-specific fees can erase the edge."",""sell_bid"":2154.0}"
2026-09-06T10:11:57+00:00,eu_cross_spot,ETH:buy Kraken / sell Coinbase,ETH,buy Kraken / sell Coinbase,Coinbase<->Kraken,-2.135552,-152.135552,NO,"{""buffer_bps"":150.0,""buy_ask"":2154.01,""coinbase_taker_bps"":60.0,""kraken_taker_bps"":80.0,""note"":""Assumes prefunded balances on both venues; rebalancing and account-specific fees can erase the edge."",""sell_bid"":2153.55}"
2026-09-06T10:11:57+00:00,eu_cross_spot,SOL:buy Coinbase / sell Kraken,SOL,buy Coinbase / sell Kraken,Coinbase<->Kraken,-1.088258,-151.088258,NO,"{""buffer_bps"":150.0,""buy_ask"":91.89,""coinbase_taker_bps"":60.0,""kraken_taker_bps"":80.0,""note"":""Assumes prefunded balances on both venues; rebalancing and account-specific fees can erase the edge."",""sell_bid"":91.88}"
2026-09-06T10:11:57+00:00,eu_cross_spot,SOL:buy Kraken / sell Coinbase,SOL,buy Kraken / sell Coinbase,Coinbase<->Kraken,-2.176515,-152.176515,NO,"{""buffer_bps"":150.0,""buy_ask"":91.89,""coinbase_taker_bps"":60.0,""kraken_taker_bps"":80.0,""note"":""Assumes prefunded balances on both venues; rebalancing and account-specific fees can erase the edge."",""sell_bid"":91.87}"
2026-09-06T10:11:57+00:00,eur_triangle,Coinbase:BTC:EUR-USDT-BTC-EUR,BTC,EUR->USDT->BTC->EUR,Coinbase,-1.320183,-190.218722,NO,"{""extra_buffer_bps"":10.0,""fee_bps_per_leg_assumption"":60.0,""note"":""Top-of-book paper cycle. Exact Coinbase fee tier and available size must be validated.""}"
2026-09-06T10:11:57+00:00,eur_triangle,Coinbase:BTC:EUR-BTC-USDT-EUR,BTC,EUR->BTC->USDT->EUR,Coinbase,-1.439445,-190.335850,NO,"{""extra_buffer_bps"":10.0,""fee_bps_per_leg_assumption"":60.0,""note"":""Top-of-book paper cycle. Exact Coinbase fee tier and available size must be validated.""}"
2026-09-06T10:11:57+00:00,eur_triangle,Kraken:BTC:EUR-USDT-BTC-EUR,BTC,EUR->USDT->BTC->EUR,Kraken,-0.999141,-249.060472,NO,"{""extra_buffer_bps"":10.0,""fee_bps_per_leg_assumption"":80.0,""note"":""Top-of-book paper cycle. Exact Kraken fee tier and available size must be validated.""}"
2026-09-06T10:11:57+00:00,eur_triangle,Kraken:BTC:EUR-BTC-USDT-EUR,BTC,EUR->BTC->USDT->EUR,Kraken,-0.538993,-248.611280,NO,"{""extra_buffer_bps"":10.0,""fee_bps_per_leg_assumption"":80.0,""note"":""Top-of-book paper cycle. Exact Kraken fee tier and available size must be validated.""}"
2026-09-06T10:11:57+00:00,eur_triangle,Coinbase:ETH:EUR-USDT-ETH-EUR,ETH,EUR->USDT->ETH->EUR,Coinbase,-1.024271,-189.928104,NO,"{""extra_buffer_bps"":10.0,""fee_bps_per_leg_assumption"":60.0,""note"":""Top-of-book paper cycle. Exact Coinbase fee tier and available size must be validated.""}"
2026-09-06T10:11:57+00:00,eur_triangle,Coinbase:ETH:EUR-ETH-USDT-EUR,ETH,EUR->ETH->USDT->EUR,Coinbase,-1.803142,-190.693040,NO,"{""extra_buffer_bps"":10.0,""fee_bps_per_leg_assumption"":60.0,""note"":""Top-of-book paper cycle. Exact Coinbase fee tier and available size must be validated.""}"
2026-09-06T10:11:57+00:00,eur_triangle,Kraken:ETH:EUR-USDT-ETH-EUR,ETH,EUR->USDT->ETH->EUR,Kraken,0.640733,-247.459642,NO,"{""extra_buffer_bps"":10.0,""fee_bps_per_leg_assumption"":80.0,""note"":""Top-of-book paper cycle. Exact Kraken fee tier and available size must be validated.""}"
2026-09-06T10:11:57+00:00,eur_triangle,Kraken:ETH:EUR-ETH-USDT-EUR,ETH,EUR->ETH->USDT->EUR,Kraken,-2.007762,-250.045080,NO,"{""extra_buffer_bps"":10.0,""fee_bps_per_leg_assumption"":80.0,""note"":""Top-of-book paper cycle. Exact Kraken fee tier and available size must be validated.""}"
2026-09-06T10:11:57+00:00,eur_triangle,Coinbase:SOL:EUR-USDT-SOL-EUR,SOL,EUR->USDT->SOL->EUR,Coinbase,-2.387391,-191.266835,NO,"{""extra_buffer_bps"":10.0,""fee_bps_per_leg_assumption"":60.0,""note"":""Top-of-book paper cycle. Exact Coinbase fee tier and available size must be validated.""}"
2026-09-06T10:11:57+00:00,eur_triangle,Coinbase:SOL:EUR-SOL-USDT-EUR,SOL,EUR->SOL->USDT->EUR,Coinbase,-1.074785,-189.977715,NO,"{""extra_buffer_bps"":10.0,""fee_bps_per_leg_assumption"":60.0,""note"":""Top-of-book paper cycle. Exact Coinbase fee tier and available size must be validated.""}"
2026-09-06T10:11:57+00:00,eur_triangle,Kraken:SOL:EUR-USDT-SOL-EUR,SOL,EUR->USDT->SOL->EUR,Kraken,-1.763403,-249.806539,NO,"{""extra_buffer_bps"":10.0,""fee_bps_per_leg_assumption"":80.0,""note"":""Top-of-book paper cycle. Exact Kraken fee tier and available size must be validated.""}"
2026-09-06T10:11:57+00:00,eur_triangle,Kraken:SOL:EUR-SOL-USDT-EUR,SOL,EUR->SOL->USDT->EUR,Kraken,-1.423006,-249.474246,NO,"{""extra_buffer_bps"":10.0,""fee_bps_per_leg_assumption"":80.0,""note"":""Top-of-book paper cycle. Exact Kraken fee tier and available size must be validated.""}"
2026-09-06T10:11:57+00:00,stable_eur_dislocation,Coinbase:USDC-EUR-USDT,USDC/USDT,USDC->EUR->USDT,Coinbase,-1.857312,-31.857312,NO,"{""buffer_bps"":30.0,""note"":""Two-leg stablecoin conversion via EUR; issuer, venue and fee risks remain."",""usdc_eur"":{""ask"":0.8614,""bid"":0.8613,""last"":0.8614},""usdt_eur"":{""ask"":0.86146,""bid"":0.86143,""last"":0.86141}}"
2026-09-06T10:11:57+00:00,stable_eur_dislocation,Coinbase:USDT-EUR-USDC,USDT/USDC,USDT->EUR->USDC,Coinbase,0.348270,-29.651730,NO,"{""buffer_bps"":30.0,""note"":""Two-leg stablecoin conversion via EUR; issuer, venue and fee risks remain."",""usdc_eur"":{""ask"":0.8614,""bid"":0.8613,""last"":0.8614},""usdt_eur"":{""ask"":0.86146,""bid"":0.86143,""last"":0.86141}}"
2026-09-06T10:11:57+00:00,stable_eur_dislocation,Kraken:USDC-EUR-USDT,USDC/USDT,USDC->EUR->USDT,Kraken,-2.321532,-52.321532,NO,"{""buffer_bps"":50.0,""note"":""Two-leg stablecoin conversion via EUR; issuer, venue and fee risks remain."",""usdc_eur"":{""ask"":0.8614,""bid"":0.8613,""last"":0.8614},""usdt_eur"":{""ask"":0.8615,""bid"":0.8614,""last"":0.8614}}"
2026-09-06T10:11:57+00:00,stable_eur_dislocation,Kraken:USDT-EUR-USDC,USDT/USDC,USDT->EUR->USDC,Kraken,0.000000,-50.000000,NO,"{""buffer_bps"":50.0,""note"":""Two-leg stablecoin conversion via EUR; issuer, venue and fee risks remain."",""usdc_eur"":{""ask"":0.8614,""bid"":0.8613,""last"":0.8614},""usdt_eur"":{""ask"":0.8615,""bid"":0.8614,""last"":0.8614}}"
2026-09-06T10:50:57+00:00,eu_cross_spot,BTC:buy Coinbase / sell Kraken,BTC,buy Coinbase / sell Kraken,Coinbase<->Kraken,-0.507854,-150.507854,NO,"{""buffer_bps"":150.0,""buy_ask"":68917.5,""coinbase_taker_bps"":60.0,""kraken_taker_bps"":80.0,""note"":""Assumes prefunded balances on both venues; rebalancing and account-specific fees can erase the edge."",""sell_bid"":68914.0}"
2026-09-06T10:50:57+00:00,eu_cross_spot,BTC:buy Kraken / sell Coinbase,BTC,buy Kraken / sell Coinbase,Coinbase<->Kraken,-0.576079,-150.576079,NO,"{""buffer_bps"":150.0,""buy_ask"":68914.1,""coinbase_taker_bps"":60.0,""kraken_taker_bps"":80.0,""note"":""Assumes prefunded balances on both venues; rebalancing and account-specific fees can erase the edge."",""sell_bid"":68910.13}"
2026-09-06T10:50:57+00:00,eu_cross_spot,ETH:buy Coinbase / sell Kraken,ETH,buy Coinbase / sell Kraken,Coinbase<->Kraken,-0.789068,-150.789068,NO,"{""buffer_bps"":150.0,""buy_ask"":2154.44,""coinbase_taker_bps"":60.0,""kraken_taker_bps"":80.0,""note"":""Assumes prefunded balances on both venues; rebalancing and account-specific fees can erase the edge."",""sell_bid"":2154.27}"
2026-09-06T10:50:57+00:00,eu_cross_spot,ETH:buy Kraken / sell Coinbase,ETH,buy Kraken / sell Coinbase,Coinbase<->Kraken,-0.649866,-150.649866,NO,"{""buffer_bps"":150.0,""buy_ask"":2154.29,""coinbase_taker_bps"":60.0,""kraken_taker_bps"":80.0,""note"":""Assumes prefunded balances on both venues; rebalancing and account-specific fees can erase the edge."",""sell_bid"":2154.15}"
2026-09-06T10:50:57+00:00,eu_cross_spot,SOL:buy Coinbase / sell Kraken,SOL,buy Coinbase / sell Kraken,Coinbase<->Kraken,-1.090037,-151.090037,NO,"{""buffer_bps"":150.0,""buy_ask"":91.74,""coinbase_taker_bps"":60.0,""kraken_taker_bps"":80.0,""note"":""Assumes prefunded balances on both venues; rebalancing and account-specific fees can erase the edge."",""sell_bid"":91.73}"
2026-09-06T10:50:57+00:00,eu_cross_spot,SOL:buy Kraken / sell Coinbase,SOL,buy Kraken / sell Coinbase,Coinbase<->Kraken,-2.180074,-152.180074,NO,"{""buffer_bps"":150.0,""buy_ask"":91.74,""coinbase_taker_bps"":60.0,""kraken_taker_bps"":80.0,""note"":""Assumes prefunded balances on both venues; rebalancing and account-specific fees can erase the edge."",""sell_bid"":91.72}"
2026-09-06T10:50:57+00:00,eur_triangle,Coinbase:BTC:EUR-USDT-BTC-EUR,BTC,EUR->USDT->BTC->EUR,Coinbase,-1.887660,-190.776046,NO,"{""extra_buffer_bps"":10.0,""fee_bps_per_leg_assumption"":60.0,""note"":""Top-of-book paper cycle. Exact Coinbase fee tier and available size must be validated.""}"
2026-09-06T10:50:57+00:00,eur_triangle,Coinbase:BTC:EUR-BTC-USDT-EUR,BTC,EUR->BTC->USDT->EUR,Coinbase,-0.832296,-189.739564,NO,"{""extra_buffer_bps"":10.0,""fee_bps_per_leg_assumption"":60.0,""note"":""Top-of-book paper cycle. Exact Coinbase fee tier and available size must be validated.""}"
2026-09-06T10:50:57+00:00,eur_triangle,Kraken:BTC:EUR-USDT-BTC-EUR,BTC,EUR->USDT->BTC->EUR,Kraken,-0.533093,-248.605520,NO,"{""extra_buffer_bps"":10.0,""fee_bps_per_leg_assumption"":80.0,""note"":""Top-of-book paper cycle. Exact Kraken fee tier and available size must be validated.""}"
2026-09-06T10:50:57+00:00,eur_triangle,Kraken:BTC:EUR-BTC-USDT-EUR,BTC,EUR->BTC->USDT->EUR,Kraken,-0.667216,-248.736451,NO,"{""extra_buffer_bps"":10.0,""fee_bps_per_leg_assumption"":80.0,""note"":""Top-of-book paper cycle. Exact Kraken fee tier and available size must be validated.""}"
2026-09-06T10:50:57+00:00,eur_triangle,Coinbase:ETH:EUR-USDT-ETH-EUR,ETH,EUR->USDT->ETH->EUR,Coinbase,-0.158321,-189.077648,NO,"{""extra_buffer_bps"":10.0,""fee_bps_per_leg_assumption"":60.0,""note"":""Top-of-book paper cycle. Exact Coinbase fee tier and available size must be validated.""}"
2026-09-06T10:50:57+00:00,eur_triangle,Coinbase:ETH:EUR-ETH-USDT-EUR,ETH,EUR->ETH->USDT->EUR,Coinbase,-5.094531,-193.925538,NO,"{""extra_buffer_bps"":10.0,""fee_bps_per_leg_assumption"":60.0,""note"":""Top-of-book paper cycle. Exact Coinbase fee tier and available size must be validated.""}"
2026-09-06T10:50:57+00:00,eur_triangle,Kraken:ETH:EUR-USDT-ETH-EUR,ETH,EUR->USDT->ETH->EUR,Kraken,-0.385499,-248.461440,NO,"{""extra_buffer_bps"":10.0,""fee_bps_per_leg_assumption"":80.0,""note"":""Top-of-book paper cycle. Exact Kraken fee tier and available size must be validated.""}"
2026-09-06T10:50:57+00:00,eur_triangle,Kraken:ETH:EUR-ETH-USDT-EUR,ETH,EUR->ETH->USDT->EUR,Kraken,-0.908114,-248.971613,NO,"{""extra_buffer_bps"":10.0,""fee_bps_per_leg_assumption"":80.0,""note"":""Top-of-book paper cycle. Exact Kraken fee tier and available size must be validated.""}"
2026-09-06T10:50:57+00:00,eur_triangle,Coinbase:SOL:EUR-USDT-SOL-EUR,SOL,EUR->USDT->SOL->EUR,Coinbase,-0.900573,-189.806620,NO,"{""extra_buffer_bps"":10.0,""fee_bps_per_leg_assumption"":60.0,""note"":""Top-of-book paper cycle. Exact Coinbase fee tier and available size must be validated.""}"
2026-09-06T10:50:57+00:00,eur_triangle,Coinbase:SOL:EUR-SOL-USDT-EUR,SOL,EUR->SOL->USDT->EUR,Coinbase,-2.566808,-191.443042,NO,"{""extra_buffer_bps"":10.0,""fee_bps_per_leg_assumption"":60.0,""note"":""Top-of-book paper cycle. Exact Coinbase fee tier and available size must be validated.""}"
2026-09-06T10:50:57+00:00,eur_triangle,Kraken:SOL:EUR-USDT-SOL-EUR,SOL,EUR->USDT->SOL->EUR,Kraken,-1.213741,-249.269964,NO,"{""extra_buffer_bps"":10.0,""fee_bps_per_leg_assumption"":80.0,""note"":""Top-of-book paper cycle. Exact Kraken fee tier and available size must be validated.""}"
2026-09-06T10:50:57+00:00,eur_triangle,Kraken:SOL:EUR-SOL-USDT-EUR,SOL,EUR->SOL->USDT->EUR,Kraken,-1.976019,-250.014093,NO,"{""extra_buffer_bps"":10.0,""fee_bps_per_leg_assumption"":80.0,""note"":""Top-of-book paper cycle. Exact Kraken fee tier and available size must be validated.""}"
2026-09-06T10:50:57+00:00,stable_eur_dislocation,Coinbase:USDC-EUR-USDT,USDC/USDT,USDC->EUR->USDT,Coinbase,-1.857312,-31.857312,NO,"{""buffer_bps"":30.0,""note"":""Two-leg stablecoin conversion via EUR; issuer, venue and fee risks remain."",""usdc_eur"":{""ask"":0.8614,""bid"":0.8613,""last"":0.8614},""usdt_eur"":{""ask"":0.86146,""bid"":0.86143,""last"":0.8614}}"
2026-09-06T10:50:57+00:00,stable_eur_dislocation,Coinbase:USDT-EUR-USDC,USDT/USDC,USDT->EUR->USDC,Coinbase,0.348270,-29.651730,NO,"{""buffer_bps"":30.0,""note"":""Two-leg stablecoin conversion via EUR; issuer, venue and fee risks remain."",""usdc_eur"":{""ask"":0.8614,""bid"":0.8613,""last"":0.8614},""usdt_eur"":{""ask"":0.86146,""bid"":0.86143,""last"":0.8614}}"
2026-09-06T10:50:57+00:00,stable_eur_dislocation,Kraken:USDC-EUR-USDT,USDC/USDT,USDC->EUR->USDT,Kraken,-2.321532,-52.321532,NO,"{""buffer_bps"":50.0,""note"":""Two-leg stablecoin conversion via EUR; issuer, venue and fee risks remain."",""usdc_eur"":{""ask"":0.8614,""bid"":0.8613,""last"":0.8613},""usdt_eur"":{""ask"":0.8615,""bid"":0.8614,""last"":0.8614}}"
2026-09-06T10:50:57+00:00,stable_eur_dislocation,Kraken:USDT-EUR-USDC,USDT/USDC,USDT->EUR->USDC,Kraken,0.000000,-50.000000,NO,"{""buffer_bps"":50.0,""note"":""Two-leg stablecoin conversion via EUR; issuer, venue and fee risks remain."",""usdc_eur"":{""ask"":0.8614,""bid"":0.8613,""last"":0.8613},""usdt_eur"":{""ask"":0.8615,""bid"":0.8614,""last"":0.8614}}"
2026-09-06T10:54:30+00:00,eu_cross_spot,BTC:buy Coinbase / sell Kraken,BTC,buy Coinbase / sell Kraken,Coinbase<->Kraken,-0.509251,-150.509251,NO,"{""buffer_bps"":150.0,""buy_ask"":68924.81,""coinbase_taker_bps"":60.0,""kraken_taker_bps"":80.0,""note"":""Assumes prefunded balances on both venues; rebalancing and account-specific fees can erase the edge."",""sell_bid"":68921.3}"
2026-09-06T10:54:30+00:00,eu_cross_spot,BTC:buy Kraken / sell Coinbase,BTC,buy Kraken / sell Coinbase,Coinbase<->Kraken,-0.401907,-150.401907,NO,"{""buffer_bps"":150.0,""buy_ask"":68921.4,""coinbase_taker_bps"":60.0,""kraken_taker_bps"":80.0,""note"":""Assumes prefunded balances on both venues; rebalancing and account-specific fees can erase the edge."",""sell_bid"":68918.63}"
2026-09-06T10:54:30+00:00,eu_cross_spot,ETH:buy Coinbase / sell Kraken,ETH,buy Coinbase / sell Kraken,Coinbase<->Kraken,-1.299792,-151.299792,NO,"{""buffer_bps"":150.0,""buy_ask"":2154.19,""coinbase_taker_bps"":60.0,""kraken_taker_bps"":80.0,""note"":""Assumes prefunded balances on both venues; rebalancing and account-specific fees can erase the edge."",""sell_bid"":2153.91}"
2026-09-06T10:54:30+00:00,eu_cross_spot,ETH:buy Kraken / sell Coinbase,ETH,buy Kraken / sell Coinbase,Coinbase<->Kraken,-0.139281,-150.139281,NO,"{""buffer_bps"":150.0,""buy_ask"":2153.92,""coinbase_taker_bps"":60.0,""kraken_taker_bps"":80.0,""note"":""Assumes prefunded balances on both venues; rebalancing and account-specific fees can erase the edge."",""sell_bid"":2153.89}"
2026-09-06T10:54:30+00:00,eu_cross_spot,SOL:buy Coinbase / sell Kraken,SOL,buy Coinbase / sell Kraken,Coinbase<->Kraken,-2.177463,-152.177463,NO,"{""buffer_bps"":150.0,""buy_ask"":91.85,""coinbase_taker_bps"":60.0,""kraken_taker_bps"":80.0,""note"":""Assumes prefunded balances on both venues; rebalancing and account-specific fees can erase the edge."",""sell_bid"":91.83}"
2026-09-06T10:54:30+00:00,eu_cross_spot,SOL:buy Kraken / sell Coinbase,SOL,buy Kraken / sell Coinbase,Coinbase<->Kraken,0.000000,-150.000000,NO,"{""buffer_bps"":150.0,""buy_ask"":91.84,""coinbase_taker_bps"":60.0,""kraken_taker_bps"":80.0,""note"":""Assumes prefunded balances on both venues; rebalancing and account-specific fees can erase the edge."",""sell_bid"":91.84}"
2026-09-06T10:54:30+00:00,eur_triangle,Coinbase:BTC:EUR-USDT-BTC-EUR,BTC,EUR->USDT->BTC->EUR,Coinbase,-0.251786,-189.169441,NO,"{""extra_buffer_bps"":10.0,""fee_bps_per_leg_assumption"":60.0,""note"":""Top-of-book paper cycle. Exact Coinbase fee tier and available size must be validated.""}"
2026-09-06T10:54:30+00:00,eur_triangle,Coinbase:BTC:EUR-BTC-USDT-EUR,BTC,EUR->BTC->USDT->EUR,Coinbase,-2.888883,-191.759355,NO,"{""extra_buffer_bps"":10.0,""fee_bps_per_leg_assumption"":60.0,""note"":""Top-of-book paper cycle. Exact Coinbase fee tier and available size must be validated.""}"
2026-09-06T10:54:30+00:00,eur_triangle,Kraken:BTC:EUR-USDT-BTC-EUR,BTC,EUR->USDT->BTC->EUR,Kraken,-0.336358,-248.413470,NO,"{""extra_buffer_bps"":10.0,""fee_bps_per_leg_assumption"":80.0,""note"":""Top-of-book paper cycle. Exact Kraken fee tier and available size must be validated.""}"
2026-09-06T10:54:30+00:00,eur_triangle,Kraken:BTC:EUR-BTC-USDT-EUR,BTC,EUR->BTC->USDT->EUR,Kraken,-0.851442,-248.916291,NO,"{""extra_buffer_bps"":10.0,""fee_bps_per_leg_assumption"":80.0,""note"":""Top-of-book paper cycle. Exact Kraken fee tier and available size must be validated.""}"
2026-09-06T10:54:30+00:00,eur_triangle,Coinbase:ETH:EUR-USDT-ETH-EUR,ETH,EUR->USDT->ETH->EUR,Coinbase,-0.761572,-189.670106,NO,"{""extra_buffer_bps"":10.0,""fee_bps_per_leg_assumption"":60.0,""note"":""Top-of-book paper cycle. Exact Coinbase fee tier and available size must be validated.""}"
2026-09-06T10:54:30+00:00,eur_triangle,Coinbase:ETH:EUR-ETH-USDT-EUR,ETH,EUR->ETH->USDT->EUR,Coinbase,-4.174525,-193.021993,NO,"{""extra_buffer_bps"":10.0,""fee_bps_per_leg_assumption"":60.0,""note"":""Top-of-book paper cycle. Exact Coinbase fee tier and available size must be validated.""}"
2026-09-06T10:54:30+00:00,eur_triangle,Kraken:ETH:EUR-USDT-ETH-EUR,ETH,EUR->USDT->ETH->EUR,Kraken,-0.697009,-248.765535,NO,"{""extra_buffer_bps"":10.0,""fee_bps_per_leg_assumption"":80.0,""note"":""Top-of-book paper cycle. Exact Kraken fee tier and available size must be validated.""}"
2026-09-06T10:54:30+00:00,eur_triangle,Kraken:ETH:EUR-ETH-USDT-EUR,ETH,EUR->ETH->USDT->EUR,Kraken,-0.590198,-248.661267,NO,"{""extra_buffer_bps"":10.0,""fee_bps_per_leg_assumption"":80.0,""note"":""Top-of-book paper cycle. Exact Kraken fee tier and available size must be validated.""}"
2026-09-06T10:54:30+00:00,eur_triangle,Coinbase:SOL:EUR-USDT-SOL-EUR,SOL,EUR->USDT->SOL->EUR,Coinbase,-0.143367,-189.062962,NO,"{""extra_buffer_bps"":10.0,""fee_bps_per_leg_assumption"":60.0,""note"":""Top-of-book paper cycle. Exact Coinbase fee tier and available size must be validated.""}"
2026-09-06T10:54:30+00:00,eur_triangle,Coinbase:SOL:EUR-SOL-USDT-EUR,SOL,EUR->SOL->USDT->EUR,Coinbase,-3.285389,-192.148766,NO,"{""extra_buffer_bps"":10.0,""fee_bps_per_leg_assumption"":60.0,""note"":""Top-of-book paper cycle. Exact Coinbase fee tier and available size must be validated.""}"
2026-09-06T10:54:30+00:00,eur_triangle,Kraken:SOL:EUR-USDT-SOL-EUR,SOL,EUR->USDT->SOL->EUR,Kraken,-1.580388,-249.627882,NO,"{""extra_buffer_bps"":10.0,""fee_bps_per_leg_assumption"":80.0,""note"":""Top-of-book paper cycle. Exact Kraken fee tier and available size must be validated.""}"
2026-09-06T10:54:30+00:00,eur_triangle,Kraken:SOL:EUR-SOL-USDT-EUR,SOL,EUR->SOL->USDT->EUR,Kraken,-1.607143,-249.653999,NO,"{""extra_buffer_bps"":10.0,""fee_bps_per_leg_assumption"":80.0,""note"":""Top-of-book paper cycle. Exact Kraken fee tier and available size must be validated.""}"
2026-09-06T10:54:30+00:00,stable_eur_dislocation,Coinbase:USDC-EUR-USDT,USDC/USDT,USDC->EUR->USDT,Coinbase,-1.973371,-31.973371,NO,"{""buffer_bps"":30.0,""note"":""Two-leg stablecoin conversion via EUR; issuer, venue and fee risks remain."",""usdc_eur"":{""ask"":0.8614,""bid"":0.8613,""last"":0.8614},""usdt_eur"":{""ask"":0.86147,""bid"":0.86143,""last"":0.8614}}"
2026-09-06T10:54:30+00:00,stable_eur_dislocation,Coinbase:USDT-EUR-USDC,USDT/USDC,USDT->EUR->USDC,Coinbase,0.348270,-29.651730,NO,"{""buffer_bps"":30.0,""note"":""Two-leg stablecoin conversion via EUR; issuer, venue and fee risks remain."",""usdc_eur"":{""ask"":0.8614,""bid"":0.8613,""last"":0.8614},""usdt_eur"":{""ask"":0.86147,""bid"":0.86143,""last"":0.8614}}"
2026-09-06T10:54:30+00:00,stable_eur_dislocation,Kraken:USDC-EUR-USDT,USDC/USDT,USDC->EUR->USDT,Kraken,-2.321532,-52.321532,NO,"{""buffer_bps"":50.0,""note"":""Two-leg stablecoin conversion via EUR; issuer, venue and fee risks remain."",""usdc_eur"":{""ask"":0.8614,""bid"":0.8613,""last"":0.8613},""usdt_eur"":{""ask"":0.8615,""bid"":0.8614,""last"":0.8614}}"
2026-09-06T10:54:30+00:00,stable_eur_dislocation,Kraken:USDT-EUR-USDC,USDT/USDC,USDT->EUR->USDC,Kraken,0.000000,-50.000000,NO,"{""buffer_bps"":50.0,""note"":""Two-leg stablecoin conversion via EUR; issuer, venue and fee risks remain."",""usdc_eur"":{""ask"":0.8614,""bid"":0.8613,""last"":0.8613},""usdt_eur"":{""ask"":0.8615,""bid"":0.8614,""last"":0.8614}}"
2026-09-06T11:26:32+00:00,eu_cross_spot,BTC:buy Coinbase / sell Kraken,BTC,buy Coinbase / sell Kraken,Coinbase<->Kraken,-0.277407,-150.277407,NO,"{""buffer_bps"":150.0,""buy_ask"":68851.91,""coinbase_taker_bps"":60.0,""kraken_taker_bps"":80.0,""note"":""Assumes prefunded balances on both venues; rebalancing and account-specific fees can erase the edge."",""sell_bid"":68850.0}"
2026-09-06T11:26:32+00:00,eu_cross_spot,BTC:buy Kraken / sell Coinbase,BTC,buy Kraken / sell Coinbase,Coinbase<->Kraken,-1.244733,-151.244733,NO,"{""buffer_bps"":150.0,""buy_ask"":68850.1,""coinbase_taker_bps"":60.0,""kraken_taker_bps"":80.0,""note"":""Assumes prefunded balances on both venues; rebalancing and account-specific fees can erase the edge."",""sell_bid"":68841.53}"
2026-09-06T11:26:32+00:00,eu_cross_spot,ETH:buy Coinbase / sell Kraken,ETH,buy Coinbase / sell Kraken,Coinbase<->Kraken,0.603285,-149.396715,NO,"{""buffer_bps"":150.0,""buy_ask"":2154.87,""coinbase_taker_bps"":60.0,""kraken_taker_bps"":80.0,""note"":""Assumes prefunded balances on both venues; rebalancing and account-specific fees can erase the edge."",""sell_bid"":2155.0}"
2026-09-06T11:26:32+00:00,eu_cross_spot,ETH:buy Kraken / sell Coinbase,ETH,buy Kraken / sell Coinbase,Coinbase<->Kraken,-1.531315,-151.531315,NO,"{""buffer_bps"":150.0,""buy_ask"":2155.01,""coinbase_taker_bps"":60.0,""kraken_taker_bps"":80.0,""note"":""Assumes prefunded balances on both venues; rebalancing and account-specific fees can erase the edge."",""sell_bid"":2154.68}"
2026-09-06T11:26:32+00:00,eu_cross_spot,SOL:buy Coinbase / sell Kraken,SOL,buy Coinbase / sell Kraken,Coinbase<->Kraken,-1.089562,-151.089562,NO,"{""buffer_bps"":150.0,""buy_ask"":91.78,""coinbase_taker_bps"":60.0,""kraken_taker_bps"":80.0,""note"":""Assumes prefunded balances on both venues; rebalancing and account-specific fees can erase the edge."",""sell_bid"":91.77}"
2026-09-06T11:26:32+00:00,eu_cross_spot,SOL:buy Kraken / sell Coinbase,SOL,buy Kraken / sell Coinbase,Coinbase<->Kraken,-2.179124,-152.179124,NO,"{""buffer_bps"":150.0,""buy_ask"":91.78,""coinbase_taker_bps"":60.0,""kraken_taker_bps"":80.0,""note"":""Assumes prefunded balances on both venues; rebalancing and account-specific fees can erase the edge."",""sell_bid"":91.76}"
2026-09-06T11:26:32+00:00,eur_triangle,Coinbase:BTC:EUR-USDT-BTC-EUR,BTC,EUR->USDT->BTC->EUR,Coinbase,-1.760624,-190.651282,NO,"{""extra_buffer_bps"":10.0,""fee_bps_per_leg_assumption"":60.0,""note"":""Top-of-book paper cycle. Exact Coinbase fee tier and available size must be validated.""}"
2026-09-06T11:26:32+00:00,eur_triangle,Coinbase:BTC:EUR-BTC-USDT-EUR,BTC,EUR->BTC->USDT->EUR,Coinbase,-1.616146,-190.509390,NO,"{""extra_buffer_bps"":10.0,""fee_bps_per_leg_assumption"":60.0,""note"":""Top-of-book paper cycle. Exact Coinbase fee tier and available size must be validated.""}"
2026-09-06T11:26:32+00:00,eur_triangle,Kraken:BTC:EUR-USDT-BTC-EUR,BTC,EUR->USDT->BTC->EUR,Kraken,0.146512,-247.942096,NO,"{""extra_buffer_bps"":10.0,""fee_bps_per_leg_assumption"":80.0,""note"":""Top-of-book paper cycle. Exact Kraken fee tier and available size must be validated.""}"
2026-09-06T11:26:32+00:00,eur_triangle,Kraken:BTC:EUR-BTC-USDT-EUR,BTC,EUR->BTC->USDT->EUR,Kraken,-1.571900,-249.619596,NO,"{""extra_buffer_bps"":10.0,""fee_bps_per_leg_assumption"":80.0,""note"":""Top-of-book paper cycle. Exact Kraken fee tier and available size must be validated.""}"
2026-09-06T11:26:32+00:00,eur_triangle,Coinbase:ETH:EUR-USDT-ETH-EUR,ETH,EUR->USDT->ETH->EUR,Coinbase,-1.962078,-190.849132,NO,"{""extra_buffer_bps"":10.0,""fee_bps_per_leg_assumption"":60.0,""note"":""Top-of-book paper cycle. Exact Coinbase fee tier and available size must be validated.""}"
2026-09-06T11:26:32+00:00,eur_triangle,Coinbase:ETH:EUR-ETH-USDT-EUR,ETH,EUR->ETH->USDT->EUR,Coinbase,-3.353715,-192.215870,NO,"{""extra_buffer_bps"":10.0,""fee_bps_per_leg_assumption"":60.0,""note"":""Top-of-book paper cycle. Exact Coinbase fee tier and available size must be validated.""}"
2026-09-06T11:26:32+00:00,eur_triangle,Kraken:ETH:EUR-USDT-ETH-EUR,ETH,EUR->USDT->ETH->EUR,Kraken,0.202436,-247.887504,NO,"{""extra_buffer_bps"":10.0,""fee_bps_per_leg_assumption"":80.0,""note"":""Top-of-book paper cycle. Exact Kraken fee tier and available size must be validated.""}"
2026-09-06T11:26:32+00:00,eur_triangle,Kraken:ETH:EUR-ETH-USDT-EUR,ETH,EUR->ETH->USDT->EUR,Kraken,-1.489390,-249.539050,NO,"{""extra_buffer_bps"":10.0,""fee_bps_per_leg_assumption"":80.0,""note"":""Top-of-book paper cycle. Exact Kraken fee tier and available size must be validated.""}"
2026-09-06T11:26:32+00:00,eur_triangle,Coinbase:SOL:EUR-USDT-SOL-EUR,SOL,EUR->USDT->SOL->EUR,Coinbase,-0.982467,-189.887048,NO,"{""extra_buffer_bps"":10.0,""fee_bps_per_leg_assumption"":60.0,""note"":""Top-of-book paper cycle. Exact Coinbase fee tier and available size must be validated.""}"
2026-09-06T11:26:32+00:00,eur_triangle,Coinbase:SOL:EUR-SOL-USDT-EUR,SOL,EUR->SOL->USDT->EUR,Coinbase,-2.251580,-191.133454,NO,"{""extra_buffer_bps"":10.0,""fee_bps_per_leg_assumption"":60.0,""note"":""Top-of-book paper cycle. Exact Coinbase fee tier and available size must be validated.""}"
2026-09-06T11:26:32+00:00,eur_triangle,Kraken:SOL:EUR-USDT-SOL-EUR,SOL,EUR->USDT->SOL->EUR,Kraken,1.046203,-247.063826,NO,"{""extra_buffer_bps"":10.0,""fee_bps_per_leg_assumption"":80.0,""note"":""Top-of-book paper cycle. Exact Kraken fee tier and available size must be validated.""}"
2026-09-06T11:26:32+00:00,eur_triangle,Kraken:SOL:EUR-SOL-USDT-EUR,SOL,EUR->SOL->USDT->EUR,Kraken,-4.234583,-252.218884,NO,"{""extra_buffer_bps"":10.0,""fee_bps_per_leg_assumption"":80.0,""note"":""Top-of-book paper cycle. Exact Kraken fee tier and available size must be validated.""}"
2026-09-06T11:26:32+00:00,stable_eur_dislocation,Coinbase:USDC-EUR-USDT,USDC/USDT,USDC->EUR->USDT,Coinbase,-2.321263,-32.321263,NO,"{""buffer_bps"":30.0,""note"":""Two-leg stablecoin conversion via EUR; issuer, venue and fee risks remain."",""usdc_eur"":{""ask"":0.8615,""bid"":0.8614,""last"":0.8614},""usdt_eur"":{""ask"":0.8616,""bid"":0.86159,""last"":0.86158}}"
2026-09-06T11:26:32+00:00,stable_eur_dislocation,Coinbase:USDT-EUR-USDC,USDT/USDC,USDT->EUR->USDC,Coinbase,1.044689,-28.955311,NO,"{""buffer_bps"":30.0,""note"":""Two-leg stablecoin conversion via EUR; issuer, venue and fee risks remain."",""usdc_eur"":{""ask"":0.8615,""bid"":0.8614,""last"":0.8614},""usdt_eur"":{""ask"":0.8616,""bid"":0.86159,""last"":0.86158}}"
2026-09-06T11:26:32+00:00,stable_eur_dislocation,Kraken:USDC-EUR-USDT,USDC/USDT,USDC->EUR->USDT,Kraken,-1.160631,-51.160631,NO,"{""buffer_bps"":50.0,""note"":""Two-leg stablecoin conversion via EUR; issuer, venue and fee risks remain."",""usdc_eur"":{""ask"":0.8616,""bid"":0.8615,""last"":0.8615},""usdt_eur"":{""ask"":0.8616,""bid"":0.8615,""last"":0.8615}}"
2026-09-06T11:26:32+00:00,stable_eur_dislocation,Kraken:USDT-EUR-USDC,USDT/USDC,USDT->EUR->USDC,Kraken,-1.160631,-51.160631,NO,"{""buffer_bps"":50.0,""note"":""Two-leg stablecoin conversion via EUR; issuer, venue and fee risks remain."",""usdc_eur"":{""ask"":0.8616,""bid"":0.8615,""last"":0.8615},""usdt_eur"":{""ask"":0.8616,""bid"":0.8615,""last"":0.8615}}"
2026-09-06T11:36:52+00:00,eu_cross_spot,BTC:buy Coinbase / sell Kraken,BTC,buy Coinbase / sell Kraken,Coinbase<->Kraken,-0.389210,-150.389210,NO,"{""buffer_bps"":150.0,""buy_ask"":68857.48,""coinbase_taker_bps"":60.0,""kraken_taker_bps"":80.0,""note"":""Assumes prefunded balances on both venues; rebalancing and account-specific fees can erase the edge."",""sell_bid"":68854.8}"
2026-09-06T11:36:52+00:00,eu_cross_spot,BTC:buy Kraken / sell Coinbase,BTC,buy Kraken / sell Coinbase,Coinbase<->Kraken,0.267228,-149.732772,NO,"{""buffer_bps"":150.0,""buy_ask"":68855.0,""coinbase_taker_bps"":60.0,""kraken_taker_bps"":80.0,""note"":""Assumes prefunded balances on both venues; rebalancing and account-specific fees can erase the edge."",""sell_bid"":68856.84}"
2026-09-06T11:36:52+00:00,eu_cross_spot,ETH:buy Coinbase / sell Kraken,ETH,buy Coinbase / sell Kraken,Coinbase<->Kraken,0.464171,-149.535829,NO,"{""buffer_bps"":150.0,""buy_ask"":2154.38,""coinbase_taker_bps"":60.0,""kraken_taker_bps"":80.0,""note"":""Assumes prefunded balances on both venues; rebalancing and account-specific fees can erase the edge."",""sell_bid"":2154.48}"
2026-09-06T11:36:52+00:00,eu_cross_spot,ETH:buy Kraken / sell Coinbase,ETH,buy Kraken / sell Coinbase,Coinbase<->Kraken,-1.113953,-151.113953,NO,"{""buffer_bps"":150.0,""buy_ask"":2154.49,""coinbase_taker_bps"":60.0,""kraken_taker_bps"":80.0,""note"":""Assumes prefunded balances on both venues; rebalancing and account-specific fees can erase the edge."",""sell_bid"":2154.25}"
2026-09-06T11:36:52+00:00,eu_cross_spot,SOL:buy Coinbase / sell Kraken,SOL,buy Coinbase / sell Kraken,Coinbase<->Kraken,-3.267262,-153.267262,NO,"{""buffer_bps"":150.0,""buy_ask"":91.82,""coinbase_taker_bps"":60.0,""kraken_taker_bps"":80.0,""note"":""Assumes prefunded balances on both venues; rebalancing and account-specific fees can erase the edge."",""sell_bid"":91.79}"
2026-09-06T11:36:52+00:00,eu_cross_spot,SOL:buy Kraken / sell Coinbase,SOL,buy Kraken / sell Coinbase,Coinbase<->Kraken,0.000000,-150.000000,NO,"{""buffer_bps"":150.0,""buy_ask"":91.8,""coinbase_taker_bps"":60.0,""kraken_taker_bps"":80.0,""note"":""Assumes prefunded balances on both venues; rebalancing and account-specific fees can erase the edge."",""sell_bid"":91.8}"
2026-09-06T11:36:52+00:00,eur_triangle,Coinbase:BTC:EUR-USDT-BTC-EUR,BTC,EUR->USDT->BTC->EUR,Coinbase,-0.240611,-189.158466,NO,"{""extra_buffer_bps"":10.0,""fee_bps_per_leg_assumption"":60.0,""note"":""Top-of-book paper cycle. Exact Coinbase fee tier and available size must be validated.""}"
2026-09-06T11:36:52+00:00,eur_triangle,Coinbase:BTC:EUR-BTC-USDT-EUR,BTC,EUR->BTC->USDT->EUR,Coinbase,-1.281897,-190.181121,NO,"{""extra_buffer_bps"":10.0,""fee_bps_per_leg_assumption"":60.0,""note"":""Top-of-book paper cycle. Exact Coinbase fee tier and available size must be validated.""}"
2026-09-06T11:36:52+00:00,eur_triangle,Kraken:BTC:EUR-USDT-BTC-EUR,BTC,EUR->USDT->BTC->EUR,Kraken,-0.595374,-248.666319,NO,"{""extra_buffer_bps"":10.0,""fee_bps_per_leg_assumption"":80.0,""note"":""Top-of-book paper cycle. Exact Kraken fee tier and available size must be validated.""}"
2026-09-06T11:36:52+00:00,eur_triangle,Kraken:BTC:EUR-BTC-USDT-EUR,BTC,EUR->BTC->USDT->EUR,Kraken,-0.794525,-248.860728,NO,"{""extra_buffer_bps"":10.0,""fee_bps_per_leg_assumption"":80.0,""note"":""Top-of-book paper cycle. Exact Kraken fee tier and available size must be validated.""}"
2026-09-06T11:36:52+00:00,eur_triangle,Coinbase:ETH:EUR-USDT-ETH-EUR,ETH,EUR->USDT->ETH->EUR,Coinbase,-1.282962,-190.182167,NO,"{""extra_buffer_bps"":10.0,""fee_bps_per_leg_assumption"":60.0,""note"":""Top-of-book paper cycle. Exact Coinbase fee tier and available size must be validated.""}"
2026-09-06T11:36:52+00:00,eur_triangle,Coinbase:ETH:EUR-ETH-USDT-EUR,ETH,EUR->ETH->USDT->EUR,Coinbase,-2.511892,-191.389109,NO,"{""extra_buffer_bps"":10.0,""fee_bps_per_leg_assumption"":60.0,""note"":""Top-of-book paper cycle. Exact Coinbase fee tier and available size must be validated.""}"
2026-09-06T11:36:52+00:00,eur_triangle,Kraken:ETH:EUR-USDT-ETH-EUR,ETH,EUR->USDT->ETH->EUR,Kraken,-0.531441,-248.603908,NO,"{""extra_buffer_bps"":10.0,""fee_bps_per_leg_assumption"":80.0,""note"":""Top-of-book paper cycle. Exact Kraken fee tier and available size must be validated.""}"
2026-09-06T11:36:52+00:00,eur_triangle,Kraken:ETH:EUR-ETH-USDT-EUR,ETH,EUR->ETH->USDT->EUR,Kraken,-0.955539,-249.017909,NO,"{""extra_buffer_bps"":10.0,""fee_bps_per_leg_assumption"":80.0,""note"":""Top-of-book paper cycle. Exact Kraken fee tier and available size must be validated.""}"
2026-09-06T11:36:52+00:00,eur_triangle,Coinbase:SOL:EUR-USDT-SOL-EUR,SOL,EUR->USDT->SOL->EUR,Coinbase,-2.139662,-191.023539,NO,"{""extra_buffer_bps"":10.0,""fee_bps_per_leg_assumption"":60.0,""note"":""Top-of-book paper cycle. Exact Coinbase fee tier and available size must be validated.""}"
2026-09-06T11:36:52+00:00,eur_triangle,Coinbase:SOL:EUR-SOL-USDT-EUR,SOL,EUR->SOL->USDT->EUR,Coinbase,-2.147299,-191.031039,NO,"{""extra_buffer_bps"":10.0,""fee_bps_per_leg_assumption"":60.0,""note"":""Top-of-book paper cycle. Exact Coinbase fee tier and available size must be validated.""}"
2026-09-06T11:36:52+00:00,eur_triangle,Kraken:SOL:EUR-USDT-SOL-EUR,SOL,EUR->USDT->SOL->EUR,Kraken,-2.406655,-250.434476,NO,"{""extra_buffer_bps"":10.0,""fee_bps_per_leg_assumption"":80.0,""note"":""Top-of-book paper cycle. Exact Kraken fee tier and available size must be validated.""}"
2026-09-06T11:36:52+00:00,eur_triangle,Kraken:SOL:EUR-SOL-USDT-EUR,SOL,EUR->SOL->USDT->EUR,Kraken,-0.781590,-248.848102,NO,"{""extra_buffer_bps"":10.0,""fee_bps_per_leg_assumption"":80.0,""note"":""Top-of-book paper cycle. Exact Kraken fee tier and available size must be validated.""}"
2026-09-06T11:36:52+00:00,stable_eur_dislocation,Coinbase:USDC-EUR-USDT,USDC/USDT,USDC->EUR->USDT,Coinbase,-1.044580,-31.044580,NO,"{""buffer_bps"":30.0,""note"":""Two-leg stablecoin conversion via EUR; issuer, venue and fee risks remain."",""usdc_eur"":{""ask"":0.8616,""bid"":0.8615,""last"":0.8615},""usdt_eur"":{""ask"":0.86159,""bid"":0.86157,""last"":0.86155}}"
2026-09-06T11:36:52+00:00,stable_eur_dislocation,Coinbase:USDT-EUR-USDC,USDT/USDC,USDT->EUR->USDC,Coinbase,-0.348189,-30.348189,NO,"{""buffer_bps"":30.0,""note"":""Two-leg stablecoin conversion via EUR; issuer, venue and fee risks remain."",""usdc_eur"":{""ask"":0.8616,""bid"":0.8615,""last"":0.8615},""usdt_eur"":{""ask"":0.86159,""bid"":0.86157,""last"":0.86155}}"
2026-09-06T11:36:52+00:00,stable_eur_dislocation,Kraken:USDC-EUR-USDT,USDC/USDT,USDC->EUR->USDT,Kraken,-2.321263,-52.321263,NO,"{""buffer_bps"":50.0,""note"":""Two-leg stablecoin conversion via EUR; issuer, venue and fee risks remain."",""usdc_eur"":{""ask"":0.8615,""bid"":0.8614,""last"":0.8614},""usdt_eur"":{""ask"":0.8616,""bid"":0.8615,""last"":0.8615}}"
2026-09-06T11:36:52+00:00,stable_eur_dislocation,Kraken:USDT-EUR-USDC,USDT/USDC,USDT->EUR->USDC,Kraken,0.000000,-50.000000,NO,"{""buffer_bps"":50.0,""note"":""Two-leg stablecoin conversion via EUR; issuer, venue and fee risks remain."",""usdc_eur"":{""ask"":0.8615,""bid"":0.8614,""last"":0.8614},""usdt_eur"":{""ask"":0.8616,""bid"":0.8615,""last"":0.8615}}"
2026-09-06T11:50:37+00:00,eu_cross_spot,BTC:buy Coinbase / sell Kraken,BTC,buy Coinbase / sell Kraken,Coinbase<->Kraken,-0.522618,-150.522618,NO,"{""buffer_bps"":150.0,""buy_ask"":68884.0,""coinbase_taker_bps"":60.0,""kraken_taker_bps"":80.0,""note"":""Assumes prefunded balances on both venues; rebalancing and account-specific fees can erase the edge."",""sell_bid"":68880.4}"
2026-09-06T11:50:37+00:00,eu_cross_spot,BTC:buy Kraken / sell Coinbase,BTC,buy Kraken / sell Coinbase,Coinbase<->Kraken,-0.274388,-150.274388,NO,"{""buffer_bps"":150.0,""buy_ask"":68880.5,""coinbase_taker_bps"":60.0,""kraken_taker_bps"":80.0,""note"":""Assumes prefunded balances on both venues; rebalancing and account-specific fees can erase the edge."",""sell_bid"":68878.61}"
2026-09-06T11:50:37+00:00,eu_cross_spot,ETH:buy Coinbase / sell Kraken,ETH,buy Coinbase / sell Kraken,Coinbase<->Kraken,1.345146,-148.654854,NO,"{""buffer_bps"":150.0,""buy_ask"":2155.9,""coinbase_taker_bps"":60.0,""kraken_taker_bps"":80.0,""note"":""Assumes prefunded balances on both venues; rebalancing and account-specific fees can erase the edge."",""sell_bid"":2156.19}"
2026-09-06T11:50:37+00:00,eu_cross_spot,ETH:buy Kraken / sell Coinbase,ETH,buy Kraken / sell Coinbase,Coinbase<->Kraken,-3.014563,-153.014563,NO,"{""buffer_bps"":150.0,""buy_ask"":2156.2,""coinbase_taker_bps"":60.0,""kraken_taker_bps"":80.0,""note"":""Assumes prefunded balances on both venues; rebalancing and account-specific fees can erase the edge."",""sell_bid"":2155.55}"
2026-09-06T11:50:37+00:00,eu_cross_spot,SOL:buy Coinbase / sell Kraken,SOL,buy Coinbase / sell Kraken,Coinbase<->Kraken,-2.178649,-152.178649,NO,"{""buffer_bps"":150.0,""buy_ask"":91.8,""coinbase_taker_bps"":60.0,""kraken_taker_bps"":80.0,""note"":""Assumes prefunded balances on both venues; rebalancing and account-specific fees can erase the edge."",""sell_bid"":91.78}"
2026-09-06T11:50:37+00:00,eu_cross_spot,SOL:buy Kraken / sell Coinbase,SOL,buy Kraken / sell Coinbase,Coinbase<->Kraken,-1.089443,-151.089443,NO,"{""buffer_bps"":150.0,""buy_ask"":91.79,""coinbase_taker_bps"":60.0,""kraken_taker_bps"":80.0,""note"":""Assumes prefunded balances on both venues; rebalancing and account-specific fees can erase the edge."",""sell_bid"":91.78}"
2026-09-06T11:50:37+00:00,eur_triangle,Coinbase:BTC:EUR-USDT-BTC-EUR,BTC,EUR->USDT->BTC->EUR,Coinbase,-0.834990,-189.742210,NO,"{""extra_buffer_bps"":10.0,""fee_bps_per_leg_assumption"":60.0,""note"":""Top-of-book paper cycle. Exact Coinbase fee tier and available size must be validated.""}"
2026-09-06T11:50:37+00:00,eur_triangle,Coinbase:BTC:EUR-BTC-USDT-EUR,BTC,EUR->BTC->USDT->EUR,Coinbase,-0.794468,-189.702413,NO,"{""extra_buffer_bps"":10.0,""fee_bps_per_leg_assumption"":60.0,""note"":""Top-of-book paper cycle. Exact Coinbase fee tier and available size must be validated.""}"
2026-09-06T11:50:37+00:00,eur_triangle,Kraken:BTC:EUR-USDT-BTC-EUR,BTC,EUR->USDT->BTC->EUR,Kraken,-0.756222,-248.823337,NO,"{""extra_buffer_bps"":10.0,""fee_bps_per_leg_assumption"":80.0,""note"":""Top-of-book paper cycle. Exact Kraken fee tier and available size must be validated.""}"
2026-09-06T11:50:37+00:00,eur_triangle,Kraken:BTC:EUR-BTC-USDT-EUR,BTC,EUR->BTC->USDT->EUR,Kraken,-0.431465,-248.506312,NO,"{""extra_buffer_bps"":10.0,""fee_bps_per_leg_assumption"":80.0,""note"":""Top-of-book paper cycle. Exact Kraken fee tier and available size must be validated.""}"
2026-09-06T11:50:37+00:00,eur_triangle,Coinbase:ETH:EUR-USDT-ETH-EUR,ETH,EUR->USDT->ETH->EUR,Coinbase,-2.824129,-191.695760,NO,"{""extra_buffer_bps"":10.0,""fee_bps_per_leg_assumption"":60.0,""note"":""Top-of-book paper cycle. Exact Coinbase fee tier and available size must be validated.""}"
2026-09-06T11:50:37+00:00,eur_triangle,Coinbase:ETH:EUR-ETH-USDT-EUR,ETH,EUR->ETH->USDT->EUR,Coinbase,-3.499096,-192.358649,NO,"{""extra_buffer_bps"":10.0,""fee_bps_per_leg_assumption"":60.0,""note"":""Top-of-book paper cycle. Exact Coinbase fee tier and available size must be validated.""}"
2026-09-06T11:50:37+00:00,eur_triangle,Kraken:ETH:EUR-USDT-ETH-EUR,ETH,EUR->USDT->ETH->EUR,Kraken,0.766410,-247.336957,NO,"{""extra_buffer_bps"":10.0,""fee_bps_per_leg_assumption"":80.0,""note"":""Top-of-book paper cycle. Exact Kraken fee tier and available size must be validated.""}"
2026-09-06T11:50:37+00:00,eur_triangle,Kraken:ETH:EUR-ETH-USDT-EUR,ETH,EUR->ETH->USDT->EUR,Kraken,-2.252945,-250.284426,NO,"{""extra_buffer_bps"":10.0,""fee_bps_per_leg_assumption"":80.0,""note"":""Top-of-book paper cycle. Exact Kraken fee tier and available size must be validated.""}"
2026-09-06T11:50:37+00:00,eur_triangle,Coinbase:SOL:EUR-USDT-SOL-EUR,SOL,EUR->USDT->SOL->EUR,Coinbase,-1.861388,-190.750244,NO,"{""extra_buffer_bps"":10.0,""fee_bps_per_leg_assumption"":60.0,""note"":""Top-of-book paper cycle. Exact Coinbase fee tier and available size must be validated.""}"
2026-09-06T11:50:37+00:00,eur_triangle,Coinbase:SOL:EUR-SOL-USDT-EUR,SOL,EUR->SOL->USDT->EUR,Coinbase,-2.658497,-191.533090,NO,"{""extra_buffer_bps"":10.0,""fee_bps_per_leg_assumption"":60.0,""note"":""Top-of-book paper cycle. Exact Coinbase fee tier and available size must be validated.""}"
2026-09-06T11:50:37+00:00,eur_triangle,Kraken:SOL:EUR-USDT-SOL-EUR,SOL,EUR->USDT->SOL->EUR,Kraken,-3.495836,-251.497725,NO,"{""extra_buffer_bps"":10.0,""fee_bps_per_leg_assumption"":80.0,""note"":""Top-of-book paper cycle. Exact Kraken fee tier and available size must be validated.""}"
2026-09-06T11:50:37+00:00,eur_triangle,Kraken:SOL:EUR-SOL-USDT-EUR,SOL,EUR->SOL->USDT->EUR,Kraken,0.307768,-247.784680,NO,"{""extra_buffer_bps"":10.0,""fee_bps_per_leg_assumption"":80.0,""note"":""Top-of-book paper cycle. Exact Kraken fee tier and available size must be validated.""}"
2026-09-06T11:50:37+00:00,stable_eur_dislocation,Coinbase:USDC-EUR-USDT,USDC/USDT,USDC->EUR->USDT,Coinbase,-1.624997,-31.624997,NO,"{""buffer_bps"":30.0,""note"":""Two-leg stablecoin conversion via EUR; issuer, venue and fee risks remain."",""usdc_eur"":{""ask"":0.8615,""bid"":0.8614,""last"":0.8615},""usdt_eur"":{""ask"":0.86154,""bid"":0.8615,""last"":0.8615}}"
2026-09-06T11:50:37+00:00,stable_eur_dislocation,Coinbase:USDT-EUR-USDC,USDT/USDC,USDT->EUR->USDC,Coinbase,0.000000,-30.000000,NO,"{""buffer_bps"":30.0,""note"":""Two-leg stablecoin conversion via EUR; issuer, venue and fee risks remain."",""usdc_eur"":{""ask"":0.8615,""bid"":0.8614,""last"":0.8615},""usdt_eur"":{""ask"":0.86154,""bid"":0.8615,""last"":0.8615}}"
2026-09-06T11:50:37+00:00,stable_eur_dislocation,Kraken:USDC-EUR-USDT,USDC/USDT,USDC->EUR->USDT,Kraken,-2.321263,-52.321263,NO,"{""buffer_bps"":50.0,""note"":""Two-leg stablecoin conversion via EUR; issuer, venue and fee risks remain."",""usdc_eur"":{""ask"":0.8615,""bid"":0.8614,""last"":0.8615},""usdt_eur"":{""ask"":0.8616,""bid"":0.8615,""last"":0.8615}}"
2026-09-06T11:50:37+00:00,stable_eur_dislocation,Kraken:USDT-EUR-USDC,USDT/USDC,USDT->EUR->USDC,Kraken,0.000000,-50.000000,NO,"{""buffer_bps"":50.0,""note"":""Two-leg stablecoin conversion via EUR; issuer, venue and fee risks remain."",""usdc_eur"":{""ask"":0.8615,""bid"":0.8614,""last"":0.8615},""usdt_eur"":{""ask"":0.8616,""bid"":0.8615,""last"":0.8615}}"
2026-09-06T13:37:20+00:00,eu_cross_spot,BTC:buy Coinbase / sell Kraken,BTC,buy Coinbase / sell Kraken,Coinbase<->Kraken,-0.914643,-150.914643,NO,"{""buffer_bps"":150.0,""buy_ask"":68769.99,""coinbase_taker_bps"":60.0,""kraken_taker_bps"":80.0,""note"":""Assumes prefunded balances on both venues; rebalancing and account-specific fees can erase the edge."",""sell_bid"":68763.7}"
2026-09-06T13:37:20+00:00,eu_cross_spot,BTC:buy Kraken / sell Coinbase,BTC,buy Kraken / sell Coinbase,Coinbase<->Kraken,0.072713,-149.927287,NO,"{""buffer_bps"":150.0,""buy_ask"":68763.8,""coinbase_taker_bps"":60.0,""kraken_taker_bps"":80.0,""note"":""Assumes prefunded balances on both venues; rebalancing and account-specific fees can erase the edge."",""sell_bid"":68764.3}"
2026-09-06T13:37:20+00:00,eu_cross_spot,ETH:buy Coinbase / sell Kraken,ETH,buy Coinbase / sell Kraken,Coinbase<->Kraken,-1.583627,-151.583627,NO,"{""buffer_bps"":150.0,""buy_ask"":2146.97,""coinbase_taker_bps"":60.0,""kraken_taker_bps"":80.0,""note"":""Assumes prefunded balances on both venues; rebalancing and account-specific fees can erase the edge."",""sell_bid"":2146.63}"
2026-09-06T13:37:20+00:00,eu_cross_spot,ETH:buy Kraken / sell Coinbase,ETH,buy Kraken / sell Coinbase,Coinbase<->Kraken,-0.232922,-150.232922,NO,"{""buffer_bps"":150.0,""buy_ask"":2146.64,""coinbase_taker_bps"":60.0,""kraken_taker_bps"":80.0,""note"":""Assumes prefunded balances on both venues; rebalancing and account-specific fees can erase the edge."",""sell_bid"":2146.59}"
2026-09-06T13:37:20+00:00,eu_cross_spot,SOL:buy Coinbase / sell Kraken,SOL,buy Coinbase / sell Kraken,Coinbase<->Kraken,-1.093255,-151.093255,NO,"{""buffer_bps"":150.0,""buy_ask"":91.47,""coinbase_taker_bps"":60.0,""kraken_taker_bps"":80.0,""note"":""Assumes prefunded balances on both venues; rebalancing and account-specific fees can erase the edge."",""sell_bid"":91.46}"
2026-09-06T13:37:20+00:00,eu_cross_spot,SOL:buy Kraken / sell Coinbase,SOL,buy Kraken / sell Coinbase,Coinbase<->Kraken,-1.093255,-151.093255,NO,"{""buffer_bps"":150.0,""buy_ask"":91.47,""coinbase_taker_bps"":60.0,""kraken_taker_bps"":80.0,""note"":""Assumes prefunded balances on both venues; rebalancing and account-specific fees can erase the edge."",""sell_bid"":91.46}"
2026-09-06T13:37:20+00:00,eur_triangle,Coinbase:BTC:EUR-USDT-BTC-EUR,BTC,EUR->USDT->BTC->EUR,Coinbase,-1.012634,-189.916676,NO,"{""extra_buffer_bps"":10.0,""fee_bps_per_leg_assumption"":60.0,""note"":""Top-of-book paper cycle. Exact Coinbase fee tier and available size must be validated.""}"
2026-09-06T13:37:20+00:00,eur_triangle,Coinbase:BTC:EUR-BTC-USDT-EUR,BTC,EUR->BTC->USDT->EUR,Coinbase,-3.129426,-191.995593,NO,"{""extra_buffer_bps"":10.0,""fee_bps_per_leg_assumption"":60.0,""note"":""Top-of-book paper cycle. Exact Coinbase fee tier and available size must be validated.""}"
2026-09-06T13:37:20+00:00,eur_triangle,Kraken:BTC:EUR-USDT-BTC-EUR,BTC,EUR->USDT->BTC->EUR,Kraken,0.551992,-247.546270,NO,"{""extra_buffer_bps"":10.0,""fee_bps_per_leg_assumption"":80.0,""note"":""Top-of-book paper cycle. Exact Kraken fee tier and available size must be validated.""}"
2026-09-06T13:37:20+00:00,eur_triangle,Kraken:BTC:EUR-BTC-USDT-EUR,BTC,EUR->BTC->USDT->EUR,Kraken,-1.739997,-249.783690,NO,"{""extra_buffer_bps"":10.0,""fee_bps_per_leg_assumption"":80.0,""note"":""Top-of-book paper cycle. Exact Kraken fee tier and available size must be validated.""}"
2026-09-06T13:37:20+00:00,eur_triangle,Coinbase:ETH:EUR-USDT-ETH-EUR,ETH,EUR->USDT->ETH->EUR,Coinbase,-1.667567,-190.559890,NO,"{""extra_buffer_bps"":10.0,""fee_bps_per_leg_assumption"":60.0,""note"":""Top-of-book paper cycle. Exact Coinbase fee tier and available size must be validated.""}"
2026-09-06T13:37:20+00:00,eur_triangle,Coinbase:ETH:EUR-ETH-USDT-EUR,ETH,EUR->ETH->USDT->EUR,Coinbase,-1.622523,-190.515652,NO,"{""extra_buffer_bps"":10.0,""fee_bps_per_leg_assumption"":60.0,""note"":""Top-of-book paper cycle. Exact Coinbase fee tier and available size must be validated.""}"
2026-09-06T13:37:20+00:00,eur_triangle,Kraken:ETH:EUR-USDT-ETH-EUR,ETH,EUR->USDT->ETH->EUR,Kraken,-1.468524,-249.518680,NO,"{""extra_buffer_bps"":10.0,""fee_bps_per_leg_assumption"":80.0,""note"":""Top-of-book paper cycle. Exact Kraken fee tier and available size must be validated.""}"
2026-09-06T13:37:20+00:00,eur_triangle,Kraken:ETH:EUR-ETH-USDT-EUR,ETH,EUR->ETH->USDT->EUR,Kraken,-0.019882,-248.104529,NO,"{""extra_buffer_bps"":10.0,""fee_bps_per_leg_assumption"":80.0,""note"":""Top-of-book paper cycle. Exact Kraken fee tier and available size must be validated.""}"
2026-09-06T13:37:20+00:00,eur_triangle,Coinbase:SOL:EUR-USDT-SOL-EUR,SOL,EUR->USDT->SOL->EUR,Coinbase,-2.634272,-191.509299,NO,"{""extra_buffer_bps"":10.0,""fee_bps_per_leg_assumption"":60.0,""note"":""Top-of-book paper cycle. Exact Coinbase fee tier and available size must be validated.""}"
2026-09-06T13:37:20+00:00,eur_triangle,Coinbase:SOL:EUR-SOL-USDT-EUR,SOL,EUR->SOL->USDT->EUR,Coinbase,-0.457855,-189.371823,NO,"{""extra_buffer_bps"":10.0,""fee_bps_per_leg_assumption"":60.0,""note"":""Top-of-book paper cycle. Exact Coinbase fee tier and available size must be validated.""}"
2026-09-06T13:37:20+00:00,eur_triangle,Kraken:SOL:EUR-USDT-SOL-EUR,SOL,EUR->USDT->SOL->EUR,Kraken,-2.041241,-250.077762,NO,"{""extra_buffer_bps"":10.0,""fee_bps_per_leg_assumption"":80.0,""note"":""Top-of-book paper cycle. Exact Kraken fee tier and available size must be validated.""}"
2026-09-06T13:37:20+00:00,eur_triangle,Kraken:SOL:EUR-SOL-USDT-EUR,SOL,EUR->SOL->USDT->EUR,Kraken,-1.154477,-249.212111,NO,"{""extra_buffer_bps"":10.0,""fee_bps_per_leg_assumption"":80.0,""note"":""Top-of-book paper cycle. Exact Kraken fee tier and available size must be validated.""}"
2026-09-06T13:37:20+00:00,stable_eur_dislocation,Coinbase:USDC-EUR-USDT,USDC/USDT,USDC->EUR->USDT,Coinbase,-0.812753,-30.812753,NO,"{""buffer_bps"":30.0,""note"":""Two-leg stablecoin conversion via EUR; issuer, venue and fee risks remain."",""usdc_eur"":{""ask"":0.8613,""bid"":0.8612,""last"":0.8613},""usdt_eur"":{""ask"":0.86127,""bid"":0.86126,""last"":0.86127}}"
2026-09-06T13:37:20+00:00,stable_eur_dislocation,Coinbase:USDT-EUR-USDC,USDT/USDC,USDT->EUR->USDC,Coinbase,-0.464414,-30.464414,NO,"{""buffer_bps"":30.0,""note"":""Two-leg stablecoin conversion via EUR; issuer, venue and fee risks remain."",""usdc_eur"":{""ask"":0.8613,""bid"":0.8612,""last"":0.8613},""usdt_eur"":{""ask"":0.86127,""bid"":0.86126,""last"":0.86127}}"
2026-09-06T13:37:20+00:00,stable_eur_dislocation,Kraken:USDC-EUR-USDT,USDC/USDT,USDC->EUR->USDT,Kraken,-1.161036,-51.161036,NO,"{""buffer_bps"":50.0,""note"":""Two-leg stablecoin conversion via EUR; issuer, venue and fee risks remain."",""usdc_eur"":{""ask"":0.8613,""bid"":0.8612,""last"":0.8613},""usdt_eur"":{""ask"":0.8613,""bid"":0.8612,""last"":0.8612}}"
2026-09-06T13:37:20+00:00,stable_eur_dislocation,Kraken:USDT-EUR-USDC,USDT/USDC,USDT->EUR->USDC,Kraken,-1.161036,-51.161036,NO,"{""buffer_bps"":50.0,""note"":""Two-leg stablecoin conversion via EUR; issuer, venue and fee risks remain."",""usdc_eur"":{""ask"":0.8613,""bid"":0.8612,""last"":0.8613},""usdt_eur"":{""ask"":0.8613,""bid"":0.8612,""last"":0.8612}}"
2026-09-06T14:12:44+00:00,eu_cross_spot,BTC:buy Coinbase / sell Kraken,BTC,buy Coinbase / sell Kraken,Coinbase<->Kraken,0.394481,-149.605519,NO,"{""buffer_bps"":150.0,""buy_ask"":68697.79,""coinbase_taker_bps"":60.0,""kraken_taker_bps"":80.0,""note"":""Assumes prefunded balances on both venues; rebalancing and account-specific fees can erase the edge."",""sell_bid"":68700.5}"
2026-09-06T14:12:44+00:00,eu_cross_spot,BTC:buy Kraken / sell Coinbase,BTC,buy Kraken / sell Coinbase,Coinbase<->Kraken,-0.730706,-150.730706,NO,"{""buffer_bps"":150.0,""buy_ask"":68700.7,""coinbase_taker_bps"":60.0,""kraken_taker_bps"":80.0,""note"":""Assumes prefunded balances on both venues; rebalancing and account-specific fees can erase the edge."",""sell_bid"":68695.68}"
2026-09-06T14:12:44+00:00,eu_cross_spot,ETH:buy Coinbase / sell Kraken,ETH,buy Coinbase / sell Kraken,Coinbase<->Kraken,-0.186592,-150.186592,NO,"{""buffer_bps"":150.0,""buy_ask"":2143.72,""coinbase_taker_bps"":60.0,""kraken_taker_bps"":80.0,""note"":""Assumes prefunded balances on both venues; rebalancing and account-specific fees can erase the edge."",""sell_bid"":2143.68}"
2026-09-06T14:12:44+00:00,eu_cross_spot,ETH:buy Kraken / sell Coinbase,ETH,buy Kraken / sell Coinbase,Coinbase<->Kraken,-1.212862,-151.212862,NO,"{""buffer_bps"":150.0,""buy_ask"":2143.69,""coinbase_taker_bps"":60.0,""kraken_taker_bps"":80.0,""note"":""Assumes prefunded balances on both venues; rebalancing and account-specific fees can erase the edge."",""sell_bid"":2143.43}"
2026-09-06T14:12:44+00:00,eu_cross_spot,SOL:buy Coinbase / sell Kraken,SOL,buy Coinbase / sell Kraken,Coinbase<->Kraken,-2.178649,-152.178649,NO,"{""buffer_bps"":150.0,""buy_ask"":91.8,""coinbase_taker_bps"":60.0,""kraken_taker_bps"":80.0,""note"":""Assumes prefunded balances on both venues; rebalancing and account-specific fees can erase the edge."",""sell_bid"":91.78}"
2026-09-06T14:12:44+00:00,eu_cross_spot,SOL:buy Kraken / sell Coinbase,SOL,buy Kraken / sell Coinbase,Coinbase<->Kraken,-1.089443,-151.089443,NO,"{""buffer_bps"":150.0,""buy_ask"":91.79,""coinbase_taker_bps"":60.0,""kraken_taker_bps"":80.0,""note"":""Assumes prefunded balances on both venues; rebalancing and account-specific fees can erase the edge."",""sell_bid"":91.78}"
2026-09-06T14:12:44+00:00,eur_triangle,Coinbase:BTC:EUR-USDT-BTC-EUR,BTC,EUR->USDT->BTC->EUR,Coinbase,-0.936111,-189.841522,NO,"{""extra_buffer_bps"":10.0,""fee_bps_per_leg_assumption"":60.0,""note"":""Top-of-book paper cycle. Exact Coinbase fee tier and available size must be validated.""}"
2026-09-06T14:12:44+00:00,eur_triangle,Coinbase:BTC:EUR-BTC-USDT-EUR,BTC,EUR->BTC->USDT->EUR,Coinbase,-1.858642,-190.747547,NO,"{""extra_buffer_bps"":10.0,""fee_bps_per_leg_assumption"":60.0,""note"":""Top-of-book paper cycle. Exact Coinbase fee tier and available size must be validated.""}"
2026-09-06T14:12:44+00:00,eur_triangle,Kraken:BTC:EUR-USDT-BTC-EUR,BTC,EUR->USDT->BTC->EUR,Kraken,-0.522861,-248.595533,NO,"{""extra_buffer_bps"":10.0,""fee_bps_per_leg_assumption"":80.0,""note"":""Top-of-book paper cycle. Exact Kraken fee tier and available size must be validated.""}"
2026-09-06T14:12:44+00:00,eur_triangle,Kraken:BTC:EUR-BTC-USDT-EUR,BTC,EUR->BTC->USDT->EUR,Kraken,-0.993242,-249.054714,NO,"{""extra_buffer_bps"":10.0,""fee_bps_per_leg_assumption"":80.0,""note"":""Top-of-book paper cycle. Exact Kraken fee tier and available size must be validated.""}"
2026-09-06T14:12:44+00:00,eur_triangle,Coinbase:ETH:EUR-USDT-ETH-EUR,ETH,EUR->USDT->ETH->EUR,Coinbase,-0.326961,-189.243271,NO,"{""extra_buffer_bps"":10.0,""fee_bps_per_leg_assumption"":60.0,""note"":""Top-of-book paper cycle. Exact Coinbase fee tier and available size must be validated.""}"
2026-09-06T14:12:44+00:00,eur_triangle,Coinbase:ETH:EUR-ETH-USDT-EUR,ETH,EUR->ETH->USDT->EUR,Coinbase,-4.190958,-193.038132,NO,"{""extra_buffer_bps"":10.0,""fee_bps_per_leg_assumption"":60.0,""note"":""Top-of-book paper cycle. Exact Coinbase fee tier and available size must be validated.""}"
2026-09-06T14:12:44+00:00,eur_triangle,Kraken:ETH:EUR-USDT-ETH-EUR,ETH,EUR->USDT->ETH->EUR,Kraken,0.196432,-247.893364,NO,"{""extra_buffer_bps"":10.0,""fee_bps_per_leg_assumption"":80.0,""note"":""Top-of-book paper cycle. Exact Kraken fee tier and available size must be validated.""}"
2026-09-06T14:12:44+00:00,eur_triangle,Kraken:ETH:EUR-ETH-USDT-EUR,ETH,EUR->ETH->USDT->EUR,Kraken,-1.845995,-249.887164,NO,"{""extra_buffer_bps"":10.0,""fee_bps_per_leg_assumption"":80.0,""note"":""Top-of-book paper cycle. Exact Kraken fee tier and available size must be validated.""}"
2026-09-06T14:12:44+00:00,eur_triangle,Coinbase:SOL:EUR-USDT-SOL-EUR,SOL,EUR->USDT->SOL->EUR,Coinbase,-0.013946,-188.935857,NO,"{""extra_buffer_bps"":10.0,""fee_bps_per_leg_assumption"":60.0,""note"":""Top-of-book paper cycle. Exact Coinbase fee tier and available size must be validated.""}"
2026-09-06T14:12:44+00:00,eur_triangle,Coinbase:SOL:EUR-SOL-USDT-EUR,SOL,EUR->SOL->USDT->EUR,Coinbase,-4.273290,-193.118991,NO,"{""extra_buffer_bps"":10.0,""fee_bps_per_leg_assumption"":60.0,""note"":""Top-of-book paper cycle. Exact Coinbase fee tier and available size must be validated.""}"
2026-09-06T14:12:44+00:00,eur_triangle,Kraken:SOL:EUR-USDT-SOL-EUR,SOL,EUR->USDT->SOL->EUR,Kraken,-0.952295,-249.014743,NO,"{""extra_buffer_bps"":10.0,""fee_bps_per_leg_assumption"":80.0,""note"":""Top-of-book paper cycle. Exact Kraken fee tier and available size must be validated.""}"
2026-09-06T14:12:44+00:00,eur_triangle,Kraken:SOL:EUR-SOL-USDT-EUR,SOL,EUR->SOL->USDT->EUR,Kraken,-2.236409,-250.268284,NO,"{""extra_buffer_bps"":10.0,""fee_bps_per_leg_assumption"":80.0,""note"":""Top-of-book paper cycle. Exact Kraken fee tier and available size must be validated.""}"
2026-09-06T14:12:44+00:00,stable_eur_dislocation,Coinbase:USDC-EUR-USDT,USDC/USDT,USDC->EUR->USDT,Coinbase,-1.161036,-31.161036,NO,"{""buffer_bps"":30.0,""note"":""Two-leg stablecoin conversion via EUR; issuer, venue and fee risks remain."",""usdc_eur"":{""ask"":0.8613,""bid"":0.8612,""last"":0.8612},""usdt_eur"":{""ask"":0.8613,""bid"":0.86128,""last"":0.8613}}"
2026-09-06T14:12:44+00:00,stable_eur_dislocation,Coinbase:USDT-EUR-USDC,USDT/USDC,USDT->EUR->USDC,Coinbase,-0.232207,-30.232207,NO,"{""buffer_bps"":30.0,""note"":""Two-leg stablecoin conversion via EUR; issuer, venue and fee risks remain."",""usdc_eur"":{""ask"":0.8613,""bid"":0.8612,""last"":0.8612},""usdt_eur"":{""ask"":0.8613,""bid"":0.86128,""last"":0.8613}}"
2026-09-06T14:12:44+00:00,stable_eur_dislocation,Kraken:USDC-EUR-USDT,USDC/USDT,USDC->EUR->USDT,Kraken,-1.161036,-51.161036,NO,"{""buffer_bps"":50.0,""note"":""Two-leg stablecoin conversion via EUR; issuer, venue and fee risks remain."",""usdc_eur"":{""ask"":0.8613,""bid"":0.8612,""last"":0.8613},""usdt_eur"":{""ask"":0.8613,""bid"":0.8612,""last"":0.8613}}"
2026-09-06T14:12:44+00:00,stable_eur_dislocation,Kraken:USDT-EUR-USDC,USDT/USDC,USDT->EUR->USDC,Kraken,-1.161036,-51.161036,NO,"{""buffer_bps"":50.0,""note"":""Two-leg stablecoin conversion via EUR; issuer, venue and fee risks remain."",""usdc_eur"":{""ask"":0.8613,""bid"":0.8612,""last"":0.8613},""usdt_eur"":{""ask"":0.8613,""bid"":0.8612,""last"":0.8613}}"
2026-09-06T14:19:46+00:00,eu_cross_spot,BTC:buy Coinbase / sell Kraken,BTC,buy Coinbase / sell Kraken,Coinbase<->Kraken,3.958421,-146.041579,NO,"{""buffer_bps"":150.0,""buy_ask"":68689.01,""coinbase_taker_bps"":60.0,""kraken_taker_bps"":80.0,""note"":""Assumes prefunded balances on both venues; rebalancing and account-specific fees can erase the edge."",""sell_bid"":68716.2}"
2026-09-06T14:19:46+00:00,eu_cross_spot,BTC:buy Kraken / sell Coinbase,BTC,buy Kraken / sell Coinbase,Coinbase<->Kraken,-5.094861,-155.094861,NO,"{""buffer_bps"":150.0,""buy_ask"":68716.3,""coinbase_taker_bps"":60.0,""kraken_taker_bps"":80.0,""note"":""Assumes prefunded balances on both venues; rebalancing and account-specific fees can erase the edge."",""sell_bid"":68681.29}"
2026-09-06T14:19:46+00:00,eu_cross_spot,ETH:buy Coinbase / sell Kraken,ETH,buy Coinbase / sell Kraken,Coinbase<->Kraken,-1.634407,-151.634407,NO,"{""buffer_bps"":150.0,""buy_ask"":2141.45,""coinbase_taker_bps"":60.0,""kraken_taker_bps"":80.0,""note"":""Assumes prefunded balances on both venues; rebalancing and account-specific fees can erase the edge."",""sell_bid"":2141.1}"
2026-09-06T14:19:46+00:00,eu_cross_spot,ETH:buy Kraken / sell Coinbase,ETH,buy Kraken / sell Coinbase,Coinbase<->Kraken,-0.934091,-150.934091,NO,"{""buffer_bps"":150.0,""buy_ask"":2141.12,""coinbase_taker_bps"":60.0,""kraken_taker_bps"":80.0,""note"":""Assumes prefunded balances on both venues; rebalancing and account-specific fees can erase the edge."",""sell_bid"":2140.92}"
2026-09-06T14:19:46+00:00,eu_cross_spot,SOL:buy Coinbase / sell Kraken,SOL,buy Coinbase / sell Kraken,Coinbase<->Kraken,-2.185076,-152.185076,NO,"{""buffer_bps"":150.0,""buy_ask"":91.53,""coinbase_taker_bps"":60.0,""kraken_taker_bps"":80.0,""note"":""Assumes prefunded balances on both venues; rebalancing and account-specific fees can erase the edge."",""sell_bid"":91.51}"
2026-09-06T14:19:46+00:00,eu_cross_spot,SOL:buy Kraken / sell Coinbase,SOL,buy Kraken / sell Coinbase,Coinbase<->Kraken,-1.092657,-151.092657,NO,"{""buffer_bps"":150.0,""buy_ask"":91.52,""coinbase_taker_bps"":60.0,""kraken_taker_bps"":80.0,""note"":""Assumes prefunded balances on both venues; rebalancing and account-specific fees can erase the edge."",""sell_bid"":91.51}"
2026-09-06T14:19:46+00:00,eur_triangle,Coinbase:BTC:EUR-USDT-BTC-EUR,BTC,EUR->USDT->BTC->EUR,Coinbase,-0.690639,-189.600442,NO,"{""extra_buffer_bps"":10.0,""fee_bps_per_leg_assumption"":60.0,""note"":""Top-of-book paper cycle. Exact Coinbase fee tier and available size must be validated.""}"
2026-09-06T14:19:46+00:00,eur_triangle,Coinbase:BTC:EUR-BTC-USDT-EUR,BTC,EUR->BTC->USDT->EUR,Coinbase,-2.742010,-191.615109,NO,"{""extra_buffer_bps"":10.0,""fee_bps_per_leg_assumption"":60.0,""note"":""Top-of-book paper cycle. Exact Coinbase fee tier and available size must be validated.""}"
2026-09-06T14:19:46+00:00,eur_triangle,Kraken:BTC:EUR-USDT-BTC-EUR,BTC,EUR->USDT->BTC->EUR,Kraken,-1.617383,-249.663996,NO,"{""extra_buffer_bps"":10.0,""fee_bps_per_leg_assumption"":80.0,""note"":""Top-of-book paper cycle. Exact Kraken fee tier and available size must be validated.""}"
2026-09-06T14:19:46+00:00,eur_triangle,Kraken:BTC:EUR-BTC-USDT-EUR,BTC,EUR->BTC->USDT->EUR,Kraken,0.429469,-247.665876,NO,"{""extra_buffer_bps"":10.0,""fee_bps_per_leg_assumption"":80.0,""note"":""Top-of-book paper cycle. Exact Kraken fee tier and available size must be validated.""}"
2026-09-06T14:19:46+00:00,eur_triangle,Coinbase:ETH:EUR-USDT-ETH-EUR,ETH,EUR->USDT->ETH->EUR,Coinbase,-2.256531,-191.138316,NO,"{""extra_buffer_bps"":10.0,""fee_bps_per_leg_assumption"":60.0,""note"":""Top-of-book paper cycle. Exact Coinbase fee tier and available size must be validated.""}"
2026-09-06T14:19:46+00:00,eur_triangle,Coinbase:ETH:EUR-ETH-USDT-EUR,ETH,EUR->ETH->USDT->EUR,Coinbase,-3.507491,-192.366894,NO,"{""extra_buffer_bps"":10.0,""fee_bps_per_leg_assumption"":60.0,""note"":""Top-of-book paper cycle. Exact Coinbase fee tier and available size must be validated.""}"
2026-09-06T14:19:46+00:00,eur_triangle,Kraken:ETH:EUR-USDT-ETH-EUR,ETH,EUR->USDT->ETH->EUR,Kraken,-2.635165,-250.657546,NO,"{""extra_buffer_bps"":10.0,""fee_bps_per_leg_assumption"":80.0,""note"":""Top-of-book paper cycle. Exact Kraken fee tier and available size must be validated.""}"
2026-09-06T14:19:46+00:00,eur_triangle,Kraken:ETH:EUR-ETH-USDT-EUR,ETH,EUR->ETH->USDT->EUR,Kraken,1.341004,-246.776044,NO,"{""extra_buffer_bps"":10.0,""fee_bps_per_leg_assumption"":80.0,""note"":""Top-of-book paper cycle. Exact Kraken fee tier and available size must be validated.""}"
2026-09-06T14:19:46+00:00,eur_triangle,Coinbase:SOL:EUR-USDT-SOL-EUR,SOL,EUR->USDT->SOL->EUR,Coinbase,-3.628363,-192.485603,NO,"{""extra_buffer_bps"":10.0,""fee_bps_per_leg_assumption"":60.0,""note"":""Top-of-book paper cycle. Exact Coinbase fee tier and available size must be validated.""}"
2026-09-06T14:19:46+00:00,eur_triangle,Coinbase:SOL:EUR-SOL-USDT-EUR,SOL,EUR->SOL->USDT->EUR,Coinbase,-0.670469,-189.580633,NO,"{""extra_buffer_bps"":10.0,""fee_bps_per_leg_assumption"":60.0,""note"":""Top-of-book paper cycle. Exact Coinbase fee tier and available size must be validated.""}"
2026-09-06T14:19:46+00:00,eur_triangle,Kraken:SOL:EUR-USDT-SOL-EUR,SOL,EUR->USDT->SOL->EUR,Kraken,-2.443289,-250.470238,NO,"{""extra_buffer_bps"":10.0,""fee_bps_per_leg_assumption"":80.0,""note"":""Top-of-book paper cycle. Exact Kraken fee tier and available size must be validated.""}"
2026-09-06T14:19:46+00:00,eur_triangle,Kraken:SOL:EUR-SOL-USDT-EUR,SOL,EUR->SOL->USDT->EUR,Kraken,-0.751202,-248.818437,NO,"{""extra_buffer_bps"":10.0,""fee_bps_per_leg_assumption"":80.0,""note"":""Top-of-book paper cycle. Exact Kraken fee tier and available size must be validated.""}"
2026-09-06T14:19:46+00:00,stable_eur_dislocation,Coinbase:USDC-EUR-USDT,USDC/USDT,USDC->EUR->USDT,Coinbase,-0.464393,-30.464393,NO,"{""buffer_bps"":30.0,""note"":""Two-leg stablecoin conversion via EUR; issuer, venue and fee risks remain."",""usdc_eur"":{""ask"":0.8614,""bid"":0.8613,""last"":0.8614},""usdt_eur"":{""ask"":0.86134,""bid"":0.86132,""last"":0.86136}}"
2026-09-06T14:19:46+00:00,stable_eur_dislocation,Coinbase:USDT-EUR-USDC,USDT/USDC,USDT->EUR->USDC,Coinbase,-0.928721,-30.928721,NO,"{""buffer_bps"":30.0,""note"":""Two-leg stablecoin conversion via EUR; issuer, venue and fee risks remain."",""usdc_eur"":{""ask"":0.8614,""bid"":0.8613,""last"":0.8614},""usdt_eur"":{""ask"":0.86134,""bid"":0.86132,""last"":0.86136}}"
2026-09-06T14:19:46+00:00,stable_eur_dislocation,Kraken:USDC-EUR-USDT,USDC/USDT,USDC->EUR->USDT,Kraken,-1.160901,-51.160901,NO,"{""buffer_bps"":50.0,""note"":""Two-leg stablecoin conversion via EUR; issuer, venue and fee risks remain."",""usdc_eur"":{""ask"":0.8614,""bid"":0.8613,""last"":0.8614},""usdt_eur"":{""ask"":0.8614,""bid"":0.8613,""last"":0.8614}}"
2026-09-06T14:19:46+00:00,stable_eur_dislocation,Kraken:USDT-EUR-USDC,USDT/USDC,USDT->EUR->USDC,Kraken,-1.160901,-51.160901,NO,"{""buffer_bps"":50.0,""note"":""Two-leg stablecoin conversion via EUR; issuer, venue and fee risks remain."",""usdc_eur"":{""ask"":0.8614,""bid"":0.8613,""last"":0.8614},""usdt_eur"":{""ask"":0.8614,""bid"":0.8613,""last"":0.8614}}"
2026-09-06T14:52:34+00:00,eu_cross_spot,BTC:buy Coinbase / sell Kraken,BTC,buy Coinbase / sell Kraken,Coinbase<->Kraken,-1.667547,-151.667547,NO,"{""buffer_bps"":150.0,""buy_ask"":68663.75,""coinbase_taker_bps"":60.0,""kraken_taker_bps"":80.0,""note"":""Assumes prefunded balances on both venues; rebalancing and account-specific fees can erase the edge."",""sell_bid"":68652.3}"
2026-09-06T14:52:34+00:00,eu_cross_spot,BTC:buy Kraken / sell Coinbase,BTC,buy Kraken / sell Coinbase,Coinbase<->Kraken,0.654019,-149.345981,NO,"{""buffer_bps"":150.0,""buy_ask"":68652.4,""coinbase_taker_bps"":60.0,""kraken_taker_bps"":80.0,""note"":""Assumes prefunded balances on both venues; rebalancing and account-specific fees can erase the edge."",""sell_bid"":68656.89}"
2026-09-06T14:52:34+00:00,eu_cross_spot,ETH:buy Coinbase / sell Kraken,ETH,buy Coinbase / sell Kraken,Coinbase<->Kraken,-2.615527,-152.615527,NO,"{""buffer_bps"":150.0,""buy_ask"":2141.06,""coinbase_taker_bps"":60.0,""kraken_taker_bps"":80.0,""note"":""Assumes prefunded balances on both venues; rebalancing and account-specific fees can erase the edge."",""sell_bid"":2140.5}"
2026-09-06T14:52:34+00:00,eu_cross_spot,ETH:buy Kraken / sell Coinbase,ETH,buy Kraken / sell Coinbase,Coinbase<->Kraken,0.934357,-149.065643,NO,"{""buffer_bps"":150.0,""buy_ask"":2140.51,""coinbase_taker_bps"":60.0,""kraken_taker_bps"":80.0,""note"":""Assumes prefunded balances on both venues; rebalancing and account-specific fees can erase the edge."",""sell_bid"":2140.71}"
2026-09-06T14:52:34+00:00,eu_cross_spot,SOL:buy Coinbase / sell Kraken,SOL,buy Coinbase / sell Kraken,Coinbase<->Kraken,-2.187944,-152.187944,NO,"{""buffer_bps"":150.0,""buy_ask"":91.41,""coinbase_taker_bps"":60.0,""kraken_taker_bps"":80.0,""note"":""Assumes prefunded balances on both venues; rebalancing and account-specific fees can erase the edge."",""sell_bid"":91.39}"
2026-09-06T14:52:34+00:00,eu_cross_spot,SOL:buy Kraken / sell Coinbase,SOL,buy Kraken / sell Coinbase,Coinbase<->Kraken,-1.094092,-151.094092,NO,"{""buffer_bps"":150.0,""buy_ask"":91.4,""coinbase_taker_bps"":60.0,""kraken_taker_bps"":80.0,""note"":""Assumes prefunded balances on both venues; rebalancing and account-specific fees can erase the edge."",""sell_bid"":91.39}"
2026-09-06T14:52:34+00:00,eur_triangle,Coinbase:BTC:EUR-USDT-BTC-EUR,BTC,EUR->USDT->BTC->EUR,Coinbase,-2.032002,-190.917805,NO,"{""extra_buffer_bps"":10.0,""fee_bps_per_leg_assumption"":60.0,""note"":""Top-of-book paper cycle. Exact Coinbase fee tier and available size must be validated.""}"
2026-09-06T14:52:34+00:00,eur_triangle,Coinbase:BTC:EUR-BTC-USDT-EUR,BTC,EUR->BTC->USDT->EUR,Coinbase,-1.489858,-190.385362,NO,"{""extra_buffer_bps"":10.0,""fee_bps_per_leg_assumption"":60.0,""note"":""Top-of-book paper cycle. Exact Coinbase fee tier and available size must be validated.""}"
2026-09-06T14:52:34+00:00,eur_triangle,Kraken:BTC:EUR-USDT-BTC-EUR,BTC,EUR->USDT->BTC->EUR,Kraken,-0.230526,-248.310157,NO,"{""extra_buffer_bps"":10.0,""fee_bps_per_leg_assumption"":80.0,""note"":""Top-of-book paper cycle. Exact Kraken fee tier and available size must be validated.""}"
2026-09-06T14:52:34+00:00,eur_triangle,Kraken:BTC:EUR-BTC-USDT-EUR,BTC,EUR->BTC->USDT->EUR,Kraken,-0.957374,-249.019700,NO,"{""extra_buffer_bps"":10.0,""fee_bps_per_leg_assumption"":80.0,""note"":""Top-of-book paper cycle. Exact Kraken fee tier and available size must be validated.""}"
2026-09-06T14:52:34+00:00,eur_triangle,Coinbase:ETH:EUR-USDT-ETH-EUR,ETH,EUR->USDT->ETH->EUR,Coinbase,-0.858333,-189.765136,NO,"{""extra_buffer_bps"":10.0,""fee_bps_per_leg_assumption"":60.0,""note"":""Top-of-book paper cycle. Exact Coinbase fee tier and available size must be validated.""}"
2026-09-06T14:52:34+00:00,eur_triangle,Coinbase:ETH:EUR-ETH-USDT-EUR,ETH,EUR->ETH->USDT->EUR,Coinbase,-6.319390,-195.128482,NO,"{""extra_buffer_bps"":10.0,""fee_bps_per_leg_assumption"":60.0,""note"":""Top-of-book paper cycle. Exact Coinbase fee tier and available size must be validated.""}"
2026-09-06T14:52:34+00:00,eur_triangle,Kraken:ETH:EUR-USDT-ETH-EUR,ETH,EUR->USDT->ETH->EUR,Kraken,-0.765253,-248.832154,NO,"{""extra_buffer_bps"":10.0,""fee_bps_per_leg_assumption"":80.0,""note"":""Top-of-book paper cycle. Exact Kraken fee tier and available size must be validated.""}"
2026-09-06T14:52:34+00:00,eur_triangle,Kraken:ETH:EUR-ETH-USDT-EUR,ETH,EUR->ETH->USDT->EUR,Kraken,-0.562987,-248.634703,NO,"{""extra_buffer_bps"":10.0,""fee_bps_per_leg_assumption"":80.0,""note"":""Top-of-book paper cycle. Exact Kraken fee tier and available size must be validated.""}"
2026-09-06T14:52:34+00:00,eur_triangle,Coinbase:SOL:EUR-USDT-SOL-EUR,SOL,EUR->USDT->SOL->EUR,Coinbase,-2.845541,-191.716788,NO,"{""extra_buffer_bps"":10.0,""fee_bps_per_leg_assumption"":60.0,""note"":""Top-of-book paper cycle. Exact Coinbase fee tier and available size must be validated.""}"
2026-09-06T14:52:34+00:00,eur_triangle,Coinbase:SOL:EUR-SOL-USDT-EUR,SOL,EUR->SOL->USDT->EUR,Coinbase,-1.459140,-190.355193,NO,"{""extra_buffer_bps"":10.0,""fee_bps_per_leg_assumption"":60.0,""note"":""Top-of-book paper cycle. Exact Coinbase fee tier and available size must be validated.""}"
2026-09-06T14:52:34+00:00,eur_triangle,Kraken:SOL:EUR-USDT-SOL-EUR,SOL,EUR->USDT->SOL->EUR,Kraken,-1.657456,-249.703114,NO,"{""extra_buffer_bps"":10.0,""fee_bps_per_leg_assumption"":80.0,""note"":""Top-of-book paper cycle. Exact Kraken fee tier and available size must be validated.""}"
2026-09-06T14:52:34+00:00,eur_triangle,Kraken:SOL:EUR-SOL-USDT-EUR,SOL,EUR->SOL->USDT->EUR,Kraken,-1.539825,-249.588284,NO,"{""extra_buffer_bps"":10.0,""fee_bps_per_leg_assumption"":80.0,""note"":""Top-of-book paper cycle. Exact Kraken fee tier and available size must be validated.""}"
2026-09-06T14:52:34+00:00,stable_eur_dislocation,Coinbase:USDC-EUR-USDT,USDC/USDT,USDC->EUR->USDT,Coinbase,-0.464339,-30.464339,NO,"{""buffer_bps"":30.0,""note"":""Two-leg stablecoin conversion via EUR; issuer, venue and fee risks remain."",""usdc_eur"":{""ask"":0.8615,""bid"":0.8614,""last"":0.8615},""usdt_eur"":{""ask"":0.86144,""bid"":0.86142,""last"":0.86142}}"
2026-09-06T14:52:34+00:00,stable_eur_dislocation,Coinbase:USDT-EUR-USDC,USDT/USDC,USDT->EUR->USDC,Coinbase,-0.928613,-30.928613,NO,"{""buffer_bps"":30.0,""note"":""Two-leg stablecoin conversion via EUR; issuer, venue and fee risks remain."",""usdc_eur"":{""ask"":0.8615,""bid"":0.8614,""last"":0.8615},""usdt_eur"":{""ask"":0.86144,""bid"":0.86142,""last"":0.86142}}"
2026-09-06T14:52:34+00:00,stable_eur_dislocation,Kraken:USDC-EUR-USDT,USDC/USDT,USDC->EUR->USDT,Kraken,-1.160766,-51.160766,NO,"{""buffer_bps"":50.0,""note"":""Two-leg stablecoin conversion via EUR; issuer, venue and fee risks remain."",""usdc_eur"":{""ask"":0.8615,""bid"":0.8614,""last"":0.8615},""usdt_eur"":{""ask"":0.8615,""bid"":0.8614,""last"":0.8614}}"
2026-09-06T14:52:34+00:00,stable_eur_dislocation,Kraken:USDT-EUR-USDC,USDT/USDC,USDT->EUR->USDC,Kraken,-1.160766,-51.160766,NO,"{""buffer_bps"":50.0,""note"":""Two-leg stablecoin conversion via EUR; issuer, venue and fee risks remain."",""usdc_eur"":{""ask"":0.8615,""bid"":0.8614,""last"":0.8615},""usdt_eur"":{""ask"":0.8615,""bid"":0.8614,""last"":0.8614}}"
2026-09-06T15:14:59+00:00,eu_cross_spot,BTC:buy Coinbase / sell Kraken,BTC,buy Coinbase / sell Kraken,Coinbase<->Kraken,-0.447979,-150.447979,NO,"{""buffer_bps"":150.0,""buy_ask"":68529.97,""coinbase_taker_bps"":60.0,""kraken_taker_bps"":80.0,""note"":""Assumes prefunded balances on both venues; rebalancing and account-specific fees can erase the edge."",""sell_bid"":68526.9}"
2026-09-06T15:14:59+00:00,eu_cross_spot,BTC:buy Kraken / sell Coinbase,BTC,buy Kraken / sell Coinbase,Coinbase<->Kraken,-0.512207,-150.512207,NO,"{""buffer_bps"":150.0,""buy_ask"":68527.0,""coinbase_taker_bps"":60.0,""kraken_taker_bps"":80.0,""note"":""Assumes prefunded balances on both venues; rebalancing and account-specific fees can erase the edge."",""sell_bid"":68523.49}"
2026-09-06T15:14:59+00:00,eu_cross_spot,ETH:buy Coinbase / sell Kraken,ETH,buy Coinbase / sell Kraken,Coinbase<->Kraken,-0.937141,-150.937141,NO,"{""buffer_bps"":150.0,""buy_ask"":2134.15,""coinbase_taker_bps"":60.0,""kraken_taker_bps"":80.0,""note"":""Assumes prefunded balances on both venues; rebalancing and account-specific fees can erase the edge."",""sell_bid"":2133.95}"
2026-09-06T15:14:59+00:00,eu_cross_spot,ETH:buy Kraken / sell Coinbase,ETH,buy Kraken / sell Coinbase,Coinbase<->Kraken,-0.656057,-150.656057,NO,"{""buffer_bps"":150.0,""buy_ask"":2133.96,""coinbase_taker_bps"":60.0,""kraken_taker_bps"":80.0,""note"":""Assumes prefunded balances on both venues; rebalancing and account-specific fees can erase the edge."",""sell_bid"":2133.82}"
2026-09-06T15:14:59+00:00,eu_cross_spot,SOL:buy Coinbase / sell Kraken,SOL,buy Coinbase / sell Kraken,Coinbase<->Kraken,-1.101322,-151.101322,NO,"{""buffer_bps"":150.0,""buy_ask"":90.8,""coinbase_taker_bps"":60.0,""kraken_taker_bps"":80.0,""note"":""Assumes prefunded balances on both venues; rebalancing and account-specific fees can erase the edge."",""sell_bid"":90.79}"
2026-09-06T15:14:59+00:00,eu_cross_spot,SOL:buy Kraken / sell Coinbase,SOL,buy Kraken / sell Coinbase,Coinbase<->Kraken,-1.101322,-151.101322,NO,"{""buffer_bps"":150.0,""buy_ask"":90.8,""coinbase_taker_bps"":60.0,""kraken_taker_bps"":80.0,""note"":""Assumes prefunded balances on both venues; rebalancing and account-specific fees can erase the edge."",""sell_bid"":90.79}"
2026-09-06T15:14:59+00:00,eur_triangle,Coinbase:BTC:EUR-USDT-BTC-EUR,BTC,EUR->USDT->BTC->EUR,Coinbase,-1.535091,-190.429784,NO,"{""extra_buffer_bps"":10.0,""fee_bps_per_leg_assumption"":60.0,""note"":""Top-of-book paper cycle. Exact Coinbase fee tier and available size must be validated.""}"
2026-09-06T15:14:59+00:00,eur_triangle,Coinbase:BTC:EUR-BTC-USDT-EUR,BTC,EUR->BTC->USDT->EUR,Coinbase,-0.385489,-189.300752,NO,"{""extra_buffer_bps"":10.0,""fee_bps_per_leg_assumption"":60.0,""note"":""Top-of-book paper cycle. Exact Coinbase fee tier and available size must be validated.""}"
2026-09-06T15:14:59+00:00,eur_triangle,Kraken:BTC:EUR-USDT-BTC-EUR,BTC,EUR->USDT->BTC->EUR,Kraken,-0.276212,-248.354756,NO,"{""extra_buffer_bps"":10.0,""fee_bps_per_leg_assumption"":80.0,""note"":""Top-of-book paper cycle. Exact Kraken fee tier and available size must be validated.""}"
2026-09-06T15:14:59+00:00,eur_triangle,Kraken:BTC:EUR-BTC-USDT-EUR,BTC,EUR->BTC->USDT->EUR,Kraken,-1.100293,-249.159217,NO,"{""extra_buffer_bps"":10.0,""fee_bps_per_leg_assumption"":80.0,""note"":""Top-of-book paper cycle. Exact Kraken fee tier and available size must be validated.""}"
2026-09-06T15:14:59+00:00,eur_triangle,Coinbase:ETH:EUR-USDT-ETH-EUR,ETH,EUR->USDT->ETH->EUR,Coinbase,-1.837922,-190.727197,NO,"{""extra_buffer_bps"":10.0,""fee_bps_per_leg_assumption"":60.0,""note"":""Top-of-book paper cycle. Exact Coinbase fee tier and available size must be validated.""}"
2026-09-06T15:14:59+00:00,eur_triangle,Coinbase:ETH:EUR-ETH-USDT-EUR,ETH,EUR->ETH->USDT->EUR,Coinbase,-3.654138,-192.510918,NO,"{""extra_buffer_bps"":10.0,""fee_bps_per_leg_assumption"":60.0,""note"":""Top-of-book paper cycle. Exact Coinbase fee tier and available size must be validated.""}"
2026-09-06T15:14:59+00:00,eur_triangle,Kraken:ETH:EUR-USDT-ETH-EUR,ETH,EUR->USDT->ETH->EUR,Kraken,-0.214644,-248.294654,NO,"{""extra_buffer_bps"":10.0,""fee_bps_per_leg_assumption"":80.0,""note"":""Top-of-book paper cycle. Exact Kraken fee tier and available size must be validated.""}"
2026-09-06T15:14:59+00:00,eur_triangle,Kraken:ETH:EUR-ETH-USDT-EUR,ETH,EUR->ETH->USDT->EUR,Kraken,-1.073731,-249.133288,NO,"{""extra_buffer_bps"":10.0,""fee_bps_per_leg_assumption"":80.0,""note"":""Top-of-book paper cycle. Exact Kraken fee tier and available size must be validated.""}"
2026-09-06T15:14:59+00:00,eur_triangle,Coinbase:SOL:EUR-USDT-SOL-EUR,SOL,EUR->USDT->SOL->EUR,Coinbase,-1.216506,-190.116900,NO,"{""extra_buffer_bps"":10.0,""fee_bps_per_leg_assumption"":60.0,""note"":""Top-of-book paper cycle. Exact Coinbase fee tier and available size must be validated.""}"
2026-09-06T15:14:59+00:00,eur_triangle,Coinbase:SOL:EUR-SOL-USDT-EUR,SOL,EUR->SOL->USDT->EUR,Coinbase,-2.014471,-190.900588,NO,"{""extra_buffer_bps"":10.0,""fee_bps_per_leg_assumption"":60.0,""note"":""Top-of-book paper cycle. Exact Coinbase fee tier and available size must be validated.""}"
2026-09-06T15:14:59+00:00,eur_triangle,Kraken:SOL:EUR-USDT-SOL-EUR,SOL,EUR->USDT->SOL->EUR,Kraken,-1.332568,-249.385962,NO,"{""extra_buffer_bps"":10.0,""fee_bps_per_leg_assumption"":80.0,""note"":""Top-of-book paper cycle. Exact Kraken fee tier and available size must be validated.""}"
2026-09-06T15:14:59+00:00,eur_triangle,Kraken:SOL:EUR-SOL-USDT-EUR,SOL,EUR->SOL->USDT->EUR,Kraken,-1.878194,-249.918597,NO,"{""extra_buffer_bps"":10.0,""fee_bps_per_leg_assumption"":80.0,""note"":""Top-of-book paper cycle. Exact Kraken fee tier and available size must be validated.""}"
2026-09-06T15:14:59+00:00,stable_eur_dislocation,Coinbase:USDC-EUR-USDT,USDC/USDT,USDC->EUR->USDT,Coinbase,-1.044702,-31.044702,NO,"{""buffer_bps"":30.0,""note"":""Two-leg stablecoin conversion via EUR; issuer, venue and fee risks remain."",""usdc_eur"":{""ask"":0.8615,""bid"":0.8614,""last"":0.8615},""usdt_eur"":{""ask"":0.86149,""bid"":0.86147,""last"":0.86147}}"
2026-09-06T15:14:59+00:00,stable_eur_dislocation,Coinbase:USDT-EUR-USDC,USDT/USDC,USDT->EUR->USDC,Coinbase,-0.348230,-30.348230,NO,"{""buffer_bps"":30.0,""note"":""Two-leg stablecoin conversion via EUR; issuer, venue and fee risks remain."",""usdc_eur"":{""ask"":0.8615,""bid"":0.8614,""last"":0.8615},""usdt_eur"":{""ask"":0.86149,""bid"":0.86147,""last"":0.86147}}"
2026-09-06T15:14:59+00:00,stable_eur_dislocation,Kraken:USDC-EUR-USDT,USDC/USDT,USDC->EUR->USDT,Kraken,-1.160766,-51.160766,NO,"{""buffer_bps"":50.0,""note"":""Two-leg stablecoin conversion via EUR; issuer, venue and fee risks remain."",""usdc_eur"":{""ask"":0.8615,""bid"":0.8614,""last"":0.8615},""usdt_eur"":{""ask"":0.8615,""bid"":0.8614,""last"":0.8614}}"
2026-09-06T15:14:59+00:00,stable_eur_dislocation,Kraken:USDT-EUR-USDC,USDT/USDC,USDT->EUR->USDC,Kraken,-1.160766,-51.160766,NO,"{""buffer_bps"":50.0,""note"":""Two-leg stablecoin conversion via EUR; issuer, venue and fee risks remain."",""usdc_eur"":{""ask"":0.8615,""bid"":0.8614,""last"":0.8615},""usdt_eur"":{""ask"":0.8615,""bid"":0.8614,""last"":0.8614}}"
2026-09-06T15:18:19+00:00,eu_cross_spot,BTC:buy Coinbase / sell Kraken,BTC,buy Coinbase / sell Kraken,Coinbase<->Kraken,0.684236,-149.315764,NO,"{""buffer_bps"":150.0,""buy_ask"":68543.61,""coinbase_taker_bps"":60.0,""kraken_taker_bps"":80.0,""note"":""Assumes prefunded balances on both venues; rebalancing and account-specific fees can erase the edge."",""sell_bid"":68548.3}"
2026-09-06T15:18:19+00:00,eu_cross_spot,BTC:buy Kraken / sell Coinbase,BTC,buy Kraken / sell Coinbase,Coinbase<->Kraken,-1.721411,-151.721411,NO,"{""buffer_bps"":150.0,""buy_ask"":68548.4,""coinbase_taker_bps"":60.0,""kraken_taker_bps"":80.0,""note"":""Assumes prefunded balances on both venues; rebalancing and account-specific fees can erase the edge."",""sell_bid"":68536.6}"
2026-09-06T15:18:19+00:00,eu_cross_spot,ETH:buy Coinbase / sell Kraken,ETH,buy Coinbase / sell Kraken,Coinbase<->Kraken,-0.702849,-150.702849,NO,"{""buffer_bps"":150.0,""buy_ask"":2134.17,""coinbase_taker_bps"":60.0,""kraken_taker_bps"":80.0,""note"":""Assumes prefunded balances on both venues; rebalancing and account-specific fees can erase the edge."",""sell_bid"":2134.02}"
2026-09-06T15:18:19+00:00,eu_cross_spot,ETH:buy Kraken / sell Coinbase,ETH,buy Kraken / sell Coinbase,Coinbase<->Kraken,-0.796615,-150.796615,NO,"{""buffer_bps"":150.0,""buy_ask"":2134.03,""coinbase_taker_bps"":60.0,""kraken_taker_bps"":80.0,""note"":""Assumes prefunded balances on both venues; rebalancing and account-specific fees can erase the edge."",""sell_bid"":2133.86}"
2026-09-06T15:18:19+00:00,eu_cross_spot,SOL:buy Coinbase / sell Kraken,SOL,buy Coinbase / sell Kraken,Coinbase<->Kraken,0.000000,-150.000000,NO,"{""buffer_bps"":150.0,""buy_ask"":90.88,""coinbase_taker_bps"":60.0,""kraken_taker_bps"":80.0,""note"":""Assumes prefunded balances on both venues; rebalancing and account-specific fees can erase the edge."",""sell_bid"":90.88}"
2026-09-06T15:18:19+00:00,eu_cross_spot,SOL:buy Kraken / sell Coinbase,SOL,buy Kraken / sell Coinbase,Coinbase<->Kraken,-2.200462,-152.200462,NO,"{""buffer_bps"":150.0,""buy_ask"":90.89,""coinbase_taker_bps"":60.0,""kraken_taker_bps"":80.0,""note"":""Assumes prefunded balances on both venues; rebalancing and account-specific fees can erase the edge."",""sell_bid"":90.87}"
2026-09-06T15:18:19+00:00,eur_triangle,Coinbase:BTC:EUR-USDT-BTC-EUR,BTC,EUR->USDT->BTC->EUR,Coinbase,-1.458418,-190.354484,NO,"{""extra_buffer_bps"":10.0,""fee_bps_per_leg_assumption"":60.0,""note"":""Top-of-book paper cycle. Exact Coinbase fee tier and available size must be validated.""}"
2026-09-06T15:18:19+00:00,eur_triangle,Coinbase:BTC:EUR-BTC-USDT-EUR,BTC,EUR->BTC->USDT->EUR,Coinbase,-0.894410,-189.800567,NO,"{""extra_buffer_bps"":10.0,""fee_bps_per_leg_assumption"":60.0,""note"":""Top-of-book paper cycle. Exact Coinbase fee tier and available size must be validated.""}"
2026-09-06T15:18:19+00:00,eur_triangle,Kraken:BTC:EUR-USDT-BTC-EUR,BTC,EUR->USDT->BTC->EUR,Kraken,0.684141,-247.417267,NO,"{""extra_buffer_bps"":10.0,""fee_bps_per_leg_assumption"":80.0,""note"":""Top-of-book paper cycle. Exact Kraken fee tier and available size must be validated.""}"
2026-09-06T15:18:19+00:00,eur_triangle,Kraken:BTC:EUR-BTC-USDT-EUR,BTC,EUR->BTC->USDT->EUR,Kraken,-2.625911,-250.648512,NO,"{""extra_buffer_bps"":10.0,""fee_bps_per_leg_assumption"":80.0,""note"":""Top-of-book paper cycle. Exact Kraken fee tier and available size must be validated.""}"
2026-09-06T15:18:19+00:00,eur_triangle,Coinbase:ETH:EUR-USDT-ETH-EUR,ETH,EUR->USDT->ETH->EUR,Coinbase,-1.287254,-190.186382,NO,"{""extra_buffer_bps"":10.0,""fee_bps_per_leg_assumption"":60.0,""note"":""Top-of-book paper cycle. Exact Coinbase fee tier and available size must be validated.""}"
2026-09-06T15:18:19+00:00,eur_triangle,Coinbase:ETH:EUR-ETH-USDT-EUR,ETH,EUR->ETH->USDT->EUR,Coinbase,-3.187754,-192.052878,NO,"{""extra_buffer_bps"":10.0,""fee_bps_per_leg_assumption"":60.0,""note"":""Top-of-book paper cycle. Exact Coinbase fee tier and available size must be validated.""}"
2026-09-06T15:18:19+00:00,eur_triangle,Kraken:ETH:EUR-USDT-ETH-EUR,ETH,EUR->USDT->ETH->EUR,Kraken,-0.249945,-248.329114,NO,"{""extra_buffer_bps"":10.0,""fee_bps_per_leg_assumption"":80.0,""note"":""Top-of-book paper cycle. Exact Kraken fee tier and available size must be validated.""}"
2026-09-06T15:18:19+00:00,eur_triangle,Kraken:ETH:EUR-ETH-USDT-EUR,ETH,EUR->ETH->USDT->EUR,Kraken,-0.998065,-249.059422,NO,"{""extra_buffer_bps"":10.0,""fee_bps_per_leg_assumption"":80.0,""note"":""Top-of-book paper cycle. Exact Kraken fee tier and available size must be validated.""}"
2026-09-06T15:18:19+00:00,eur_triangle,Coinbase:SOL:EUR-USDT-SOL-EUR,SOL,EUR->USDT->SOL->EUR,Coinbase,-2.839504,-191.710859,NO,"{""extra_buffer_bps"":10.0,""fee_bps_per_leg_assumption"":60.0,""note"":""Top-of-book paper cycle. Exact Coinbase fee tier and available size must be validated.""}"
2026-09-06T15:18:19+00:00,eur_triangle,Coinbase:SOL:EUR-SOL-USDT-EUR,SOL,EUR->SOL->USDT->EUR,Coinbase,-0.272315,-189.189603,NO,"{""extra_buffer_bps"":10.0,""fee_bps_per_leg_assumption"":60.0,""note"":""Top-of-book paper cycle. Exact Coinbase fee tier and available size must be validated.""}"
2026-09-06T15:18:19+00:00,eur_triangle,Kraken:SOL:EUR-USDT-SOL-EUR,SOL,EUR->USDT->SOL->EUR,Kraken,-0.907708,-248.971217,NO,"{""extra_buffer_bps"":10.0,""fee_bps_per_leg_assumption"":80.0,""note"":""Top-of-book paper cycle. Exact Kraken fee tier and available size must be validated.""}"
2026-09-06T15:18:19+00:00,eur_triangle,Kraken:SOL:EUR-SOL-USDT-EUR,SOL,EUR->SOL->USDT->EUR,Kraken,-2.301023,-250.331359,NO,"{""extra_buffer_bps"":10.0,""fee_bps_per_leg_assumption"":80.0,""note"":""Top-of-book paper cycle. Exact Kraken fee tier and available size must be validated.""}"
2026-09-06T15:18:19+00:00,stable_eur_dislocation,Coinbase:USDC-EUR-USDT,USDC/USDT,USDC->EUR->USDT,Coinbase,-1.044702,-31.044702,NO,"{""buffer_bps"":30.0,""note"":""Two-leg stablecoin conversion via EUR; issuer, venue and fee risks remain."",""usdc_eur"":{""ask"":0.8615,""bid"":0.8614,""last"":0.8614},""usdt_eur"":{""ask"":0.86149,""bid"":0.86148,""last"":0.86147}}"
2026-09-06T15:18:19+00:00,stable_eur_dislocation,Coinbase:USDT-EUR-USDC,USDT/USDC,USDT->EUR->USDC,Coinbase,-0.232153,-30.232153,NO,"{""buffer_bps"":30.0,""note"":""Two-leg stablecoin conversion via EUR; issuer, venue and fee risks remain."",""usdc_eur"":{""ask"":0.8615,""bid"":0.8614,""last"":0.8614},""usdt_eur"":{""ask"":0.86149,""bid"":0.86148,""last"":0.86147}}"
2026-09-06T15:18:19+00:00,stable_eur_dislocation,Kraken:USDC-EUR-USDT,USDC/USDT,USDC->EUR->USDT,Kraken,-1.160766,-51.160766,NO,"{""buffer_bps"":50.0,""note"":""Two-leg stablecoin conversion via EUR; issuer, venue and fee risks remain."",""usdc_eur"":{""ask"":0.8615,""bid"":0.8614,""last"":0.8614},""usdt_eur"":{""ask"":0.8615,""bid"":0.8614,""last"":0.8615}}"
2026-09-06T15:18:19+00:00,stable_eur_dislocation,Kraken:USDT-EUR-USDC,USDT/USDC,USDT->EUR->USDC,Kraken,-1.160766,-51.160766,NO,"{""buffer_bps"":50.0,""note"":""Two-leg stablecoin conversion via EUR; issuer, venue and fee risks remain."",""usdc_eur"":{""ask"":0.8615,""bid"":0.8614,""last"":0.8614},""usdt_eur"":{""ask"":0.8615,""bid"":0.8614,""last"":0.8615}}"
2026-09-06T15:23:36+00:00,eu_cross_spot,BTC:buy Coinbase / sell Kraken,BTC,buy Coinbase / sell Kraken,Coinbase<->Kraken,1.678293,-148.321707,NO,"{""buffer_bps"":150.0,""buy_ask"":68581.59,""coinbase_taker_bps"":60.0,""kraken_taker_bps"":80.0,""note"":""Assumes prefunded balances on both venues; rebalancing and account-specific fees can erase the edge."",""sell_bid"":68593.1}"
2026-09-06T15:23:36+00:00,eu_cross_spot,BTC:buy Kraken / sell Coinbase,BTC,buy Kraken / sell Coinbase,Coinbase<->Kraken,-2.507537,-152.507537,NO,"{""buffer_bps"":150.0,""buy_ask"":68593.2,""coinbase_taker_bps"":60.0,""kraken_taker_bps"":80.0,""note"":""Assumes prefunded balances on both venues; rebalancing and account-specific fees can erase the edge."",""sell_bid"":68576.0}"
2026-09-06T15:23:36+00:00,eu_cross_spot,ETH:buy Coinbase / sell Kraken,ETH,buy Coinbase / sell Kraken,Coinbase<->Kraken,-0.936716,-150.936716,NO,"{""buffer_bps"":150.0,""buy_ask"":2135.12,""coinbase_taker_bps"":60.0,""kraken_taker_bps"":80.0,""note"":""Assumes prefunded balances on both venues; rebalancing and account-specific fees can erase the edge."",""sell_bid"":2134.92}"
2026-09-06T15:23:36+00:00,eu_cross_spot,ETH:buy Kraken / sell Coinbase,ETH,buy Kraken / sell Coinbase,Coinbase<->Kraken,-0.889959,-150.889959,NO,"{""buffer_bps"":150.0,""buy_ask"":2134.93,""coinbase_taker_bps"":60.0,""kraken_taker_bps"":80.0,""note"":""Assumes prefunded balances on both venues; rebalancing and account-specific fees can erase the edge."",""sell_bid"":2134.74}"
2026-09-06T15:23:36+00:00,eu_cross_spot,SOL:buy Coinbase / sell Kraken,SOL,buy Coinbase / sell Kraken,Coinbase<->Kraken,-1.098056,-151.098056,NO,"{""buffer_bps"":150.0,""buy_ask"":91.07,""coinbase_taker_bps"":60.0,""kraken_taker_bps"":80.0,""note"":""Assumes prefunded balances on both venues; rebalancing and account-specific fees can erase the edge."",""sell_bid"":91.06}"
2026-09-06T15:23:36+00:00,eu_cross_spot,SOL:buy Kraken / sell Coinbase,SOL,buy Kraken / sell Coinbase,Coinbase<->Kraken,-2.196113,-152.196113,NO,"{""buffer_bps"":150.0,""buy_ask"":91.07,""coinbase_taker_bps"":60.0,""kraken_taker_bps"":80.0,""note"":""Assumes prefunded balances on both venues; rebalancing and account-specific fees can erase the edge."",""sell_bid"":91.05}"
2026-09-06T15:23:36+00:00,eur_triangle,Coinbase:BTC:EUR-USDT-BTC-EUR,BTC,EUR->USDT->BTC->EUR,Coinbase,-1.741332,-190.632336,NO,"{""extra_buffer_bps"":10.0,""fee_bps_per_leg_assumption"":60.0,""note"":""Top-of-book paper cycle. Exact Coinbase fee tier and available size must be validated.""}"
2026-09-06T15:23:36+00:00,eur_triangle,Coinbase:BTC:EUR-BTC-USDT-EUR,BTC,EUR->BTC->USDT->EUR,Coinbase,-1.406033,-190.303036,NO,"{""extra_buffer_bps"":10.0,""fee_bps_per_leg_assumption"":60.0,""note"":""Top-of-book paper cycle. Exact Coinbase fee tier and available size must be validated.""}"
2026-09-06T15:23:36+00:00,eur_triangle,Kraken:BTC:EUR-USDT-BTC-EUR,BTC,EUR->USDT->BTC->EUR,Kraken,1.538227,-246.583516,NO,"{""extra_buffer_bps"":10.0,""fee_bps_per_leg_assumption"":80.0,""note"":""Top-of-book paper cycle. Exact Kraken fee tier and available size must be validated.""}"
2026-09-06T15:23:36+00:00,eur_triangle,Kraken:BTC:EUR-BTC-USDT-EUR,BTC,EUR->BTC->USDT->EUR,Kraken,-3.253150,-251.260818,NO,"{""extra_buffer_bps"":10.0,""fee_bps_per_leg_assumption"":80.0,""note"":""Top-of-book paper cycle. Exact Kraken fee tier and available size must be validated.""}"
2026-09-06T15:23:36+00:00,eur_triangle,Coinbase:ETH:EUR-USDT-ETH-EUR,ETH,EUR->USDT->ETH->EUR,Coinbase,-0.831929,-189.739204,NO,"{""extra_buffer_bps"":10.0,""fee_bps_per_leg_assumption"":60.0,""note"":""Top-of-book paper cycle. Exact Coinbase fee tier and available size must be validated.""}"
2026-09-06T15:23:36+00:00,eur_triangle,Coinbase:ETH:EUR-ETH-USDT-EUR,ETH,EUR->ETH->USDT->EUR,Coinbase,-4.085102,-192.934171,NO,"{""extra_buffer_bps"":10.0,""fee_bps_per_leg_assumption"":60.0,""note"":""Top-of-book paper cycle. Exact Coinbase fee tier and available size must be validated.""}"
2026-09-06T15:23:36+00:00,eur_triangle,Kraken:ETH:EUR-USDT-ETH-EUR,ETH,EUR->USDT->ETH->EUR,Kraken,-1.037870,-249.098280,NO,"{""extra_buffer_bps"":10.0,""fee_bps_per_leg_assumption"":80.0,""note"":""Top-of-book paper cycle. Exact Kraken fee tier and available size must be validated.""}"
2026-09-06T15:23:36+00:00,eur_triangle,Kraken:ETH:EUR-ETH-USDT-EUR,ETH,EUR->ETH->USDT->EUR,Kraken,-0.210096,-248.290214,NO,"{""extra_buffer_bps"":10.0,""fee_bps_per_leg_assumption"":80.0,""note"":""Top-of-book paper cycle. Exact Kraken fee tier and available size must be validated.""}"
2026-09-06T15:23:36+00:00,eur_triangle,Coinbase:SOL:EUR-USDT-SOL-EUR,SOL,EUR->USDT->SOL->EUR,Coinbase,-2.104444,-190.988951,NO,"{""extra_buffer_bps"":10.0,""fee_bps_per_leg_assumption"":60.0,""note"":""Top-of-book paper cycle. Exact Coinbase fee tier and available size must be validated.""}"
2026-09-06T15:23:36+00:00,eur_triangle,Coinbase:SOL:EUR-SOL-USDT-EUR,SOL,EUR->SOL->USDT->EUR,Coinbase,-2.215746,-191.098262,NO,"{""extra_buffer_bps"":10.0,""fee_bps_per_leg_assumption"":60.0,""note"":""Top-of-book paper cycle. Exact Coinbase fee tier and available size must be validated.""}"
2026-09-06T15:23:36+00:00,eur_triangle,Kraken:SOL:EUR-USDT-SOL-EUR,SOL,EUR->USDT->SOL->EUR,Kraken,-1.952178,-249.990819,NO,"{""extra_buffer_bps"":10.0,""fee_bps_per_leg_assumption"":80.0,""note"":""Top-of-book paper cycle. Exact Kraken fee tier and available size must be validated.""}"
2026-09-06T15:23:36+00:00,eur_triangle,Kraken:SOL:EUR-SOL-USDT-EUR,SOL,EUR->SOL->USDT->EUR,Kraken,-1.252443,-249.307744,NO,"{""extra_buffer_bps"":10.0,""fee_bps_per_leg_assumption"":80.0,""note"":""Top-of-book paper cycle. Exact Kraken fee tier and available size must be validated.""}"
2026-09-06T15:23:36+00:00,stable_eur_dislocation,Coinbase:USDC-EUR-USDT,USDC/USDT,USDC->EUR->USDT,Coinbase,-1.160766,-31.160766,NO,"{""buffer_bps"":30.0,""note"":""Two-leg stablecoin conversion via EUR; issuer, venue and fee risks remain."",""usdc_eur"":{""ask"":0.8615,""bid"":0.8614,""last"":0.8615},""usdt_eur"":{""ask"":0.8615,""bid"":0.86148,""last"":0.86151}}"
2026-09-06T15:23:36+00:00,stable_eur_dislocation,Coinbase:USDT-EUR-USDC,USDT/USDC,USDT->EUR->USDC,Coinbase,-0.232153,-30.232153,NO,"{""buffer_bps"":30.0,""note"":""Two-leg stablecoin conversion via EUR; issuer, venue and fee risks remain."",""usdc_eur"":{""ask"":0.8615,""bid"":0.8614,""last"":0.8615},""usdt_eur"":{""ask"":0.8615,""bid"":0.86148,""last"":0.86151}}"
2026-09-06T15:23:36+00:00,stable_eur_dislocation,Kraken:USDC-EUR-USDT,USDC/USDT,USDC->EUR->USDT,Kraken,-1.160766,-51.160766,NO,"{""buffer_bps"":50.0,""note"":""Two-leg stablecoin conversion via EUR; issuer, venue and fee risks remain."",""usdc_eur"":{""ask"":0.8615,""bid"":0.8614,""last"":0.8615},""usdt_eur"":{""ask"":0.8615,""bid"":0.8614,""last"":0.8615}}"
2026-09-06T15:23:36+00:00,stable_eur_dislocation,Kraken:USDT-EUR-USDC,USDT/USDC,USDT->EUR->USDC,Kraken,-1.160766,-51.160766,NO,"{""buffer_bps"":50.0,""note"":""Two-leg stablecoin conversion via EUR; issuer, venue and fee risks remain."",""usdc_eur"":{""ask"":0.8615,""bid"":0.8614,""last"":0.8615},""usdt_eur"":{""ask"":0.8615,""bid"":0.8614,""last"":0.8615}}"
2026-09-06T15:31:46+00:00,eu_cross_spot,BTC:buy Coinbase / sell Kraken,BTC,buy Coinbase / sell Kraken,Coinbase<->Kraken,-0.448953,-150.448953,NO,"{""buffer_bps"":150.0,""buy_ask"":68604.08,""coinbase_taker_bps"":60.0,""kraken_taker_bps"":80.0,""note"":""Assumes prefunded balances on both venues; rebalancing and account-specific fees can erase the edge."",""sell_bid"":68601.0}"
2026-09-06T15:31:46+00:00,eu_cross_spot,BTC:buy Kraken / sell Coinbase,BTC,buy Kraken / sell Coinbase,Coinbase<->Kraken,-0.491246,-150.491246,NO,"{""buffer_bps"":150.0,""buy_ask"":68601.1,""coinbase_taker_bps"":60.0,""kraken_taker_bps"":80.0,""note"":""Assumes prefunded balances on both venues; rebalancing and account-specific fees can erase the edge."",""sell_bid"":68597.73}"
2026-09-06T15:31:46+00:00,eu_cross_spot,ETH:buy Coinbase / sell Kraken,ETH,buy Coinbase / sell Kraken,Coinbase<->Kraken,-1.077182,-151.077182,NO,"{""buffer_bps"":150.0,""buy_ask"":2135.2,""coinbase_taker_bps"":60.0,""kraken_taker_bps"":80.0,""note"":""Assumes prefunded balances on both venues; rebalancing and account-specific fees can erase the edge."",""sell_bid"":2134.97}"
2026-09-06T15:31:46+00:00,eu_cross_spot,ETH:buy Kraken / sell Coinbase,ETH,buy Kraken / sell Coinbase,Coinbase<->Kraken,-0.327872,-150.327872,NO,"{""buffer_bps"":150.0,""buy_ask"":2134.98,""coinbase_taker_bps"":60.0,""kraken_taker_bps"":80.0,""note"":""Assumes prefunded balances on both venues; rebalancing and account-specific fees can erase the edge."",""sell_bid"":2134.91}"
2026-09-06T15:31:46+00:00,eu_cross_spot,SOL:buy Coinbase / sell Kraken,SOL,buy Coinbase / sell Kraken,Coinbase<->Kraken,-1.097695,-151.097695,NO,"{""buffer_bps"":150.0,""buy_ask"":91.1,""coinbase_taker_bps"":60.0,""kraken_taker_bps"":80.0,""note"":""Assumes prefunded balances on both venues; rebalancing and account-specific fees can erase the edge."",""sell_bid"":91.09}"
2026-09-06T15:31:46+00:00,eu_cross_spot,SOL:buy Kraken / sell Coinbase,SOL,buy Kraken / sell Coinbase,Coinbase<->Kraken,-1.097695,-151.097695,NO,"{""buffer_bps"":150.0,""buy_ask"":91.1,""coinbase_taker_bps"":60.0,""kraken_taker_bps"":80.0,""note"":""Assumes prefunded balances on both venues; rebalancing and account-specific fees can erase the edge."",""sell_bid"":91.09}"
2026-09-06T15:31:46+00:00,eur_triangle,Coinbase:BTC:EUR-USDT-BTC-EUR,BTC,EUR->USDT->BTC->EUR,Coinbase,-1.455500,-190.351618,NO,"{""extra_buffer_bps"":10.0,""fee_bps_per_leg_assumption"":60.0,""note"":""Top-of-book paper cycle. Exact Coinbase fee tier and available size must be validated.""}"
2026-09-06T15:31:46+00:00,eur_triangle,Coinbase:BTC:EUR-BTC-USDT-EUR,BTC,EUR->BTC->USDT->EUR,Coinbase,-1.097275,-189.999802,NO,"{""extra_buffer_bps"":10.0,""fee_bps_per_leg_assumption"":60.0,""note"":""Top-of-book paper cycle. Exact Coinbase fee tier and available size must be validated.""}"
2026-09-06T15:31:46+00:00,eur_triangle,Kraken:BTC:EUR-USDT-BTC-EUR,BTC,EUR->USDT->BTC->EUR,Kraken,-0.023156,-248.107724,NO,"{""extra_buffer_bps"":10.0,""fee_bps_per_leg_assumption"":80.0,""note"":""Top-of-book paper cycle. Exact Kraken fee tier and available size must be validated.""}"
2026-09-06T15:31:46+00:00,eur_triangle,Kraken:BTC:EUR-BTC-USDT-EUR,BTC,EUR->BTC->USDT->EUR,Kraken,-1.164745,-249.222134,NO,"{""extra_buffer_bps"":10.0,""fee_bps_per_leg_assumption"":80.0,""note"":""Top-of-book paper cycle. Exact Kraken fee tier and available size must be validated.""}"
2026-09-06T15:31:46+00:00,eur_triangle,Coinbase:ETH:EUR-USDT-ETH-EUR,ETH,EUR->USDT->ETH->EUR,Coinbase,-0.933262,-189.838724,NO,"{""extra_buffer_bps"":10.0,""fee_bps_per_leg_assumption"":60.0,""note"":""Top-of-book paper cycle. Exact Coinbase fee tier and available size must be validated.""}"
2026-09-06T15:31:46+00:00,eur_triangle,Coinbase:ETH:EUR-ETH-USDT-EUR,ETH,EUR->ETH->USDT->EUR,Coinbase,-4.247875,-193.094031,NO,"{""extra_buffer_bps"":10.0,""fee_bps_per_leg_assumption"":60.0,""note"":""Top-of-book paper cycle. Exact Coinbase fee tier and available size must be validated.""}"
2026-09-06T15:31:46+00:00,eur_triangle,Kraken:ETH:EUR-USDT-ETH-EUR,ETH,EUR->USDT->ETH->EUR,Kraken,-1.045760,-249.105982,NO,"{""extra_buffer_bps"":10.0,""fee_bps_per_leg_assumption"":80.0,""note"":""Top-of-book paper cycle. Exact Kraken fee tier and available size must be validated.""}"
2026-09-06T15:31:46+00:00,eur_triangle,Kraken:ETH:EUR-ETH-USDT-EUR,ETH,EUR->ETH->USDT->EUR,Kraken,-0.202203,-248.282509,NO,"{""extra_buffer_bps"":10.0,""fee_bps_per_leg_assumption"":80.0,""note"":""Top-of-book paper cycle. Exact Kraken fee tier and available size must be validated.""}"
2026-09-06T15:31:46+00:00,eur_triangle,Coinbase:SOL:EUR-USDT-SOL-EUR,SOL,EUR->USDT->SOL->EUR,Coinbase,-1.263426,-190.162980,NO,"{""extra_buffer_bps"":10.0,""fee_bps_per_leg_assumption"":60.0,""note"":""Top-of-book paper cycle. Exact Coinbase fee tier and available size must be validated.""}"
2026-09-06T15:31:46+00:00,eur_triangle,Coinbase:SOL:EUR-SOL-USDT-EUR,SOL,EUR->SOL->USDT->EUR,Coinbase,-1.012031,-189.916083,NO,"{""extra_buffer_bps"":10.0,""fee_bps_per_leg_assumption"":60.0,""note"":""Top-of-book paper cycle. Exact Coinbase fee tier and available size must be validated.""}"
2026-09-06T15:31:46+00:00,eur_triangle,Kraken:SOL:EUR-USDT-SOL-EUR,SOL,EUR->USDT->SOL->EUR,Kraken,-1.495550,-249.545063,NO,"{""extra_buffer_bps"":10.0,""fee_bps_per_leg_assumption"":80.0,""note"":""Top-of-book paper cycle. Exact Kraken fee tier and available size must be validated.""}"
2026-09-06T15:31:46+00:00,eur_triangle,Kraken:SOL:EUR-SOL-USDT-EUR,SOL,EUR->SOL->USDT->EUR,Kraken,-1.708452,-249.752897,NO,"{""extra_buffer_bps"":10.0,""fee_bps_per_leg_assumption"":80.0,""note"":""Top-of-book paper cycle. Exact Kraken fee tier and available size must be validated.""}"
2026-09-06T15:31:46+00:00,stable_eur_dislocation,Coinbase:USDC-EUR-USDT,USDC/USDT,USDC->EUR->USDT,Coinbase,-0.928634,-30.928634,NO,"{""buffer_bps"":30.0,""note"":""Two-leg stablecoin conversion via EUR; issuer, venue and fee risks remain."",""usdc_eur"":{""ask"":0.8615,""bid"":0.8614,""last"":0.8615},""usdt_eur"":{""ask"":0.86148,""bid"":0.86146,""last"":0.86151}}"
2026-09-06T15:31:46+00:00,stable_eur_dislocation,Coinbase:USDT-EUR-USDC,USDT/USDC,USDT->EUR->USDC,Coinbase,-0.464306,-30.464306,NO,"{""buffer_bps"":30.0,""note"":""Two-leg stablecoin conversion via EUR; issuer, venue and fee risks remain."",""usdc_eur"":{""ask"":0.8615,""bid"":0.8614,""last"":0.8615},""usdt_eur"":{""ask"":0.86148,""bid"":0.86146,""last"":0.86151}}"
2026-09-06T15:31:46+00:00,stable_eur_dislocation,Kraken:USDC-EUR-USDT,USDC/USDT,USDC->EUR->USDT,Kraken,-1.160766,-51.160766,NO,"{""buffer_bps"":50.0,""note"":""Two-leg stablecoin conversion via EUR; issuer, venue and fee risks remain."",""usdc_eur"":{""ask"":0.8615,""bid"":0.8614,""last"":0.8615},""usdt_eur"":{""ask"":0.8615,""bid"":0.8614,""last"":0.8615}}"
2026-09-06T15:31:46+00:00,stable_eur_dislocation,Kraken:USDT-EUR-USDC,USDT/USDC,USDT->EUR->USDC,Kraken,-1.160766,-51.160766,NO,"{""buffer_bps"":50.0,""note"":""Two-leg stablecoin conversion via EUR; issuer, venue and fee risks remain."",""usdc_eur"":{""ask"":0.8615,""bid"":0.8614,""last"":0.8615},""usdt_eur"":{""ask"":0.8615,""bid"":0.8614,""last"":0.8615}}"
2026-09-06T17:10:02+00:00,eu_cross_spot,BTC:buy Coinbase / sell Kraken,BTC,buy Coinbase / sell Kraken,Coinbase<->Kraken,-0.542466,-150.542466,NO,"{""buffer_bps"":150.0,""buy_ask"":68575.72,""coinbase_taker_bps"":60.0,""kraken_taker_bps"":80.0,""note"":""Assumes prefunded balances on both venues; rebalancing and account-specific fees can erase the edge."",""sell_bid"":68572.0}"
2026-09-06T17:10:02+00:00,eu_cross_spot,BTC:buy Kraken / sell Coinbase,BTC,buy Kraken / sell Coinbase,Coinbase<->Kraken,-0.819545,-150.819545,NO,"{""buffer_bps"":150.0,""buy_ask"":68574.6,""coinbase_taker_bps"":60.0,""kraken_taker_bps"":80.0,""note"":""Assumes prefunded balances on both venues; rebalancing and account-specific fees can erase the edge."",""sell_bid"":68568.98}"
2026-09-06T17:10:02+00:00,eu_cross_spot,ETH:buy Coinbase / sell Kraken,ETH,buy Coinbase / sell Kraken,Coinbase<->Kraken,-1.075389,-151.075389,NO,"{""buffer_bps"":150.0,""buy_ask"":2138.76,""coinbase_taker_bps"":60.0,""kraken_taker_bps"":80.0,""note"":""Assumes prefunded balances on both venues; rebalancing and account-specific fees can erase the edge."",""sell_bid"":2138.53}"
2026-09-06T17:10:02+00:00,eu_cross_spot,ETH:buy Kraken / sell Coinbase,ETH,buy Kraken / sell Coinbase,Coinbase<->Kraken,-0.187043,-150.187043,NO,"{""buffer_bps"":150.0,""buy_ask"":2138.54,""coinbase_taker_bps"":60.0,""kraken_taker_bps"":80.0,""note"":""Assumes prefunded balances on both venues; rebalancing and account-specific fees can erase the edge."",""sell_bid"":2138.5}"
2026-09-06T17:10:02+00:00,eu_cross_spot,SOL:buy Coinbase / sell Kraken,SOL,buy Coinbase / sell Kraken,Coinbase<->Kraken,-2.198044,-152.198044,NO,"{""buffer_bps"":150.0,""buy_ask"":90.99,""coinbase_taker_bps"":60.0,""kraken_taker_bps"":80.0,""note"":""Assumes prefunded balances on both venues; rebalancing and account-specific fees can erase the edge."",""sell_bid"":90.97}"
2026-09-06T17:10:02+00:00,eu_cross_spot,SOL:buy Kraken / sell Coinbase,SOL,buy Kraken / sell Coinbase,Coinbase<->Kraken,-1.099143,-151.099143,NO,"{""buffer_bps"":150.0,""buy_ask"":90.98,""coinbase_taker_bps"":60.0,""kraken_taker_bps"":80.0,""note"":""Assumes prefunded balances on both venues; rebalancing and account-specific fees can erase the edge."",""sell_bid"":90.97}"
2026-09-06T17:10:02+00:00,eur_triangle,Coinbase:BTC:EUR-USDT-BTC-EUR,BTC,EUR->USDT->BTC->EUR,Coinbase,-0.869619,-189.776219,NO,"{""extra_buffer_bps"":10.0,""fee_bps_per_leg_assumption"":60.0,""note"":""Top-of-book paper cycle. Exact Coinbase fee tier and available size must be validated.""}"
2026-09-06T17:10:02+00:00,eur_triangle,Coinbase:BTC:EUR-BTC-USDT-EUR,BTC,EUR->BTC->USDT->EUR,Coinbase,-2.756919,-191.629751,NO,"{""extra_buffer_bps"":10.0,""fee_bps_per_leg_assumption"":60.0,""note"":""Top-of-book paper cycle. Exact Coinbase fee tier and available size must be validated.""}"
2026-09-06T17:10:02+00:00,eur_triangle,Kraken:BTC:EUR-USDT-BTC-EUR,BTC,EUR->USDT->BTC->EUR,Kraken,-0.030982,-248.115364,NO,"{""extra_buffer_bps"":10.0,""fee_bps_per_leg_assumption"":80.0,""note"":""Top-of-book paper cycle. Exact Kraken fee tier and available size must be validated.""}"
2026-09-06T17:10:02+00:00,eur_triangle,Kraken:BTC:EUR-BTC-USDT-EUR,BTC,EUR->BTC->USDT->EUR,Kraken,-1.521455,-249.570352,NO,"{""extra_buffer_bps"":10.0,""fee_bps_per_leg_assumption"":80.0,""note"":""Top-of-book paper cycle. Exact Kraken fee tier and available size must be validated.""}"
2026-09-06T17:10:02+00:00,eur_triangle,Coinbase:ETH:EUR-USDT-ETH-EUR,ETH,EUR->USDT->ETH->EUR,Coinbase,-1.497110,-190.392484,NO,"{""extra_buffer_bps"":10.0,""fee_bps_per_leg_assumption"":60.0,""note"":""Top-of-book paper cycle. Exact Coinbase fee tier and available size must be validated.""}"
2026-09-06T17:10:02+00:00,eur_triangle,Coinbase:ETH:EUR-ETH-USDT-EUR,ETH,EUR->ETH->USDT->EUR,Coinbase,-3.620894,-192.478268,NO,"{""extra_buffer_bps"":10.0,""fee_bps_per_leg_assumption"":60.0,""note"":""Top-of-book paper cycle. Exact Coinbase fee tier and available size must be validated.""}"
2026-09-06T17:10:02+00:00,eur_triangle,Kraken:ETH:EUR-USDT-ETH-EUR,ETH,EUR->USDT->ETH->EUR,Kraken,-1.195749,-249.252400,NO,"{""extra_buffer_bps"":10.0,""fee_bps_per_leg_assumption"":80.0,""note"":""Top-of-book paper cycle. Exact Kraken fee tier and available size must be validated.""}"
2026-09-06T17:10:02+00:00,eur_triangle,Kraken:ETH:EUR-ETH-USDT-EUR,ETH,EUR->ETH->USDT->EUR,Kraken,-0.293733,-248.371860,NO,"{""extra_buffer_bps"":10.0,""fee_bps_per_leg_assumption"":80.0,""note"":""Top-of-book paper cycle. Exact Kraken fee tier and available size must be validated.""}"
2026-09-06T17:10:02+00:00,eur_triangle,Coinbase:SOL:EUR-USDT-SOL-EUR,SOL,EUR->USDT->SOL->EUR,Coinbase,-2.377142,-191.256769,NO,"{""extra_buffer_bps"":10.0,""fee_bps_per_leg_assumption"":60.0,""note"":""Top-of-book paper cycle. Exact Coinbase fee tier and available size must be validated.""}"
2026-09-06T17:10:02+00:00,eur_triangle,Coinbase:SOL:EUR-SOL-USDT-EUR,SOL,EUR->SOL->USDT->EUR,Coinbase,-1.830531,-190.719939,NO,"{""extra_buffer_bps"":10.0,""fee_bps_per_leg_assumption"":60.0,""note"":""Top-of-book paper cycle. Exact Coinbase fee tier and available size must be validated.""}"
2026-09-06T17:10:02+00:00,eur_triangle,Kraken:SOL:EUR-USDT-SOL-EUR,SOL,EUR->USDT->SOL->EUR,Kraken,0.463361,-247.632791,NO,"{""extra_buffer_bps"":10.0,""fee_bps_per_leg_assumption"":80.0,""note"":""Top-of-book paper cycle. Exact Kraken fee tier and available size must be validated.""}"
2026-09-06T17:10:02+00:00,eur_triangle,Kraken:SOL:EUR-SOL-USDT-EUR,SOL,EUR->SOL->USDT->EUR,Kraken,-3.669818,-251.667565,NO,"{""extra_buffer_bps"":10.0,""fee_bps_per_leg_assumption"":80.0,""note"":""Top-of-book paper cycle. Exact Kraken fee tier and available size must be validated.""}"
2026-09-06T17:10:02+00:00,stable_eur_dislocation,Coinbase:USDC-EUR-USDT,USDC/USDT,USDC->EUR->USDT,Coinbase,-1.160766,-31.160766,NO,"{""buffer_bps"":30.0,""note"":""Two-leg stablecoin conversion via EUR; issuer, venue and fee risks remain."",""usdc_eur"":{""ask"":0.8615,""bid"":0.8614,""last"":0.8615},""usdt_eur"":{""ask"":0.8615,""bid"":0.86149,""last"":0.8615}}"
2026-09-06T17:10:02+00:00,stable_eur_dislocation,Coinbase:USDT-EUR-USDC,USDT/USDC,USDT->EUR->USDC,Coinbase,-0.116077,-30.116077,NO,"{""buffer_bps"":30.0,""note"":""Two-leg stablecoin conversion via EUR; issuer, venue and fee risks remain."",""usdc_eur"":{""ask"":0.8615,""bid"":0.8614,""last"":0.8615},""usdt_eur"":{""ask"":0.8615,""bid"":0.86149,""last"":0.8615}}"
2026-09-06T17:10:02+00:00,stable_eur_dislocation,Kraken:USDC-EUR-USDT,USDC/USDT,USDC->EUR->USDT,Kraken,-1.160766,-51.160766,NO,"{""buffer_bps"":50.0,""note"":""Two-leg stablecoin conversion via EUR; issuer, venue and fee risks remain."",""usdc_eur"":{""ask"":0.8615,""bid"":0.8614,""last"":0.8615},""usdt_eur"":{""ask"":0.8615,""bid"":0.8614,""last"":0.8614}}"
2026-09-06T17:10:02+00:00,stable_eur_dislocation,Kraken:USDT-EUR-USDC,USDT/USDC,USDT->EUR->USDC,Kraken,-1.160766,-51.160766,NO,"{""buffer_bps"":50.0,""note"":""Two-leg stablecoin conversion via EUR; issuer, venue and fee risks remain."",""usdc_eur"":{""ask"":0.8615,""bid"":0.8614,""last"":0.8615},""usdt_eur"":{""ask"":0.8615,""bid"":0.8614,""last"":0.8614}}"
2026-09-06T18:07:34+00:00,eu_cross_spot,BTC:buy Coinbase / sell Kraken,BTC,buy Coinbase / sell Kraken,Coinbase<->Kraken,-0.590396,-150.590396,NO,"{""buffer_bps"":150.0,""buy_ask"":68767.46,""coinbase_taker_bps"":60.0,""kraken_taker_bps"":80.0,""note"":""Assumes prefunded balances on both venues; rebalancing and account-specific fees can erase the edge."",""sell_bid"":68763.4}"
2026-09-06T18:07:34+00:00,eu_cross_spot,BTC:buy Kraken / sell Coinbase,BTC,buy Kraken / sell Coinbase,Coinbase<->Kraken,0.443549,-149.556451,NO,"{""buffer_bps"":150.0,""buy_ask"":68763.5,""coinbase_taker_bps"":60.0,""kraken_taker_bps"":80.0,""note"":""Assumes prefunded balances on both venues; rebalancing and account-specific fees can erase the edge."",""sell_bid"":68766.55}"
2026-09-06T18:07:34+00:00,eu_cross_spot,ETH:buy Coinbase / sell Kraken,ETH,buy Coinbase / sell Kraken,Coinbase<->Kraken,-0.558532,-150.558532,NO,"{""buffer_bps"":150.0,""buy_ask"":2148.49,""coinbase_taker_bps"":60.0,""kraken_taker_bps"":80.0,""note"":""Assumes prefunded balances on both venues; rebalancing and account-specific fees can erase the edge."",""sell_bid"":2148.37}"
2026-09-06T18:07:34+00:00,eu_cross_spot,ETH:buy Kraken / sell Coinbase,ETH,buy Kraken / sell Coinbase,Coinbase<->Kraken,-1.210214,-151.210214,NO,"{""buffer_bps"":150.0,""buy_ask"":2148.38,""coinbase_taker_bps"":60.0,""kraken_taker_bps"":80.0,""note"":""Assumes prefunded balances on both venues; rebalancing and account-specific fees can erase the edge."",""sell_bid"":2148.12}"
2026-09-06T18:07:34+00:00,eu_cross_spot,SOL:buy Coinbase / sell Kraken,SOL,buy Coinbase / sell Kraken,Coinbase<->Kraken,-2.182691,-152.182691,NO,"{""buffer_bps"":150.0,""buy_ask"":91.63,""coinbase_taker_bps"":60.0,""kraken_taker_bps"":80.0,""note"":""Assumes prefunded balances on both venues; rebalancing and account-specific fees can erase the edge."",""sell_bid"":91.61}"
2026-09-06T18:07:34+00:00,eu_cross_spot,SOL:buy Kraken / sell Coinbase,SOL,buy Kraken / sell Coinbase,Coinbase<->Kraken,-1.091465,-151.091465,NO,"{""buffer_bps"":150.0,""buy_ask"":91.62,""coinbase_taker_bps"":60.0,""kraken_taker_bps"":80.0,""note"":""Assumes prefunded balances on both venues; rebalancing and account-specific fees can erase the edge."",""sell_bid"":91.61}"
2026-09-06T18:07:34+00:00,eur_triangle,Coinbase:BTC:EUR-USDT-BTC-EUR,BTC,EUR->USDT->BTC->EUR,Coinbase,-1.537294,-190.431949,NO,"{""extra_buffer_bps"":10.0,""fee_bps_per_leg_assumption"":60.0,""note"":""Top-of-book paper cycle. Exact Coinbase fee tier and available size must be validated.""}"
2026-09-06T18:07:34+00:00,eur_triangle,Coinbase:BTC:EUR-BTC-USDT-EUR,BTC,EUR->BTC->USDT->EUR,Coinbase,-2.491520,-191.369101,NO,"{""extra_buffer_bps"":10.0,""fee_bps_per_leg_assumption"":60.0,""note"":""Top-of-book paper cycle. Exact Coinbase fee tier and available size must be validated.""}"
2026-09-06T18:07:34+00:00,eur_triangle,Kraken:BTC:EUR-USDT-BTC-EUR,BTC,EUR->USDT->BTC->EUR,Kraken,-0.686008,-248.754795,NO,"{""extra_buffer_bps"":10.0,""fee_bps_per_leg_assumption"":80.0,""note"":""Top-of-book paper cycle. Exact Kraken fee tier and available size must be validated.""}"
2026-09-06T18:07:34+00:00,eur_triangle,Kraken:BTC:EUR-BTC-USDT-EUR,BTC,EUR->BTC->USDT->EUR,Kraken,-0.877669,-248.941893,NO,"{""extra_buffer_bps"":10.0,""fee_bps_per_leg_assumption"":80.0,""note"":""Top-of-book paper cycle. Exact Kraken fee tier and available size must be validated.""}"
2026-09-06T18:07:34+00:00,eur_triangle,Coinbase:ETH:EUR-USDT-ETH-EUR,ETH,EUR->USDT->ETH->EUR,Coinbase,-3.472512,-192.332541,NO,"{""extra_buffer_bps"":10.0,""fee_bps_per_leg_assumption"":60.0,""note"":""Top-of-book paper cycle. Exact Coinbase fee tier and available size must be validated.""}"
2026-09-06T18:07:34+00:00,eur_triangle,Coinbase:ETH:EUR-ETH-USDT-EUR,ETH,EUR->ETH->USDT->EUR,Coinbase,-2.830563,-191.702078,NO,"{""extra_buffer_bps"":10.0,""fee_bps_per_leg_assumption"":60.0,""note"":""Top-of-book paper cycle. Exact Coinbase fee tier and available size must be validated.""}"
2026-09-06T18:07:34+00:00,eur_triangle,Kraken:ETH:EUR-USDT-ETH-EUR,ETH,EUR->USDT->ETH->EUR,Kraken,-1.182501,-249.239467,NO,"{""extra_buffer_bps"":10.0,""fee_bps_per_leg_assumption"":80.0,""note"":""Top-of-book paper cycle. Exact Kraken fee tier and available size must be validated.""}"
2026-09-06T18:07:34+00:00,eur_triangle,Kraken:ETH:EUR-ETH-USDT-EUR,ETH,EUR->ETH->USDT->EUR,Kraken,-0.145095,-248.226761,NO,"{""extra_buffer_bps"":10.0,""fee_bps_per_leg_assumption"":80.0,""note"":""Top-of-book paper cycle. Exact Kraken fee tier and available size must be validated.""}"
2026-09-06T18:07:34+00:00,eur_triangle,Coinbase:SOL:EUR-USDT-SOL-EUR,SOL,EUR->USDT->SOL->EUR,Coinbase,-1.032695,-189.936378,NO,"{""extra_buffer_bps"":10.0,""fee_bps_per_leg_assumption"":60.0,""note"":""Top-of-book paper cycle. Exact Coinbase fee tier and available size must be validated.""}"
2026-09-06T18:07:34+00:00,eur_triangle,Coinbase:SOL:EUR-SOL-USDT-EUR,SOL,EUR->SOL->USDT->EUR,Coinbase,-2.902674,-191.772899,NO,"{""extra_buffer_bps"":10.0,""fee_bps_per_leg_assumption"":60.0,""note"":""Top-of-book paper cycle. Exact Coinbase fee tier and available size must be validated.""}"
2026-09-06T18:07:34+00:00,eur_triangle,Kraken:SOL:EUR-USDT-SOL-EUR,SOL,EUR->USDT->SOL->EUR,Kraken,-1.148760,-249.206530,NO,"{""extra_buffer_bps"":10.0,""fee_bps_per_leg_assumption"":80.0,""note"":""Top-of-book paper cycle. Exact Kraken fee tier and available size must be validated.""}"
2026-09-06T18:07:34+00:00,eur_triangle,Kraken:SOL:EUR-SOL-USDT-EUR,SOL,EUR->SOL->USDT->EUR,Kraken,-2.043659,-250.080122,NO,"{""extra_buffer_bps"":10.0,""fee_bps_per_leg_assumption"":80.0,""note"":""Top-of-book paper cycle. Exact Kraken fee tier and available size must be validated.""}"
2026-09-06T18:07:34+00:00,stable_eur_dislocation,Coinbase:USDC-EUR-USDT,USDC/USDT,USDC->EUR->USDT,Coinbase,-1.044702,-31.044702,NO,"{""buffer_bps"":30.0,""note"":""Two-leg stablecoin conversion via EUR; issuer, venue and fee risks remain."",""usdc_eur"":{""ask"":0.8615,""bid"":0.8614,""last"":0.8615},""usdt_eur"":{""ask"":0.86149,""bid"":0.86142,""last"":0.86144}}"
2026-09-06T18:07:34+00:00,stable_eur_dislocation,Coinbase:USDT-EUR-USDC,USDT/USDC,USDT->EUR->USDC,Coinbase,-0.928613,-30.928613,NO,"{""buffer_bps"":30.0,""note"":""Two-leg stablecoin conversion via EUR; issuer, venue and fee risks remain."",""usdc_eur"":{""ask"":0.8615,""bid"":0.8614,""last"":0.8615},""usdt_eur"":{""ask"":0.86149,""bid"":0.86142,""last"":0.86144}}"
2026-09-06T18:07:34+00:00,stable_eur_dislocation,Kraken:USDC-EUR-USDT,USDC/USDT,USDC->EUR->USDT,Kraken,-1.160766,-51.160766,NO,"{""buffer_bps"":50.0,""note"":""Two-leg stablecoin conversion via EUR; issuer, venue and fee risks remain."",""usdc_eur"":{""ask"":0.8615,""bid"":0.8614,""last"":0.8615},""usdt_eur"":{""ask"":0.8615,""bid"":0.8614,""last"":0.8614}}"
2026-09-06T18:07:34+00:00,stable_eur_dislocation,Kraken:USDT-EUR-USDC,USDT/USDC,USDT->EUR->USDC,Kraken,-1.160766,-51.160766,NO,"{""buffer_bps"":50.0,""note"":""Two-leg stablecoin conversion via EUR; issuer, venue and fee risks remain."",""usdc_eur"":{""ask"":0.8615,""bid"":0.8614,""last"":0.8615},""usdt_eur"":{""ask"":0.8615,""bid"":0.8614,""last"":0.8614}}"
2026-09-06T18:25:07+00:00,eu_cross_spot,BTC:buy Coinbase / sell Kraken,BTC,buy Coinbase / sell Kraken,Coinbase<->Kraken,-1.227444,-151.227444,NO,"{""buffer_bps"":150.0,""buy_ask"":68842.25,""coinbase_taker_bps"":60.0,""kraken_taker_bps"":80.0,""note"":""Assumes prefunded balances on both venues; rebalancing and account-specific fees can erase the edge."",""sell_bid"":68833.8}"
2026-09-06T18:25:07+00:00,eu_cross_spot,BTC:buy Kraken / sell Coinbase,BTC,buy Kraken / sell Coinbase,Coinbase<->Kraken,-0.081355,-150.081355,NO,"{""buffer_bps"":150.0,""buy_ask"":68833.9,""coinbase_taker_bps"":60.0,""kraken_taker_bps"":80.0,""note"":""Assumes prefunded balances on both venues; rebalancing and account-specific fees can erase the edge."",""sell_bid"":68833.34}"
2026-09-06T18:25:07+00:00,eu_cross_spot,ETH:buy Coinbase / sell Kraken,ETH,buy Coinbase / sell Kraken,Coinbase<->Kraken,-2.836550,-152.836550,NO,"{""buffer_bps"":150.0,""buy_ask"":2150.5,""coinbase_taker_bps"":60.0,""kraken_taker_bps"":80.0,""note"":""Assumes prefunded balances on both venues; rebalancing and account-specific fees can erase the edge."",""sell_bid"":2149.89}"
2026-09-06T18:25:07+00:00,eu_cross_spot,ETH:buy Kraken / sell Coinbase,ETH,buy Kraken / sell Coinbase,Coinbase<->Kraken,-3.765883,-153.765883,NO,"{""buffer_bps"":150.0,""buy_ask"":2150.89,""coinbase_taker_bps"":60.0,""kraken_taker_bps"":80.0,""note"":""Assumes prefunded balances on both venues; rebalancing and account-specific fees can erase the edge."",""sell_bid"":2150.08}"
2026-09-06T18:25:07+00:00,eu_cross_spot,SOL:buy Coinbase / sell Kraken,SOL,buy Coinbase / sell Kraken,Coinbase<->Kraken,-2.182453,-152.182453,NO,"{""buffer_bps"":150.0,""buy_ask"":91.64,""coinbase_taker_bps"":60.0,""kraken_taker_bps"":80.0,""note"":""Assumes prefunded balances on both venues; rebalancing and account-specific fees can erase the edge."",""sell_bid"":91.62}"
2026-09-06T18:25:07+00:00,eu_cross_spot,SOL:buy Kraken / sell Coinbase,SOL,buy Kraken / sell Coinbase,Coinbase<->Kraken,-1.091346,-151.091346,NO,"{""buffer_bps"":150.0,""buy_ask"":91.63,""coinbase_taker_bps"":60.0,""kraken_taker_bps"":80.0,""note"":""Assumes prefunded balances on both venues; rebalancing and account-specific fees can erase the edge."",""sell_bid"":91.62}"
2026-09-06T18:25:07+00:00,eur_triangle,Coinbase:BTC:EUR-USDT-BTC-EUR,BTC,EUR->USDT->BTC->EUR,Coinbase,-1.431490,-190.328038,NO,"{""extra_buffer_bps"":10.0,""fee_bps_per_leg_assumption"":60.0,""note"":""Top-of-book paper cycle. Exact Coinbase fee tier and available size must be validated.""}"
2026-09-06T18:25:07+00:00,eur_triangle,Coinbase:BTC:EUR-BTC-USDT-EUR,BTC,EUR->BTC->USDT->EUR,Coinbase,-2.446802,-191.325183,NO,"{""extra_buffer_bps"":10.0,""fee_bps_per_leg_assumption"":60.0,""note"":""Top-of-book paper cycle. Exact Coinbase fee tier and available size must be validated.""}"
2026-09-06T18:25:07+00:00,eur_triangle,Kraken:BTC:EUR-USDT-BTC-EUR,BTC,EUR->USDT->BTC->EUR,Kraken,-0.745632,-248.812999,NO,"{""extra_buffer_bps"":10.0,""fee_bps_per_leg_assumption"":80.0,""note"":""Top-of-book paper cycle. Exact Kraken fee tier and available size must be validated.""}"
2026-09-06T18:25:07+00:00,eur_triangle,Kraken:BTC:EUR-BTC-USDT-EUR,BTC,EUR->BTC->USDT->EUR,Kraken,-0.442207,-248.516798,NO,"{""extra_buffer_bps"":10.0,""fee_bps_per_leg_assumption"":80.0,""note"":""Top-of-book paper cycle. Exact Kraken fee tier and available size must be validated.""}"
2026-09-06T18:25:07+00:00,eur_triangle,Coinbase:ETH:EUR-USDT-ETH-EUR,ETH,EUR->USDT->ETH->EUR,Coinbase,-3.977457,-192.828452,NO,"{""extra_buffer_bps"":10.0,""fee_bps_per_leg_assumption"":60.0,""note"":""Top-of-book paper cycle. Exact Coinbase fee tier and available size must be validated.""}"
2026-09-06T18:25:07+00:00,eur_triangle,Coinbase:ETH:EUR-ETH-USDT-EUR,ETH,EUR->ETH->USDT->EUR,Coinbase,-3.125880,-191.992111,NO,"{""extra_buffer_bps"":10.0,""fee_bps_per_leg_assumption"":60.0,""note"":""Top-of-book paper cycle. Exact Coinbase fee tier and available size must be validated.""}"
2026-09-06T18:25:07+00:00,eur_triangle,Kraken:ETH:EUR-USDT-ETH-EUR,ETH,EUR->USDT->ETH->EUR,Kraken,-3.327086,-251.332993,NO,"{""extra_buffer_bps"":10.0,""fee_bps_per_leg_assumption"":80.0,""note"":""Top-of-book paper cycle. Exact Kraken fee tier and available size must be validated.""}"
2026-09-06T18:25:07+00:00,eur_triangle,Kraken:ETH:EUR-ETH-USDT-EUR,ETH,EUR->ETH->USDT->EUR,Kraken,-2.523253,-250.548298,NO,"{""extra_buffer_bps"":10.0,""fee_bps_per_leg_assumption"":80.0,""note"":""Top-of-book paper cycle. Exact Kraken fee tier and available size must be validated.""}"
2026-09-06T18:25:07+00:00,eur_triangle,Coinbase:SOL:EUR-USDT-SOL-EUR,SOL,EUR->USDT->SOL->EUR,Coinbase,-1.589346,-190.483069,NO,"{""extra_buffer_bps"":10.0,""fee_bps_per_leg_assumption"":60.0,""note"":""Top-of-book paper cycle. Exact Coinbase fee tier and available size must be validated.""}"
2026-09-06T18:25:07+00:00,eur_triangle,Coinbase:SOL:EUR-SOL-USDT-EUR,SOL,EUR->SOL->USDT->EUR,Coinbase,-2.937527,-191.807128,NO,"{""extra_buffer_bps"":10.0,""fee_bps_per_leg_assumption"":60.0,""note"":""Top-of-book paper cycle. Exact Coinbase fee tier and available size must be validated.""}"
2026-09-06T18:25:07+00:00,eur_triangle,Kraken:SOL:EUR-USDT-SOL-EUR,SOL,EUR->USDT->SOL->EUR,Kraken,-0.997499,-249.058870,NO,"{""extra_buffer_bps"":10.0,""fee_bps_per_leg_assumption"":80.0,""note"":""Top-of-book paper cycle. Exact Kraken fee tier and available size must be validated.""}"
2026-09-06T18:25:07+00:00,eur_triangle,Kraken:SOL:EUR-SOL-USDT-EUR,SOL,EUR->SOL->USDT->EUR,Kraken,-4.074866,-252.062970,NO,"{""extra_buffer_bps"":10.0,""fee_bps_per_leg_assumption"":80.0,""note"":""Top-of-book paper cycle. Exact Kraken fee tier and available size must be validated.""}"
2026-09-06T18:25:07+00:00,stable_eur_dislocation,Coinbase:USDC-EUR-USDT,USDC/USDT,USDC->EUR->USDT,Coinbase,-0.812565,-30.812565,NO,"{""buffer_bps"":30.0,""note"":""Two-leg stablecoin conversion via EUR; issuer, venue and fee risks remain."",""usdc_eur"":{""ask"":0.8615,""bid"":0.8614,""last"":0.8615},""usdt_eur"":{""ask"":0.86147,""bid"":0.86143,""last"":0.8614}}"
2026-09-06T18:25:07+00:00,stable_eur_dislocation,Coinbase:USDT-EUR-USDC,USDT/USDC,USDT->EUR->USDC,Coinbase,-0.812536,-30.812536,NO,"{""buffer_bps"":30.0,""note"":""Two-leg stablecoin conversion via EUR; issuer, venue and fee risks remain."",""usdc_eur"":{""ask"":0.8615,""bid"":0.8614,""last"":0.8615},""usdt_eur"":{""ask"":0.86147,""bid"":0.86143,""last"":0.8614}}"
2026-09-06T18:25:07+00:00,stable_eur_dislocation,Kraken:USDC-EUR-USDT,USDC/USDT,USDC->EUR->USDT,Kraken,-1.160766,-51.160766,NO,"{""buffer_bps"":50.0,""note"":""Two-leg stablecoin conversion via EUR; issuer, venue and fee risks remain."",""usdc_eur"":{""ask"":0.8615,""bid"":0.8614,""last"":0.8614},""usdt_eur"":{""ask"":0.8615,""bid"":0.8614,""last"":0.8614}}"
2026-09-06T18:25:07+00:00,stable_eur_dislocation,Kraken:USDT-EUR-USDC,USDT/USDC,USDT->EUR->USDC,Kraken,-1.160766,-51.160766,NO,"{""buffer_bps"":50.0,""note"":""Two-leg stablecoin conversion via EUR; issuer, venue and fee risks remain."",""usdc_eur"":{""ask"":0.8615,""bid"":0.8614,""last"":0.8614},""usdt_eur"":{""ask"":0.8615,""bid"":0.8614,""last"":0.8614}}"
2026-09-06T18:57:48+00:00,eu_cross_spot,BTC:buy Coinbase / sell Kraken,BTC,buy Coinbase / sell Kraken,Coinbase<->Kraken,0.100204,-149.899796,NO,"{""buffer_bps"":150.0,""buy_ask"":68859.21,""coinbase_taker_bps"":60.0,""kraken_taker_bps"":80.0,""note"":""Assumes prefunded balances on both venues; rebalancing and account-specific fees can erase the edge."",""sell_bid"":68859.9}"
2026-09-06T18:57:48+00:00,eu_cross_spot,BTC:buy Kraken / sell Coinbase,BTC,buy Kraken / sell Coinbase,Coinbase<->Kraken,-0.820505,-150.820505,NO,"{""buffer_bps"":150.0,""buy_ask"":68860.0,""coinbase_taker_bps"":60.0,""kraken_taker_bps"":80.0,""note"":""Assumes prefunded balances on both venues; rebalancing and account-specific fees can erase the edge."",""sell_bid"":68854.35}"
2026-09-06T18:57:48+00:00,eu_cross_spot,ETH:buy Coinbase / sell Kraken,ETH,buy Coinbase / sell Kraken,Coinbase<->Kraken,-0.372287,-150.372287,NO,"{""buffer_bps"":150.0,""buy_ask"":2148.88,""coinbase_taker_bps"":60.0,""kraken_taker_bps"":80.0,""note"":""Assumes prefunded balances on both venues; rebalancing and account-specific fees can erase the edge."",""sell_bid"":2148.8}"
2026-09-06T18:57:48+00:00,eu_cross_spot,ETH:buy Kraken / sell Coinbase,ETH,buy Kraken / sell Coinbase,Coinbase<->Kraken,-0.744598,-150.744598,NO,"{""buffer_bps"":150.0,""buy_ask"":2148.81,""coinbase_taker_bps"":60.0,""kraken_taker_bps"":80.0,""note"":""Assumes prefunded balances on both venues; rebalancing and account-specific fees can erase the edge."",""sell_bid"":2148.65}"
2026-09-06T18:57:48+00:00,eu_cross_spot,SOL:buy Coinbase / sell Kraken,SOL,buy Coinbase / sell Kraken,Coinbase<->Kraken,-1.096011,-151.096011,NO,"{""buffer_bps"":150.0,""buy_ask"":91.24,""coinbase_taker_bps"":60.0,""kraken_taker_bps"":80.0,""note"":""Assumes prefunded balances on both venues; rebalancing and account-specific fees can erase the edge."",""sell_bid"":91.23}"
2026-09-06T18:57:48+00:00,eu_cross_spot,SOL:buy Kraken / sell Coinbase,SOL,buy Kraken / sell Coinbase,Coinbase<->Kraken,-1.096011,-151.096011,NO,"{""buffer_bps"":150.0,""buy_ask"":91.24,""coinbase_taker_bps"":60.0,""kraken_taker_bps"":80.0,""note"":""Assumes prefunded balances on both venues; rebalancing and account-specific fees can erase the edge."",""sell_bid"":91.23}"
2026-09-06T18:57:48+00:00,eur_triangle,Coinbase:BTC:EUR-USDT-BTC-EUR,BTC,EUR->USDT->BTC->EUR,Coinbase,-0.740189,-189.649105,NO,"{""extra_buffer_bps"":10.0,""fee_bps_per_leg_assumption"":60.0,""note"":""Top-of-book paper cycle. Exact Coinbase fee tier and available size must be validated.""}"
2026-09-06T18:57:48+00:00,eur_triangle,Coinbase:BTC:EUR-BTC-USDT-EUR,BTC,EUR->BTC->USDT->EUR,Coinbase,-2.103699,-190.988219,NO,"{""extra_buffer_bps"":10.0,""fee_bps_per_leg_assumption"":60.0,""note"":""Top-of-book paper cycle. Exact Coinbase fee tier and available size must be validated.""}"
2026-09-06T18:57:48+00:00,eur_triangle,Kraken:BTC:EUR-USDT-BTC-EUR,BTC,EUR->USDT->BTC->EUR,Kraken,0.408045,-247.686790,NO,"{""extra_buffer_bps"":10.0,""fee_bps_per_leg_assumption"":80.0,""note"":""Top-of-book paper cycle. Exact Kraken fee tier and available size must be validated.""}"
2026-09-06T18:57:48+00:00,eur_triangle,Kraken:BTC:EUR-BTC-USDT-EUR,BTC,EUR->BTC->USDT->EUR,Kraken,-1.595643,-249.642773,NO,"{""extra_buffer_bps"":10.0,""fee_bps_per_leg_assumption"":80.0,""note"":""Top-of-book paper cycle. Exact Kraken fee tier and available size must be validated.""}"
2026-09-06T18:57:48+00:00,eur_triangle,Coinbase:ETH:EUR-USDT-ETH-EUR,ETH,EUR->USDT->ETH->EUR,Coinbase,-0.991443,-189.895864,NO,"{""extra_buffer_bps"":10.0,""fee_bps_per_leg_assumption"":60.0,""note"":""Top-of-book paper cycle. Exact Coinbase fee tier and available size must be validated.""}"
2026-09-06T18:57:48+00:00,eur_triangle,Coinbase:ETH:EUR-ETH-USDT-EUR,ETH,EUR->ETH->USDT->EUR,Coinbase,-2.841270,-191.712593,NO,"{""extra_buffer_bps"":10.0,""fee_bps_per_leg_assumption"":60.0,""note"":""Top-of-book paper cycle. Exact Coinbase fee tier and available size must be validated.""}"
2026-09-06T18:57:48+00:00,eur_triangle,Kraken:ETH:EUR-USDT-ETH-EUR,ETH,EUR->USDT->ETH->EUR,Kraken,-0.983410,-249.045117,NO,"{""extra_buffer_bps"":10.0,""fee_bps_per_leg_assumption"":80.0,""note"":""Top-of-book paper cycle. Exact Kraken fee tier and available size must be validated.""}"
2026-09-06T18:57:48+00:00,eur_triangle,Kraken:ETH:EUR-ETH-USDT-EUR,ETH,EUR->ETH->USDT->EUR,Kraken,-0.263867,-248.342705,NO,"{""extra_buffer_bps"":10.0,""fee_bps_per_leg_assumption"":80.0,""note"":""Top-of-book paper cycle. Exact Kraken fee tier and available size must be validated.""}"
2026-09-06T18:57:48+00:00,eur_triangle,Coinbase:SOL:EUR-USDT-SOL-EUR,SOL,EUR->USDT->SOL->EUR,Coinbase,-1.705069,-190.596722,NO,"{""extra_buffer_bps"":10.0,""fee_bps_per_leg_assumption"":60.0,""note"":""Top-of-book paper cycle. Exact Coinbase fee tier and available size must be validated.""}"
2026-09-06T18:57:48+00:00,eur_triangle,Coinbase:SOL:EUR-SOL-USDT-EUR,SOL,EUR->SOL->USDT->EUR,Coinbase,-1.395572,-190.292762,NO,"{""extra_buffer_bps"":10.0,""fee_bps_per_leg_assumption"":60.0,""note"":""Top-of-book paper cycle. Exact Coinbase fee tier and available size must be validated.""}"
2026-09-06T18:57:48+00:00,eur_triangle,Kraken:SOL:EUR-USDT-SOL-EUR,SOL,EUR->USDT->SOL->EUR,Kraken,-1.472983,-249.523033,NO,"{""extra_buffer_bps"":10.0,""fee_bps_per_leg_assumption"":80.0,""note"":""Top-of-book paper cycle. Exact Kraken fee tier and available size must be validated.""}"
2026-09-06T18:57:48+00:00,eur_triangle,Kraken:SOL:EUR-SOL-USDT-EUR,SOL,EUR->SOL->USDT->EUR,Kraken,-2.672074,-250.693576,NO,"{""extra_buffer_bps"":10.0,""fee_bps_per_leg_assumption"":80.0,""note"":""Top-of-book paper cycle. Exact Kraken fee tier and available size must be validated.""}"
2026-09-06T18:57:48+00:00,stable_eur_dislocation,Coinbase:USDC-EUR-USDT,USDC/USDT,USDC->EUR->USDT,Coinbase,-1.392725,-31.392725,NO,"{""buffer_bps"":30.0,""note"":""Two-leg stablecoin conversion via EUR; issuer, venue and fee risks remain."",""usdc_eur"":{""ask"":0.8616,""bid"":0.8615,""last"":0.8615},""usdt_eur"":{""ask"":0.86162,""bid"":0.86161,""last"":0.86163}}"
2026-09-06T18:57:48+00:00,stable_eur_dislocation,Coinbase:USDT-EUR-USDC,USDT/USDC,USDT->EUR->USDC,Coinbase,0.116063,-29.883937,NO,"{""buffer_bps"":30.0,""note"":""Two-leg stablecoin conversion via EUR; issuer, venue and fee risks remain."",""usdc_eur"":{""ask"":0.8616,""bid"":0.8615,""last"":0.8615},""usdt_eur"":{""ask"":0.86162,""bid"":0.86161,""last"":0.86163}}"
2026-09-06T18:57:48+00:00,stable_eur_dislocation,Kraken:USDC-EUR-USDT,USDC/USDT,USDC->EUR->USDT,Kraken,-1.160631,-51.160631,NO,"{""buffer_bps"":50.0,""note"":""Two-leg stablecoin conversion via EUR; issuer, venue and fee risks remain."",""usdc_eur"":{""ask"":0.8616,""bid"":0.8615,""last"":0.8616},""usdt_eur"":{""ask"":0.8616,""bid"":0.8615,""last"":0.8616}}"
2026-09-06T18:57:48+00:00,stable_eur_dislocation,Kraken:USDT-EUR-USDC,USDT/USDC,USDT->EUR->USDC,Kraken,-1.160631,-51.160631,NO,"{""buffer_bps"":50.0,""note"":""Two-leg stablecoin conversion via EUR; issuer, venue and fee risks remain."",""usdc_eur"":{""ask"":0.8616,""bid"":0.8615,""last"":0.8616},""usdt_eur"":{""ask"":0.8616,""bid"":0.8615,""last"":0.8616}}"
2026-09-06T19:10:16+00:00,eu_cross_spot,BTC:buy Coinbase / sell Kraken,BTC,buy Coinbase / sell Kraken,Coinbase<->Kraken,-0.219394,-150.219394,NO,"{""buffer_bps"":150.0,""buy_ask"":68825.81,""coinbase_taker_bps"":60.0,""kraken_taker_bps"":80.0,""note"":""Assumes prefunded balances on both venues; rebalancing and account-specific fees can erase the edge."",""sell_bid"":68824.3}"
2026-09-06T19:10:16+00:00,eu_cross_spot,BTC:buy Kraken / sell Coinbase,BTC,buy Kraken / sell Coinbase,Coinbase<->Kraken,0.203416,-149.796584,NO,"{""buffer_bps"":150.0,""buy_ask"":68824.4,""coinbase_taker_bps"":60.0,""kraken_taker_bps"":80.0,""note"":""Assumes prefunded balances on both venues; rebalancing and account-specific fees can erase the edge."",""sell_bid"":68825.8}"
2026-09-06T19:10:16+00:00,eu_cross_spot,ETH:buy Coinbase / sell Kraken,ETH,buy Coinbase / sell Kraken,Coinbase<->Kraken,-0.232866,-150.232866,NO,"{""buffer_bps"":150.0,""buy_ask"":2147.16,""coinbase_taker_bps"":60.0,""kraken_taker_bps"":80.0,""note"":""Assumes prefunded balances on both venues; rebalancing and account-specific fees can erase the edge."",""sell_bid"":2147.11}"
2026-09-06T19:10:16+00:00,eu_cross_spot,ETH:buy Kraken / sell Coinbase,ETH,buy Kraken / sell Coinbase,Coinbase<->Kraken,-0.512314,-150.512314,NO,"{""buffer_bps"":150.0,""buy_ask"":2147.12,""coinbase_taker_bps"":60.0,""kraken_taker_bps"":80.0,""note"":""Assumes prefunded balances on both venues; rebalancing and account-specific fees can erase the edge."",""sell_bid"":2147.01}"
2026-09-06T19:10:16+00:00,eu_cross_spot,SOL:buy Coinbase / sell Kraken,SOL,buy Coinbase / sell Kraken,Coinbase<->Kraken,-2.192982,-152.192982,NO,"{""buffer_bps"":150.0,""buy_ask"":91.2,""coinbase_taker_bps"":60.0,""kraken_taker_bps"":80.0,""note"":""Assumes prefunded balances on both venues; rebalancing and account-specific fees can erase the edge."",""sell_bid"":91.18}"
2026-09-06T19:10:16+00:00,eu_cross_spot,SOL:buy Kraken / sell Coinbase,SOL,buy Kraken / sell Coinbase,Coinbase<->Kraken,-1.096611,-151.096611,NO,"{""buffer_bps"":150.0,""buy_ask"":91.19,""coinbase_taker_bps"":60.0,""kraken_taker_bps"":80.0,""note"":""Assumes prefunded balances on both venues; rebalancing and account-specific fees can erase the edge."",""sell_bid"":91.18}"
2026-09-06T19:10:16+00:00,eur_triangle,Coinbase:BTC:EUR-USDT-BTC-EUR,BTC,EUR->USDT->BTC->EUR,Coinbase,-0.932620,-189.838093,NO,"{""extra_buffer_bps"":10.0,""fee_bps_per_leg_assumption"":60.0,""note"":""Top-of-book paper cycle. Exact Coinbase fee tier and available size must be validated.""}"
2026-09-06T19:10:16+00:00,eur_triangle,Coinbase:BTC:EUR-BTC-USDT-EUR,BTC,EUR->BTC->USDT->EUR,Coinbase,-1.744691,-190.635635,NO,"{""extra_buffer_bps"":10.0,""fee_bps_per_leg_assumption"":60.0,""note"":""Top-of-book paper cycle. Exact Coinbase fee tier and available size must be validated.""}"
2026-09-06T19:10:16+00:00,eur_triangle,Kraken:BTC:EUR-USDT-BTC-EUR,BTC,EUR->USDT->BTC->EUR,Kraken,-0.967409,-249.029497,NO,"{""extra_buffer_bps"":10.0,""fee_bps_per_leg_assumption"":80.0,""note"":""Top-of-book paper cycle. Exact Kraken fee tier and available size must be validated.""}"
2026-09-06T19:10:16+00:00,eur_triangle,Kraken:BTC:EUR-BTC-USDT-EUR,BTC,EUR->BTC->USDT->EUR,Kraken,-0.220154,-248.300033,NO,"{""extra_buffer_bps"":10.0,""fee_bps_per_leg_assumption"":80.0,""note"":""Top-of-book paper cycle. Exact Kraken fee tier and available size must be validated.""}"
2026-09-06T19:10:16+00:00,eur_triangle,Coinbase:ETH:EUR-USDT-ETH-EUR,ETH,EUR->USDT->ETH->EUR,Coinbase,-2.219265,-191.101718,NO,"{""extra_buffer_bps"":10.0,""fee_bps_per_leg_assumption"":60.0,""note"":""Top-of-book paper cycle. Exact Coinbase fee tier and available size must be validated.""}"
2026-09-06T19:10:16+00:00,eur_triangle,Coinbase:ETH:EUR-ETH-USDT-EUR,ETH,EUR->ETH->USDT->EUR,Coinbase,-2.483416,-191.361142,NO,"{""extra_buffer_bps"":10.0,""fee_bps_per_leg_assumption"":60.0,""note"":""Top-of-book paper cycle. Exact Coinbase fee tier and available size must be validated.""}"
2026-09-06T19:10:16+00:00,eur_triangle,Kraken:ETH:EUR-USDT-ETH-EUR,ETH,EUR->USDT->ETH->EUR,Kraken,-0.505435,-248.578522,NO,"{""extra_buffer_bps"":10.0,""fee_bps_per_leg_assumption"":80.0,""note"":""Top-of-book paper cycle. Exact Kraken fee tier and available size must be validated.""}"
2026-09-06T19:10:16+00:00,eur_triangle,Kraken:ETH:EUR-ETH-USDT-EUR,ETH,EUR->ETH->USDT->EUR,Kraken,-0.822050,-248.887598,NO,"{""extra_buffer_bps"":10.0,""fee_bps_per_leg_assumption"":80.0,""note"":""Top-of-book paper cycle. Exact Kraken fee tier and available size must be validated.""}"
2026-09-06T19:10:16+00:00,eur_triangle,Coinbase:SOL:EUR-USDT-SOL-EUR,SOL,EUR->USDT->SOL->EUR,Coinbase,-1.387469,-190.284804,NO,"{""extra_buffer_bps"":10.0,""fee_bps_per_leg_assumption"":60.0,""note"":""Top-of-book paper cycle. Exact Coinbase fee tier and available size must be validated.""}"
2026-09-06T19:10:16+00:00,eur_triangle,Coinbase:SOL:EUR-SOL-USDT-EUR,SOL,EUR->SOL->USDT->EUR,Coinbase,-1.982522,-190.869210,NO,"{""extra_buffer_bps"":10.0,""fee_bps_per_leg_assumption"":60.0,""note"":""Top-of-book paper cycle. Exact Coinbase fee tier and available size must be validated.""}"
2026-09-06T19:10:16+00:00,eur_triangle,Kraken:SOL:EUR-USDT-SOL-EUR,SOL,EUR->USDT->SOL->EUR,Kraken,-2.448183,-250.475016,NO,"{""extra_buffer_bps"":10.0,""fee_bps_per_leg_assumption"":80.0,""note"":""Top-of-book paper cycle. Exact Kraken fee tier and available size must be validated.""}"
2026-09-06T19:10:16+00:00,eur_triangle,Kraken:SOL:EUR-SOL-USDT-EUR,SOL,EUR->SOL->USDT->EUR,Kraken,-0.753591,-248.820770,NO,"{""extra_buffer_bps"":10.0,""fee_bps_per_leg_assumption"":80.0,""note"":""Top-of-book paper cycle. Exact Kraken fee tier and available size must be validated.""}"
2026-09-06T19:10:16+00:00,stable_eur_dislocation,Coinbase:USDC-EUR-USDT,USDC/USDT,USDC->EUR->USDT,Coinbase,-1.044459,-31.044459,NO,"{""buffer_bps"":30.0,""note"":""Two-leg stablecoin conversion via EUR; issuer, venue and fee risks remain."",""usdc_eur"":{""ask"":0.8617,""bid"":0.8616,""last"":0.8617},""usdt_eur"":{""ask"":0.86169,""bid"":0.86167,""last"":0.86169}}"
2026-09-06T19:10:16+00:00,stable_eur_dislocation,Coinbase:USDT-EUR-USDC,USDT/USDC,USDT->EUR->USDC,Coinbase,-0.348149,-30.348149,NO,"{""buffer_bps"":30.0,""note"":""Two-leg stablecoin conversion via EUR; issuer, venue and fee risks remain."",""usdc_eur"":{""ask"":0.8617,""bid"":0.8616,""last"":0.8617},""usdt_eur"":{""ask"":0.86169,""bid"":0.86167,""last"":0.86169}}"
2026-09-06T19:10:16+00:00,stable_eur_dislocation,Kraken:USDC-EUR-USDT,USDC/USDT,USDC->EUR->USDT,Kraken,-1.160497,-51.160497,NO,"{""buffer_bps"":50.0,""note"":""Two-leg stablecoin conversion via EUR; issuer, venue and fee risks remain."",""usdc_eur"":{""ask"":0.8617,""bid"":0.8616,""last"":0.8617},""usdt_eur"":{""ask"":0.8617,""bid"":0.8616,""last"":0.8616}}"
2026-09-06T19:10:16+00:00,stable_eur_dislocation,Kraken:USDT-EUR-USDC,USDT/USDC,USDT->EUR->USDC,Kraken,-1.160497,-51.160497,NO,"{""buffer_bps"":50.0,""note"":""Two-leg stablecoin conversion via EUR; issuer, venue and fee risks remain."",""usdc_eur"":{""ask"":0.8617,""bid"":0.8616,""last"":0.8617},""usdt_eur"":{""ask"":0.8617,""bid"":0.8616,""last"":0.8616}}"
2026-09-06T20:27:32+00:00,eu_cross_spot,BTC:buy Coinbase / sell Kraken,BTC,buy Coinbase / sell Kraken,Coinbase<->Kraken,0.354440,-149.645560,NO,"{""buffer_bps"":150.0,""buy_ask"":68841.06,""coinbase_taker_bps"":60.0,""kraken_taker_bps"":80.0,""note"":""Assumes prefunded balances on both venues; rebalancing and account-specific fees can erase the edge."",""sell_bid"":68843.5}"
2026-09-06T20:27:32+00:00,eu_cross_spot,BTC:buy Kraken / sell Coinbase,BTC,buy Kraken / sell Coinbase,Coinbase<->Kraken,-0.486610,-150.486610,NO,"{""buffer_bps"":150.0,""buy_ask"":68843.6,""coinbase_taker_bps"":60.0,""kraken_taker_bps"":80.0,""note"":""Assumes prefunded balances on both venues; rebalancing and account-specific fees can erase the edge."",""sell_bid"":68840.25}"
2026-09-06T20:27:32+00:00,eu_cross_spot,ETH:buy Coinbase / sell Kraken,ETH,buy Coinbase / sell Kraken,Coinbase<->Kraken,-0.139553,-150.139553,NO,"{""buffer_bps"":150.0,""buy_ask"":2149.72,""coinbase_taker_bps"":60.0,""kraken_taker_bps"":80.0,""note"":""Assumes prefunded balances on both venues; rebalancing and account-specific fees can erase the edge."",""sell_bid"":2149.69}"
2026-09-06T20:27:32+00:00,eu_cross_spot,ETH:buy Kraken / sell Coinbase,ETH,buy Kraken / sell Coinbase,Coinbase<->Kraken,-1.069917,-151.069917,NO,"{""buffer_bps"":150.0,""buy_ask"":2149.7,""coinbase_taker_bps"":60.0,""kraken_taker_bps"":80.0,""note"":""Assumes prefunded balances on both venues; rebalancing and account-specific fees can erase the edge."",""sell_bid"":2149.47}"
2026-09-06T20:27:32+00:00,eu_cross_spot,SOL:buy Coinbase / sell Kraken,SOL,buy Coinbase / sell Kraken,Coinbase<->Kraken,-1.098780,-151.098780,NO,"{""buffer_bps"":150.0,""buy_ask"":91.01,""coinbase_taker_bps"":60.0,""kraken_taker_bps"":80.0,""note"":""Assumes prefunded balances on both venues; rebalancing and account-specific fees can erase the edge."",""sell_bid"":91.0}"
2026-09-06T20:27:32+00:00,eu_cross_spot,SOL:buy Kraken / sell Coinbase,SOL,buy Kraken / sell Coinbase,Coinbase<->Kraken,-2.197561,-152.197561,NO,"{""buffer_bps"":150.0,""buy_ask"":91.01,""coinbase_taker_bps"":60.0,""kraken_taker_bps"":80.0,""note"":""Assumes prefunded balances on both venues; rebalancing and account-specific fees can erase the edge."",""sell_bid"":90.99}"
2026-09-06T20:27:32+00:00,eur_triangle,Coinbase:BTC:EUR-USDT-BTC-EUR,BTC,EUR->USDT->BTC->EUR,Coinbase,-0.551728,-189.464017,NO,"{""extra_buffer_bps"":10.0,""fee_bps_per_leg_assumption"":60.0,""note"":""Top-of-book paper cycle. Exact Coinbase fee tier and available size must be validated.""}"
2026-09-06T20:27:32+00:00,eur_triangle,Coinbase:BTC:EUR-BTC-USDT-EUR,BTC,EUR->BTC->USDT->EUR,Coinbase,-1.960119,-190.847208,NO,"{""extra_buffer_bps"":10.0,""fee_bps_per_leg_assumption"":60.0,""note"":""Top-of-book paper cycle. Exact Coinbase fee tier and available size must be validated.""}"
2026-09-06T20:27:32+00:00,eur_triangle,Kraken:BTC:EUR-USDT-BTC-EUR,BTC,EUR->USDT->BTC->EUR,Kraken,0.232377,-247.858275,NO,"{""extra_buffer_bps"":10.0,""fee_bps_per_leg_assumption"":80.0,""note"":""Top-of-book paper cycle. Exact Kraken fee tier and available size must be validated.""}"
2026-09-06T20:27:32+00:00,eur_triangle,Kraken:BTC:EUR-BTC-USDT-EUR,BTC,EUR->BTC->USDT->EUR,Kraken,-1.420414,-249.471716,NO,"{""extra_buffer_bps"":10.0,""fee_bps_per_leg_assumption"":80.0,""note"":""Top-of-book paper cycle. Exact Kraken fee tier and available size must be validated.""}"
2026-09-06T20:27:32+00:00,eur_triangle,Coinbase:ETH:EUR-USDT-ETH-EUR,ETH,EUR->USDT->ETH->EUR,Coinbase,-3.587684,-192.445652,NO,"{""extra_buffer_bps"":10.0,""fee_bps_per_leg_assumption"":60.0,""note"":""Top-of-book paper cycle. Exact Coinbase fee tier and available size must be validated.""}"
2026-09-06T20:27:32+00:00,eur_triangle,Coinbase:ETH:EUR-ETH-USDT-EUR,ETH,EUR->ETH->USDT->EUR,Coinbase,-1.693060,-190.584927,NO,"{""extra_buffer_bps"":10.0,""fee_bps_per_leg_assumption"":60.0,""note"":""Top-of-book paper cycle. Exact Coinbase fee tier and available size must be validated.""}"
2026-09-06T20:27:32+00:00,eur_triangle,Kraken:ETH:EUR-USDT-ETH-EUR,ETH,EUR->USDT->ETH->EUR,Kraken,0.668001,-247.433023,NO,"{""extra_buffer_bps"":10.0,""fee_bps_per_leg_assumption"":80.0,""note"":""Top-of-book paper cycle. Exact Kraken fee tier and available size must be validated.""}"
2026-09-06T20:27:32+00:00,eur_triangle,Kraken:ETH:EUR-ETH-USDT-EUR,ETH,EUR->ETH->USDT->EUR,Kraken,-1.915486,-249.955001,NO,"{""extra_buffer_bps"":10.0,""fee_bps_per_leg_assumption"":80.0,""note"":""Top-of-book paper cycle. Exact Kraken fee tier and available size must be validated.""}"
2026-09-06T20:27:32+00:00,eur_triangle,Coinbase:SOL:EUR-USDT-SOL-EUR,SOL,EUR->USDT->SOL->EUR,Coinbase,-1.991888,-190.878409,NO,"{""extra_buffer_bps"":10.0,""fee_bps_per_leg_assumption"":60.0,""note"":""Top-of-book paper cycle. Exact Coinbase fee tier and available size must be validated.""}"
2026-09-06T20:27:32+00:00,eur_triangle,Coinbase:SOL:EUR-SOL-USDT-EUR,SOL,EUR->SOL->USDT->EUR,Coinbase,-2.330689,-191.211148,NO,"{""extra_buffer_bps"":10.0,""fee_bps_per_leg_assumption"":60.0,""note"":""Top-of-book paper cycle. Exact Coinbase fee tier and available size must be validated.""}"
2026-09-06T20:27:32+00:00,eur_triangle,Kraken:SOL:EUR-USDT-SOL-EUR,SOL,EUR->USDT->SOL->EUR,Kraken,0.401664,-247.693019,NO,"{""extra_buffer_bps"":10.0,""fee_bps_per_leg_assumption"":80.0,""note"":""Top-of-book paper cycle. Exact Kraken fee tier and available size must be validated.""}"
2026-09-06T20:27:32+00:00,eur_triangle,Kraken:SOL:EUR-SOL-USDT-EUR,SOL,EUR->SOL->USDT->EUR,Kraken,-3.607516,-251.606746,NO,"{""extra_buffer_bps"":10.0,""fee_bps_per_leg_assumption"":80.0,""note"":""Top-of-book paper cycle. Exact Kraken fee tier and available size must be validated.""}"
2026-09-06T20:27:32+00:00,stable_eur_dislocation,Coinbase:USDC-EUR-USDT,USDC/USDT,USDC->EUR->USDT,Coinbase,-1.509294,-31.509294,NO,"{""buffer_bps"":30.0,""note"":""Two-leg stablecoin conversion via EUR; issuer, venue and fee risks remain."",""usdc_eur"":{""ask"":0.8613,""bid"":0.8612,""last"":0.8613},""usdt_eur"":{""ask"":0.86133,""bid"":0.86131,""last"":0.8613}}"
2026-09-06T20:27:32+00:00,stable_eur_dislocation,Coinbase:USDT-EUR-USDC,USDT/USDC,USDT->EUR->USDC,Coinbase,0.116104,-29.883896,NO,"{""buffer_bps"":30.0,""note"":""Two-leg stablecoin conversion via EUR; issuer, venue and fee risks remain."",""usdc_eur"":{""ask"":0.8613,""bid"":0.8612,""last"":0.8613},""usdt_eur"":{""ask"":0.86133,""bid"":0.86131,""last"":0.8613}}"
2026-09-06T20:27:32+00:00,stable_eur_dislocation,Kraken:USDC-EUR-USDT,USDC/USDT,USDC->EUR->USDT,Kraken,0.000000,-50.000000,NO,"{""buffer_bps"":50.0,""note"":""Two-leg stablecoin conversion via EUR; issuer, venue and fee risks remain."",""usdc_eur"":{""ask"":0.8614,""bid"":0.8613,""last"":0.8614},""usdt_eur"":{""ask"":0.8613,""bid"":0.8612,""last"":0.8612}}"
2026-09-06T20:27:32+00:00,stable_eur_dislocation,Kraken:USDT-EUR-USDC,USDT/USDC,USDT->EUR->USDC,Kraken,-2.321802,-52.321802,NO,"{""buffer_bps"":50.0,""note"":""Two-leg stablecoin conversion via EUR; issuer, venue and fee risks remain."",""usdc_eur"":{""ask"":0.8614,""bid"":0.8613,""last"":0.8614},""usdt_eur"":{""ask"":0.8613,""bid"":0.8612,""last"":0.8612}}"
2026-09-06T21:13:18+00:00,eu_cross_spot,BTC:buy Coinbase / sell Kraken,BTC,buy Coinbase / sell Kraken,Coinbase<->Kraken,-0.647153,-150.647153,NO,"{""buffer_bps"":150.0,""buy_ask"":68917.26,""coinbase_taker_bps"":60.0,""kraken_taker_bps"":80.0,""note"":""Assumes prefunded balances on both venues; rebalancing and account-specific fees can erase the edge."",""sell_bid"":68912.8}"
2026-09-06T21:13:18+00:00,eu_cross_spot,BTC:buy Kraken / sell Coinbase,BTC,buy Kraken / sell Coinbase,Coinbase<->Kraken,-0.671863,-150.671863,NO,"{""buffer_bps"":150.0,""buy_ask"":68912.9,""coinbase_taker_bps"":60.0,""kraken_taker_bps"":80.0,""note"":""Assumes prefunded balances on both venues; rebalancing and account-specific fees can erase the edge."",""sell_bid"":68908.27}"
2026-09-06T21:13:18+00:00,eu_cross_spot,ETH:buy Coinbase / sell Kraken,ETH,buy Coinbase / sell Kraken,Coinbase<->Kraken,0.416264,-149.583736,NO,"{""buffer_bps"":150.0,""buy_ask"":2162.09,""coinbase_taker_bps"":60.0,""kraken_taker_bps"":80.0,""note"":""Assumes prefunded balances on both venues; rebalancing and account-specific fees can erase the edge."",""sell_bid"":2162.18}"
2026-09-06T21:13:18+00:00,eu_cross_spot,ETH:buy Kraken / sell Coinbase,ETH,buy Kraken / sell Coinbase,Coinbase<->Kraken,-0.786236,-150.786236,NO,"{""buffer_bps"":150.0,""buy_ask"":2162.2,""coinbase_taker_bps"":60.0,""kraken_taker_bps"":80.0,""note"":""Assumes prefunded balances on both venues; rebalancing and account-specific fees can erase the edge."",""sell_bid"":2162.03}"
2026-09-06T21:13:18+00:00,eu_cross_spot,SOL:buy Coinbase / sell Kraken,SOL,buy Coinbase / sell Kraken,Coinbase<->Kraken,-3.284072,-153.284072,NO,"{""buffer_bps"":150.0,""buy_ask"":91.35,""coinbase_taker_bps"":60.0,""kraken_taker_bps"":80.0,""note"":""Assumes prefunded balances on both venues; rebalancing and account-specific fees can erase the edge."",""sell_bid"":91.32}"
2026-09-06T21:13:18+00:00,eu_cross_spot,SOL:buy Kraken / sell Coinbase,SOL,buy Kraken / sell Coinbase,Coinbase<->Kraken,0.000000,-150.000000,NO,"{""buffer_bps"":150.0,""buy_ask"":91.33,""coinbase_taker_bps"":60.0,""kraken_taker_bps"":80.0,""note"":""Assumes prefunded balances on both venues; rebalancing and account-specific fees can erase the edge."",""sell_bid"":91.33}"
2026-09-06T21:13:18+00:00,eur_triangle,Coinbase:BTC:EUR-USDT-BTC-EUR,BTC,EUR->USDT->BTC->EUR,Coinbase,0.039183,-188.883678,NO,"{""extra_buffer_bps"":10.0,""fee_bps_per_leg_assumption"":60.0,""note"":""Top-of-book paper cycle. Exact Coinbase fee tier and available size must be validated.""}"
2026-09-06T21:13:18+00:00,eur_triangle,Coinbase:BTC:EUR-BTC-USDT-EUR,BTC,EUR->BTC->USDT->EUR,Coinbase,-3.079316,-191.946380,NO,"{""extra_buffer_bps"":10.0,""fee_bps_per_leg_assumption"":60.0,""note"":""Top-of-book paper cycle. Exact Coinbase fee tier and available size must be validated.""}"
2026-09-06T21:13:18+00:00,eur_triangle,Kraken:BTC:EUR-USDT-BTC-EUR,BTC,EUR->USDT->BTC->EUR,Kraken,0.116090,-247.971794,NO,"{""extra_buffer_bps"":10.0,""fee_bps_per_leg_assumption"":80.0,""note"":""Top-of-book paper cycle. Exact Kraken fee tier and available size must be validated.""}"
2026-09-06T21:13:18+00:00,eur_triangle,Kraken:BTC:EUR-BTC-USDT-EUR,BTC,EUR->BTC->USDT->EUR,Kraken,-1.303984,-249.358058,NO,"{""extra_buffer_bps"":10.0,""fee_bps_per_leg_assumption"":80.0,""note"":""Top-of-book paper cycle. Exact Kraken fee tier and available size must be validated.""}"
2026-09-06T21:13:18+00:00,eur_triangle,Coinbase:ETH:EUR-USDT-ETH-EUR,ETH,EUR->USDT->ETH->EUR,Coinbase,-3.949837,-192.801325,NO,"{""extra_buffer_bps"":10.0,""fee_bps_per_leg_assumption"":60.0,""note"":""Top-of-book paper cycle. Exact Coinbase fee tier and available size must be validated.""}"
2026-09-06T21:13:18+00:00,eur_triangle,Coinbase:ETH:EUR-ETH-USDT-EUR,ETH,EUR->ETH->USDT->EUR,Coinbase,-0.582122,-189.493867,NO,"{""extra_buffer_bps"":10.0,""fee_bps_per_leg_assumption"":60.0,""note"":""Top-of-book paper cycle. Exact Coinbase fee tier and available size must be validated.""}"
2026-09-06T21:13:18+00:00,eur_triangle,Kraken:ETH:EUR-USDT-ETH-EUR,ETH,EUR->USDT->ETH->EUR,Kraken,0.225574,-247.864917,NO,"{""extra_buffer_bps"":10.0,""fee_bps_per_leg_assumption"":80.0,""note"":""Top-of-book paper cycle. Exact Kraken fee tier and available size must be validated.""}"
2026-09-06T21:13:18+00:00,eur_triangle,Kraken:ETH:EUR-ETH-USDT-EUR,ETH,EUR->ETH->USDT->EUR,Kraken,-1.518763,-249.567724,NO,"{""extra_buffer_bps"":10.0,""fee_bps_per_leg_assumption"":80.0,""note"":""Top-of-book paper cycle. Exact Kraken fee tier and available size must be validated.""}"
2026-09-06T21:13:18+00:00,eur_triangle,Coinbase:SOL:EUR-USDT-SOL-EUR,SOL,EUR->USDT->SOL->EUR,Coinbase,-1.769916,-190.660408,NO,"{""extra_buffer_bps"":10.0,""fee_bps_per_leg_assumption"":60.0,""note"":""Top-of-book paper cycle. Exact Coinbase fee tier and available size must be validated.""}"
2026-09-06T21:13:18+00:00,eur_triangle,Coinbase:SOL:EUR-SOL-USDT-EUR,SOL,EUR->SOL->USDT->EUR,Coinbase,-2.537504,-191.414263,NO,"{""extra_buffer_bps"":10.0,""fee_bps_per_leg_assumption"":60.0,""note"":""Top-of-book paper cycle. Exact Coinbase fee tier and available size must be validated.""}"
2026-09-06T21:13:18+00:00,eur_triangle,Kraken:SOL:EUR-USDT-SOL-EUR,SOL,EUR->USDT->SOL->EUR,Kraken,-3.444936,-251.448038,NO,"{""extra_buffer_bps"":10.0,""fee_bps_per_leg_assumption"":80.0,""note"":""Top-of-book paper cycle. Exact Kraken fee tier and available size must be validated.""}"
2026-09-06T21:13:18+00:00,eur_triangle,Kraken:SOL:EUR-SOL-USDT-EUR,SOL,EUR->SOL->USDT->EUR,Kraken,0.246578,-247.844412,NO,"{""extra_buffer_bps"":10.0,""fee_bps_per_leg_assumption"":80.0,""note"":""Top-of-book paper cycle. Exact Kraken fee tier and available size must be validated.""}"
2026-09-06T21:13:18+00:00,stable_eur_dislocation,Coinbase:USDC-EUR-USDT,USDC/USDT,USDC->EUR->USDT,Coinbase,-0.580484,-30.580484,NO,"{""buffer_bps"":30.0,""note"":""Two-leg stablecoin conversion via EUR; issuer, venue and fee risks remain."",""usdc_eur"":{""ask"":0.8614,""bid"":0.8613,""last"":0.8614},""usdt_eur"":{""ask"":0.86135,""bid"":0.86133,""last"":0.8614}}"
2026-09-06T21:13:18+00:00,stable_eur_dislocation,Coinbase:USDT-EUR-USDC,USDT/USDC,USDT->EUR->USDC,Coinbase,-0.812631,-30.812631,NO,"{""buffer_bps"":30.0,""note"":""Two-leg stablecoin conversion via EUR; issuer, venue and fee risks remain."",""usdc_eur"":{""ask"":0.8614,""bid"":0.8613,""last"":0.8614},""usdt_eur"":{""ask"":0.86135,""bid"":0.86133,""last"":0.8614}}"
2026-09-06T21:13:18+00:00,stable_eur_dislocation,Kraken:USDC-EUR-USDT,USDC/USDT,USDC->EUR->USDT,Kraken,-1.160901,-51.160901,NO,"{""buffer_bps"":50.0,""note"":""Two-leg stablecoin conversion via EUR; issuer, venue and fee risks remain."",""usdc_eur"":{""ask"":0.8614,""bid"":0.8613,""last"":0.8613},""usdt_eur"":{""ask"":0.8614,""bid"":0.8613,""last"":0.8613}}"
2026-09-06T21:13:18+00:00,stable_eur_dislocation,Kraken:USDT-EUR-USDC,USDT/USDC,USDT->EUR->USDC,Kraken,-1.160901,-51.160901,NO,"{""buffer_bps"":50.0,""note"":""Two-leg stablecoin conversion via EUR; issuer, venue and fee risks remain."",""usdc_eur"":{""ask"":0.8614,""bid"":0.8613,""last"":0.8613},""usdt_eur"":{""ask"":0.8614,""bid"":0.8613,""last"":0.8613}}"
2026-09-06T21:20:41+00:00,eu_cross_spot,BTC:buy Coinbase / sell Kraken,BTC,buy Coinbase / sell Kraken,Coinbase<->Kraken,1.526658,-148.473342,NO,"{""buffer_bps"":150.0,""buy_ask"":68908.68,""coinbase_taker_bps"":60.0,""kraken_taker_bps"":80.0,""note"":""Assumes prefunded balances on both venues; rebalancing and account-specific fees can erase the edge."",""sell_bid"":68919.2}"
2026-09-06T21:20:41+00:00,eu_cross_spot,BTC:buy Kraken / sell Coinbase,BTC,buy Kraken / sell Coinbase,Coinbase<->Kraken,-2.591437,-152.591437,NO,"{""buffer_bps"":150.0,""buy_ask"":68919.3,""coinbase_taker_bps"":60.0,""kraken_taker_bps"":80.0,""note"":""Assumes prefunded balances on both venues; rebalancing and account-specific fees can erase the edge."",""sell_bid"":68901.44}"
2026-09-06T21:20:41+00:00,eu_cross_spot,ETH:buy Coinbase / sell Kraken,ETH,buy Coinbase / sell Kraken,Coinbase<->Kraken,-0.969525,-150.969525,NO,"{""buffer_bps"":150.0,""buy_ask"":2166.01,""coinbase_taker_bps"":60.0,""kraken_taker_bps"":80.0,""note"":""Assumes prefunded balances on both venues; rebalancing and account-specific fees can erase the edge."",""sell_bid"":2165.8}"
2026-09-06T21:20:41+00:00,eu_cross_spot,ETH:buy Kraken / sell Coinbase,ETH,buy Kraken / sell Coinbase,Coinbase<->Kraken,-0.138516,-150.138516,NO,"{""buffer_bps"":150.0,""buy_ask"":2165.81,""coinbase_taker_bps"":60.0,""kraken_taker_bps"":80.0,""note"":""Assumes prefunded balances on both venues; rebalancing and account-specific fees can erase the edge."",""sell_bid"":2165.78}"
2026-09-06T21:20:41+00:00,eu_cross_spot,SOL:buy Coinbase / sell Kraken,SOL,buy Coinbase / sell Kraken,Coinbase<->Kraken,1.093374,-148.906626,NO,"{""buffer_bps"":150.0,""buy_ask"":91.46,""coinbase_taker_bps"":60.0,""kraken_taker_bps"":80.0,""note"":""Assumes prefunded balances on both venues; rebalancing and account-specific fees can erase the edge."",""sell_bid"":91.47}"
2026-09-06T21:20:41+00:00,eu_cross_spot,SOL:buy Kraken / sell Coinbase,SOL,buy Kraken / sell Coinbase,Coinbase<->Kraken,-5.465676,-155.465676,NO,"{""buffer_bps"":150.0,""buy_ask"":91.48,""coinbase_taker_bps"":60.0,""kraken_taker_bps"":80.0,""note"":""Assumes prefunded balances on both venues; rebalancing and account-specific fees can erase the edge."",""sell_bid"":91.43}"
2026-09-06T21:20:41+00:00,eur_triangle,Coinbase:BTC:EUR-USDT-BTC-EUR,BTC,EUR->USDT->BTC->EUR,Coinbase,-2.077428,-190.962418,NO,"{""extra_buffer_bps"":10.0,""fee_bps_per_leg_assumption"":60.0,""note"":""Top-of-book paper cycle. Exact Coinbase fee tier and available size must be validated.""}"
2026-09-06T21:20:41+00:00,eur_triangle,Coinbase:BTC:EUR-BTC-USDT-EUR,BTC,EUR->BTC->USDT->EUR,Coinbase,-1.794195,-190.684253,NO,"{""extra_buffer_bps"":10.0,""fee_bps_per_leg_assumption"":60.0,""note"":""Top-of-book paper cycle. Exact Coinbase fee tier and available size must be validated.""}"
2026-09-06T21:20:41+00:00,eur_triangle,Kraken:BTC:EUR-USDT-BTC-EUR,BTC,EUR->USDT->BTC->EUR,Kraken,-0.305148,-248.383003,NO,"{""extra_buffer_bps"":10.0,""fee_bps_per_leg_assumption"":80.0,""note"":""Top-of-book paper cycle. Exact Kraken fee tier and available size must be validated.""}"
2026-09-06T21:20:41+00:00,eur_triangle,Kraken:BTC:EUR-BTC-USDT-EUR,BTC,EUR->BTC->USDT->EUR,Kraken,-0.882785,-248.946887,NO,"{""extra_buffer_bps"":10.0,""fee_bps_per_leg_assumption"":80.0,""note"":""Top-of-book paper cycle. Exact Kraken fee tier and available size must be validated.""}"
2026-09-06T21:20:41+00:00,eur_triangle,Coinbase:ETH:EUR-USDT-ETH-EUR,ETH,EUR->USDT->ETH->EUR,Coinbase,-1.371769,-190.269385,NO,"{""extra_buffer_bps"":10.0,""fee_bps_per_leg_assumption"":60.0,""note"":""Top-of-book paper cycle. Exact Coinbase fee tier and available size must be validated.""}"
2026-09-06T21:20:41+00:00,eur_triangle,Coinbase:ETH:EUR-ETH-USDT-EUR,ETH,EUR->ETH->USDT->EUR,Coinbase,-4.538542,-193.379498,NO,"{""extra_buffer_bps"":10.0,""fee_bps_per_leg_assumption"":60.0,""note"":""Top-of-book paper cycle. Exact Coinbase fee tier and available size must be validated.""}"
2026-09-06T21:20:41+00:00,eur_triangle,Kraken:ETH:EUR-USDT-ETH-EUR,ETH,EUR->USDT->ETH->EUR,Kraken,-0.520677,-248.593400,NO,"{""extra_buffer_bps"":10.0,""fee_bps_per_leg_assumption"":80.0,""note"":""Top-of-book paper cycle. Exact Kraken fee tier and available size must be validated.""}"
2026-09-06T21:20:41+00:00,eur_triangle,Kraken:ETH:EUR-ETH-USDT-EUR,ETH,EUR->ETH->USDT->EUR,Kraken,-1.362483,-249.415165,NO,"{""extra_buffer_bps"":10.0,""fee_bps_per_leg_assumption"":80.0,""note"":""Top-of-book paper cycle. Exact Kraken fee tier and available size must be validated.""}"
2026-09-06T21:20:41+00:00,eur_triangle,Coinbase:SOL:EUR-USDT-SOL-EUR,SOL,EUR->USDT->SOL->EUR,Coinbase,-4.482743,-193.324697,NO,"{""extra_buffer_bps"":10.0,""fee_bps_per_leg_assumption"":60.0,""note"":""Top-of-book paper cycle. Exact Coinbase fee tier and available size must be validated.""}"
2026-09-06T21:20:41+00:00,eur_triangle,Coinbase:SOL:EUR-SOL-USDT-EUR,SOL,EUR->SOL->USDT->EUR,Coinbase,-0.796567,-189.704474,NO,"{""extra_buffer_bps"":10.0,""fee_bps_per_leg_assumption"":60.0,""note"":""Top-of-book paper cycle. Exact Coinbase fee tier and available size must be validated.""}"
2026-09-06T21:20:41+00:00,eur_triangle,Kraken:SOL:EUR-USDT-SOL-EUR,SOL,EUR->USDT->SOL->EUR,Kraken,3.542306,-244.627151,NO,"{""extra_buffer_bps"":10.0,""fee_bps_per_leg_assumption"":80.0,""note"":""Top-of-book paper cycle. Exact Kraken fee tier and available size must be validated.""}"
2026-09-06T21:20:41+00:00,eur_triangle,Kraken:SOL:EUR-SOL-USDT-EUR,SOL,EUR->SOL->USDT->EUR,Kraken,-7.677197,-255.579535,NO,"{""extra_buffer_bps"":10.0,""fee_bps_per_leg_assumption"":80.0,""note"":""Top-of-book paper cycle. Exact Kraken fee tier and available size must be validated.""}"
2026-09-06T21:20:41+00:00,stable_eur_dislocation,Coinbase:USDC-EUR-USDT,USDC/USDT,USDC->EUR->USDT,Coinbase,-1.044823,-31.044823,NO,"{""buffer_bps"":30.0,""note"":""Two-leg stablecoin conversion via EUR; issuer, venue and fee risks remain."",""usdc_eur"":{""ask"":0.8614,""bid"":0.8613,""last"":0.8613},""usdt_eur"":{""ask"":0.86139,""bid"":0.86138,""last"":0.86139}}"
2026-09-06T21:20:41+00:00,stable_eur_dislocation,Coinbase:USDT-EUR-USDC,USDT/USDC,USDT->EUR->USDC,Coinbase,-0.232180,-30.232180,NO,"{""buffer_bps"":30.0,""note"":""Two-leg stablecoin conversion via EUR; issuer, venue and fee risks remain."",""usdc_eur"":{""ask"":0.8614,""bid"":0.8613,""last"":0.8613},""usdt_eur"":{""ask"":0.86139,""bid"":0.86138,""last"":0.86139}}"
2026-09-06T21:20:41+00:00,stable_eur_dislocation,Kraken:USDC-EUR-USDT,USDC/USDT,USDC->EUR->USDT,Kraken,-1.160901,-51.160901,NO,"{""buffer_bps"":50.0,""note"":""Two-leg stablecoin conversion via EUR; issuer, venue and fee risks remain."",""usdc_eur"":{""ask"":0.8614,""bid"":0.8613,""last"":0.8613},""usdt_eur"":{""ask"":0.8614,""bid"":0.8613,""last"":0.8613}}"
2026-09-06T21:20:41+00:00,stable_eur_dislocation,Kraken:USDT-EUR-USDC,USDT/USDC,USDT->EUR->USDC,Kraken,-1.160901,-51.160901,NO,"{""buffer_bps"":50.0,""note"":""Two-leg stablecoin conversion via EUR; issuer, venue and fee risks remain."",""usdc_eur"":{""ask"":0.8614,""bid"":0.8613,""last"":0.8613},""usdt_eur"":{""ask"":0.8614,""bid"":0.8613,""last"":0.8613}}"
2026-09-06T22:24:29+00:00,eu_cross_spot,BTC:buy Coinbase / sell Kraken,BTC,buy Coinbase / sell Kraken,Coinbase<->Kraken,0.120855,-149.879145,NO,"{""buffer_bps"":150.0,""buy_ask"":68677.47,""coinbase_taker_bps"":60.0,""kraken_taker_bps"":80.0,""note"":""Assumes prefunded balances on both venues; rebalancing and account-specific fees can erase the edge."",""sell_bid"":68678.3}"
2026-09-06T22:24:29+00:00,eu_cross_spot,BTC:buy Kraken / sell Coinbase,BTC,buy Kraken / sell Coinbase,Coinbase<->Kraken,-1.116799,-151.116799,NO,"{""buffer_bps"":150.0,""buy_ask"":68678.4,""coinbase_taker_bps"":60.0,""kraken_taker_bps"":80.0,""note"":""Assumes prefunded balances on both venues; rebalancing and account-specific fees can erase the edge."",""sell_bid"":68670.73}"
2026-09-06T22:24:29+00:00,eu_cross_spot,ETH:buy Coinbase / sell Kraken,ETH,buy Coinbase / sell Kraken,Coinbase<->Kraken,-0.465080,-150.465080,NO,"{""buffer_bps"":150.0,""buy_ask"":2150.17,""coinbase_taker_bps"":60.0,""kraken_taker_bps"":80.0,""note"":""Assumes prefunded balances on both venues; rebalancing and account-specific fees can erase the edge."",""sell_bid"":2150.07}"
2026-09-06T22:24:29+00:00,eu_cross_spot,ETH:buy Kraken / sell Coinbase,ETH,buy Kraken / sell Coinbase,Coinbase<->Kraken,-1.116238,-151.116238,NO,"{""buffer_bps"":150.0,""buy_ask"":2150.08,""coinbase_taker_bps"":60.0,""kraken_taker_bps"":80.0,""note"":""Assumes prefunded balances on both venues; rebalancing and account-specific fees can erase the edge."",""sell_bid"":2149.84}"
2026-09-06T22:24:29+00:00,eu_cross_spot,SOL:buy Coinbase / sell Kraken,SOL,buy Coinbase / sell Kraken,Coinbase<->Kraken,-1.102901,-151.102901,NO,"{""buffer_bps"":150.0,""buy_ask"":90.67,""coinbase_taker_bps"":60.0,""kraken_taker_bps"":80.0,""note"":""Assumes prefunded balances on both venues; rebalancing and account-specific fees can erase the edge."",""sell_bid"":90.66}"
2026-09-06T22:24:29+00:00,eu_cross_spot,SOL:buy Kraken / sell Coinbase,SOL,buy Kraken / sell Coinbase,Coinbase<->Kraken,-2.205801,-152.205801,NO,"{""buffer_bps"":150.0,""buy_ask"":90.67,""coinbase_taker_bps"":60.0,""kraken_taker_bps"":80.0,""note"":""Assumes prefunded balances on both venues; rebalancing and account-specific fees can erase the edge."",""sell_bid"":90.65}"
2026-09-06T22:24:29+00:00,eur_triangle,Coinbase:BTC:EUR-USDT-BTC-EUR,BTC,EUR->USDT->BTC->EUR,Coinbase,-0.771872,-189.680222,NO,"{""extra_buffer_bps"":10.0,""fee_bps_per_leg_assumption"":60.0,""note"":""Top-of-book paper cycle. Exact Coinbase fee tier and available size must be validated.""}"
2026-09-06T22:24:29+00:00,eur_triangle,Coinbase:BTC:EUR-BTC-USDT-EUR,BTC,EUR->BTC->USDT->EUR,Coinbase,-2.534979,-191.411783,NO,"{""extra_buffer_bps"":10.0,""fee_bps_per_leg_assumption"":60.0,""note"":""Top-of-book paper cycle. Exact Coinbase fee tier and available size must be validated.""}"
2026-09-06T22:24:29+00:00,eur_triangle,Kraken:BTC:EUR-USDT-BTC-EUR,BTC,EUR->USDT->BTC->EUR,Kraken,-0.251162,-248.330302,NO,"{""extra_buffer_bps"":10.0,""fee_bps_per_leg_assumption"":80.0,""note"":""Top-of-book paper cycle. Exact Kraken fee tier and available size must be validated.""}"
2026-09-06T22:24:29+00:00,eur_triangle,Kraken:BTC:EUR-BTC-USDT-EUR,BTC,EUR->BTC->USDT->EUR,Kraken,-0.987026,-249.048647,NO,"{""extra_buffer_bps"":10.0,""fee_bps_per_leg_assumption"":80.0,""note"":""Top-of-book paper cycle. Exact Kraken fee tier and available size must be validated.""}"
2026-09-06T22:24:29+00:00,eur_triangle,Coinbase:ETH:EUR-USDT-ETH-EUR,ETH,EUR->USDT->ETH->EUR,Coinbase,-2.531473,-191.408339,NO,"{""extra_buffer_bps"":10.0,""fee_bps_per_leg_assumption"":60.0,""note"":""Top-of-book paper cycle. Exact Coinbase fee tier and available size must be validated.""}"
2026-09-06T22:24:29+00:00,eur_triangle,Coinbase:ETH:EUR-ETH-USDT-EUR,ETH,EUR->ETH->USDT->EUR,Coinbase,-4.042404,-192.892236,NO,"{""extra_buffer_bps"":10.0,""fee_bps_per_leg_assumption"":60.0,""note"":""Top-of-book paper cycle. Exact Coinbase fee tier and available size must be validated.""}"
2026-09-06T22:24:29+00:00,eur_triangle,Kraken:ETH:EUR-USDT-ETH-EUR,ETH,EUR->USDT->ETH->EUR,Kraken,-0.488314,-248.561808,NO,"{""extra_buffer_bps"":10.0,""fee_bps_per_leg_assumption"":80.0,""note"":""Top-of-book paper cycle. Exact Kraken fee tier and available size must be validated.""}"
2026-09-06T22:24:29+00:00,eur_triangle,Kraken:ETH:EUR-ETH-USDT-EUR,ETH,EUR->ETH->USDT->EUR,Kraken,-0.879363,-248.943546,NO,"{""extra_buffer_bps"":10.0,""fee_bps_per_leg_assumption"":80.0,""note"":""Top-of-book paper cycle. Exact Kraken fee tier and available size must be validated.""}"
2026-09-06T22:24:29+00:00,eur_triangle,Coinbase:SOL:EUR-USDT-SOL-EUR,SOL,EUR->USDT->SOL->EUR,Coinbase,-2.913646,-191.783675,NO,"{""extra_buffer_bps"":10.0,""fee_bps_per_leg_assumption"":60.0,""note"":""Top-of-book paper cycle. Exact Coinbase fee tier and available size must be validated.""}"
2026-09-06T22:24:29+00:00,eur_triangle,Coinbase:SOL:EUR-SOL-USDT-EUR,SOL,EUR->SOL->USDT->EUR,Coinbase,-1.424120,-190.320800,NO,"{""extra_buffer_bps"":10.0,""fee_bps_per_leg_assumption"":60.0,""note"":""Top-of-book paper cycle. Exact Coinbase fee tier and available size must be validated.""}"
2026-09-06T22:24:29+00:00,eur_triangle,Kraken:SOL:EUR-USDT-SOL-EUR,SOL,EUR->USDT->SOL->EUR,Kraken,-1.209207,-249.265538,NO,"{""extra_buffer_bps"":10.0,""fee_bps_per_leg_assumption"":80.0,""note"":""Top-of-book paper cycle. Exact Kraken fee tier and available size must be validated.""}"
2026-09-06T22:24:29+00:00,eur_triangle,Kraken:SOL:EUR-SOL-USDT-EUR,SOL,EUR->SOL->USDT->EUR,Kraken,-2.004522,-250.041917,NO,"{""extra_buffer_bps"":10.0,""fee_bps_per_leg_assumption"":80.0,""note"":""Top-of-book paper cycle. Exact Kraken fee tier and available size must be validated.""}"
2026-09-06T22:24:29+00:00,stable_eur_dislocation,Coinbase:USDC-EUR-USDT,USDC/USDT,USDC->EUR->USDT,Coinbase,-0.812659,-30.812659,NO,"{""buffer_bps"":30.0,""note"":""Two-leg stablecoin conversion via EUR; issuer, venue and fee risks remain."",""usdc_eur"":{""ask"":0.8614,""bid"":0.8613,""last"":0.8613},""usdt_eur"":{""ask"":0.86137,""bid"":0.86135,""last"":0.86136}}"
2026-09-06T22:24:29+00:00,stable_eur_dislocation,Coinbase:USDT-EUR-USDC,USDT/USDC,USDT->EUR->USDC,Coinbase,-0.580450,-30.580450,NO,"{""buffer_bps"":30.0,""note"":""Two-leg stablecoin conversion via EUR; issuer, venue and fee risks remain."",""usdc_eur"":{""ask"":0.8614,""bid"":0.8613,""last"":0.8613},""usdt_eur"":{""ask"":0.86137,""bid"":0.86135,""last"":0.86136}}"
2026-09-06T22:24:29+00:00,stable_eur_dislocation,Kraken:USDC-EUR-USDT,USDC/USDT,USDC->EUR->USDT,Kraken,-1.160901,-51.160901,NO,"{""buffer_bps"":50.0,""note"":""Two-leg stablecoin conversion via EUR; issuer, venue and fee risks remain."",""usdc_eur"":{""ask"":0.8614,""bid"":0.8613,""last"":0.8614},""usdt_eur"":{""ask"":0.8614,""bid"":0.8613,""last"":0.8613}}"
2026-09-06T22:24:29+00:00,stable_eur_dislocation,Kraken:USDT-EUR-USDC,USDT/USDC,USDT->EUR->USDC,Kraken,-1.160901,-51.160901,NO,"{""buffer_bps"":50.0,""note"":""Two-leg stablecoin conversion via EUR; issuer, venue and fee risks remain."",""usdc_eur"":{""ask"":0.8614,""bid"":0.8613,""last"":0.8614},""usdt_eur"":{""ask"":0.8614,""bid"":0.8613,""last"":0.8613}}"
2026-09-06T22:57:13+00:00,eu_cross_spot,BTC:buy Coinbase / sell Kraken,BTC,buy Coinbase / sell Kraken,Coinbase<->Kraken,-0.027543,-150.027543,NO,"{""buffer_bps"":150.0,""buy_ask"":68984.29,""coinbase_taker_bps"":60.0,""kraken_taker_bps"":80.0,""note"":""Assumes prefunded balances on both venues; rebalancing and account-specific fees can erase the edge."",""sell_bid"":68984.1}"
2026-09-06T22:57:13+00:00,eu_cross_spot,BTC:buy Kraken / sell Coinbase,BTC,buy Kraken / sell Coinbase,Coinbase<->Kraken,-1.178531,-151.178531,NO,"{""buffer_bps"":150.0,""buy_ask"":68984.2,""coinbase_taker_bps"":60.0,""kraken_taker_bps"":80.0,""note"":""Assumes prefunded balances on both venues; rebalancing and account-specific fees can erase the edge."",""sell_bid"":68976.07}"
2026-09-06T22:57:13+00:00,eu_cross_spot,ETH:buy Coinbase / sell Kraken,ETH,buy Coinbase / sell Kraken,Coinbase<->Kraken,-1.756852,-151.756852,NO,"{""buffer_bps"":150.0,""buy_ask"":2162.96,""coinbase_taker_bps"":60.0,""kraken_taker_bps"":80.0,""note"":""Assumes prefunded balances on both venues; rebalancing and account-specific fees can erase the edge."",""sell_bid"":2162.58}"
2026-09-06T22:57:13+00:00,eu_cross_spot,ETH:buy Kraken / sell Coinbase,ETH,buy Kraken / sell Coinbase,Coinbase<->Kraken,0.046241,-149.953759,NO,"{""buffer_bps"":150.0,""buy_ask"":2162.59,""coinbase_taker_bps"":60.0,""kraken_taker_bps"":80.0,""note"":""Assumes prefunded balances on both venues; rebalancing and account-specific fees can erase the edge."",""sell_bid"":2162.6}"
2026-09-06T22:57:13+00:00,eu_cross_spot,SOL:buy Coinbase / sell Kraken,SOL,buy Coinbase / sell Kraken,Coinbase<->Kraken,-1.095050,-151.095050,NO,"{""buffer_bps"":150.0,""buy_ask"":91.32,""coinbase_taker_bps"":60.0,""kraken_taker_bps"":80.0,""note"":""Assumes prefunded balances on both venues; rebalancing and account-specific fees can erase the edge."",""sell_bid"":91.31}"
2026-09-06T22:57:13+00:00,eu_cross_spot,SOL:buy Kraken / sell Coinbase,SOL,buy Kraken / sell Coinbase,Coinbase<->Kraken,-1.095050,-151.095050,NO,"{""buffer_bps"":150.0,""buy_ask"":91.32,""coinbase_taker_bps"":60.0,""kraken_taker_bps"":80.0,""note"":""Assumes prefunded balances on both venues; rebalancing and account-specific fees can erase the edge."",""sell_bid"":91.31}"
2026-09-06T22:57:13+00:00,eur_triangle,Coinbase:BTC:EUR-USDT-BTC-EUR,BTC,EUR->USDT->BTC->EUR,Coinbase,-2.255125,-191.136935,NO,"{""extra_buffer_bps"":10.0,""fee_bps_per_leg_assumption"":60.0,""note"":""Top-of-book paper cycle. Exact Coinbase fee tier and available size must be validated.""}"
2026-09-06T22:57:13+00:00,eur_triangle,Coinbase:BTC:EUR-BTC-USDT-EUR,BTC,EUR->BTC->USDT->EUR,Coinbase,-2.238709,-191.120814,NO,"{""extra_buffer_bps"":10.0,""fee_bps_per_leg_assumption"":60.0,""note"":""Top-of-book paper cycle. Exact Coinbase fee tier and available size must be validated.""}"
2026-09-06T22:57:13+00:00,eur_triangle,Kraken:BTC:EUR-USDT-BTC-EUR,BTC,EUR->USDT->BTC->EUR,Kraken,0.774369,-247.329188,NO,"{""extra_buffer_bps"":10.0,""fee_bps_per_leg_assumption"":80.0,""note"":""Top-of-book paper cycle. Exact Kraken fee tier and available size must be validated.""}"
2026-09-06T22:57:13+00:00,eur_triangle,Kraken:BTC:EUR-BTC-USDT-EUR,BTC,EUR->BTC->USDT->EUR,Kraken,-1.962099,-250.000504,NO,"{""extra_buffer_bps"":10.0,""fee_bps_per_leg_assumption"":80.0,""note"":""Top-of-book paper cycle. Exact Kraken fee tier and available size must be validated.""}"
2026-09-06T22:57:13+00:00,eur_triangle,Coinbase:ETH:EUR-USDT-ETH-EUR,ETH,EUR->USDT->ETH->EUR,Coinbase,-2.110782,-190.995175,NO,"{""extra_buffer_bps"":10.0,""fee_bps_per_leg_assumption"":60.0,""note"":""Top-of-book paper cycle. Exact Coinbase fee tier and available size must be validated.""}"
2026-09-06T22:57:13+00:00,eur_triangle,Coinbase:ETH:EUR-ETH-USDT-EUR,ETH,EUR->ETH->USDT->EUR,Coinbase,-4.006827,-192.857296,NO,"{""extra_buffer_bps"":10.0,""fee_bps_per_leg_assumption"":60.0,""note"":""Top-of-book paper cycle. Exact Coinbase fee tier and available size must be validated.""}"
2026-09-06T22:57:13+00:00,eur_triangle,Kraken:ETH:EUR-USDT-ETH-EUR,ETH,EUR->USDT->ETH->EUR,Kraken,-0.872326,-248.936678,NO,"{""extra_buffer_bps"":10.0,""fee_bps_per_leg_assumption"":80.0,""note"":""Top-of-book paper cycle. Exact Kraken fee tier and available size must be validated.""}"
2026-09-06T22:57:13+00:00,eur_triangle,Kraken:ETH:EUR-ETH-USDT-EUR,ETH,EUR->ETH->USDT->EUR,Kraken,-0.374666,-248.450866,NO,"{""extra_buffer_bps"":10.0,""fee_bps_per_leg_assumption"":80.0,""note"":""Top-of-book paper cycle. Exact Kraken fee tier and available size must be validated.""}"
2026-09-06T22:57:13+00:00,eur_triangle,Coinbase:SOL:EUR-USDT-SOL-EUR,SOL,EUR->USDT->SOL->EUR,Coinbase,0.755725,-188.179957,NO,"{""extra_buffer_bps"":10.0,""fee_bps_per_leg_assumption"":60.0,""note"":""Top-of-book paper cycle. Exact Coinbase fee tier and available size must be validated.""}"
2026-09-06T22:57:13+00:00,eur_triangle,Coinbase:SOL:EUR-SOL-USDT-EUR,SOL,EUR->SOL->USDT->EUR,Coinbase,-3.025986,-191.894004,NO,"{""extra_buffer_bps"":10.0,""fee_bps_per_leg_assumption"":60.0,""note"":""Top-of-book paper cycle. Exact Coinbase fee tier and available size must be validated.""}"
2026-09-06T22:57:13+00:00,eur_triangle,Kraken:SOL:EUR-USDT-SOL-EUR,SOL,EUR->USDT->SOL->EUR,Kraken,-1.711239,-249.755617,NO,"{""extra_buffer_bps"":10.0,""fee_bps_per_leg_assumption"":80.0,""note"":""Top-of-book paper cycle. Exact Kraken fee tier and available size must be validated.""}"
2026-09-06T22:57:13+00:00,eur_triangle,Kraken:SOL:EUR-SOL-USDT-EUR,SOL,EUR->SOL->USDT->EUR,Kraken,-1.487845,-249.537542,NO,"{""extra_buffer_bps"":10.0,""fee_bps_per_leg_assumption"":80.0,""note"":""Top-of-book paper cycle. Exact Kraken fee tier and available size must be validated.""}"
2026-09-06T22:57:13+00:00,stable_eur_dislocation,Coinbase:USDC-EUR-USDT,USDC/USDT,USDC->EUR->USDT,Coinbase,-0.580484,-30.580484,NO,"{""buffer_bps"":30.0,""note"":""Two-leg stablecoin conversion via EUR; issuer, venue and fee risks remain."",""usdc_eur"":{""ask"":0.8614,""bid"":0.8613,""last"":0.8613},""usdt_eur"":{""ask"":0.86135,""bid"":0.86133,""last"":0.86134}}"
2026-09-06T22:57:13+00:00,stable_eur_dislocation,Coinbase:USDT-EUR-USDC,USDT/USDC,USDT->EUR->USDC,Coinbase,-0.812631,-30.812631,NO,"{""buffer_bps"":30.0,""note"":""Two-leg stablecoin conversion via EUR; issuer, venue and fee risks remain."",""usdc_eur"":{""ask"":0.8614,""bid"":0.8613,""last"":0.8613},""usdt_eur"":{""ask"":0.86135,""bid"":0.86133,""last"":0.86134}}"
2026-09-06T22:57:13+00:00,stable_eur_dislocation,Kraken:USDC-EUR-USDT,USDC/USDT,USDC->EUR->USDT,Kraken,-2.321802,-52.321802,NO,"{""buffer_bps"":50.0,""note"":""Two-leg stablecoin conversion via EUR; issuer, venue and fee risks remain."",""usdc_eur"":{""ask"":0.8613,""bid"":0.8612,""last"":0.8613},""usdt_eur"":{""ask"":0.8614,""bid"":0.8613,""last"":0.8613}}"
2026-09-06T22:57:13+00:00,stable_eur_dislocation,Kraken:USDT-EUR-USDC,USDT/USDC,USDT->EUR->USDC,Kraken,0.000000,-50.000000,NO,"{""buffer_bps"":50.0,""note"":""Two-leg stablecoin conversion via EUR; issuer, venue and fee risks remain."",""usdc_eur"":{""ask"":0.8613,""bid"":0.8612,""last"":0.8613},""usdt_eur"":{""ask"":0.8614,""bid"":0.8613,""last"":0.8613}}"
2026-09-07T00:42:09+00:00,eu_cross_spot,BTC:buy Coinbase / sell Kraken,BTC,buy Coinbase / sell Kraken,Coinbase<->Kraken,-0.853684,-150.853684,NO,"{""buffer_bps"":150.0,""buy_ask"":68995.09,""coinbase_taker_bps"":60.0,""kraken_taker_bps"":80.0,""note"":""Assumes prefunded balances on both venues; rebalancing and account-specific fees can erase the edge."",""sell_bid"":68989.2}"
2026-09-07T00:42:09+00:00,eu_cross_spot,BTC:buy Kraken / sell Coinbase,BTC,buy Kraken / sell Coinbase,Coinbase<->Kraken,-0.318890,-150.318890,NO,"{""buffer_bps"":150.0,""buy_ask"":68989.3,""coinbase_taker_bps"":60.0,""kraken_taker_bps"":80.0,""note"":""Assumes prefunded balances on both venues; rebalancing and account-specific fees can erase the edge."",""sell_bid"":68987.1}"
2026-09-07T00:42:09+00:00,eu_cross_spot,ETH:buy Coinbase / sell Kraken,ETH,buy Coinbase / sell Kraken,Coinbase<->Kraken,-0.461971,-150.461971,NO,"{""buffer_bps"":150.0,""buy_ask"":2164.64,""coinbase_taker_bps"":60.0,""kraken_taker_bps"":80.0,""note"":""Assumes prefunded balances on both venues; rebalancing and account-specific fees can erase the edge."",""sell_bid"":2164.54}"
2026-09-07T00:42:09+00:00,eu_cross_spot,ETH:buy Kraken / sell Coinbase,ETH,buy Kraken / sell Coinbase,Coinbase<->Kraken,-1.016359,-151.016359,NO,"{""buffer_bps"":150.0,""buy_ask"":2164.59,""coinbase_taker_bps"":60.0,""kraken_taker_bps"":80.0,""note"":""Assumes prefunded balances on both venues; rebalancing and account-specific fees can erase the edge."",""sell_bid"":2164.37}"
2026-09-07T00:42:09+00:00,eu_cross_spot,SOL:buy Coinbase / sell Kraken,SOL,buy Coinbase / sell Kraken,Coinbase<->Kraken,-4.377325,-154.377325,NO,"{""buffer_bps"":150.0,""buy_ask"":91.38,""coinbase_taker_bps"":60.0,""kraken_taker_bps"":80.0,""note"":""Assumes prefunded balances on both venues; rebalancing and account-specific fees can erase the edge."",""sell_bid"":91.34}"
2026-09-07T00:42:09+00:00,eu_cross_spot,SOL:buy Kraken / sell Coinbase,SOL,buy Kraken / sell Coinbase,Coinbase<->Kraken,1.094691,-148.905309,NO,"{""buffer_bps"":150.0,""buy_ask"":91.35,""coinbase_taker_bps"":60.0,""kraken_taker_bps"":80.0,""note"":""Assumes prefunded balances on both venues; rebalancing and account-specific fees can erase the edge."",""sell_bid"":91.36}"
2026-09-07T00:42:09+00:00,eur_triangle,Coinbase:BTC:EUR-USDT-BTC-EUR,BTC,EUR->USDT->BTC->EUR,Coinbase,-1.002424,-189.906649,NO,"{""extra_buffer_bps"":10.0,""fee_bps_per_leg_assumption"":60.0,""note"":""Top-of-book paper cycle. Exact Coinbase fee tier and available size must be validated.""}"
2026-09-07T00:42:09+00:00,eur_triangle,Coinbase:BTC:EUR-BTC-USDT-EUR,BTC,EUR->BTC->USDT->EUR,Coinbase,-3.970189,-192.821314,NO,"{""extra_buffer_bps"":10.0,""fee_bps_per_leg_assumption"":60.0,""note"":""Top-of-book paper cycle. Exact Coinbase fee tier and available size must be validated.""}"
2026-09-07T00:42:09+00:00,eur_triangle,Kraken:BTC:EUR-USDT-BTC-EUR,BTC,EUR->USDT->BTC->EUR,Kraken,-0.469604,-248.543543,NO,"{""extra_buffer_bps"":10.0,""fee_bps_per_leg_assumption"":80.0,""note"":""Top-of-book paper cycle. Exact Kraken fee tier and available size must be validated.""}"
2026-09-07T00:42:09+00:00,eur_triangle,Kraken:BTC:EUR-BTC-USDT-EUR,BTC,EUR->BTC->USDT->EUR,Kraken,-0.893657,-248.957501,NO,"{""extra_buffer_bps"":10.0,""fee_bps_per_leg_assumption"":80.0,""note"":""Top-of-book paper cycle. Exact Kraken fee tier and available size must be validated.""}"
2026-09-07T00:42:09+00:00,eur_triangle,Coinbase:ETH:EUR-USDT-ETH-EUR,ETH,EUR->USDT->ETH->EUR,Coinbase,-2.429404,-191.308096,NO,"{""extra_buffer_bps"":10.0,""fee_bps_per_leg_assumption"":60.0,""note"":""Top-of-book paper cycle. Exact Coinbase fee tier and available size must be validated.""}"
2026-09-07T00:42:09+00:00,eur_triangle,Coinbase:ETH:EUR-ETH-USDT-EUR,ETH,EUR->ETH->USDT->EUR,Coinbase,-4.104036,-192.952765,NO,"{""extra_buffer_bps"":10.0,""fee_bps_per_leg_assumption"":60.0,""note"":""Top-of-book paper cycle. Exact Coinbase fee tier and available size must be validated.""}"
2026-09-07T00:42:09+00:00,eur_triangle,Kraken:ETH:EUR-USDT-ETH-EUR,ETH,EUR->USDT->ETH->EUR,Kraken,1.693649,-246.431794,NO,"{""extra_buffer_bps"":10.0,""fee_bps_per_leg_assumption"":80.0,""note"":""Top-of-book paper cycle. Exact Kraken fee tier and available size must be validated.""}"
2026-09-07T00:42:09+00:00,eur_triangle,Kraken:ETH:EUR-ETH-USDT-EUR,ETH,EUR->ETH->USDT->EUR,Kraken,-3.125433,-251.136141,NO,"{""extra_buffer_bps"":10.0,""fee_bps_per_leg_assumption"":80.0,""note"":""Top-of-book paper cycle. Exact Kraken fee tier and available size must be validated.""}"
2026-09-07T00:42:09+00:00,eur_triangle,Coinbase:SOL:EUR-USDT-SOL-EUR,SOL,EUR->USDT->SOL->EUR,Coinbase,-0.916980,-189.822733,NO,"{""extra_buffer_bps"":10.0,""fee_bps_per_leg_assumption"":60.0,""note"":""Top-of-book paper cycle. Exact Coinbase fee tier and available size must be validated.""}"
2026-09-07T00:42:09+00:00,eur_triangle,Coinbase:SOL:EUR-SOL-USDT-EUR,SOL,EUR->SOL->USDT->EUR,Coinbase,-2.330050,-191.210521,NO,"{""extra_buffer_bps"":10.0,""fee_bps_per_leg_assumption"":60.0,""note"":""Top-of-book paper cycle. Exact Coinbase fee tier and available size must be validated.""}"
2026-09-07T00:42:09+00:00,eur_triangle,Kraken:SOL:EUR-USDT-SOL-EUR,SOL,EUR->USDT->SOL->EUR,Kraken,-3.931670,-251.923183,NO,"{""extra_buffer_bps"":10.0,""fee_bps_per_leg_assumption"":80.0,""note"":""Top-of-book paper cycle. Exact Kraken fee tier and available size must be validated.""}"
2026-09-07T00:42:09+00:00,eur_triangle,Kraken:SOL:EUR-SOL-USDT-EUR,SOL,EUR->SOL->USDT->EUR,Kraken,0.733881,-247.368712,NO,"{""extra_buffer_bps"":10.0,""fee_bps_per_leg_assumption"":80.0,""note"":""Top-of-book paper cycle. Exact Kraken fee tier and available size must be validated.""}"
2026-09-07T00:42:09+00:00,stable_eur_dislocation,Coinbase:USDC-EUR-USDT,USDC/USDT,USDC->EUR->USDT,Coinbase,-1.277718,-31.277718,NO,"{""buffer_bps"":30.0,""note"":""Two-leg stablecoin conversion via EUR; issuer, venue and fee risks remain."",""usdc_eur"":{""ask"":0.8609,""bid"":0.8608,""last"":0.8609},""usdt_eur"":{""ask"":0.86091,""bid"":0.8609,""last"":0.86091}}"
2026-09-07T00:42:09+00:00,stable_eur_dislocation,Coinbase:USDT-EUR-USDC,USDT/USDC,USDT->EUR->USDC,Coinbase,0.000000,-30.000000,NO,"{""buffer_bps"":30.0,""note"":""Two-leg stablecoin conversion via EUR; issuer, venue and fee risks remain."",""usdc_eur"":{""ask"":0.8609,""bid"":0.8608,""last"":0.8609},""usdt_eur"":{""ask"":0.86091,""bid"":0.8609,""last"":0.86091}}"
2026-09-07T00:42:09+00:00,stable_eur_dislocation,Kraken:USDC-EUR-USDT,USDC/USDT,USDC->EUR->USDT,Kraken,-1.161575,-51.161575,NO,"{""buffer_bps"":50.0,""note"":""Two-leg stablecoin conversion via EUR; issuer, venue and fee risks remain."",""usdc_eur"":{""ask"":0.8609,""bid"":0.8608,""last"":0.8609},""usdt_eur"":{""ask"":0.8609,""bid"":0.8608,""last"":0.8608}}"
2026-09-07T00:42:09+00:00,stable_eur_dislocation,Kraken:USDT-EUR-USDC,USDT/USDC,USDT->EUR->USDC,Kraken,-1.161575,-51.161575,NO,"{""buffer_bps"":50.0,""note"":""Two-leg stablecoin conversion via EUR; issuer, venue and fee risks remain."",""usdc_eur"":{""ask"":0.8609,""bid"":0.8608,""last"":0.8609},""usdt_eur"":{""ask"":0.8609,""bid"":0.8608,""last"":0.8608}}"
2026-09-07T01:06:57+00:00,eu_cross_spot,BTC:buy Coinbase / sell Kraken,BTC,buy Coinbase / sell Kraken,Coinbase<->Kraken,-0.040602,-150.040602,NO,"{""buffer_bps"":150.0,""buy_ask"":68961.28,""coinbase_taker_bps"":60.0,""kraken_taker_bps"":80.0,""note"":""Assumes prefunded balances on both venues; rebalancing and account-specific fees can erase the edge."",""sell_bid"":68961.0}"
2026-09-07T01:06:57+00:00,eu_cross_spot,BTC:buy Kraken / sell Coinbase,BTC,buy Kraken / sell Coinbase,Coinbase<->Kraken,-0.395875,-150.395875,NO,"{""buffer_bps"":150.0,""buy_ask"":68961.1,""coinbase_taker_bps"":60.0,""kraken_taker_bps"":80.0,""note"":""Assumes prefunded balances on both venues; rebalancing and account-specific fees can erase the edge."",""sell_bid"":68958.37}"
2026-09-07T01:06:57+00:00,eu_cross_spot,ETH:buy Coinbase / sell Kraken,ETH,buy Coinbase / sell Kraken,Coinbase<->Kraken,-1.480947,-151.480947,NO,"{""buffer_bps"":150.0,""buy_ask"":2160.78,""coinbase_taker_bps"":60.0,""kraken_taker_bps"":80.0,""note"":""Assumes prefunded balances on both venues; rebalancing and account-specific fees can erase the edge."",""sell_bid"":2160.46}"
2026-09-07T01:06:57+00:00,eu_cross_spot,ETH:buy Kraken / sell Coinbase,ETH,buy Kraken / sell Coinbase,Coinbase<->Kraken,-1.064583,-151.064583,NO,"{""buffer_bps"":150.0,""buy_ask"":2160.47,""coinbase_taker_bps"":60.0,""kraken_taker_bps"":80.0,""note"":""Assumes prefunded balances on both venues; rebalancing and account-specific fees can erase the edge."",""sell_bid"":2160.24}"
2026-09-07T01:06:57+00:00,eu_cross_spot,SOL:buy Coinbase / sell Kraken,SOL,buy Coinbase / sell Kraken,Coinbase<->Kraken,-2.191781,-152.191781,NO,"{""buffer_bps"":150.0,""buy_ask"":91.25,""coinbase_taker_bps"":60.0,""kraken_taker_bps"":80.0,""note"":""Assumes prefunded balances on both venues; rebalancing and account-specific fees can erase the edge."",""sell_bid"":91.23}"
2026-09-07T01:06:57+00:00,eu_cross_spot,SOL:buy Kraken / sell Coinbase,SOL,buy Kraken / sell Coinbase,Coinbase<->Kraken,-1.096011,-151.096011,NO,"{""buffer_bps"":150.0,""buy_ask"":91.24,""coinbase_taker_bps"":60.0,""kraken_taker_bps"":80.0,""note"":""Assumes prefunded balances on both venues; rebalancing and account-specific fees can erase the edge."",""sell_bid"":91.23}"
2026-09-07T01:06:57+00:00,eur_triangle,Coinbase:BTC:EUR-USDT-BTC-EUR,BTC,EUR->USDT->BTC->EUR,Coinbase,-2.604848,-191.480402,NO,"{""extra_buffer_bps"":10.0,""fee_bps_per_leg_assumption"":60.0,""note"":""Top-of-book paper cycle. Exact Coinbase fee tier and available size must be validated.""}"
2026-09-07T01:06:57+00:00,eur_triangle,Coinbase:BTC:EUR-BTC-USDT-EUR,BTC,EUR->BTC->USDT->EUR,Coinbase,-1.317487,-190.216074,NO,"{""extra_buffer_bps"":10.0,""fee_bps_per_leg_assumption"":60.0,""note"":""Top-of-book paper cycle. Exact Coinbase fee tier and available size must be validated.""}"
2026-09-07T01:06:57+00:00,eur_triangle,Kraken:BTC:EUR-USDT-BTC-EUR,BTC,EUR->USDT->BTC->EUR,Kraken,-0.851844,-248.916683,NO,"{""extra_buffer_bps"":10.0,""fee_bps_per_leg_assumption"":80.0,""note"":""Top-of-book paper cycle. Exact Kraken fee tier and available size must be validated.""}"
2026-09-07T01:06:57+00:00,eur_triangle,Kraken:BTC:EUR-BTC-USDT-EUR,BTC,EUR->BTC->USDT->EUR,Kraken,-0.611252,-248.681819,NO,"{""extra_buffer_bps"":10.0,""fee_bps_per_leg_assumption"":80.0,""note"":""Top-of-book paper cycle. Exact Kraken fee tier and available size must be validated.""}"
2026-09-07T01:06:57+00:00,eur_triangle,Coinbase:ETH:EUR-USDT-ETH-EUR,ETH,EUR->USDT->ETH->EUR,Coinbase,-2.073923,-190.958976,NO,"{""extra_buffer_bps"":10.0,""fee_bps_per_leg_assumption"":60.0,""note"":""Top-of-book paper cycle. Exact Coinbase fee tier and available size must be validated.""}"
2026-09-07T01:06:57+00:00,eur_triangle,Coinbase:ETH:EUR-ETH-USDT-EUR,ETH,EUR->ETH->USDT->EUR,Coinbase,-1.769814,-190.660308,NO,"{""extra_buffer_bps"":10.0,""fee_bps_per_leg_assumption"":60.0,""note"":""Top-of-book paper cycle. Exact Coinbase fee tier and available size must be validated.""}"
2026-09-07T01:06:57+00:00,eur_triangle,Kraken:ETH:EUR-USDT-ETH-EUR,ETH,EUR->USDT->ETH->EUR,Kraken,-1.015884,-249.076817,NO,"{""extra_buffer_bps"":10.0,""fee_bps_per_leg_assumption"":80.0,""note"":""Top-of-book paper cycle. Exact Kraken fee tier and available size must be validated.""}"
2026-09-07T01:06:57+00:00,eur_triangle,Kraken:ETH:EUR-ETH-USDT-EUR,ETH,EUR->ETH->USDT->EUR,Kraken,-0.789574,-248.855895,NO,"{""extra_buffer_bps"":10.0,""fee_bps_per_leg_assumption"":80.0,""note"":""Top-of-book paper cycle. Exact Kraken fee tier and available size must be validated.""}"
2026-09-07T01:06:57+00:00,eur_triangle,Coinbase:SOL:EUR-USDT-SOL-EUR,SOL,EUR->USDT->SOL->EUR,Coinbase,-2.058110,-190.943446,NO,"{""extra_buffer_bps"":10.0,""fee_bps_per_leg_assumption"":60.0,""note"":""Top-of-book paper cycle. Exact Coinbase fee tier and available size must be validated.""}"
2026-09-07T01:06:57+00:00,eur_triangle,Coinbase:SOL:EUR-SOL-USDT-EUR,SOL,EUR->SOL->USDT->EUR,Coinbase,-2.369184,-191.248954,NO,"{""extra_buffer_bps"":10.0,""fee_bps_per_leg_assumption"":60.0,""note"":""Top-of-book paper cycle. Exact Coinbase fee tier and available size must be validated.""}"
2026-09-07T01:06:57+00:00,eur_triangle,Kraken:SOL:EUR-USDT-SOL-EUR,SOL,EUR->USDT->SOL->EUR,Kraken,-2.058110,-250.094229,NO,"{""extra_buffer_bps"":10.0,""fee_bps_per_leg_assumption"":80.0,""note"":""Top-of-book paper cycle. Exact Kraken fee tier and available size must be validated.""}"
2026-09-07T01:06:57+00:00,eur_triangle,Kraken:SOL:EUR-SOL-USDT-EUR,SOL,EUR->SOL->USDT->EUR,Kraken,-1.142810,-249.200722,NO,"{""extra_buffer_bps"":10.0,""fee_bps_per_leg_assumption"":80.0,""note"":""Top-of-book paper cycle. Exact Kraken fee tier and available size must be validated.""}"
2026-09-07T01:06:57+00:00,stable_eur_dislocation,Coinbase:USDC-EUR-USDT,USDC/USDT,USDC->EUR->USDT,Coinbase,-1.161440,-31.161440,NO,"{""buffer_bps"":30.0,""note"":""Two-leg stablecoin conversion via EUR; issuer, venue and fee risks remain."",""usdc_eur"":{""ask"":0.861,""bid"":0.8609,""last"":0.861},""usdt_eur"":{""ask"":0.861,""bid"":0.86097,""last"":0.86101}}"
2026-09-07T01:06:57+00:00,stable_eur_dislocation,Coinbase:USDT-EUR-USDC,USDT/USDC,USDT->EUR->USDC,Coinbase,-0.348432,-30.348432,NO,"{""buffer_bps"":30.0,""note"":""Two-leg stablecoin conversion via EUR; issuer, venue and fee risks remain."",""usdc_eur"":{""ask"":0.861,""bid"":0.8609,""last"":0.861},""usdt_eur"":{""ask"":0.861,""bid"":0.86097,""last"":0.86101}}"
2026-09-07T01:06:57+00:00,stable_eur_dislocation,Kraken:USDC-EUR-USDT,USDC/USDT,USDC->EUR->USDT,Kraken,-1.161440,-51.161440,NO,"{""buffer_bps"":50.0,""note"":""Two-leg stablecoin conversion via EUR; issuer, venue and fee risks remain."",""usdc_eur"":{""ask"":0.861,""bid"":0.8609,""last"":0.861},""usdt_eur"":{""ask"":0.861,""bid"":0.8609,""last"":0.8609}}"
2026-09-07T01:06:57+00:00,stable_eur_dislocation,Kraken:USDT-EUR-USDC,USDT/USDC,USDT->EUR->USDC,Kraken,-1.161440,-51.161440,NO,"{""buffer_bps"":50.0,""note"":""Two-leg stablecoin conversion via EUR; issuer, venue and fee risks remain."",""usdc_eur"":{""ask"":0.861,""bid"":0.8609,""last"":0.861},""usdt_eur"":{""ask"":0.861,""bid"":0.8609,""last"":0.8609}}"
2026-09-07T02:04:25+00:00,eu_cross_spot,BTC:buy Coinbase / sell Kraken,BTC,buy Coinbase / sell Kraken,Coinbase<->Kraken,0.308082,-149.691918,NO,"{""buffer_bps"":150.0,""buy_ask"":68812.88,""coinbase_taker_bps"":60.0,""kraken_taker_bps"":80.0,""note"":""Assumes prefunded balances on both venues; rebalancing and account-specific fees can erase the edge."",""sell_bid"":68815.0}"
2026-09-07T02:04:25+00:00,eu_cross_spot,BTC:buy Kraken / sell Coinbase,BTC,buy Kraken / sell Coinbase,Coinbase<->Kraken,-0.656833,-150.656833,NO,"{""buffer_bps"":150.0,""buy_ask"":68815.1,""coinbase_taker_bps"":60.0,""kraken_taker_bps"":80.0,""note"":""Assumes prefunded balances on both venues; rebalancing and account-specific fees can erase the edge."",""sell_bid"":68810.58}"
2026-09-07T02:04:25+00:00,eu_cross_spot,ETH:buy Coinbase / sell Kraken,ETH,buy Coinbase / sell Kraken,Coinbase<->Kraken,-0.649420,-150.649420,NO,"{""buffer_bps"":150.0,""buy_ask"":2155.77,""coinbase_taker_bps"":60.0,""kraken_taker_bps"":80.0,""note"":""Assumes prefunded balances on both venues; rebalancing and account-specific fees can erase the edge."",""sell_bid"":2155.63}"
2026-09-07T02:04:25+00:00,eu_cross_spot,ETH:buy Kraken / sell Coinbase,ETH,buy Kraken / sell Coinbase,Coinbase<->Kraken,-1.391659,-151.391659,NO,"{""buffer_bps"":150.0,""buy_ask"":2155.7,""coinbase_taker_bps"":60.0,""kraken_taker_bps"":80.0,""note"":""Assumes prefunded balances on both venues; rebalancing and account-specific fees can erase the edge."",""sell_bid"":2155.4}"
2026-09-07T02:04:25+00:00,eu_cross_spot,SOL:buy Coinbase / sell Kraken,SOL,buy Coinbase / sell Kraken,Coinbase<->Kraken,-1.102536,-151.102536,NO,"{""buffer_bps"":150.0,""buy_ask"":90.7,""coinbase_taker_bps"":60.0,""kraken_taker_bps"":80.0,""note"":""Assumes prefunded balances on both venues; rebalancing and account-specific fees can erase the edge."",""sell_bid"":90.69}"
2026-09-07T02:04:25+00:00,eu_cross_spot,SOL:buy Kraken / sell Coinbase,SOL,buy Kraken / sell Coinbase,Coinbase<->Kraken,-1.102536,-151.102536,NO,"{""buffer_bps"":150.0,""buy_ask"":90.7,""coinbase_taker_bps"":60.0,""kraken_taker_bps"":80.0,""note"":""Assumes prefunded balances on both venues; rebalancing and account-specific fees can erase the edge."",""sell_bid"":90.69}"
2026-09-07T02:04:25+00:00,eur_triangle,Coinbase:BTC:EUR-USDT-BTC-EUR,BTC,EUR->USDT->BTC->EUR,Coinbase,-1.222001,-190.122297,NO,"{""extra_buffer_bps"":10.0,""fee_bps_per_leg_assumption"":60.0,""note"":""Top-of-book paper cycle. Exact Coinbase fee tier and available size must be validated.""}"
2026-09-07T02:04:25+00:00,eur_triangle,Coinbase:BTC:EUR-BTC-USDT-EUR,BTC,EUR->BTC->USDT->EUR,Coinbase,-1.592278,-190.485949,NO,"{""extra_buffer_bps"":10.0,""fee_bps_per_leg_assumption"":60.0,""note"":""Top-of-book paper cycle. Exact Coinbase fee tier and available size must be validated.""}"
2026-09-07T02:04:25+00:00,eur_triangle,Kraken:BTC:EUR-USDT-BTC-EUR,BTC,EUR->USDT->BTC->EUR,Kraken,-0.980192,-249.041975,NO,"{""extra_buffer_bps"":10.0,""fee_bps_per_leg_assumption"":80.0,""note"":""Top-of-book paper cycle. Exact Kraken fee tier and available size must be validated.""}"
2026-09-07T02:04:25+00:00,eur_triangle,Kraken:BTC:EUR-BTC-USDT-EUR,BTC,EUR->BTC->USDT->EUR,Kraken,-0.207908,-248.288078,NO,"{""extra_buffer_bps"":10.0,""fee_bps_per_leg_assumption"":80.0,""note"":""Top-of-book paper cycle. Exact Kraken fee tier and available size must be validated.""}"
2026-09-07T02:04:25+00:00,eur_triangle,Coinbase:ETH:EUR-USDT-ETH-EUR,ETH,EUR->USDT->ETH->EUR,Coinbase,-2.092566,-190.977285,NO,"{""extra_buffer_bps"":10.0,""fee_bps_per_leg_assumption"":60.0,""note"":""Top-of-book paper cycle. Exact Coinbase fee tier and available size must be validated.""}"
2026-09-07T02:04:25+00:00,eur_triangle,Coinbase:ETH:EUR-ETH-USDT-EUR,ETH,EUR->ETH->USDT->EUR,Coinbase,-3.611413,-192.468957,NO,"{""extra_buffer_bps"":10.0,""fee_bps_per_leg_assumption"":60.0,""note"":""Top-of-book paper cycle. Exact Coinbase fee tier and available size must be validated.""}"
2026-09-07T02:04:25+00:00,eur_triangle,Kraken:ETH:EUR-USDT-ETH-EUR,ETH,EUR->USDT->ETH->EUR,Kraken,-0.386499,-248.462417,NO,"{""extra_buffer_bps"":10.0,""fee_bps_per_leg_assumption"":80.0,""note"":""Top-of-book paper cycle. Exact Kraken fee tier and available size must be validated.""}"
2026-09-07T02:04:25+00:00,eur_triangle,Kraken:ETH:EUR-ETH-USDT-EUR,ETH,EUR->ETH->USDT->EUR,Kraken,-1.259062,-249.314206,NO,"{""extra_buffer_bps"":10.0,""fee_bps_per_leg_assumption"":80.0,""note"":""Top-of-book paper cycle. Exact Kraken fee tier and available size must be validated.""}"
2026-09-07T02:04:25+00:00,eur_triangle,Coinbase:SOL:EUR-USDT-SOL-EUR,SOL,EUR->USDT->SOL->EUR,Coinbase,-0.539170,-189.451683,NO,"{""extra_buffer_bps"":10.0,""fee_bps_per_leg_assumption"":60.0,""note"":""Top-of-book paper cycle. Exact Coinbase fee tier and available size must be validated.""}"
2026-09-07T02:04:25+00:00,eur_triangle,Coinbase:SOL:EUR-SOL-USDT-EUR,SOL,EUR->SOL->USDT->EUR,Coinbase,-1.745182,-190.636117,NO,"{""extra_buffer_bps"":10.0,""fee_bps_per_leg_assumption"":60.0,""note"":""Top-of-book paper cycle. Exact Coinbase fee tier and available size must be validated.""}"
2026-09-07T02:04:25+00:00,eur_triangle,Kraken:SOL:EUR-USDT-SOL-EUR,SOL,EUR->USDT->SOL->EUR,Kraken,-1.488697,-249.538373,NO,"{""extra_buffer_bps"":10.0,""fee_bps_per_leg_assumption"":80.0,""note"":""Top-of-book paper cycle. Exact Kraken fee tier and available size must be validated.""}"
2026-09-07T02:04:25+00:00,eur_triangle,Kraken:SOL:EUR-SOL-USDT-EUR,SOL,EUR->SOL->USDT->EUR,Kraken,-1.724366,-249.768431,NO,"{""extra_buffer_bps"":10.0,""fee_bps_per_leg_assumption"":80.0,""note"":""Top-of-book paper cycle. Exact Kraken fee tier and available size must be validated.""}"
2026-09-07T02:04:25+00:00,stable_eur_dislocation,Coinbase:USDC-EUR-USDT,USDC/USDT,USDC->EUR->USDT,Coinbase,0.000000,-30.000000,NO,"{""buffer_bps"":30.0,""note"":""Two-leg stablecoin conversion via EUR; issuer, venue and fee risks remain."",""usdc_eur"":{""ask"":0.8614,""bid"":0.8613,""last"":0.8614},""usdt_eur"":{""ask"":0.8613,""bid"":0.86128,""last"":0.86129}}"
2026-09-07T02:04:25+00:00,stable_eur_dislocation,Coinbase:USDT-EUR-USDC,USDT/USDC,USDT->EUR->USDC,Coinbase,-1.393081,-31.393081,NO,"{""buffer_bps"":30.0,""note"":""Two-leg stablecoin conversion via EUR; issuer, venue and fee risks remain."",""usdc_eur"":{""ask"":0.8614,""bid"":0.8613,""last"":0.8614},""usdt_eur"":{""ask"":0.8613,""bid"":0.86128,""last"":0.86129}}"
2026-09-07T02:04:25+00:00,stable_eur_dislocation,Kraken:USDC-EUR-USDT,USDC/USDT,USDC->EUR->USDT,Kraken,0.000000,-50.000000,NO,"{""buffer_bps"":50.0,""note"":""Two-leg stablecoin conversion via EUR; issuer, venue and fee risks remain."",""usdc_eur"":{""ask"":0.8614,""bid"":0.8613,""last"":0.8614},""usdt_eur"":{""ask"":0.8613,""bid"":0.8612,""last"":0.8613}}"
2026-09-07T02:04:25+00:00,stable_eur_dislocation,Kraken:USDT-EUR-USDC,USDT/USDC,USDT->EUR->USDC,Kraken,-2.321802,-52.321802,NO,"{""buffer_bps"":50.0,""note"":""Two-leg stablecoin conversion via EUR; issuer, venue and fee risks remain."",""usdc_eur"":{""ask"":0.8614,""bid"":0.8613,""last"":0.8614},""usdt_eur"":{""ask"":0.8613,""bid"":0.8612,""last"":0.8613}}"
2026-09-07T05:11:42+00:00,eu_cross_spot,BTC:buy Coinbase / sell Kraken,BTC,buy Coinbase / sell Kraken,Coinbase<->Kraken,1.238444,-148.761556,NO,"{""buffer_bps"":150.0,""buy_ask"":68634.5,""coinbase_taker_bps"":60.0,""kraken_taker_bps"":80.0,""note"":""Assumes prefunded balances on both venues; rebalancing and account-specific fees can erase the edge."",""sell_bid"":68643.0}"
2026-09-07T05:11:42+00:00,eu_cross_spot,BTC:buy Kraken / sell Coinbase,BTC,buy Kraken / sell Coinbase,Coinbase<->Kraken,-1.254314,-151.254314,NO,"{""buffer_bps"":150.0,""buy_ask"":68643.1,""coinbase_taker_bps"":60.0,""kraken_taker_bps"":80.0,""note"":""Assumes prefunded balances on both venues; rebalancing and account-specific fees can erase the edge."",""sell_bid"":68634.49}"
2026-09-07T05:11:42+00:00,eu_cross_spot,ETH:buy Coinbase / sell Kraken,ETH,buy Coinbase / sell Kraken,Coinbase<->Kraken,-1.577792,-151.577792,NO,"{""buffer_bps"":150.0,""buy_ask"":2154.91,""coinbase_taker_bps"":60.0,""kraken_taker_bps"":80.0,""note"":""Assumes prefunded balances on both venues; rebalancing and account-specific fees can erase the edge."",""sell_bid"":2154.57}"
2026-09-07T05:11:42+00:00,eu_cross_spot,ETH:buy Kraken / sell Coinbase,ETH,buy Kraken / sell Coinbase,Coinbase<->Kraken,-0.603343,-150.603343,NO,"{""buffer_bps"":150.0,""buy_ask"":2154.66,""coinbase_taker_bps"":60.0,""kraken_taker_bps"":80.0,""note"":""Assumes prefunded balances on both venues; rebalancing and account-specific fees can erase the edge."",""sell_bid"":2154.53}"
2026-09-07T05:11:42+00:00,eu_cross_spot,SOL:buy Coinbase / sell Kraken,SOL,buy Coinbase / sell Kraken,Coinbase<->Kraken,-1.103509,-151.103509,NO,"{""buffer_bps"":150.0,""buy_ask"":90.62,""coinbase_taker_bps"":60.0,""kraken_taker_bps"":80.0,""note"":""Assumes prefunded balances on both venues; rebalancing and account-specific fees can erase the edge."",""sell_bid"":90.61}"
2026-09-07T05:11:42+00:00,eu_cross_spot,SOL:buy Kraken / sell Coinbase,SOL,buy Kraken / sell Coinbase,Coinbase<->Kraken,-2.207018,-152.207018,NO,"{""buffer_bps"":150.0,""buy_ask"":90.62,""coinbase_taker_bps"":60.0,""kraken_taker_bps"":80.0,""note"":""Assumes prefunded balances on both venues; rebalancing and account-specific fees can erase the edge."",""sell_bid"":90.6}"
2026-09-07T05:11:42+00:00,eur_triangle,Coinbase:BTC:EUR-USDT-BTC-EUR,BTC,EUR->USDT->BTC->EUR,Coinbase,-1.102367,-190.004803,NO,"{""extra_buffer_bps"":10.0,""fee_bps_per_leg_assumption"":60.0,""note"":""Top-of-book paper cycle. Exact Coinbase fee tier and available size must be validated.""}"
2026-09-07T05:11:42+00:00,eur_triangle,Coinbase:BTC:EUR-BTC-USDT-EUR,BTC,EUR->BTC->USDT->EUR,Coinbase,-1.480311,-190.375985,NO,"{""extra_buffer_bps"":10.0,""fee_bps_per_leg_assumption"":60.0,""note"":""Top-of-book paper cycle. Exact Coinbase fee tier and available size must be validated.""}"
2026-09-07T05:11:42+00:00,eur_triangle,Kraken:BTC:EUR-USDT-BTC-EUR,BTC,EUR->USDT->BTC->EUR,Kraken,0.686359,-247.415102,NO,"{""extra_buffer_bps"":10.0,""fee_bps_per_leg_assumption"":80.0,""note"":""Top-of-book paper cycle. Exact Kraken fee tier and available size must be validated.""}"
2026-09-07T05:11:42+00:00,eur_triangle,Kraken:BTC:EUR-BTC-USDT-EUR,BTC,EUR->BTC->USDT->EUR,Kraken,-1.874379,-249.914873,NO,"{""extra_buffer_bps"":10.0,""fee_bps_per_leg_assumption"":80.0,""note"":""Top-of-book paper cycle. Exact Kraken fee tier and available size must be validated.""}"
2026-09-07T05:11:42+00:00,eur_triangle,Coinbase:ETH:EUR-USDT-ETH-EUR,ETH,EUR->USDT->ETH->EUR,Coinbase,-0.459024,-189.372971,NO,"{""extra_buffer_bps"":10.0,""fee_bps_per_leg_assumption"":60.0,""note"":""Top-of-book paper cycle. Exact Coinbase fee tier and available size must be validated.""}"
2026-09-07T05:11:42+00:00,eur_triangle,Coinbase:ETH:EUR-ETH-USDT-EUR,ETH,EUR->ETH->USDT->EUR,Coinbase,-4.614150,-193.453753,NO,"{""extra_buffer_bps"":10.0,""fee_bps_per_leg_assumption"":60.0,""note"":""Top-of-book paper cycle. Exact Coinbase fee tier and available size must be validated.""}"
2026-09-07T05:11:42+00:00,eur_triangle,Kraken:ETH:EUR-USDT-ETH-EUR,ETH,EUR->USDT->ETH->EUR,Kraken,-0.149638,-248.231195,NO,"{""extra_buffer_bps"":10.0,""fee_bps_per_leg_assumption"":80.0,""note"":""Top-of-book paper cycle. Exact Kraken fee tier and available size must be validated.""}"
2026-09-07T05:11:42+00:00,eur_triangle,Kraken:ETH:EUR-ETH-USDT-EUR,ETH,EUR->ETH->USDT->EUR,Kraken,-1.548978,-249.597219,NO,"{""extra_buffer_bps"":10.0,""fee_bps_per_leg_assumption"":80.0,""note"":""Top-of-book paper cycle. Exact Kraken fee tier and available size must be validated.""}"
2026-09-07T05:11:42+00:00,eur_triangle,Coinbase:SOL:EUR-USDT-SOL-EUR,SOL,EUR->USDT->SOL->EUR,Coinbase,-1.801099,-190.691034,NO,"{""extra_buffer_bps"":10.0,""fee_bps_per_leg_assumption"":60.0,""note"":""Top-of-book paper cycle. Exact Coinbase fee tier and available size must be validated.""}"
2026-09-07T05:11:42+00:00,eur_triangle,Coinbase:SOL:EUR-SOL-USDT-EUR,SOL,EUR->SOL->USDT->EUR,Coinbase,-1.588612,-190.482348,NO,"{""extra_buffer_bps"":10.0,""fee_bps_per_leg_assumption"":60.0,""note"":""Top-of-book paper cycle. Exact Coinbase fee tier and available size must be validated.""}"
2026-09-07T05:11:42+00:00,eur_triangle,Kraken:SOL:EUR-USDT-SOL-EUR,SOL,EUR->USDT->SOL->EUR,Kraken,-1.763953,-249.807076,NO,"{""extra_buffer_bps"":10.0,""fee_bps_per_leg_assumption"":80.0,""note"":""Top-of-book paper cycle. Exact Kraken fee tier and available size must be validated.""}"
2026-09-07T05:11:42+00:00,eur_triangle,Kraken:SOL:EUR-SOL-USDT-EUR,SOL,EUR->SOL->USDT->EUR,Kraken,-1.450894,-249.501470,NO,"{""extra_buffer_bps"":10.0,""fee_bps_per_leg_assumption"":80.0,""note"":""Top-of-book paper cycle. Exact Kraken fee tier and available size must be validated.""}"
2026-09-07T05:11:42+00:00,stable_eur_dislocation,Coinbase:USDC-EUR-USDT,USDC/USDT,USDC->EUR->USDT,Coinbase,0.116105,-29.883895,NO,"{""buffer_bps"":30.0,""note"":""Two-leg stablecoin conversion via EUR; issuer, venue and fee risks remain."",""usdc_eur"":{""ask"":0.8614,""bid"":0.8613,""last"":0.8614},""usdt_eur"":{""ask"":0.86129,""bid"":0.86127,""last"":0.86125}}"
2026-09-07T05:11:42+00:00,stable_eur_dislocation,Coinbase:USDT-EUR-USDC,USDT/USDC,USDT->EUR->USDC,Coinbase,-1.509171,-31.509171,NO,"{""buffer_bps"":30.0,""note"":""Two-leg stablecoin conversion via EUR; issuer, venue and fee risks remain."",""usdc_eur"":{""ask"":0.8614,""bid"":0.8613,""last"":0.8614},""usdt_eur"":{""ask"":0.86129,""bid"":0.86127,""last"":0.86125}}"
2026-09-07T05:11:42+00:00,stable_eur_dislocation,Kraken:USDC-EUR-USDT,USDC/USDT,USDC->EUR->USDT,Kraken,0.000000,-50.000000,NO,"{""buffer_bps"":50.0,""note"":""Two-leg stablecoin conversion via EUR; issuer, venue and fee risks remain."",""usdc_eur"":{""ask"":0.8614,""bid"":0.8613,""last"":0.8614},""usdt_eur"":{""ask"":0.8613,""bid"":0.8612,""last"":0.8613}}"
2026-09-07T05:11:42+00:00,stable_eur_dislocation,Kraken:USDT-EUR-USDC,USDT/USDC,USDT->EUR->USDC,Kraken,-2.321802,-52.321802,NO,"{""buffer_bps"":50.0,""note"":""Two-leg stablecoin conversion via EUR; issuer, venue and fee risks remain."",""usdc_eur"":{""ask"":0.8614,""bid"":0.8613,""last"":0.8614},""usdt_eur"":{""ask"":0.8613,""bid"":0.8612,""last"":0.8613}}"
2026-09-07T06:10:38+00:00,eu_cross_spot,BTC:buy Coinbase / sell Kraken,BTC,buy Coinbase / sell Kraken,Coinbase<->Kraken,-0.810504,-150.810504,NO,"{""buffer_bps"":150.0,""buy_ask"":68722.67,""coinbase_taker_bps"":60.0,""kraken_taker_bps"":80.0,""note"":""Assumes prefunded balances on both venues; rebalancing and account-specific fees can erase the edge."",""sell_bid"":68717.1}"
2026-09-07T06:10:38+00:00,eu_cross_spot,BTC:buy Kraken / sell Coinbase,BTC,buy Kraken / sell Coinbase,Coinbase<->Kraken,-0.167353,-150.167353,NO,"{""buffer_bps"":150.0,""buy_ask"":68717.2,""coinbase_taker_bps"":60.0,""kraken_taker_bps"":80.0,""note"":""Assumes prefunded balances on both venues; rebalancing and account-specific fees can erase the edge."",""sell_bid"":68716.05}"
2026-09-07T06:10:38+00:00,eu_cross_spot,ETH:buy Coinbase / sell Kraken,ETH,buy Coinbase / sell Kraken,Coinbase<->Kraken,-0.601891,-150.601891,NO,"{""buffer_bps"":150.0,""buy_ask"":2159.86,""coinbase_taker_bps"":60.0,""kraken_taker_bps"":80.0,""note"":""Assumes prefunded balances on both venues; rebalancing and account-specific fees can erase the edge."",""sell_bid"":2159.73}"
2026-09-07T06:10:38+00:00,eu_cross_spot,ETH:buy Kraken / sell Coinbase,ETH,buy Kraken / sell Coinbase,Coinbase<->Kraken,-0.833434,-150.833434,NO,"{""buffer_bps"":150.0,""buy_ask"":2159.74,""coinbase_taker_bps"":60.0,""kraken_taker_bps"":80.0,""note"":""Assumes prefunded balances on both venues; rebalancing and account-specific fees can erase the edge."",""sell_bid"":2159.56}"
2026-09-07T06:10:38+00:00,eu_cross_spot,SOL:buy Coinbase / sell Kraken,SOL,buy Coinbase / sell Kraken,Coinbase<->Kraken,-2.206531,-152.206531,NO,"{""buffer_bps"":150.0,""buy_ask"":90.64,""coinbase_taker_bps"":60.0,""kraken_taker_bps"":80.0,""note"":""Assumes prefunded balances on both venues; rebalancing and account-specific fees can erase the edge."",""sell_bid"":90.62}"
2026-09-07T06:10:38+00:00,eu_cross_spot,SOL:buy Kraken / sell Coinbase,SOL,buy Kraken / sell Coinbase,Coinbase<->Kraken,-1.103387,-151.103387,NO,"{""buffer_bps"":150.0,""buy_ask"":90.63,""coinbase_taker_bps"":60.0,""kraken_taker_bps"":80.0,""note"":""Assumes prefunded balances on both venues; rebalancing and account-specific fees can erase the edge."",""sell_bid"":90.62}"
2026-09-07T06:10:38+00:00,eur_triangle,Coinbase:BTC:EUR-USDT-BTC-EUR,BTC,EUR->USDT->BTC->EUR,Coinbase,-1.432837,-190.329360,NO,"{""extra_buffer_bps"":10.0,""fee_bps_per_leg_assumption"":60.0,""note"":""Top-of-book paper cycle. Exact Coinbase fee tier and available size must be validated.""}"
2026-09-07T06:10:38+00:00,eur_triangle,Coinbase:BTC:EUR-BTC-USDT-EUR,BTC,EUR->BTC->USDT->EUR,Coinbase,-1.228158,-190.128343,NO,"{""extra_buffer_bps"":10.0,""fee_bps_per_leg_assumption"":60.0,""note"":""Top-of-book paper cycle. Exact Coinbase fee tier and available size must be validated.""}"
2026-09-07T06:10:38+00:00,eur_triangle,Kraken:BTC:EUR-USDT-BTC-EUR,BTC,EUR->USDT->BTC->EUR,Kraken,-0.776742,-248.843369,NO,"{""extra_buffer_bps"":10.0,""fee_bps_per_leg_assumption"":80.0,""note"":""Top-of-book paper cycle. Exact Kraken fee tier and available size must be validated.""}"
2026-09-07T06:10:38+00:00,eur_triangle,Kraken:BTC:EUR-BTC-USDT-EUR,BTC,EUR->BTC->USDT->EUR,Kraken,-0.586863,-248.658011,NO,"{""extra_buffer_bps"":10.0,""fee_bps_per_leg_assumption"":80.0,""note"":""Top-of-book paper cycle. Exact Kraken fee tier and available size must be validated.""}"
2026-09-07T06:10:38+00:00,eur_triangle,Coinbase:ETH:EUR-USDT-ETH-EUR,ETH,EUR->USDT->ETH->EUR,Coinbase,-1.925909,-190.813611,NO,"{""extra_buffer_bps"":10.0,""fee_bps_per_leg_assumption"":60.0,""note"":""Top-of-book paper cycle. Exact Coinbase fee tier and available size must be validated.""}"
2026-09-07T06:10:38+00:00,eur_triangle,Coinbase:ETH:EUR-ETH-USDT-EUR,ETH,EUR->ETH->USDT->EUR,Coinbase,-2.849037,-191.720221,NO,"{""extra_buffer_bps"":10.0,""fee_bps_per_leg_assumption"":60.0,""note"":""Top-of-book paper cycle. Exact Coinbase fee tier and available size must be validated.""}"
2026-09-07T06:10:38+00:00,eur_triangle,Kraken:ETH:EUR-USDT-ETH-EUR,ETH,EUR->USDT->ETH->EUR,Kraken,-0.584164,-248.655376,NO,"{""extra_buffer_bps"":10.0,""fee_bps_per_leg_assumption"":80.0,""note"":""Top-of-book paper cycle. Exact Kraken fee tier and available size must be validated.""}"
2026-09-07T06:10:38+00:00,eur_triangle,Kraken:ETH:EUR-ETH-USDT-EUR,ETH,EUR->ETH->USDT->EUR,Kraken,-0.663080,-248.732413,NO,"{""extra_buffer_bps"":10.0,""fee_bps_per_leg_assumption"":80.0,""note"":""Top-of-book paper cycle. Exact Kraken fee tier and available size must be validated.""}"
2026-09-07T06:10:38+00:00,eur_triangle,Coinbase:SOL:EUR-USDT-SOL-EUR,SOL,EUR->USDT->SOL->EUR,Coinbase,-1.726837,-190.618100,NO,"{""extra_buffer_bps"":10.0,""fee_bps_per_leg_assumption"":60.0,""note"":""Top-of-book paper cycle. Exact Coinbase fee tier and available size must be validated.""}"
2026-09-07T06:10:38+00:00,eur_triangle,Coinbase:SOL:EUR-SOL-USDT-EUR,SOL,EUR->SOL->USDT->EUR,Coinbase,-2.496359,-191.373854,NO,"{""extra_buffer_bps"":10.0,""fee_bps_per_leg_assumption"":60.0,""note"":""Top-of-book paper cycle. Exact Coinbase fee tier and available size must be validated.""}"
2026-09-07T06:10:38+00:00,eur_triangle,Kraken:SOL:EUR-USDT-SOL-EUR,SOL,EUR->USDT->SOL->EUR,Kraken,-1.610754,-249.657524,NO,"{""extra_buffer_bps"":10.0,""fee_bps_per_leg_assumption"":80.0,""note"":""Top-of-book paper cycle. Exact Kraken fee tier and available size must be validated.""}"
2026-09-07T06:10:38+00:00,eur_triangle,Kraken:SOL:EUR-SOL-USDT-EUR,SOL,EUR->SOL->USDT->EUR,Kraken,-1.603884,-249.650818,NO,"{""extra_buffer_bps"":10.0,""fee_bps_per_leg_assumption"":80.0,""note"":""Top-of-book paper cycle. Exact Kraken fee tier and available size must be validated.""}"
2026-09-07T06:10:38+00:00,stable_eur_dislocation,Coinbase:USDC-EUR-USDT,USDC/USDT,USDC->EUR->USDT,Coinbase,-0.116102,-30.116102,NO,"{""buffer_bps"":30.0,""note"":""Two-leg stablecoin conversion via EUR; issuer, venue and fee risks remain."",""usdc_eur"":{""ask"":0.8614,""bid"":0.8613,""last"":0.8613},""usdt_eur"":{""ask"":0.86131,""bid"":0.8613,""last"":0.8613}}"
2026-09-07T06:10:38+00:00,stable_eur_dislocation,Coinbase:USDT-EUR-USDC,USDT/USDC,USDT->EUR->USDC,Coinbase,-1.160901,-31.160901,NO,"{""buffer_bps"":30.0,""note"":""Two-leg stablecoin conversion via EUR; issuer, venue and fee risks remain."",""usdc_eur"":{""ask"":0.8614,""bid"":0.8613,""last"":0.8613},""usdt_eur"":{""ask"":0.86131,""bid"":0.8613,""last"":0.8613}}"
2026-09-07T06:10:38+00:00,stable_eur_dislocation,Kraken:USDC-EUR-USDT,USDC/USDT,USDC->EUR->USDT,Kraken,-1.161036,-51.161036,NO,"{""buffer_bps"":50.0,""note"":""Two-leg stablecoin conversion via EUR; issuer, venue and fee risks remain."",""usdc_eur"":{""ask"":0.8613,""bid"":0.8612,""last"":0.8612},""usdt_eur"":{""ask"":0.8613,""bid"":0.8612,""last"":0.8612}}"
2026-09-07T06:10:38+00:00,stable_eur_dislocation,Kraken:USDT-EUR-USDC,USDT/USDC,USDT->EUR->USDC,Kraken,-1.161036,-51.161036,NO,"{""buffer_bps"":50.0,""note"":""Two-leg stablecoin conversion via EUR; issuer, venue and fee risks remain."",""usdc_eur"":{""ask"":0.8613,""bid"":0.8612,""last"":0.8612},""usdt_eur"":{""ask"":0.8613,""bid"":0.8612,""last"":0.8612}}"
2026-09-07T10:17:47+00:00,eu_cross_spot,BTC:buy Coinbase / sell Kraken,BTC,buy Coinbase / sell Kraken,Coinbase<->Kraken,-0.914730,-150.914730,NO,"{""buffer_bps"":150.0,""buy_ask"":68326.15,""coinbase_taker_bps"":60.0,""kraken_taker_bps"":80.0,""note"":""Assumes prefunded balances on both venues; rebalancing and account-specific fees can erase the edge."",""sell_bid"":68319.9}"
2026-09-07T10:17:47+00:00,eu_cross_spot,BTC:buy Kraken / sell Coinbase,BTC,buy Kraken / sell Coinbase,Coinbase<->Kraken,0.027810,-149.972190,NO,"{""buffer_bps"":150.0,""buy_ask"":68320.0,""coinbase_taker_bps"":60.0,""kraken_taker_bps"":80.0,""note"":""Assumes prefunded balances on both venues; rebalancing and account-specific fees can erase the edge."",""sell_bid"":68320.19}"
2026-09-07T10:17:47+00:00,eu_cross_spot,ETH:buy Coinbase / sell Kraken,ETH,buy Coinbase / sell Kraken,Coinbase<->Kraken,-0.747032,-150.747032,NO,"{""buffer_bps"":150.0,""buy_ask"":2141.81,""coinbase_taker_bps"":60.0,""kraken_taker_bps"":80.0,""note"":""Assumes prefunded balances on both venues; rebalancing and account-specific fees can erase the edge."",""sell_bid"":2141.65}"
2026-09-07T10:17:47+00:00,eu_cross_spot,ETH:buy Kraken / sell Coinbase,ETH,buy Kraken / sell Coinbase,Coinbase<->Kraken,-0.700391,-150.700391,NO,"{""buffer_bps"":150.0,""buy_ask"":2141.66,""coinbase_taker_bps"":60.0,""kraken_taker_bps"":80.0,""note"":""Assumes prefunded balances on both venues; rebalancing and account-specific fees can erase the edge."",""sell_bid"":2141.51}"
2026-09-07T10:17:47+00:00,eu_cross_spot,SOL:buy Coinbase / sell Kraken,SOL,buy Coinbase / sell Kraken,Coinbase<->Kraken,-2.214349,-152.214349,NO,"{""buffer_bps"":150.0,""buy_ask"":90.32,""coinbase_taker_bps"":60.0,""kraken_taker_bps"":80.0,""note"":""Assumes prefunded balances on both venues; rebalancing and account-specific fees can erase the edge."",""sell_bid"":90.3}"
2026-09-07T10:17:47+00:00,eu_cross_spot,SOL:buy Kraken / sell Coinbase,SOL,buy Kraken / sell Coinbase,Coinbase<->Kraken,-1.107297,-151.107297,NO,"{""buffer_bps"":150.0,""buy_ask"":90.31,""coinbase_taker_bps"":60.0,""kraken_taker_bps"":80.0,""note"":""Assumes prefunded balances on both venues; rebalancing and account-specific fees can erase the edge."",""sell_bid"":90.3}"
2026-09-07T10:17:47+00:00,eur_triangle,Coinbase:BTC:EUR-USDT-BTC-EUR,BTC,EUR->USDT->BTC->EUR,Coinbase,-0.731272,-189.640347,NO,"{""extra_buffer_bps"":10.0,""fee_bps_per_leg_assumption"":60.0,""note"":""Top-of-book paper cycle. Exact Coinbase fee tier and available size must be validated.""}"
2026-09-07T10:17:47+00:00,eur_triangle,Coinbase:BTC:EUR-BTC-USDT-EUR,BTC,EUR->BTC->USDT->EUR,Coinbase,-2.895753,-191.766102,NO,"{""extra_buffer_bps"":10.0,""fee_bps_per_leg_assumption"":60.0,""note"":""Top-of-book paper cycle. Exact Coinbase fee tier and available size must be validated.""}"
2026-09-07T10:17:47+00:00,eur_triangle,Kraken:BTC:EUR-USDT-BTC-EUR,BTC,EUR->USDT->BTC->EUR,Kraken,0.668986,-247.432062,NO,"{""extra_buffer_bps"":10.0,""fee_bps_per_leg_assumption"":80.0,""note"":""Top-of-book paper cycle. Exact Kraken fee tier and available size must be validated.""}"
2026-09-07T10:17:47+00:00,eur_triangle,Kraken:BTC:EUR-BTC-USDT-EUR,BTC,EUR->BTC->USDT->EUR,Kraken,-1.858340,-249.899216,NO,"{""extra_buffer_bps"":10.0,""fee_bps_per_leg_assumption"":80.0,""note"":""Top-of-book paper cycle. Exact Kraken fee tier and available size must be validated.""}"
2026-09-07T10:17:47+00:00,eur_triangle,Coinbase:ETH:EUR-USDT-ETH-EUR,ETH,EUR->USDT->ETH->EUR,Coinbase,-0.673375,-189.583487,NO,"{""extra_buffer_bps"":10.0,""fee_bps_per_leg_assumption"":60.0,""note"":""Top-of-book paper cycle. Exact Coinbase fee tier and available size must be validated.""}"
2026-09-07T10:17:47+00:00,eur_triangle,Coinbase:ETH:EUR-ETH-USDT-EUR,ETH,EUR->ETH->USDT->EUR,Coinbase,-4.776091,-193.612796,NO,"{""extra_buffer_bps"":10.0,""fee_bps_per_leg_assumption"":60.0,""note"":""Top-of-book paper cycle. Exact Coinbase fee tier and available size must be validated.""}"
2026-09-07T10:17:47+00:00,eur_triangle,Kraken:ETH:EUR-USDT-ETH-EUR,ETH,EUR->USDT->ETH->EUR,Kraken,0.494017,-247.602864,NO,"{""extra_buffer_bps"":10.0,""fee_bps_per_leg_assumption"":80.0,""note"":""Top-of-book paper cycle. Exact Kraken fee tier and available size must be validated.""}"
2026-09-07T10:17:47+00:00,eur_triangle,Kraken:ETH:EUR-ETH-USDT-EUR,ETH,EUR->ETH->USDT->EUR,Kraken,-1.743040,-249.786661,NO,"{""extra_buffer_bps"":10.0,""fee_bps_per_leg_assumption"":80.0,""note"":""Top-of-book paper cycle. Exact Kraken fee tier and available size must be validated.""}"
2026-09-07T10:17:47+00:00,eur_triangle,Coinbase:SOL:EUR-USDT-SOL-EUR,SOL,EUR->USDT->SOL->EUR,Coinbase,-2.024773,-190.910705,NO,"{""extra_buffer_bps"":10.0,""fee_bps_per_leg_assumption"":60.0,""note"":""Top-of-book paper cycle. Exact Coinbase fee tier and available size must be validated.""}"
2026-09-07T10:17:47+00:00,eur_triangle,Coinbase:SOL:EUR-SOL-USDT-EUR,SOL,EUR->SOL->USDT->EUR,Coinbase,-2.327281,-191.207801,NO,"{""extra_buffer_bps"":10.0,""fee_bps_per_leg_assumption"":60.0,""note"":""Top-of-book paper cycle. Exact Coinbase fee tier and available size must be validated.""}"
2026-09-07T10:17:47+00:00,eur_triangle,Kraken:SOL:EUR-USDT-SOL-EUR,SOL,EUR->USDT->SOL->EUR,Kraken,-1.792370,-249.834816,NO,"{""extra_buffer_bps"":10.0,""fee_bps_per_leg_assumption"":80.0,""note"":""Top-of-book paper cycle. Exact Kraken fee tier and available size must be validated.""}"
2026-09-07T10:17:47+00:00,eur_triangle,Kraken:SOL:EUR-SOL-USDT-EUR,SOL,EUR->SOL->USDT->EUR,Kraken,-2.382350,-250.410749,NO,"{""extra_buffer_bps"":10.0,""fee_bps_per_leg_assumption"":80.0,""note"":""Top-of-book paper cycle. Exact Kraken fee tier and available size must be validated.""}"
2026-09-07T10:17:47+00:00,stable_eur_dislocation,Coinbase:USDC-EUR-USDT,USDC/USDT,USDC->EUR->USDT,Coinbase,-0.232445,-30.232445,NO,"{""buffer_bps"":30.0,""note"":""Two-leg stablecoin conversion via EUR; issuer, venue and fee risks remain."",""usdc_eur"":{""ask"":0.8605,""bid"":0.8604,""last"":0.8605},""usdt_eur"":{""ask"":0.86042,""bid"":0.8604,""last"":0.86041}}"
2026-09-07T10:17:47+00:00,stable_eur_dislocation,Coinbase:USDT-EUR-USDC,USDT/USDC,USDT->EUR->USDC,Coinbase,-1.162115,-31.162115,NO,"{""buffer_bps"":30.0,""note"":""Two-leg stablecoin conversion via EUR; issuer, venue and fee risks remain."",""usdc_eur"":{""ask"":0.8605,""bid"":0.8604,""last"":0.8605},""usdt_eur"":{""ask"":0.86042,""bid"":0.8604,""last"":0.86041}}"
2026-09-07T10:17:47+00:00,stable_eur_dislocation,Kraken:USDC-EUR-USDT,USDC/USDT,USDC->EUR->USDT,Kraken,0.000000,-50.000000,NO,"{""buffer_bps"":50.0,""note"":""Two-leg stablecoin conversion via EUR; issuer, venue and fee risks remain."",""usdc_eur"":{""ask"":0.8605,""bid"":0.8604,""last"":0.8605},""usdt_eur"":{""ask"":0.8604,""bid"":0.8603,""last"":0.8604}}"
2026-09-07T10:17:47+00:00,stable_eur_dislocation,Kraken:USDT-EUR-USDC,USDT/USDC,USDT->EUR->USDC,Kraken,-2.324230,-52.324230,NO,"{""buffer_bps"":50.0,""note"":""Two-leg stablecoin conversion via EUR; issuer, venue and fee risks remain."",""usdc_eur"":{""ask"":0.8605,""bid"":0.8604,""last"":0.8605},""usdt_eur"":{""ask"":0.8604,""bid"":0.8603,""last"":0.8604}}"
2026-09-07T13:58:42+00:00,eu_cross_spot,BTC:buy Coinbase / sell Kraken,BTC,buy Coinbase / sell Kraken,Coinbase<->Kraken,-0.541862,-150.541862,NO,"{""buffer_bps"":150.0,""buy_ask"":68283.1,""coinbase_taker_bps"":60.0,""kraken_taker_bps"":80.0,""note"":""Assumes prefunded balances on both venues; rebalancing and account-specific fees can erase the edge."",""sell_bid"":68279.4}"
2026-09-07T13:58:42+00:00,eu_cross_spot,BTC:buy Kraken / sell Coinbase,BTC,buy Kraken / sell Coinbase,Coinbase<->Kraken,-1.594915,-151.594915,NO,"{""buffer_bps"":150.0,""buy_ask"":68279.5,""coinbase_taker_bps"":60.0,""kraken_taker_bps"":80.0,""note"":""Assumes prefunded balances on both venues; rebalancing and account-specific fees can erase the edge."",""sell_bid"":68268.61}"
2026-09-07T13:58:42+00:00,eu_cross_spot,ETH:buy Coinbase / sell Kraken,ETH,buy Coinbase / sell Kraken,Coinbase<->Kraken,1.116424,-148.883576,NO,"{""buffer_bps"":150.0,""buy_ask"":2149.72,""coinbase_taker_bps"":60.0,""kraken_taker_bps"":80.0,""note"":""Assumes prefunded balances on both venues; rebalancing and account-specific fees can erase the edge."",""sell_bid"":2149.96}"
2026-09-07T13:58:42+00:00,eu_cross_spot,ETH:buy Kraken / sell Coinbase,ETH,buy Kraken / sell Coinbase,Coinbase<->Kraken,-2.790737,-152.790737,NO,"{""buffer_bps"":150.0,""buy_ask"":2149.97,""coinbase_taker_bps"":60.0,""kraken_taker_bps"":80.0,""note"":""Assumes prefunded balances on both venues; rebalancing and account-specific fees can erase the edge."",""sell_bid"":2149.37}"
2026-09-07T13:58:42+00:00,eu_cross_spot,SOL:buy Coinbase / sell Kraken,SOL,buy Coinbase / sell Kraken,Coinbase<->Kraken,-1.106195,-151.106195,NO,"{""buffer_bps"":150.0,""buy_ask"":90.4,""coinbase_taker_bps"":60.0,""kraken_taker_bps"":80.0,""note"":""Assumes prefunded balances on both venues; rebalancing and account-specific fees can erase the edge."",""sell_bid"":90.39}"
2026-09-07T13:58:42+00:00,eu_cross_spot,SOL:buy Kraken / sell Coinbase,SOL,buy Kraken / sell Coinbase,Coinbase<->Kraken,-2.212389,-152.212389,NO,"{""buffer_bps"":150.0,""buy_ask"":90.4,""coinbase_taker_bps"":60.0,""kraken_taker_bps"":80.0,""note"":""Assumes prefunded balances on both venues; rebalancing and account-specific fees can erase the edge."",""sell_bid"":90.38}"
2026-09-07T13:58:42+00:00,eur_triangle,Coinbase:BTC:EUR-USDT-BTC-EUR,BTC,EUR->USDT->BTC->EUR,Coinbase,-1.623278,-190.516394,NO,"{""extra_buffer_bps"":10.0,""fee_bps_per_leg_assumption"":60.0,""note"":""Top-of-book paper cycle. Exact Coinbase fee tier and available size must be validated.""}"
2026-09-07T13:58:42+00:00,eur_triangle,Coinbase:BTC:EUR-BTC-USDT-EUR,BTC,EUR->BTC->USDT->EUR,Coinbase,-2.791786,-191.663994,NO,"{""extra_buffer_bps"":10.0,""fee_bps_per_leg_assumption"":60.0,""note"":""Top-of-book paper cycle. Exact Coinbase fee tier and available size must be validated.""}"
2026-09-07T13:58:42+00:00,eur_triangle,Kraken:BTC:EUR-USDT-BTC-EUR,BTC,EUR->USDT->BTC->EUR,Kraken,0.468660,-247.627618,NO,"{""extra_buffer_bps"":10.0,""fee_bps_per_leg_assumption"":80.0,""note"":""Top-of-book paper cycle. Exact Kraken fee tier and available size must be validated.""}"
2026-09-07T13:58:42+00:00,eur_triangle,Kraken:BTC:EUR-BTC-USDT-EUR,BTC,EUR->BTC->USDT->EUR,Kraken,-1.658477,-249.704111,NO,"{""extra_buffer_bps"":10.0,""fee_bps_per_leg_assumption"":80.0,""note"":""Top-of-book paper cycle. Exact Kraken fee tier and available size must be validated.""}"
2026-09-07T13:58:42+00:00,eur_triangle,Coinbase:ETH:EUR-USDT-ETH-EUR,ETH,EUR->USDT->ETH->EUR,Coinbase,-0.957742,-189.862766,NO,"{""extra_buffer_bps"":10.0,""fee_bps_per_leg_assumption"":60.0,""note"":""Top-of-book paper cycle. Exact Coinbase fee tier and available size must be validated.""}"
2026-09-07T13:58:42+00:00,eur_triangle,Coinbase:ETH:EUR-ETH-USDT-EUR,ETH,EUR->ETH->USDT->EUR,Coinbase,-4.627774,-193.467133,NO,"{""extra_buffer_bps"":10.0,""fee_bps_per_leg_assumption"":60.0,""note"":""Top-of-book paper cycle. Exact Coinbase fee tier and available size must be validated.""}"
2026-09-07T13:58:42+00:00,eur_triangle,Kraken:ETH:EUR-USDT-ETH-EUR,ETH,EUR->USDT->ETH->EUR,Kraken,1.531761,-246.589828,NO,"{""extra_buffer_bps"":10.0,""fee_bps_per_leg_assumption"":80.0,""note"":""Top-of-book paper cycle. Exact Kraken fee tier and available size must be validated.""}"
2026-09-07T13:58:42+00:00,eur_triangle,Kraken:ETH:EUR-ETH-USDT-EUR,ETH,EUR->ETH->USDT->EUR,Kraken,-2.780504,-250.799424,NO,"{""extra_buffer_bps"":10.0,""fee_bps_per_leg_assumption"":80.0,""note"":""Top-of-book paper cycle. Exact Kraken fee tier and available size must be validated.""}"
2026-09-07T13:58:42+00:00,eur_triangle,Coinbase:SOL:EUR-USDT-SOL-EUR,SOL,EUR->USDT->SOL->EUR,Coinbase,-2.291354,-191.172516,NO,"{""extra_buffer_bps"":10.0,""fee_bps_per_leg_assumption"":60.0,""note"":""Top-of-book paper cycle. Exact Coinbase fee tier and available size must be validated.""}"
2026-09-07T13:58:42+00:00,eur_triangle,Coinbase:SOL:EUR-SOL-USDT-EUR,SOL,EUR->SOL->USDT->EUR,Coinbase,-0.988750,-189.893219,NO,"{""extra_buffer_bps"":10.0,""fee_bps_per_leg_assumption"":60.0,""note"":""Top-of-book paper cycle. Exact Coinbase fee tier and available size must be validated.""}"
2026-09-07T13:58:42+00:00,eur_triangle,Kraken:SOL:EUR-USDT-SOL-EUR,SOL,EUR->USDT->SOL->EUR,Kraken,-1.671476,-249.716801,NO,"{""extra_buffer_bps"":10.0,""fee_bps_per_leg_assumption"":80.0,""note"":""Top-of-book paper cycle. Exact Kraken fee tier and available size must be validated.""}"
2026-09-07T13:58:42+00:00,eur_triangle,Kraken:SOL:EUR-SOL-USDT-EUR,SOL,EUR->SOL->USDT->EUR,Kraken,-1.548673,-249.596921,NO,"{""extra_buffer_bps"":10.0,""fee_bps_per_leg_assumption"":80.0,""note"":""Top-of-book paper cycle. Exact Kraken fee tier and available size must be validated.""}"
2026-09-07T13:58:42+00:00,stable_eur_dislocation,Coinbase:USDC-EUR-USDT,USDC/USDT,USDC->EUR->USDT,Coinbase,-0.465041,-30.465041,NO,"{""buffer_bps"":30.0,""note"":""Two-leg stablecoin conversion via EUR; issuer, venue and fee risks remain."",""usdc_eur"":{""ask"":0.8602,""bid"":0.8601,""last"":0.8602},""usdt_eur"":{""ask"":0.86014,""bid"":0.86013,""last"":0.86012}}"
2026-09-07T13:58:42+00:00,stable_eur_dislocation,Coinbase:USDT-EUR-USDC,USDT/USDC,USDT->EUR->USDC,Coinbase,-0.813764,-30.813764,NO,"{""buffer_bps"":30.0,""note"":""Two-leg stablecoin conversion via EUR; issuer, venue and fee risks remain."",""usdc_eur"":{""ask"":0.8602,""bid"":0.8601,""last"":0.8602},""usdt_eur"":{""ask"":0.86014,""bid"":0.86013,""last"":0.86012}}"
2026-09-07T13:58:42+00:00,stable_eur_dislocation,Kraken:USDC-EUR-USDT,USDC/USDT,USDC->EUR->USDT,Kraken,0.000000,-50.000000,NO,"{""buffer_bps"":50.0,""note"":""Two-leg stablecoin conversion via EUR; issuer, venue and fee risks remain."",""usdc_eur"":{""ask"":0.8602,""bid"":0.8601,""last"":0.8603},""usdt_eur"":{""ask"":0.8601,""bid"":0.86,""last"":0.8601}}"
2026-09-07T13:58:42+00:00,stable_eur_dislocation,Kraken:USDT-EUR-USDC,USDT/USDC,USDT->EUR->USDC,Kraken,-2.325041,-52.325041,NO,"{""buffer_bps"":50.0,""note"":""Two-leg stablecoin conversion via EUR; issuer, venue and fee risks remain."",""usdc_eur"":{""ask"":0.8602,""bid"":0.8601,""last"":0.8603},""usdt_eur"":{""ask"":0.8601,""bid"":0.86,""last"":0.8601}}"
2026-09-07T14:04:11+00:00,eu_cross_spot,BTC:buy Coinbase / sell Kraken,BTC,buy Coinbase / sell Kraken,Coinbase<->Kraken,-0.064428,-150.064428,NO,"{""buffer_bps"":150.0,""buy_ask"":68293.24,""coinbase_taker_bps"":60.0,""kraken_taker_bps"":80.0,""note"":""Assumes prefunded balances on both venues; rebalancing and account-specific fees can erase the edge."",""sell_bid"":68292.8}"
2026-09-07T14:04:11+00:00,eu_cross_spot,BTC:buy Kraken / sell Coinbase,BTC,buy Kraken / sell Coinbase,Coinbase<->Kraken,-0.830247,-150.830247,NO,"{""buffer_bps"":150.0,""buy_ask"":68292.9,""coinbase_taker_bps"":60.0,""kraken_taker_bps"":80.0,""note"":""Assumes prefunded balances on both venues; rebalancing and account-specific fees can erase the edge."",""sell_bid"":68287.23}"
2026-09-07T14:04:11+00:00,eu_cross_spot,ETH:buy Coinbase / sell Kraken,ETH,buy Coinbase / sell Kraken,Coinbase<->Kraken,1.116570,-148.883430,NO,"{""buffer_bps"":150.0,""buy_ask"":2149.44,""coinbase_taker_bps"":60.0,""kraken_taker_bps"":80.0,""note"":""Assumes prefunded balances on both venues; rebalancing and account-specific fees can erase the edge."",""sell_bid"":2149.68}"
2026-09-07T14:04:11+00:00,eu_cross_spot,ETH:buy Kraken / sell Coinbase,ETH,buy Kraken / sell Coinbase,Coinbase<->Kraken,-3.116728,-153.116728,NO,"{""buffer_bps"":150.0,""buy_ask"":2149.69,""coinbase_taker_bps"":60.0,""kraken_taker_bps"":80.0,""note"":""Assumes prefunded balances on both venues; rebalancing and account-specific fees can erase the edge."",""sell_bid"":2149.02}"
2026-09-07T14:04:11+00:00,eu_cross_spot,SOL:buy Coinbase / sell Kraken,SOL,buy Coinbase / sell Kraken,Coinbase<->Kraken,-1.105828,-151.105828,NO,"{""buffer_bps"":150.0,""buy_ask"":90.43,""coinbase_taker_bps"":60.0,""kraken_taker_bps"":80.0,""note"":""Assumes prefunded balances on both venues; rebalancing and account-specific fees can erase the edge."",""sell_bid"":90.42}"
2026-09-07T14:04:11+00:00,eu_cross_spot,SOL:buy Kraken / sell Coinbase,SOL,buy Kraken / sell Coinbase,Coinbase<->Kraken,-2.211655,-152.211655,NO,"{""buffer_bps"":150.0,""buy_ask"":90.43,""coinbase_taker_bps"":60.0,""kraken_taker_bps"":80.0,""note"":""Assumes prefunded balances on both venues; rebalancing and account-specific fees can erase the edge."",""sell_bid"":90.41}"
2026-09-07T14:04:11+00:00,eur_triangle,Coinbase:BTC:EUR-USDT-BTC-EUR,BTC,EUR->USDT->BTC->EUR,Coinbase,-1.255106,-190.154810,NO,"{""extra_buffer_bps"":10.0,""fee_bps_per_leg_assumption"":60.0,""note"":""Top-of-book paper cycle. Exact Coinbase fee tier and available size must be validated.""}"
2026-09-07T14:04:11+00:00,eur_triangle,Coinbase:BTC:EUR-BTC-USDT-EUR,BTC,EUR->BTC->USDT->EUR,Coinbase,-4.293351,-193.138694,NO,"{""extra_buffer_bps"":10.0,""fee_bps_per_leg_assumption"":60.0,""note"":""Top-of-book paper cycle. Exact Coinbase fee tier and available size must be validated.""}"
2026-09-07T14:04:11+00:00,eur_triangle,Kraken:BTC:EUR-USDT-BTC-EUR,BTC,EUR->USDT->BTC->EUR,Kraken,0.503783,-247.593332,NO,"{""extra_buffer_bps"":10.0,""fee_bps_per_leg_assumption"":80.0,""note"":""Top-of-book paper cycle. Exact Kraken fee tier and available size must be validated.""}"
2026-09-07T14:04:11+00:00,eur_triangle,Kraken:BTC:EUR-BTC-USDT-EUR,BTC,EUR->BTC->USDT->EUR,Kraken,-1.693587,-249.738386,NO,"{""extra_buffer_bps"":10.0,""fee_bps_per_leg_assumption"":80.0,""note"":""Top-of-book paper cycle. Exact Kraken fee tier and available size must be validated.""}"
2026-09-07T14:04:11+00:00,eur_triangle,Coinbase:ETH:EUR-USDT-ETH-EUR,ETH,EUR->USDT->ETH->EUR,Coinbase,-2.641079,-191.515984,NO,"{""extra_buffer_bps"":10.0,""fee_bps_per_leg_assumption"":60.0,""note"":""Top-of-book paper cycle. Exact Coinbase fee tier and available size must be validated.""}"
2026-09-07T14:04:11+00:00,eur_triangle,Coinbase:ETH:EUR-ETH-USDT-EUR,ETH,EUR->ETH->USDT->EUR,Coinbase,-6.263815,-195.073901,NO,"{""extra_buffer_bps"":10.0,""fee_bps_per_leg_assumption"":60.0,""note"":""Top-of-book paper cycle. Exact Coinbase fee tier and available size must be validated.""}"
2026-09-07T14:04:11+00:00,eur_triangle,Kraken:ETH:EUR-USDT-ETH-EUR,ETH,EUR->USDT->ETH->EUR,Kraken,0.149187,-247.939485,NO,"{""extra_buffer_bps"":10.0,""fee_bps_per_leg_assumption"":80.0,""note"":""Top-of-book paper cycle. Exact Kraken fee tier and available size must be validated.""}"
2026-09-07T14:04:11+00:00,eur_triangle,Kraken:ETH:EUR-ETH-USDT-EUR,ETH,EUR->ETH->USDT->EUR,Kraken,-1.398341,-249.450169,NO,"{""extra_buffer_bps"":10.0,""fee_bps_per_leg_assumption"":80.0,""note"":""Top-of-book paper cycle. Exact Kraken fee tier and available size must be validated.""}"
2026-09-07T14:04:11+00:00,eur_triangle,Coinbase:SOL:EUR-USDT-SOL-EUR,SOL,EUR->USDT->SOL->EUR,Coinbase,-2.312705,-191.193485,NO,"{""extra_buffer_bps"":10.0,""fee_bps_per_leg_assumption"":60.0,""note"":""Top-of-book paper cycle. Exact Coinbase fee tier and available size must be validated.""}"
2026-09-07T14:04:11+00:00,eur_triangle,Coinbase:SOL:EUR-SOL-USDT-EUR,SOL,EUR->SOL->USDT->EUR,Coinbase,-2.149906,-191.033599,NO,"{""extra_buffer_bps"":10.0,""fee_bps_per_leg_assumption"":60.0,""note"":""Top-of-book paper cycle. Exact Coinbase fee tier and available size must be validated.""}"
2026-09-07T14:04:11+00:00,eur_triangle,Kraken:SOL:EUR-USDT-SOL-EUR,SOL,EUR->USDT->SOL->EUR,Kraken,-1.206888,-249.263274,NO,"{""extra_buffer_bps"":10.0,""fee_bps_per_leg_assumption"":80.0,""note"":""Top-of-book paper cycle. Exact Kraken fee tier and available size must be validated.""}"
2026-09-07T14:04:11+00:00,eur_triangle,Kraken:SOL:EUR-SOL-USDT-EUR,SOL,EUR->SOL->USDT->EUR,Kraken,-2.012606,-250.049809,NO,"{""extra_buffer_bps"":10.0,""fee_bps_per_leg_assumption"":80.0,""note"":""Top-of-book paper cycle. Exact Kraken fee tier and available size must be validated.""}"
2026-09-07T14:04:11+00:00,stable_eur_dislocation,Coinbase:USDC-EUR-USDT,USDC/USDT,USDC->EUR->USDT,Coinbase,0.000000,-30.000000,NO,"{""buffer_bps"":30.0,""note"":""Two-leg stablecoin conversion via EUR; issuer, venue and fee risks remain."",""usdc_eur"":{""ask"":0.8602,""bid"":0.8601,""last"":0.8602},""usdt_eur"":{""ask"":0.8601,""bid"":0.86007,""last"":0.86009}}"
2026-09-07T14:04:11+00:00,stable_eur_dislocation,Coinbase:USDT-EUR-USDC,USDT/USDC,USDT->EUR->USDC,Coinbase,-1.511276,-31.511276,NO,"{""buffer_bps"":30.0,""note"":""Two-leg stablecoin conversion via EUR; issuer, venue and fee risks remain."",""usdc_eur"":{""ask"":0.8602,""bid"":0.8601,""last"":0.8602},""usdt_eur"":{""ask"":0.8601,""bid"":0.86007,""last"":0.86009}}"
2026-09-07T14:04:11+00:00,stable_eur_dislocation,Kraken:USDC-EUR-USDT,USDC/USDT,USDC->EUR->USDT,Kraken,0.000000,-50.000000,NO,"{""buffer_bps"":50.0,""note"":""Two-leg stablecoin conversion via EUR; issuer, venue and fee risks remain."",""usdc_eur"":{""ask"":0.8602,""bid"":0.8601,""last"":0.8602},""usdt_eur"":{""ask"":0.8601,""bid"":0.86,""last"":0.8601}}"
2026-09-07T14:04:11+00:00,stable_eur_dislocation,Kraken:USDT-EUR-USDC,USDT/USDC,USDT->EUR->USDC,Kraken,-2.325041,-52.325041,NO,"{""buffer_bps"":50.0,""note"":""Two-leg stablecoin conversion via EUR; issuer, venue and fee risks remain."",""usdc_eur"":{""ask"":0.8602,""bid"":0.8601,""last"":0.8602},""usdt_eur"":{""ask"":0.8601,""bid"":0.86,""last"":0.8601}}"
2026-09-07T14:46:34+00:00,eu_cross_spot,BTC:buy Coinbase / sell Kraken,BTC,buy Coinbase / sell Kraken,Coinbase<->Kraken,0.501414,-149.498586,NO,"{""buffer_bps"":150.0,""buy_ask"":68007.69,""coinbase_taker_bps"":60.0,""kraken_taker_bps"":80.0,""note"":""Assumes prefunded balances on both venues; rebalancing and account-specific fees can erase the edge."",""sell_bid"":68011.1}"
2026-09-07T14:46:34+00:00,eu_cross_spot,BTC:buy Kraken / sell Coinbase,BTC,buy Kraken / sell Coinbase,Coinbase<->Kraken,-0.530795,-150.530795,NO,"{""buffer_bps"":150.0,""buy_ask"":68011.2,""coinbase_taker_bps"":60.0,""kraken_taker_bps"":80.0,""note"":""Assumes prefunded balances on both venues; rebalancing and account-specific fees can erase the edge."",""sell_bid"":68007.59}"
2026-09-07T14:46:34+00:00,eu_cross_spot,ETH:buy Coinbase / sell Kraken,ETH,buy Coinbase / sell Kraken,Coinbase<->Kraken,-1.217388,-151.217388,NO,"{""buffer_bps"":150.0,""buy_ask"":2135.72,""coinbase_taker_bps"":60.0,""kraken_taker_bps"":80.0,""note"":""Assumes prefunded balances on both venues; rebalancing and account-specific fees can erase the edge."",""sell_bid"":2135.46}"
2026-09-07T14:46:34+00:00,eu_cross_spot,ETH:buy Kraken / sell Coinbase,ETH,buy Kraken / sell Coinbase,Coinbase<->Kraken,-1.779409,-151.779409,NO,"{""buffer_bps"":150.0,""buy_ask"":2135.54,""coinbase_taker_bps"":60.0,""kraken_taker_bps"":80.0,""note"":""Assumes prefunded balances on both venues; rebalancing and account-specific fees can erase the edge."",""sell_bid"":2135.16}"
2026-09-07T14:46:34+00:00,eu_cross_spot,SOL:buy Coinbase / sell Kraken,SOL,buy Coinbase / sell Kraken,Coinbase<->Kraken,-2.232392,-152.232392,NO,"{""buffer_bps"":150.0,""buy_ask"":89.59,""coinbase_taker_bps"":60.0,""kraken_taker_bps"":80.0,""note"":""Assumes prefunded balances on both venues; rebalancing and account-specific fees can erase the edge."",""sell_bid"":89.57}"
2026-09-07T14:46:34+00:00,eu_cross_spot,SOL:buy Kraken / sell Coinbase,SOL,buy Kraken / sell Coinbase,Coinbase<->Kraken,-1.116321,-151.116321,NO,"{""buffer_bps"":150.0,""buy_ask"":89.58,""coinbase_taker_bps"":60.0,""kraken_taker_bps"":80.0,""note"":""Assumes prefunded balances on both venues; rebalancing and account-specific fees can erase the edge."",""sell_bid"":89.57}"
2026-09-07T14:46:34+00:00,eur_triangle,Coinbase:BTC:EUR-USDT-BTC-EUR,BTC,EUR->USDT->BTC->EUR,Coinbase,-1.074167,-189.977108,NO,"{""extra_buffer_bps"":10.0,""fee_bps_per_leg_assumption"":60.0,""note"":""Top-of-book paper cycle. Exact Coinbase fee tier and available size must be validated.""}"
2026-09-07T14:46:34+00:00,eur_triangle,Coinbase:BTC:EUR-BTC-USDT-EUR,BTC,EUR->BTC->USDT->EUR,Coinbase,-1.193659,-190.094462,NO,"{""extra_buffer_bps"":10.0,""fee_bps_per_leg_assumption"":60.0,""note"":""Top-of-book paper cycle. Exact Coinbase fee tier and available size must be validated.""}"
2026-09-07T14:46:34+00:00,eur_triangle,Kraken:BTC:EUR-USDT-BTC-EUR,BTC,EUR->USDT->BTC->EUR,Kraken,1.539692,-246.582086,NO,"{""extra_buffer_bps"":10.0,""fee_bps_per_leg_assumption"":80.0,""note"":""Top-of-book paper cycle. Exact Kraken fee tier and available size must be validated.""}"
2026-09-07T14:46:34+00:00,eur_triangle,Kraken:BTC:EUR-BTC-USDT-EUR,BTC,EUR->BTC->USDT->EUR,Kraken,-2.729409,-250.749546,NO,"{""extra_buffer_bps"":10.0,""fee_bps_per_leg_assumption"":80.0,""note"":""Top-of-book paper cycle. Exact Kraken fee tier and available size must be validated.""}"
2026-09-07T14:46:34+00:00,eur_triangle,Coinbase:ETH:EUR-USDT-ETH-EUR,ETH,EUR->USDT->ETH->EUR,Coinbase,-1.857706,-190.746627,NO,"{""extra_buffer_bps"":10.0,""fee_bps_per_leg_assumption"":60.0,""note"":""Top-of-book paper cycle. Exact Coinbase fee tier and available size must be validated.""}"
2026-09-07T14:46:34+00:00,eur_triangle,Coinbase:ETH:EUR-ETH-USDT-EUR,ETH,EUR->ETH->USDT->EUR,Coinbase,-4.370423,-193.214387,NO,"{""extra_buffer_bps"":10.0,""fee_bps_per_leg_assumption"":60.0,""note"":""Top-of-book paper cycle. Exact Coinbase fee tier and available size must be validated.""}"
2026-09-07T14:46:34+00:00,eur_triangle,Kraken:ETH:EUR-USDT-ETH-EUR,ETH,EUR->USDT->ETH->EUR,Kraken,-0.108641,-248.191174,NO,"{""extra_buffer_bps"":10.0,""fee_bps_per_leg_assumption"":80.0,""note"":""Top-of-book paper cycle. Exact Kraken fee tier and available size must be validated.""}"
2026-09-07T14:46:34+00:00,eur_triangle,Kraken:ETH:EUR-ETH-USDT-EUR,ETH,EUR->ETH->USDT->EUR,Kraken,-1.469001,-249.519146,NO,"{""extra_buffer_bps"":10.0,""fee_bps_per_leg_assumption"":80.0,""note"":""Top-of-book paper cycle. Exact Kraken fee tier and available size must be validated.""}"
2026-09-07T14:46:34+00:00,eur_triangle,Coinbase:SOL:EUR-USDT-SOL-EUR,SOL,EUR->USDT->SOL->EUR,Coinbase,-6.110855,-194.923679,NO,"{""extra_buffer_bps"":10.0,""fee_bps_per_leg_assumption"":60.0,""note"":""Top-of-book paper cycle. Exact Coinbase fee tier and available size must be validated.""}"
2026-09-07T14:46:34+00:00,eur_triangle,Coinbase:SOL:EUR-SOL-USDT-EUR,SOL,EUR->SOL->USDT->EUR,Coinbase,1.495703,-187.453219,NO,"{""extra_buffer_bps"":10.0,""fee_bps_per_leg_assumption"":60.0,""note"":""Top-of-book paper cycle. Exact Coinbase fee tier and available size must be validated.""}"
2026-09-07T14:46:34+00:00,eur_triangle,Kraken:SOL:EUR-USDT-SOL-EUR,SOL,EUR->USDT->SOL->EUR,Kraken,-2.768018,-250.787235,NO,"{""extra_buffer_bps"":10.0,""fee_bps_per_leg_assumption"":80.0,""note"":""Top-of-book paper cycle. Exact Kraken fee tier and available size must be validated.""}"
2026-09-07T14:46:34+00:00,eur_triangle,Kraken:SOL:EUR-SOL-USDT-EUR,SOL,EUR->SOL->USDT->EUR,Kraken,-1.430676,-249.481734,NO,"{""extra_buffer_bps"":10.0,""fee_bps_per_leg_assumption"":80.0,""note"":""Top-of-book paper cycle. Exact Kraken fee tier and available size must be validated.""}"
2026-09-07T14:46:34+00:00,stable_eur_dislocation,Coinbase:USDC-EUR-USDT,USDC/USDT,USDC->EUR->USDT,Coinbase,-0.465095,-30.465095,NO,"{""buffer_bps"":30.0,""note"":""Two-leg stablecoin conversion via EUR; issuer, venue and fee risks remain."",""usdc_eur"":{""ask"":0.8601,""bid"":0.86,""last"":0.8601},""usdt_eur"":{""ask"":0.86004,""bid"":0.86,""last"":0.86}}"
2026-09-07T14:46:34+00:00,stable_eur_dislocation,Coinbase:USDT-EUR-USDC,USDT/USDC,USDT->EUR->USDC,Coinbase,-1.162656,-31.162656,NO,"{""buffer_bps"":30.0,""note"":""Two-leg stablecoin conversion via EUR; issuer, venue and fee risks remain."",""usdc_eur"":{""ask"":0.8601,""bid"":0.86,""last"":0.8601},""usdt_eur"":{""ask"":0.86004,""bid"":0.86,""last"":0.86}}"
2026-09-07T14:46:34+00:00,stable_eur_dislocation,Kraken:USDC-EUR-USDT,USDC/USDT,USDC->EUR->USDT,Kraken,0.000000,-50.000000,NO,"{""buffer_bps"":50.0,""note"":""Two-leg stablecoin conversion via EUR; issuer, venue and fee risks remain."",""usdc_eur"":{""ask"":0.8601,""bid"":0.86,""last"":0.8602},""usdt_eur"":{""ask"":0.86,""bid"":0.8599,""last"":0.86}}"
2026-09-07T14:46:34+00:00,stable_eur_dislocation,Kraken:USDT-EUR-USDC,USDT/USDC,USDT->EUR->USDC,Kraken,-2.325311,-52.325311,NO,"{""buffer_bps"":50.0,""note"":""Two-leg stablecoin conversion via EUR; issuer, venue and fee risks remain."",""usdc_eur"":{""ask"":0.8601,""bid"":0.86,""last"":0.8602},""usdt_eur"":{""ask"":0.86,""bid"":0.8599,""last"":0.86}}"
2026-09-07T15:51:59+00:00,eu_cross_spot,BTC:buy Coinbase / sell Kraken,BTC,buy Coinbase / sell Kraken,Coinbase<->Kraken,0.159280,-149.840720,NO,"{""buffer_bps"":150.0,""buy_ask"":67805.32,""coinbase_taker_bps"":60.0,""kraken_taker_bps"":80.0,""note"":""Assumes prefunded balances on both venues; rebalancing and account-specific fees can erase the edge."",""sell_bid"":67806.4}"
2026-09-07T15:51:59+00:00,eu_cross_spot,BTC:buy Kraken / sell Coinbase,BTC,buy Kraken / sell Coinbase,Coinbase<->Kraken,-1.017602,-151.017602,NO,"{""buffer_bps"":150.0,""buy_ask"":67806.5,""coinbase_taker_bps"":60.0,""kraken_taker_bps"":80.0,""note"":""Assumes prefunded balances on both venues; rebalancing and account-specific fees can erase the edge."",""sell_bid"":67799.6}"
2026-09-07T15:51:59+00:00,eu_cross_spot,ETH:buy Coinbase / sell Kraken,ETH,buy Coinbase / sell Kraken,Coinbase<->Kraken,-0.705272,-150.705272,NO,"{""buffer_bps"":150.0,""buy_ask"":2126.84,""coinbase_taker_bps"":60.0,""kraken_taker_bps"":80.0,""note"":""Assumes prefunded balances on both venues; rebalancing and account-specific fees can erase the edge."",""sell_bid"":2126.69}"
2026-09-07T15:51:59+00:00,eu_cross_spot,ETH:buy Kraken / sell Coinbase,ETH,buy Kraken / sell Coinbase,Coinbase<->Kraken,-0.987394,-150.987394,NO,"{""buffer_bps"":150.0,""buy_ask"":2126.81,""coinbase_taker_bps"":60.0,""kraken_taker_bps"":80.0,""note"":""Assumes prefunded balances on both venues; rebalancing and account-specific fees can erase the edge."",""sell_bid"":2126.6}"
2026-09-07T15:51:59+00:00,eu_cross_spot,SOL:buy Coinbase / sell Kraken,SOL,buy Coinbase / sell Kraken,Coinbase<->Kraken,-1.125492,-151.125492,NO,"{""buffer_bps"":150.0,""buy_ask"":88.85,""coinbase_taker_bps"":60.0,""kraken_taker_bps"":80.0,""note"":""Assumes prefunded balances on both venues; rebalancing and account-specific fees can erase the edge."",""sell_bid"":88.84}"
2026-09-07T15:51:59+00:00,eu_cross_spot,SOL:buy Kraken / sell Coinbase,SOL,buy Kraken / sell Coinbase,Coinbase<->Kraken,-2.250985,-152.250985,NO,"{""buffer_bps"":150.0,""buy_ask"":88.85,""coinbase_taker_bps"":60.0,""kraken_taker_bps"":80.0,""note"":""Assumes prefunded balances on both venues; rebalancing and account-specific fees can erase the edge."",""sell_bid"":88.83}"
2026-09-07T15:51:59+00:00,eur_triangle,Coinbase:BTC:EUR-USDT-BTC-EUR,BTC,EUR->USDT->BTC->EUR,Coinbase,-0.299608,-189.216408,NO,"{""extra_buffer_bps"":10.0,""fee_bps_per_leg_assumption"":60.0,""note"":""Top-of-book paper cycle. Exact Coinbase fee tier and available size must be validated.""}"
2026-09-07T15:51:59+00:00,eur_triangle,Coinbase:BTC:EUR-BTC-USDT-EUR,BTC,EUR->BTC->USDT->EUR,Coinbase,-2.533328,-191.410161,NO,"{""extra_buffer_bps"":10.0,""fee_bps_per_leg_assumption"":60.0,""note"":""Top-of-book paper cycle. Exact Coinbase fee tier and available size must be validated.""}"
2026-09-07T15:51:59+00:00,eur_triangle,Kraken:BTC:EUR-USDT-BTC-EUR,BTC,EUR->USDT->BTC->EUR,Kraken,-0.204948,-248.285189,NO,"{""extra_buffer_bps"":10.0,""fee_bps_per_leg_assumption"":80.0,""note"":""Top-of-book paper cycle. Exact Kraken fee tier and available size must be validated.""}"
2026-09-07T15:51:59+00:00,eur_triangle,Kraken:BTC:EUR-BTC-USDT-EUR,BTC,EUR->BTC->USDT->EUR,Kraken,-0.985156,-249.046821,NO,"{""extra_buffer_bps"":10.0,""fee_bps_per_leg_assumption"":80.0,""note"":""Top-of-book paper cycle. Exact Kraken fee tier and available size must be validated.""}"
2026-09-07T15:51:59+00:00,eur_triangle,Coinbase:ETH:EUR-USDT-ETH-EUR,ETH,EUR->USDT->ETH->EUR,Coinbase,-1.645036,-190.537763,NO,"{""extra_buffer_bps"":10.0,""fee_bps_per_leg_assumption"":60.0,""note"":""Top-of-book paper cycle. Exact Coinbase fee tier and available size must be validated.""}"
2026-09-07T15:51:59+00:00,eur_triangle,Coinbase:ETH:EUR-ETH-USDT-EUR,ETH,EUR->ETH->USDT->EUR,Coinbase,-4.002426,-192.852974,NO,"{""extra_buffer_bps"":10.0,""fee_bps_per_leg_assumption"":60.0,""note"":""Top-of-book paper cycle. Exact Coinbase fee tier and available size must be validated.""}"
2026-09-07T15:51:59+00:00,eur_triangle,Kraken:ETH:EUR-USDT-ETH-EUR,ETH,EUR->USDT->ETH->EUR,Kraken,-0.008751,-248.093662,NO,"{""extra_buffer_bps"":10.0,""fee_bps_per_leg_assumption"":80.0,""note"":""Top-of-book paper cycle. Exact Kraken fee tier and available size must be validated.""}"
2026-09-07T15:51:59+00:00,eur_triangle,Kraken:ETH:EUR-ETH-USDT-EUR,ETH,EUR->ETH->USDT->EUR,Kraken,-1.758502,-249.801755,NO,"{""extra_buffer_bps"":10.0,""fee_bps_per_leg_assumption"":80.0,""note"":""Top-of-book paper cycle. Exact Kraken fee tier and available size must be validated.""}"
2026-09-07T15:51:59+00:00,eur_triangle,Coinbase:SOL:EUR-USDT-SOL-EUR,SOL,EUR->USDT->SOL->EUR,Coinbase,-3.030827,-191.898759,NO,"{""extra_buffer_bps"":10.0,""fee_bps_per_leg_assumption"":60.0,""note"":""Top-of-book paper cycle. Exact Coinbase fee tier and available size must be validated.""}"
2026-09-07T15:51:59+00:00,eur_triangle,Coinbase:SOL:EUR-SOL-USDT-EUR,SOL,EUR->SOL->USDT->EUR,Coinbase,-1.388497,-190.285814,NO,"{""extra_buffer_bps"":10.0,""fee_bps_per_leg_assumption"":60.0,""note"":""Top-of-book paper cycle. Exact Coinbase fee tier and available size must be validated.""}"
2026-09-07T15:51:59+00:00,eur_triangle,Kraken:SOL:EUR-USDT-SOL-EUR,SOL,EUR->USDT->SOL->EUR,Kraken,-1.905423,-249.945177,NO,"{""extra_buffer_bps"":10.0,""fee_bps_per_leg_assumption"":80.0,""note"":""Top-of-book paper cycle. Exact Kraken fee tier and available size must be validated.""}"
2026-09-07T15:51:59+00:00,eur_triangle,Kraken:SOL:EUR-SOL-USDT-EUR,SOL,EUR->SOL->USDT->EUR,Kraken,-1.350591,-249.403555,NO,"{""extra_buffer_bps"":10.0,""fee_bps_per_leg_assumption"":80.0,""note"":""Top-of-book paper cycle. Exact Kraken fee tier and available size must be validated.""}"
2026-09-07T15:51:59+00:00,stable_eur_dislocation,Coinbase:USDC-EUR-USDT,USDC/USDT,USDC->EUR->USDT,Coinbase,0.000000,-30.000000,NO,"{""buffer_bps"":30.0,""note"":""Two-leg stablecoin conversion via EUR; issuer, venue and fee risks remain."",""usdc_eur"":{""ask"":0.8602,""bid"":0.8601,""last"":0.8602},""usdt_eur"":{""ask"":0.8601,""bid"":0.86008,""last"":0.86003}}"
2026-09-07T15:51:59+00:00,stable_eur_dislocation,Coinbase:USDT-EUR-USDC,USDT/USDC,USDT->EUR->USDC,Coinbase,-1.395024,-31.395024,NO,"{""buffer_bps"":30.0,""note"":""Two-leg stablecoin conversion via EUR; issuer, venue and fee risks remain."",""usdc_eur"":{""ask"":0.8602,""bid"":0.8601,""last"":0.8602},""usdt_eur"":{""ask"":0.8601,""bid"":0.86008,""last"":0.86003}}"
2026-09-07T15:51:59+00:00,stable_eur_dislocation,Kraken:USDC-EUR-USDT,USDC/USDT,USDC->EUR->USDT,Kraken,0.000000,-50.000000,NO,"{""buffer_bps"":50.0,""note"":""Two-leg stablecoin conversion via EUR; issuer, venue and fee risks remain."",""usdc_eur"":{""ask"":0.8602,""bid"":0.8601,""last"":0.8602},""usdt_eur"":{""ask"":0.8601,""bid"":0.86,""last"":0.8601}}"
2026-09-07T15:51:59+00:00,stable_eur_dislocation,Kraken:USDT-EUR-USDC,USDT/USDC,USDT->EUR->USDC,Kraken,-2.325041,-52.325041,NO,"{""buffer_bps"":50.0,""note"":""Two-leg stablecoin conversion via EUR; issuer, venue and fee risks remain."",""usdc_eur"":{""ask"":0.8602,""bid"":0.8601,""last"":0.8602},""usdt_eur"":{""ask"":0.8601,""bid"":0.86,""last"":0.8601}}"
2026-09-07T15:56:19+00:00,eu_cross_spot,BTC:buy Coinbase / sell Kraken,BTC,buy Coinbase / sell Kraken,Coinbase<->Kraken,0.218413,-149.781587,NO,"{""buffer_bps"":150.0,""buy_ask"":67761.52,""coinbase_taker_bps"":60.0,""kraken_taker_bps"":80.0,""note"":""Assumes prefunded balances on both venues; rebalancing and account-specific fees can erase the edge."",""sell_bid"":67763.0}"
2026-09-07T15:56:19+00:00,eu_cross_spot,BTC:buy Kraken / sell Coinbase,BTC,buy Kraken / sell Coinbase,Coinbase<->Kraken,-0.987263,-150.987263,NO,"{""buffer_bps"":150.0,""buy_ask"":67763.1,""coinbase_taker_bps"":60.0,""kraken_taker_bps"":80.0,""note"":""Assumes prefunded balances on both venues; rebalancing and account-specific fees can erase the edge."",""sell_bid"":67756.41}"
2026-09-07T15:56:19+00:00,eu_cross_spot,ETH:buy Coinbase / sell Kraken,ETH,buy Coinbase / sell Kraken,Coinbase<->Kraken,-4.847059,-154.847059,NO,"{""buffer_bps"":150.0,""buy_ask"":2125.0,""coinbase_taker_bps"":60.0,""kraken_taker_bps"":80.0,""note"":""Assumes prefunded balances on both venues; rebalancing and account-specific fees can erase the edge."",""sell_bid"":2123.97}"
2026-09-07T15:56:19+00:00,eu_cross_spot,ETH:buy Kraken / sell Coinbase,ETH,buy Kraken / sell Coinbase,Coinbase<->Kraken,1.082873,-148.917127,NO,"{""buffer_bps"":150.0,""buy_ask"":2123.98,""coinbase_taker_bps"":60.0,""kraken_taker_bps"":80.0,""note"":""Assumes prefunded balances on both venues; rebalancing and account-specific fees can erase the edge."",""sell_bid"":2124.21}"
2026-09-07T15:56:19+00:00,eu_cross_spot,SOL:buy Coinbase / sell Kraken,SOL,buy Coinbase / sell Kraken,Coinbase<->Kraken,-2.253775,-152.253775,NO,"{""buffer_bps"":150.0,""buy_ask"":88.74,""coinbase_taker_bps"":60.0,""kraken_taker_bps"":80.0,""note"":""Assumes prefunded balances on both venues; rebalancing and account-specific fees can erase the edge."",""sell_bid"":88.72}"
2026-09-07T15:56:19+00:00,eu_cross_spot,SOL:buy Kraken / sell Coinbase,SOL,buy Kraken / sell Coinbase,Coinbase<->Kraken,0.000000,-150.000000,NO,"{""buffer_bps"":150.0,""buy_ask"":88.73,""coinbase_taker_bps"":60.0,""kraken_taker_bps"":80.0,""note"":""Assumes prefunded balances on both venues; rebalancing and account-specific fees can erase the edge."",""sell_bid"":88.73}"
2026-09-07T15:56:19+00:00,eur_triangle,Coinbase:BTC:EUR-USDT-BTC-EUR,BTC,EUR->USDT->BTC->EUR,Coinbase,-2.161469,-191.044955,NO,"{""extra_buffer_bps"":10.0,""fee_bps_per_leg_assumption"":60.0,""note"":""Top-of-book paper cycle. Exact Coinbase fee tier and available size must be validated.""}"
2026-09-07T15:56:19+00:00,eur_triangle,Coinbase:BTC:EUR-BTC-USDT-EUR,BTC,EUR->BTC->USDT->EUR,Coinbase,-1.319137,-190.217694,NO,"{""extra_buffer_bps"":10.0,""fee_bps_per_leg_assumption"":60.0,""note"":""Top-of-book paper cycle. Exact Coinbase fee tier and available size must be validated.""}"
2026-09-07T15:56:19+00:00,eur_triangle,Kraken:BTC:EUR-USDT-BTC-EUR,BTC,EUR->USDT->BTC->EUR,Kraken,0.879051,-247.226998,NO,"{""extra_buffer_bps"":10.0,""fee_bps_per_leg_assumption"":80.0,""note"":""Top-of-book paper cycle. Exact Kraken fee tier and available size must be validated.""}"
2026-09-07T15:56:19+00:00,eur_triangle,Kraken:BTC:EUR-BTC-USDT-EUR,BTC,EUR->BTC->USDT->EUR,Kraken,-2.068973,-250.104833,NO,"{""extra_buffer_bps"":10.0,""fee_bps_per_leg_assumption"":80.0,""note"":""Top-of-book paper cycle. Exact Kraken fee tier and available size must be validated.""}"
2026-09-07T15:56:19+00:00,eur_triangle,Coinbase:ETH:EUR-USDT-ETH-EUR,ETH,EUR->USDT->ETH->EUR,Coinbase,-0.649460,-189.559999,NO,"{""extra_buffer_bps"":10.0,""fee_bps_per_leg_assumption"":60.0,""note"":""Top-of-book paper cycle. Exact Coinbase fee tier and available size must be validated.""}"
2026-09-07T15:56:19+00:00,eur_triangle,Coinbase:ETH:EUR-ETH-USDT-EUR,ETH,EUR->ETH->USDT->EUR,Coinbase,-3.786551,-192.640961,NO,"{""extra_buffer_bps"":10.0,""fee_bps_per_leg_assumption"":60.0,""note"":""Top-of-book paper cycle. Exact Coinbase fee tier and available size must be validated.""}"
2026-09-07T15:56:19+00:00,eur_triangle,Kraken:ETH:EUR-USDT-ETH-EUR,ETH,EUR->USDT->ETH->EUR,Kraken,-2.123858,-250.158413,NO,"{""extra_buffer_bps"":10.0,""fee_bps_per_leg_assumption"":80.0,""note"":""Top-of-book paper cycle. Exact Kraken fee tier and available size must be validated.""}"
2026-09-07T15:56:19+00:00,eur_triangle,Kraken:ETH:EUR-ETH-USDT-EUR,ETH,EUR->ETH->USDT->EUR,Kraken,0.549911,-247.548302,NO,"{""extra_buffer_bps"":10.0,""fee_bps_per_leg_assumption"":80.0,""note"":""Top-of-book paper cycle. Exact Kraken fee tier and available size must be validated.""}"
2026-09-07T15:56:19+00:00,eur_triangle,Coinbase:SOL:EUR-USDT-SOL-EUR,SOL,EUR->USDT->SOL->EUR,Coinbase,-1.199428,-190.100127,NO,"{""extra_buffer_bps"":10.0,""fee_bps_per_leg_assumption"":60.0,""note"":""Top-of-book paper cycle. Exact Coinbase fee tier and available size must be validated.""}"
2026-09-07T15:56:19+00:00,eur_triangle,Coinbase:SOL:EUR-SOL-USDT-EUR,SOL,EUR->SOL->USDT->EUR,Coinbase,-4.037007,-192.886936,NO,"{""extra_buffer_bps"":10.0,""fee_bps_per_leg_assumption"":60.0,""note"":""Top-of-book paper cycle. Exact Coinbase fee tier and available size must be validated.""}"
2026-09-07T15:56:19+00:00,eur_triangle,Kraken:SOL:EUR-USDT-SOL-EUR,SOL,EUR->USDT->SOL->EUR,Kraken,-2.830353,-250.848086,NO,"{""extra_buffer_bps"":10.0,""fee_bps_per_leg_assumption"":80.0,""note"":""Top-of-book paper cycle. Exact Kraken fee tier and available size must be validated.""}"
2026-09-07T15:56:19+00:00,eur_triangle,Kraken:SOL:EUR-SOL-USDT-EUR,SOL,EUR->SOL->USDT->EUR,Kraken,-0.428266,-248.503189,NO,"{""extra_buffer_bps"":10.0,""fee_bps_per_leg_assumption"":80.0,""note"":""Top-of-book paper cycle. Exact Kraken fee tier and available size must be validated.""}"
2026-09-07T15:56:19+00:00,stable_eur_dislocation,Coinbase:USDC-EUR-USDT,USDC/USDT,USDC->EUR->USDT,Coinbase,-0.465041,-30.465041,NO,"{""buffer_bps"":30.0,""note"":""Two-leg stablecoin conversion via EUR; issuer, venue and fee risks remain."",""usdc_eur"":{""ask"":0.8602,""bid"":0.8601,""last"":0.8602},""usdt_eur"":{""ask"":0.86014,""bid"":0.86012,""last"":0.86014}}"
2026-09-07T15:56:19+00:00,stable_eur_dislocation,Coinbase:USDT-EUR-USDC,USDT/USDC,USDT->EUR->USDC,Coinbase,-0.930016,-30.930016,NO,"{""buffer_bps"":30.0,""note"":""Two-leg stablecoin conversion via EUR; issuer, venue and fee risks remain."",""usdc_eur"":{""ask"":0.8602,""bid"":0.8601,""last"":0.8602},""usdt_eur"":{""ask"":0.86014,""bid"":0.86012,""last"":0.86014}}"
2026-09-07T15:56:19+00:00,stable_eur_dislocation,Kraken:USDC-EUR-USDT,USDC/USDT,USDC->EUR->USDT,Kraken,0.000000,-50.000000,NO,"{""buffer_bps"":50.0,""note"":""Two-leg stablecoin conversion via EUR; issuer, venue and fee risks remain."",""usdc_eur"":{""ask"":0.8602,""bid"":0.8601,""last"":0.8601},""usdt_eur"":{""ask"":0.8601,""bid"":0.86,""last"":0.8601}}"
2026-09-07T15:56:19+00:00,stable_eur_dislocation,Kraken:USDT-EUR-USDC,USDT/USDC,USDT->EUR->USDC,Kraken,-2.325041,-52.325041,NO,"{""buffer_bps"":50.0,""note"":""Two-leg stablecoin conversion via EUR; issuer, venue and fee risks remain."",""usdc_eur"":{""ask"":0.8602,""bid"":0.8601,""last"":0.8601},""usdt_eur"":{""ask"":0.8601,""bid"":0.86,""last"":0.8601}}"
2026-09-07T18:20:46+00:00,eu_cross_spot,BTC:buy Coinbase / sell Kraken,BTC,buy Coinbase / sell Kraken,Coinbase<->Kraken,-0.510763,-150.510763,NO,"{""buffer_bps"":150.0,""buy_ask"":68133.38,""coinbase_taker_bps"":60.0,""kraken_taker_bps"":80.0,""note"":""Assumes prefunded balances on both venues; rebalancing and account-specific fees can erase the edge."",""sell_bid"":68129.9}"
2026-09-07T18:20:46+00:00,eu_cross_spot,BTC:buy Kraken / sell Coinbase,BTC,buy Kraken / sell Coinbase,Coinbase<->Kraken,0.061647,-149.938353,NO,"{""buffer_bps"":150.0,""buy_ask"":68130.0,""coinbase_taker_bps"":60.0,""kraken_taker_bps"":80.0,""note"":""Assumes prefunded balances on both venues; rebalancing and account-specific fees can erase the edge."",""sell_bid"":68130.42}"
2026-09-07T18:20:46+00:00,eu_cross_spot,ETH:buy Coinbase / sell Kraken,ETH,buy Coinbase / sell Kraken,Coinbase<->Kraken,-0.139762,-150.139762,NO,"{""buffer_bps"":150.0,""buy_ask"":2146.5,""coinbase_taker_bps"":60.0,""kraken_taker_bps"":80.0,""note"":""Assumes prefunded balances on both venues; rebalancing and account-specific fees can erase the edge."",""sell_bid"":2146.47}"
2026-09-07T18:20:46+00:00,eu_cross_spot,ETH:buy Kraken / sell Coinbase,ETH,buy Kraken / sell Coinbase,Coinbase<->Kraken,-1.118110,-151.118110,NO,"{""buffer_bps"":150.0,""buy_ask"":2146.48,""coinbase_taker_bps"":60.0,""kraken_taker_bps"":80.0,""note"":""Assumes prefunded balances on both venues; rebalancing and account-specific fees can erase the edge."",""sell_bid"":2146.24}"
2026-09-07T18:20:46+00:00,eu_cross_spot,SOL:buy Coinbase / sell Kraken,SOL,buy Coinbase / sell Kraken,Coinbase<->Kraken,-1.118318,-151.118318,NO,"{""buffer_bps"":150.0,""buy_ask"":89.42,""coinbase_taker_bps"":60.0,""kraken_taker_bps"":80.0,""note"":""Assumes prefunded balances on both venues; rebalancing and account-specific fees can erase the edge."",""sell_bid"":89.41}"
2026-09-07T18:20:46+00:00,eu_cross_spot,SOL:buy Kraken / sell Coinbase,SOL,buy Kraken / sell Coinbase,Coinbase<->Kraken,-2.236636,-152.236636,NO,"{""buffer_bps"":150.0,""buy_ask"":89.42,""coinbase_taker_bps"":60.0,""kraken_taker_bps"":80.0,""note"":""Assumes prefunded balances on both venues; rebalancing and account-specific fees can erase the edge."",""sell_bid"":89.4}"
2026-09-07T18:20:46+00:00,eur_triangle,Coinbase:BTC:EUR-USDT-BTC-EUR,BTC,EUR->USDT->BTC->EUR,Coinbase,-0.463245,-189.377116,NO,"{""extra_buffer_bps"":10.0,""fee_bps_per_leg_assumption"":60.0,""note"":""Top-of-book paper cycle. Exact Coinbase fee tier and available size must be validated.""}"
2026-09-07T18:20:46+00:00,eur_triangle,Coinbase:BTC:EUR-BTC-USDT-EUR,BTC,EUR->BTC->USDT->EUR,Coinbase,-1.919608,-190.807422,NO,"{""extra_buffer_bps"":10.0,""fee_bps_per_leg_assumption"":60.0,""note"":""Top-of-book paper cycle. Exact Coinbase fee tier and available size must be validated.""}"
2026-09-07T18:20:46+00:00,eur_triangle,Kraken:BTC:EUR-USDT-BTC-EUR,BTC,EUR->USDT->BTC->EUR,Kraken,0.705719,-247.396203,NO,"{""extra_buffer_bps"":10.0,""fee_bps_per_leg_assumption"":80.0,""note"":""Top-of-book paper cycle. Exact Kraken fee tier and available size must be validated.""}"
2026-09-07T18:20:46+00:00,eur_triangle,Kraken:BTC:EUR-BTC-USDT-EUR,BTC,EUR->BTC->USDT->EUR,Kraken,-1.895274,-249.935270,NO,"{""extra_buffer_bps"":10.0,""fee_bps_per_leg_assumption"":80.0,""note"":""Top-of-book paper cycle. Exact Kraken fee tier and available size must be validated.""}"
2026-09-07T18:20:46+00:00,eur_triangle,Coinbase:ETH:EUR-USDT-ETH-EUR,ETH,EUR->USDT->ETH->EUR,Coinbase,-2.201611,-191.084379,NO,"{""extra_buffer_bps"":10.0,""fee_bps_per_leg_assumption"":60.0,""note"":""Top-of-book paper cycle. Exact Coinbase fee tier and available size must be validated.""}"
2026-09-07T18:20:46+00:00,eur_triangle,Coinbase:ETH:EUR-ETH-USDT-EUR,ETH,EUR->ETH->USDT->EUR,Coinbase,-2.452342,-191.330624,NO,"{""extra_buffer_bps"":10.0,""fee_bps_per_leg_assumption"":60.0,""note"":""Top-of-book paper cycle. Exact Coinbase fee tier and available size must be validated.""}"
2026-09-07T18:20:46+00:00,eur_triangle,Kraken:ETH:EUR-USDT-ETH-EUR,ETH,EUR->USDT->ETH->EUR,Kraken,0.020005,-248.065591,NO,"{""extra_buffer_bps"":10.0,""fee_bps_per_leg_assumption"":80.0,""note"":""Top-of-book paper cycle. Exact Kraken fee tier and available size must be validated.""}"
2026-09-07T18:20:46+00:00,eur_triangle,Kraken:ETH:EUR-ETH-USDT-EUR,ETH,EUR->ETH->USDT->EUR,Kraken,-1.269045,-249.323951,NO,"{""extra_buffer_bps"":10.0,""fee_bps_per_leg_assumption"":80.0,""note"":""Top-of-book paper cycle. Exact Kraken fee tier and available size must be validated.""}"
2026-09-07T18:20:46+00:00,eur_triangle,Coinbase:SOL:EUR-USDT-SOL-EUR,SOL,EUR->USDT->SOL->EUR,Coinbase,-2.538528,-191.415268,NO,"{""extra_buffer_bps"":10.0,""fee_bps_per_leg_assumption"":60.0,""note"":""Top-of-book paper cycle. Exact Coinbase fee tier and available size must be validated.""}"
2026-09-07T18:20:46+00:00,eur_triangle,Coinbase:SOL:EUR-SOL-USDT-EUR,SOL,EUR->SOL->USDT->EUR,Coinbase,-0.776381,-189.684650,NO,"{""extra_buffer_bps"":10.0,""fee_bps_per_leg_assumption"":60.0,""note"":""Top-of-book paper cycle. Exact Coinbase fee tier and available size must be validated.""}"
2026-09-07T18:20:46+00:00,eur_triangle,Kraken:SOL:EUR-USDT-SOL-EUR,SOL,EUR->USDT->SOL->EUR,Kraken,-1.071577,-249.131185,NO,"{""extra_buffer_bps"":10.0,""fee_bps_per_leg_assumption"":80.0,""note"":""Top-of-book paper cycle. Exact Kraken fee tier and available size must be validated.""}"
2026-09-07T18:20:46+00:00,eur_triangle,Kraken:SOL:EUR-SOL-USDT-EUR,SOL,EUR->SOL->USDT->EUR,Kraken,-3.133080,-251.143606,NO,"{""extra_buffer_bps"":10.0,""fee_bps_per_leg_assumption"":80.0,""note"":""Top-of-book paper cycle. Exact Kraken fee tier and available size must be validated.""}"
2026-09-07T18:20:46+00:00,stable_eur_dislocation,Coinbase:USDC-EUR-USDT,USDC/USDT,USDC->EUR->USDT,Coinbase,-0.348703,-30.348703,NO,"{""buffer_bps"":30.0,""note"":""Two-leg stablecoin conversion via EUR; issuer, venue and fee risks remain."",""usdc_eur"":{""ask"":0.8604,""bid"":0.8603,""last"":0.8604},""usdt_eur"":{""ask"":0.86033,""bid"":0.86032,""last"":0.86033}}"
2026-09-07T18:20:46+00:00,stable_eur_dislocation,Coinbase:USDT-EUR-USDC,USDT/USDC,USDT->EUR->USDC,Coinbase,-0.929800,-30.929800,NO,"{""buffer_bps"":30.0,""note"":""Two-leg stablecoin conversion via EUR; issuer, venue and fee risks remain."",""usdc_eur"":{""ask"":0.8604,""bid"":0.8603,""last"":0.8604},""usdt_eur"":{""ask"":0.86033,""bid"":0.86032,""last"":0.86033}}"
2026-09-07T18:20:46+00:00,stable_eur_dislocation,Kraken:USDC-EUR-USDT,USDC/USDT,USDC->EUR->USDT,Kraken,0.000000,-50.000000,NO,"{""buffer_bps"":50.0,""note"":""Two-leg stablecoin conversion via EUR; issuer, venue and fee risks remain."",""usdc_eur"":{""ask"":0.8604,""bid"":0.8603,""last"":0.8604},""usdt_eur"":{""ask"":0.8603,""bid"":0.8602,""last"":0.8602}}"
2026-09-07T18:20:46+00:00,stable_eur_dislocation,Kraken:USDT-EUR-USDC,USDT/USDC,USDT->EUR->USDC,Kraken,-2.324500,-52.324500,NO,"{""buffer_bps"":50.0,""note"":""Two-leg stablecoin conversion via EUR; issuer, venue and fee risks remain."",""usdc_eur"":{""ask"":0.8604,""bid"":0.8603,""last"":0.8604},""usdt_eur"":{""ask"":0.8603,""bid"":0.8602,""last"":0.8602}}"
2026-09-07T18:40:52+00:00,eu_cross_spot,BTC:buy Coinbase / sell Kraken,BTC,buy Coinbase / sell Kraken,Coinbase<->Kraken,-0.611090,-150.611090,NO,"{""buffer_bps"":150.0,""buy_ask"":68075.06,""coinbase_taker_bps"":60.0,""kraken_taker_bps"":80.0,""note"":""Assumes prefunded balances on both venues; rebalancing and account-specific fees can erase the edge."",""sell_bid"":68070.9}"
2026-09-07T18:40:52+00:00,eu_cross_spot,BTC:buy Kraken / sell Coinbase,BTC,buy Kraken / sell Coinbase,Coinbase<->Kraken,0.282058,-149.717942,NO,"{""buffer_bps"":150.0,""buy_ask"":68071.0,""coinbase_taker_bps"":60.0,""kraken_taker_bps"":80.0,""note"":""Assumes prefunded balances on both venues; rebalancing and account-specific fees can erase the edge."",""sell_bid"":68072.92}"
2026-09-07T18:40:52+00:00,eu_cross_spot,ETH:buy Coinbase / sell Kraken,ETH,buy Coinbase / sell Kraken,Coinbase<->Kraken,-0.420492,-150.420492,NO,"{""buffer_bps"":150.0,""buy_ask"":2140.35,""coinbase_taker_bps"":60.0,""kraken_taker_bps"":80.0,""note"":""Assumes prefunded balances on both venues; rebalancing and account-specific fees can erase the edge."",""sell_bid"":2140.26}"
2026-09-07T18:40:52+00:00,eu_cross_spot,ETH:buy Kraken / sell Coinbase,ETH,buy Kraken / sell Coinbase,Coinbase<->Kraken,-1.261523,-151.261523,NO,"{""buffer_bps"":150.0,""buy_ask"":2140.27,""coinbase_taker_bps"":60.0,""kraken_taker_bps"":80.0,""note"":""Assumes prefunded balances on both venues; rebalancing and account-specific fees can erase the edge."",""sell_bid"":2140.0}"
2026-09-07T18:40:52+00:00,eu_cross_spot,SOL:buy Coinbase / sell Kraken,SOL,buy Coinbase / sell Kraken,Coinbase<->Kraken,-2.240645,-152.240645,NO,"{""buffer_bps"":150.0,""buy_ask"":89.26,""coinbase_taker_bps"":60.0,""kraken_taker_bps"":80.0,""note"":""Assumes prefunded balances on both venues; rebalancing and account-specific fees can erase the edge."",""sell_bid"":89.24}"
2026-09-07T18:40:52+00:00,eu_cross_spot,SOL:buy Kraken / sell Coinbase,SOL,buy Kraken / sell Coinbase,Coinbase<->Kraken,0.000000,-150.000000,NO,"{""buffer_bps"":150.0,""buy_ask"":89.25,""coinbase_taker_bps"":60.0,""kraken_taker_bps"":80.0,""note"":""Assumes prefunded balances on both venues; rebalancing and account-specific fees can erase the edge."",""sell_bid"":89.25}"
2026-09-07T18:40:52+00:00,eur_triangle,Coinbase:BTC:EUR-USDT-BTC-EUR,BTC,EUR->USDT->BTC->EUR,Coinbase,-0.887355,-189.793639,NO,"{""extra_buffer_bps"":10.0,""fee_bps_per_leg_assumption"":60.0,""note"":""Top-of-book paper cycle. Exact Coinbase fee tier and available size must be validated.""}"
2026-09-07T18:40:52+00:00,eur_triangle,Coinbase:BTC:EUR-BTC-USDT-EUR,BTC,EUR->BTC->USDT->EUR,Coinbase,-1.409921,-190.306855,NO,"{""extra_buffer_bps"":10.0,""fee_bps_per_leg_assumption"":60.0,""note"":""Top-of-book paper cycle. Exact Coinbase fee tier and available size must be validated.""}"
2026-09-07T18:40:52+00:00,eur_triangle,Kraken:BTC:EUR-USDT-BTC-EUR,BTC,EUR->USDT->BTC->EUR,Kraken,-0.756883,-248.823983,NO,"{""extra_buffer_bps"":10.0,""fee_bps_per_leg_assumption"":80.0,""note"":""Top-of-book paper cycle. Exact Kraken fee tier and available size must be validated.""}"
2026-09-07T18:40:52+00:00,eur_triangle,Kraken:BTC:EUR-BTC-USDT-EUR,BTC,EUR->BTC->USDT->EUR,Kraken,-0.495917,-248.569230,NO,"{""extra_buffer_bps"":10.0,""fee_bps_per_leg_assumption"":80.0,""note"":""Top-of-book paper cycle. Exact Kraken fee tier and available size must be validated.""}"
2026-09-07T18:40:52+00:00,eur_triangle,Coinbase:ETH:EUR-USDT-ETH-EUR,ETH,EUR->USDT->ETH->EUR,Coinbase,-2.194089,-191.076992,NO,"{""extra_buffer_bps"":10.0,""fee_bps_per_leg_assumption"":60.0,""note"":""Top-of-book paper cycle. Exact Coinbase fee tier and available size must be validated.""}"
2026-09-07T18:40:52+00:00,eur_triangle,Coinbase:ETH:EUR-ETH-USDT-EUR,ETH,EUR->ETH->USDT->EUR,Coinbase,-3.456483,-192.316799,NO,"{""extra_buffer_bps"":10.0,""fee_bps_per_leg_assumption"":60.0,""note"":""Top-of-book paper cycle. Exact Coinbase fee tier and available size must be validated.""}"
2026-09-07T18:40:52+00:00,eur_triangle,Kraken:ETH:EUR-USDT-ETH-EUR,ETH,EUR->USDT->ETH->EUR,Kraken,-0.251515,-248.330646,NO,"{""extra_buffer_bps"":10.0,""fee_bps_per_leg_assumption"":80.0,""note"":""Top-of-book paper cycle. Exact Kraken fee tier and available size must be validated.""}"
2026-09-07T18:40:52+00:00,eur_triangle,Kraken:ETH:EUR-ETH-USDT-EUR,ETH,EUR->ETH->USDT->EUR,Kraken,-1.037869,-249.098279,NO,"{""extra_buffer_bps"":10.0,""fee_bps_per_leg_assumption"":80.0,""note"":""Top-of-book paper cycle. Exact Kraken fee tier and available size must be validated.""}"
2026-09-07T18:40:52+00:00,eur_triangle,Coinbase:SOL:EUR-USDT-SOL-EUR,SOL,EUR->USDT->SOL->EUR,Coinbase,-0.768412,-189.676823,NO,"{""extra_buffer_bps"":10.0,""fee_bps_per_leg_assumption"":60.0,""note"":""Top-of-book paper cycle. Exact Coinbase fee tier and available size must be validated.""}"
2026-09-07T18:40:52+00:00,eur_triangle,Coinbase:SOL:EUR-SOL-USDT-EUR,SOL,EUR->SOL->USDT->EUR,Coinbase,-1.432064,-190.328601,NO,"{""extra_buffer_bps"":10.0,""fee_bps_per_leg_assumption"":60.0,""note"":""Top-of-book paper cycle. Exact Coinbase fee tier and available size must be validated.""}"
2026-09-07T18:40:52+00:00,eur_triangle,Kraken:SOL:EUR-USDT-SOL-EUR,SOL,EUR->USDT->SOL->EUR,Kraken,-2.004977,-250.042361,NO,"{""extra_buffer_bps"":10.0,""fee_bps_per_leg_assumption"":80.0,""note"":""Top-of-book paper cycle. Exact Kraken fee tier and available size must be validated.""}"
2026-09-07T18:40:52+00:00,eur_triangle,Kraken:SOL:EUR-SOL-USDT-EUR,SOL,EUR->SOL->USDT->EUR,Kraken,-1.241569,-249.297129,NO,"{""extra_buffer_bps"":10.0,""fee_bps_per_leg_assumption"":80.0,""note"":""Top-of-book paper cycle. Exact Kraken fee tier and available size must be validated.""}"
2026-09-07T18:40:52+00:00,stable_eur_dislocation,Coinbase:USDC-EUR-USDT,USDC/USDT,USDC->EUR->USDT,Coinbase,0.116226,-29.883774,NO,"{""buffer_bps"":30.0,""note"":""Two-leg stablecoin conversion via EUR; issuer, venue and fee risks remain."",""usdc_eur"":{""ask"":0.8605,""bid"":0.8604,""last"":0.8604},""usdt_eur"":{""ask"":0.86039,""bid"":0.86038,""last"":0.86036}}"
2026-09-07T18:40:52+00:00,stable_eur_dislocation,Coinbase:USDT-EUR-USDC,USDT/USDC,USDT->EUR->USDC,Coinbase,-1.394538,-31.394538,NO,"{""buffer_bps"":30.0,""note"":""Two-leg stablecoin conversion via EUR; issuer, venue and fee risks remain."",""usdc_eur"":{""ask"":0.8605,""bid"":0.8604,""last"":0.8604},""usdt_eur"":{""ask"":0.86039,""bid"":0.86038,""last"":0.86036}}"
2026-09-07T18:40:52+00:00,stable_eur_dislocation,Kraken:USDC-EUR-USDT,USDC/USDT,USDC->EUR->USDT,Kraken,0.000000,-50.000000,NO,"{""buffer_bps"":50.0,""note"":""Two-leg stablecoin conversion via EUR; issuer, venue and fee risks remain."",""usdc_eur"":{""ask"":0.8605,""bid"":0.8604,""last"":0.8605},""usdt_eur"":{""ask"":0.8604,""bid"":0.8603,""last"":0.8603}}"
2026-09-07T18:40:52+00:00,stable_eur_dislocation,Kraken:USDT-EUR-USDC,USDT/USDC,USDT->EUR->USDC,Kraken,-2.324230,-52.324230,NO,"{""buffer_bps"":50.0,""note"":""Two-leg stablecoin conversion via EUR; issuer, venue and fee risks remain."",""usdc_eur"":{""ask"":0.8605,""bid"":0.8604,""last"":0.8605},""usdt_eur"":{""ask"":0.8604,""bid"":0.8603,""last"":0.8603}}"
2026-09-07T21:12:41+00:00,eu_cross_spot,BTC:buy Coinbase / sell Kraken,BTC,buy Coinbase / sell Kraken,Coinbase<->Kraken,-0.764266,-150.764266,NO,"{""buffer_bps"":150.0,""buy_ask"":68170.01,""coinbase_taker_bps"":60.0,""kraken_taker_bps"":80.0,""note"":""Assumes prefunded balances on both venues; rebalancing and account-specific fees can erase the edge."",""sell_bid"":68164.8}"
2026-09-07T21:12:41+00:00,eu_cross_spot,BTC:buy Kraken / sell Coinbase,BTC,buy Kraken / sell Coinbase,Coinbase<->Kraken,0.111494,-149.888506,NO,"{""buffer_bps"":150.0,""buy_ask"":68164.9,""coinbase_taker_bps"":60.0,""kraken_taker_bps"":80.0,""note"":""Assumes prefunded balances on both venues; rebalancing and account-specific fees can erase the edge."",""sell_bid"":68165.66}"
2026-09-07T21:12:41+00:00,eu_cross_spot,ETH:buy Coinbase / sell Kraken,ETH,buy Coinbase / sell Kraken,Coinbase<->Kraken,-0.978670,-150.978670,NO,"{""buffer_bps"":150.0,""buy_ask"":2145.77,""coinbase_taker_bps"":60.0,""kraken_taker_bps"":80.0,""note"":""Assumes prefunded balances on both venues; rebalancing and account-specific fees can erase the edge."",""sell_bid"":2145.56}"
2026-09-07T21:12:41+00:00,eu_cross_spot,ETH:buy Kraken / sell Coinbase,ETH,buy Kraken / sell Coinbase,Coinbase<->Kraken,-0.559292,-150.559292,NO,"{""buffer_bps"":150.0,""buy_ask"":2145.57,""coinbase_taker_bps"":60.0,""kraken_taker_bps"":80.0,""note"":""Assumes prefunded balances on both venues; rebalancing and account-specific fees can erase the edge."",""sell_bid"":2145.45}"
2026-09-07T21:12:41+00:00,eu_cross_spot,SOL:buy Coinbase / sell Kraken,SOL,buy Coinbase / sell Kraken,Coinbase<->Kraken,-2.237136,-152.237136,NO,"{""buffer_bps"":150.0,""buy_ask"":89.4,""coinbase_taker_bps"":60.0,""kraken_taker_bps"":80.0,""note"":""Assumes prefunded balances on both venues; rebalancing and account-specific fees can erase the edge."",""sell_bid"":89.38}"
2026-09-07T21:12:41+00:00,eu_cross_spot,SOL:buy Kraken / sell Coinbase,SOL,buy Kraken / sell Coinbase,Coinbase<->Kraken,0.000000,-150.000000,NO,"{""buffer_bps"":150.0,""buy_ask"":89.39,""coinbase_taker_bps"":60.0,""kraken_taker_bps"":80.0,""note"":""Assumes prefunded balances on both venues; rebalancing and account-specific fees can erase the edge."",""sell_bid"":89.39}"
2026-09-07T21:12:41+00:00,eur_triangle,Coinbase:BTC:EUR-USDT-BTC-EUR,BTC,EUR->USDT->BTC->EUR,Coinbase,-1.134822,-190.036677,NO,"{""extra_buffer_bps"":10.0,""fee_bps_per_leg_assumption"":60.0,""note"":""Top-of-book paper cycle. Exact Coinbase fee tier and available size must be validated.""}"
2026-09-07T21:12:41+00:00,eur_triangle,Coinbase:BTC:EUR-BTC-USDT-EUR,BTC,EUR->BTC->USDT->EUR,Coinbase,-0.958793,-189.863798,NO,"{""extra_buffer_bps"":10.0,""fee_bps_per_leg_assumption"":60.0,""note"":""Top-of-book paper cycle. Exact Coinbase fee tier and available size must be validated.""}"
2026-09-07T21:12:41+00:00,eur_triangle,Kraken:BTC:EUR-USDT-BTC-EUR,BTC,EUR->USDT->BTC->EUR,Kraken,-0.663979,-248.733291,NO,"{""extra_buffer_bps"":10.0,""fee_bps_per_leg_assumption"":80.0,""note"":""Top-of-book paper cycle. Exact Kraken fee tier and available size must be validated.""}"
2026-09-07T21:12:41+00:00,eur_triangle,Kraken:BTC:EUR-BTC-USDT-EUR,BTC,EUR->BTC->USDT->EUR,Kraken,-0.525461,-248.598071,NO,"{""extra_buffer_bps"":10.0,""fee_bps_per_leg_assumption"":80.0,""note"":""Top-of-book paper cycle. Exact Kraken fee tier and available size must be validated.""}"
2026-09-07T21:12:41+00:00,eur_triangle,Coinbase:ETH:EUR-USDT-ETH-EUR,ETH,EUR->USDT->ETH->EUR,Coinbase,-1.645235,-190.537958,NO,"{""extra_buffer_bps"":10.0,""fee_bps_per_leg_assumption"":60.0,""note"":""Top-of-book paper cycle. Exact Coinbase fee tier and available size must be validated.""}"
2026-09-07T21:12:41+00:00,eur_triangle,Coinbase:ETH:EUR-ETH-USDT-EUR,ETH,EUR->ETH->USDT->EUR,Coinbase,-3.126165,-191.992391,NO,"{""extra_buffer_bps"":10.0,""fee_bps_per_leg_assumption"":60.0,""note"":""Top-of-book paper cycle. Exact Coinbase fee tier and available size must be validated.""}"
2026-09-07T21:12:41+00:00,eur_triangle,Kraken:ETH:EUR-USDT-ETH-EUR,ETH,EUR->USDT->ETH->EUR,Kraken,-0.009764,-248.094652,NO,"{""extra_buffer_bps"":10.0,""fee_bps_per_leg_assumption"":80.0,""note"":""Top-of-book paper cycle. Exact Kraken fee tier and available size must be validated.""}"
2026-09-07T21:12:41+00:00,eur_triangle,Kraken:ETH:EUR-ETH-USDT-EUR,ETH,EUR->ETH->USDT->EUR,Kraken,-1.239055,-249.294675,NO,"{""extra_buffer_bps"":10.0,""fee_bps_per_leg_assumption"":80.0,""note"":""Top-of-book paper cycle. Exact Kraken fee tier and available size must be validated.""}"
2026-09-07T21:12:41+00:00,eur_triangle,Coinbase:SOL:EUR-USDT-SOL-EUR,SOL,EUR->USDT->SOL->EUR,Coinbase,-1.783998,-190.674238,NO,"{""extra_buffer_bps"":10.0,""fee_bps_per_leg_assumption"":60.0,""note"":""Top-of-book paper cycle. Exact Coinbase fee tier and available size must be validated.""}"
2026-09-07T21:12:41+00:00,eur_triangle,Coinbase:SOL:EUR-SOL-USDT-EUR,SOL,EUR->SOL->USDT->EUR,Coinbase,-1.491902,-190.387368,NO,"{""extra_buffer_bps"":10.0,""fee_bps_per_leg_assumption"":60.0,""note"":""Top-of-book paper cycle. Exact Coinbase fee tier and available size must be validated.""}"
2026-09-07T21:12:41+00:00,eur_triangle,Kraken:SOL:EUR-USDT-SOL-EUR,SOL,EUR->USDT->SOL->EUR,Kraken,-1.940214,-249.979141,NO,"{""extra_buffer_bps"":10.0,""fee_bps_per_leg_assumption"":80.0,""note"":""Top-of-book paper cycle. Exact Kraken fee tier and available size must be validated.""}"
2026-09-07T21:12:41+00:00,eur_triangle,Kraken:SOL:EUR-SOL-USDT-EUR,SOL,EUR->SOL->USDT->EUR,Kraken,-1.303054,-249.357150,NO,"{""extra_buffer_bps"":10.0,""fee_bps_per_leg_assumption"":80.0,""note"":""Top-of-book paper cycle. Exact Kraken fee tier and available size must be validated.""}"
2026-09-07T21:12:41+00:00,stable_eur_dislocation,Coinbase:USDC-EUR-USDT,USDC/USDT,USDC->EUR->USDT,Coinbase,1.162115,-28.837885,NO,"{""buffer_bps"":30.0,""note"":""Two-leg stablecoin conversion via EUR; issuer, venue and fee risks remain."",""usdc_eur"":{""ask"":0.8607,""bid"":0.8606,""last"":0.8606},""usdt_eur"":{""ask"":0.8605,""bid"":0.86048,""last"":0.86048}}"
2026-09-07T21:12:41+00:00,stable_eur_dislocation,Coinbase:USDT-EUR-USDC,USDT/USDC,USDT->EUR->USDC,Coinbase,-2.556059,-32.556059,NO,"{""buffer_bps"":30.0,""note"":""Two-leg stablecoin conversion via EUR; issuer, venue and fee risks remain."",""usdc_eur"":{""ask"":0.8607,""bid"":0.8606,""last"":0.8606},""usdt_eur"":{""ask"":0.8605,""bid"":0.86048,""last"":0.86048}}"
2026-09-07T21:12:41+00:00,stable_eur_dislocation,Kraken:USDC-EUR-USDT,USDC/USDT,USDC->EUR->USDT,Kraken,0.000000,-50.000000,NO,"{""buffer_bps"":50.0,""note"":""Two-leg stablecoin conversion via EUR; issuer, venue and fee risks remain."",""usdc_eur"":{""ask"":0.8606,""bid"":0.8605,""last"":0.8605},""usdt_eur"":{""ask"":0.8605,""bid"":0.8604,""last"":0.8604}}"
2026-09-07T21:12:41+00:00,stable_eur_dislocation,Kraken:USDT-EUR-USDC,USDT/USDC,USDT->EUR->USDC,Kraken,-2.323960,-52.323960,NO,"{""buffer_bps"":50.0,""note"":""Two-leg stablecoin conversion via EUR; issuer, venue and fee risks remain."",""usdc_eur"":{""ask"":0.8606,""bid"":0.8605,""last"":0.8605},""usdt_eur"":{""ask"":0.8605,""bid"":0.8604,""last"":0.8604}}"
2026-09-07T21:55:03+00:00,eu_cross_spot,BTC:buy Coinbase / sell Kraken,BTC,buy Coinbase / sell Kraken,Coinbase<->Kraken,-1.015361,-151.015361,NO,"{""buffer_bps"":150.0,""buy_ask"":68153.12,""coinbase_taker_bps"":60.0,""kraken_taker_bps"":80.0,""note"":""Assumes prefunded balances on both venues; rebalancing and account-specific fees can erase the edge."",""sell_bid"":68146.2}"
2026-09-07T21:55:03+00:00,eu_cross_spot,BTC:buy Kraken / sell Coinbase,BTC,buy Kraken / sell Coinbase,Coinbase<->Kraken,-0.076306,-150.076306,NO,"{""buffer_bps"":150.0,""buy_ask"":68146.3,""coinbase_taker_bps"":60.0,""kraken_taker_bps"":80.0,""note"":""Assumes prefunded balances on both venues; rebalancing and account-specific fees can erase the edge."",""sell_bid"":68145.78}"
2026-09-07T21:55:03+00:00,eu_cross_spot,ETH:buy Coinbase / sell Kraken,ETH,buy Coinbase / sell Kraken,Coinbase<->Kraken,-2.938063,-152.938063,NO,"{""buffer_bps"":150.0,""buy_ask"":2144.27,""coinbase_taker_bps"":60.0,""kraken_taker_bps"":80.0,""note"":""Assumes prefunded balances on both venues; rebalancing and account-specific fees can erase the edge."",""sell_bid"":2143.64}"
2026-09-07T21:55:03+00:00,eu_cross_spot,ETH:buy Kraken / sell Coinbase,ETH,buy Kraken / sell Coinbase,Coinbase<->Kraken,1.072936,-148.927064,NO,"{""buffer_bps"":150.0,""buy_ask"":2143.65,""coinbase_taker_bps"":60.0,""kraken_taker_bps"":80.0,""note"":""Assumes prefunded balances on both venues; rebalancing and account-specific fees can erase the edge."",""sell_bid"":2143.88}"
2026-09-07T21:55:03+00:00,eu_cross_spot,SOL:buy Coinbase / sell Kraken,SOL,buy Coinbase / sell Kraken,Coinbase<->Kraken,-3.354204,-153.354204,NO,"{""buffer_bps"":150.0,""buy_ask"":89.44,""coinbase_taker_bps"":60.0,""kraken_taker_bps"":80.0,""note"":""Assumes prefunded balances on both venues; rebalancing and account-specific fees can erase the edge."",""sell_bid"":89.41}"
2026-09-07T21:55:03+00:00,eu_cross_spot,SOL:buy Kraken / sell Coinbase,SOL,buy Kraken / sell Coinbase,Coinbase<->Kraken,0.000000,-150.000000,NO,"{""buffer_bps"":150.0,""buy_ask"":89.42,""coinbase_taker_bps"":60.0,""kraken_taker_bps"":80.0,""note"":""Assumes prefunded balances on both venues; rebalancing and account-specific fees can erase the edge."",""sell_bid"":89.42}"
2026-09-07T21:55:03+00:00,eur_triangle,Coinbase:BTC:EUR-USDT-BTC-EUR,BTC,EUR->USDT->BTC->EUR,Coinbase,-1.810131,-190.699904,NO,"{""extra_buffer_bps"":10.0,""fee_bps_per_leg_assumption"":60.0,""note"":""Top-of-book paper cycle. Exact Coinbase fee tier and available size must be validated.""}"
2026-09-07T21:55:03+00:00,eur_triangle,Coinbase:BTC:EUR-BTC-USDT-EUR,BTC,EUR->BTC->USDT->EUR,Coinbase,-4.119619,-192.968070,NO,"{""extra_buffer_bps"":10.0,""fee_bps_per_leg_assumption"":60.0,""note"":""Top-of-book paper cycle. Exact Coinbase fee tier and available size must be validated.""}"
2026-09-07T21:55:03+00:00,eur_triangle,Kraken:BTC:EUR-USDT-BTC-EUR,BTC,EUR->USDT->BTC->EUR,Kraken,-0.892707,-248.956573,NO,"{""extra_buffer_bps"":10.0,""fee_bps_per_leg_assumption"":80.0,""note"":""Top-of-book paper cycle. Exact Kraken fee tier and available size must be validated.""}"
2026-09-07T21:55:03+00:00,eur_triangle,Kraken:BTC:EUR-BTC-USDT-EUR,BTC,EUR->BTC->USDT->EUR,Kraken,-0.852335,-248.917163,NO,"{""extra_buffer_bps"":10.0,""fee_bps_per_leg_assumption"":80.0,""note"":""Top-of-book paper cycle. Exact Kraken fee tier and available size must be validated.""}"
2026-09-07T21:55:03+00:00,eur_triangle,Coinbase:ETH:EUR-USDT-ETH-EUR,ETH,EUR->USDT->ETH->EUR,Coinbase,-2.107416,-190.991870,NO,"{""extra_buffer_bps"":10.0,""fee_bps_per_leg_assumption"":60.0,""note"":""Top-of-book paper cycle. Exact Coinbase fee tier and available size must be validated.""}"
2026-09-07T21:55:03+00:00,eur_triangle,Coinbase:ETH:EUR-ETH-USDT-EUR,ETH,EUR->ETH->USDT->EUR,Coinbase,-4.562311,-193.402841,NO,"{""extra_buffer_bps"":10.0,""fee_bps_per_leg_assumption"":60.0,""note"":""Top-of-book paper cycle. Exact Coinbase fee tier and available size must be validated.""}"
2026-09-07T21:55:03+00:00,eur_triangle,Kraken:ETH:EUR-USDT-ETH-EUR,ETH,EUR->USDT->ETH->EUR,Kraken,-1.862671,-249.903444,NO,"{""extra_buffer_bps"":10.0,""fee_bps_per_leg_assumption"":80.0,""note"":""Top-of-book paper cycle. Exact Kraken fee tier and available size must be validated.""}"
2026-09-07T21:55:03+00:00,eur_triangle,Kraken:ETH:EUR-ETH-USDT-EUR,ETH,EUR->ETH->USDT->EUR,Kraken,0.613766,-247.485967,NO,"{""extra_buffer_bps"":10.0,""fee_bps_per_leg_assumption"":80.0,""note"":""Top-of-book paper cycle. Exact Kraken fee tier and available size must be validated.""}"
2026-09-07T21:55:03+00:00,eur_triangle,Coinbase:SOL:EUR-USDT-SOL-EUR,SOL,EUR->USDT->SOL->EUR,Coinbase,-0.153431,-189.072846,NO,"{""extra_buffer_bps"":10.0,""fee_bps_per_leg_assumption"":60.0,""note"":""Top-of-book paper cycle. Exact Coinbase fee tier and available size must be validated.""}"
2026-09-07T21:55:03+00:00,eur_triangle,Coinbase:SOL:EUR-SOL-USDT-EUR,SOL,EUR->SOL->USDT->EUR,Coinbase,-4.122887,-192.971279,NO,"{""extra_buffer_bps"":10.0,""fee_bps_per_leg_assumption"":60.0,""note"":""Top-of-book paper cycle. Exact Coinbase fee tier and available size must be validated.""}"
2026-09-07T21:55:03+00:00,eur_triangle,Kraken:SOL:EUR-USDT-SOL-EUR,SOL,EUR->USDT->SOL->EUR,Kraken,-1.271732,-249.326574,NO,"{""extra_buffer_bps"":10.0,""fee_bps_per_leg_assumption"":80.0,""note"":""Top-of-book paper cycle. Exact Kraken fee tier and available size must be validated.""}"
2026-09-07T21:55:03+00:00,eur_triangle,Kraken:SOL:EUR-SOL-USDT-EUR,SOL,EUR->SOL->USDT->EUR,Kraken,-1.970924,-250.009119,NO,"{""extra_buffer_bps"":10.0,""fee_bps_per_leg_assumption"":80.0,""note"":""Top-of-book paper cycle. Exact Kraken fee tier and available size must be validated.""}"
2026-09-07T21:55:03+00:00,stable_eur_dislocation,Coinbase:USDC-EUR-USDT,USDC/USDT,USDC->EUR->USDT,Coinbase,1.162250,-28.837750,NO,"{""buffer_bps"":30.0,""note"":""Two-leg stablecoin conversion via EUR; issuer, venue and fee risks remain."",""usdc_eur"":{""ask"":0.8606,""bid"":0.8605,""last"":0.8605},""usdt_eur"":{""ask"":0.8604,""bid"":0.86039,""last"":0.8604}}"
2026-09-07T21:55:03+00:00,stable_eur_dislocation,Coinbase:USDT-EUR-USDC,USDT/USDC,USDT->EUR->USDC,Coinbase,-2.440158,-32.440158,NO,"{""buffer_bps"":30.0,""note"":""Two-leg stablecoin conversion via EUR; issuer, venue and fee risks remain."",""usdc_eur"":{""ask"":0.8606,""bid"":0.8605,""last"":0.8605},""usdt_eur"":{""ask"":0.8604,""bid"":0.86039,""last"":0.8604}}"
2026-09-07T21:55:03+00:00,stable_eur_dislocation,Kraken:USDC-EUR-USDT,USDC/USDT,USDC->EUR->USDT,Kraken,0.000000,-50.000000,NO,"{""buffer_bps"":50.0,""note"":""Two-leg stablecoin conversion via EUR; issuer, venue and fee risks remain."",""usdc_eur"":{""ask"":0.8605,""bid"":0.8604,""last"":0.8605},""usdt_eur"":{""ask"":0.8604,""bid"":0.8603,""last"":0.8603}}"
2026-09-07T21:55:03+00:00,stable_eur_dislocation,Kraken:USDT-EUR-USDC,USDT/USDC,USDT->EUR->USDC,Kraken,-2.324230,-52.324230,NO,"{""buffer_bps"":50.0,""note"":""Two-leg stablecoin conversion via EUR; issuer, venue and fee risks remain."",""usdc_eur"":{""ask"":0.8605,""bid"":0.8604,""last"":0.8605},""usdt_eur"":{""ask"":0.8604,""bid"":0.8603,""last"":0.8603}}"
2026-09-07T23:57:19+00:00,eu_cross_spot,BTC:buy Coinbase / sell Kraken,BTC,buy Coinbase / sell Kraken,Coinbase<->Kraken,0.792110,-149.207890,NO,"{""buffer_bps"":150.0,""buy_ask"":68046.11,""coinbase_taker_bps"":60.0,""kraken_taker_bps"":80.0,""note"":""Assumes prefunded balances on both venues; rebalancing and account-specific fees can erase the edge."",""sell_bid"":68051.5}"
2026-09-07T23:57:19+00:00,eu_cross_spot,BTC:buy Kraken / sell Coinbase,BTC,buy Kraken / sell Coinbase,Coinbase<->Kraken,-0.808210,-150.808210,NO,"{""buffer_bps"":150.0,""buy_ask"":68051.6,""coinbase_taker_bps"":60.0,""kraken_taker_bps"":80.0,""note"":""Assumes prefunded balances on both venues; rebalancing and account-specific fees can erase the edge."",""sell_bid"":68046.1}"
2026-09-07T23:57:19+00:00,eu_cross_spot,ETH:buy Coinbase / sell Kraken,ETH,buy Coinbase / sell Kraken,Coinbase<->Kraken,-0.746582,-150.746582,NO,"{""buffer_bps"":150.0,""buy_ask"":2143.1,""coinbase_taker_bps"":60.0,""kraken_taker_bps"":80.0,""note"":""Assumes prefunded balances on both venues; rebalancing and account-specific fees can erase the edge."",""sell_bid"":2142.94}"
2026-09-07T23:57:19+00:00,eu_cross_spot,ETH:buy Kraken / sell Coinbase,ETH,buy Kraken / sell Coinbase,Coinbase<->Kraken,-0.699970,-150.699970,NO,"{""buffer_bps"":150.0,""buy_ask"":2142.95,""coinbase_taker_bps"":60.0,""kraken_taker_bps"":80.0,""note"":""Assumes prefunded balances on both venues; rebalancing and account-specific fees can erase the edge."",""sell_bid"":2142.8}"
2026-09-07T23:57:19+00:00,eu_cross_spot,SOL:buy Coinbase / sell Kraken,SOL,buy Coinbase / sell Kraken,Coinbase<->Kraken,-2.237887,-152.237887,NO,"{""buffer_bps"":150.0,""buy_ask"":89.37,""coinbase_taker_bps"":60.0,""kraken_taker_bps"":80.0,""note"":""Assumes prefunded balances on both venues; rebalancing and account-specific fees can erase the edge."",""sell_bid"":89.35}"
2026-09-07T23:57:19+00:00,eu_cross_spot,SOL:buy Kraken / sell Coinbase,SOL,buy Kraken / sell Coinbase,Coinbase<->Kraken,-1.119069,-151.119069,NO,"{""buffer_bps"":150.0,""buy_ask"":89.36,""coinbase_taker_bps"":60.0,""kraken_taker_bps"":80.0,""note"":""Assumes prefunded balances on both venues; rebalancing and account-specific fees can erase the edge."",""sell_bid"":89.35}"
2026-09-07T23:57:19+00:00,eur_triangle,Coinbase:BTC:EUR-USDT-BTC-EUR,BTC,EUR->USDT->BTC->EUR,Coinbase,-1.936980,-190.824484,NO,"{""extra_buffer_bps"":10.0,""fee_bps_per_leg_assumption"":60.0,""note"":""Top-of-book paper cycle. Exact Coinbase fee tier and available size must be validated.""}"
2026-09-07T23:57:19+00:00,eur_triangle,Coinbase:BTC:EUR-BTC-USDT-EUR,BTC,EUR->BTC->USDT->EUR,Coinbase,-0.392369,-189.307509,NO,"{""extra_buffer_bps"":10.0,""fee_bps_per_leg_assumption"":60.0,""note"":""Top-of-book paper cycle. Exact Coinbase fee tier and available size must be validated.""}"
2026-09-07T23:57:19+00:00,eur_triangle,Kraken:BTC:EUR-USDT-BTC-EUR,BTC,EUR->USDT->BTC->EUR,Kraken,-0.157844,-248.239206,NO,"{""extra_buffer_bps"":10.0,""fee_bps_per_leg_assumption"":80.0,""note"":""Top-of-book paper cycle. Exact Kraken fee tier and available size must be validated.""}"
2026-09-07T23:57:19+00:00,eur_triangle,Kraken:BTC:EUR-BTC-USDT-EUR,BTC,EUR->BTC->USDT->EUR,Kraken,-1.032158,-249.092704,NO,"{""extra_buffer_bps"":10.0,""fee_bps_per_leg_assumption"":80.0,""note"":""Top-of-book paper cycle. Exact Kraken fee tier and available size must be validated.""}"
2026-09-07T23:57:19+00:00,eur_triangle,Coinbase:ETH:EUR-USDT-ETH-EUR,ETH,EUR->USDT->ETH->EUR,Coinbase,-2.334680,-191.215067,NO,"{""extra_buffer_bps"":10.0,""fee_bps_per_leg_assumption"":60.0,""note"":""Top-of-book paper cycle. Exact Coinbase fee tier and available size must be validated.""}"
2026-09-07T23:57:19+00:00,eur_triangle,Coinbase:ETH:EUR-ETH-USDT-EUR,ETH,EUR->ETH->USDT->EUR,Coinbase,-0.425342,-189.339892,NO,"{""extra_buffer_bps"":10.0,""fee_bps_per_leg_assumption"":60.0,""note"":""Top-of-book paper cycle. Exact Coinbase fee tier and available size must be validated.""}"
2026-09-07T23:57:19+00:00,eur_triangle,Kraken:ETH:EUR-USDT-ETH-EUR,ETH,EUR->USDT->ETH->EUR,Kraken,-0.397382,-248.473041,NO,"{""extra_buffer_bps"":10.0,""fee_bps_per_leg_assumption"":80.0,""note"":""Top-of-book paper cycle. Exact Kraken fee tier and available size must be validated.""}"
2026-09-07T23:57:19+00:00,eur_triangle,Kraken:ETH:EUR-ETH-USDT-EUR,ETH,EUR->ETH->USDT->EUR,Kraken,-0.852096,-248.916929,NO,"{""extra_buffer_bps"":10.0,""fee_bps_per_leg_assumption"":80.0,""note"":""Top-of-book paper cycle. Exact Kraken fee tier and available size must be validated.""}"
2026-09-07T23:57:19+00:00,eur_triangle,Coinbase:SOL:EUR-USDT-SOL-EUR,SOL,EUR->USDT->SOL->EUR,Coinbase,-1.610261,-190.503610,NO,"{""extra_buffer_bps"":10.0,""fee_bps_per_leg_assumption"":60.0,""note"":""Top-of-book paper cycle. Exact Coinbase fee tier and available size must be validated.""}"
2026-09-07T23:57:19+00:00,eur_triangle,Coinbase:SOL:EUR-SOL-USDT-EUR,SOL,EUR->SOL->USDT->EUR,Coinbase,-2.668770,-191.543180,NO,"{""extra_buffer_bps"":10.0,""fee_bps_per_leg_assumption"":60.0,""note"":""Top-of-book paper cycle. Exact Coinbase fee tier and available size must be validated.""}"
2026-09-07T23:57:19+00:00,eur_triangle,Kraken:SOL:EUR-USDT-SOL-EUR,SOL,EUR->USDT->SOL->EUR,Kraken,-1.610261,-249.657043,NO,"{""extra_buffer_bps"":10.0,""fee_bps_per_leg_assumption"":80.0,""note"":""Top-of-book paper cycle. Exact Kraken fee tier and available size must be validated.""}"
2026-09-07T23:57:19+00:00,eur_triangle,Kraken:SOL:EUR-SOL-USDT-EUR,SOL,EUR->SOL->USDT->EUR,Kraken,-1.633841,-249.680061,NO,"{""extra_buffer_bps"":10.0,""fee_bps_per_leg_assumption"":80.0,""note"":""Top-of-book paper cycle. Exact Kraken fee tier and available size must be validated.""}"
2026-09-07T23:57:19+00:00,stable_eur_dislocation,Coinbase:USDC-EUR-USDT,USDC/USDT,USDC->EUR->USDT,Coinbase,1.162656,-28.837344,NO,"{""buffer_bps"":30.0,""note"":""Two-leg stablecoin conversion via EUR; issuer, venue and fee risks remain."",""usdc_eur"":{""ask"":0.8603,""bid"":0.8602,""last"":0.8602},""usdt_eur"":{""ask"":0.8601,""bid"":0.86009,""last"":0.8601}}"
2026-09-07T23:57:19+00:00,stable_eur_dislocation,Coinbase:USDT-EUR-USDC,USDT/USDC,USDT->EUR->USDC,Coinbase,-2.441009,-32.441009,NO,"{""buffer_bps"":30.0,""note"":""Two-leg stablecoin conversion via EUR; issuer, venue and fee risks remain."",""usdc_eur"":{""ask"":0.8603,""bid"":0.8602,""last"":0.8602},""usdt_eur"":{""ask"":0.8601,""bid"":0.86009,""last"":0.8601}}"
2026-09-07T23:57:19+00:00,stable_eur_dislocation,Kraken:USDC-EUR-USDT,USDC/USDT,USDC->EUR->USDT,Kraken,1.162656,-48.837344,NO,"{""buffer_bps"":50.0,""note"":""Two-leg stablecoin conversion via EUR; issuer, venue and fee risks remain."",""usdc_eur"":{""ask"":0.8603,""bid"":0.8602,""last"":0.8603},""usdt_eur"":{""ask"":0.8601,""bid"":0.86,""last"":0.8601}}"
2026-09-07T23:57:19+00:00,stable_eur_dislocation,Kraken:USDT-EUR-USDC,USDT/USDC,USDT->EUR->USDC,Kraken,-3.487156,-53.487156,NO,"{""buffer_bps"":50.0,""note"":""Two-leg stablecoin conversion via EUR; issuer, venue and fee risks remain."",""usdc_eur"":{""ask"":0.8603,""bid"":0.8602,""last"":0.8603},""usdt_eur"":{""ask"":0.8601,""bid"":0.86,""last"":0.8601}}"
2026-09-08T02:16:33+00:00,eu_cross_spot,BTC:buy Coinbase / sell Kraken,BTC,buy Coinbase / sell Kraken,Coinbase<->Kraken,0.137797,-149.862203,NO,"{""buffer_bps"":150.0,""buy_ask"":68216.06,""coinbase_taker_bps"":60.0,""kraken_taker_bps"":80.0,""note"":""Assumes prefunded balances on both venues; rebalancing and account-specific fees can erase the edge."",""sell_bid"":68217.0}"
2026-09-08T02:16:33+00:00,eu_cross_spot,BTC:buy Kraken / sell Coinbase,BTC,buy Kraken / sell Coinbase,Coinbase<->Kraken,-1.080374,-151.080374,NO,"{""buffer_bps"":150.0,""buy_ask"":68217.1,""coinbase_taker_bps"":60.0,""kraken_taker_bps"":80.0,""note"":""Assumes prefunded balances on both venues; rebalancing and account-specific fees can erase the edge."",""sell_bid"":68209.73}"
2026-09-08T02:16:33+00:00,eu_cross_spot,ETH:buy Coinbase / sell Kraken,ETH,buy Coinbase / sell Kraken,Coinbase<->Kraken,-0.604781,-150.604781,NO,"{""buffer_bps"":150.0,""buy_ask"":2149.54,""coinbase_taker_bps"":60.0,""kraken_taker_bps"":80.0,""note"":""Assumes prefunded balances on both venues; rebalancing and account-specific fees can erase the edge."",""sell_bid"":2149.41}"
2026-09-08T02:16:33+00:00,eu_cross_spot,ETH:buy Kraken / sell Coinbase,ETH,buy Kraken / sell Coinbase,Coinbase<->Kraken,-1.023532,-151.023532,NO,"{""buffer_bps"":150.0,""buy_ask"":2149.42,""coinbase_taker_bps"":60.0,""kraken_taker_bps"":80.0,""note"":""Assumes prefunded balances on both venues; rebalancing and account-specific fees can erase the edge."",""sell_bid"":2149.2}"
2026-09-08T02:16:33+00:00,eu_cross_spot,SOL:buy Coinbase / sell Kraken,SOL,buy Coinbase / sell Kraken,Coinbase<->Kraken,-2.231645,-152.231645,NO,"{""buffer_bps"":150.0,""buy_ask"":89.62,""coinbase_taker_bps"":60.0,""kraken_taker_bps"":80.0,""note"":""Assumes prefunded balances on both venues; rebalancing and account-specific fees can erase the edge."",""sell_bid"":89.6}"
2026-09-08T02:16:33+00:00,eu_cross_spot,SOL:buy Kraken / sell Coinbase,SOL,buy Kraken / sell Coinbase,Coinbase<->Kraken,-1.115947,-151.115947,NO,"{""buffer_bps"":150.0,""buy_ask"":89.61,""coinbase_taker_bps"":60.0,""kraken_taker_bps"":80.0,""note"":""Assumes prefunded balances on both venues; rebalancing and account-specific fees can erase the edge."",""sell_bid"":89.6}"
2026-09-08T02:16:33+00:00,eur_triangle,Coinbase:BTC:EUR-USDT-BTC-EUR,BTC,EUR->USDT->BTC->EUR,Coinbase,-2.316448,-191.197162,NO,"{""extra_buffer_bps"":10.0,""fee_bps_per_leg_assumption"":60.0,""note"":""Top-of-book paper cycle. Exact Coinbase fee tier and available size must be validated.""}"
2026-09-08T02:16:33+00:00,eur_triangle,Coinbase:BTC:EUR-BTC-USDT-EUR,BTC,EUR->BTC->USDT->EUR,Coinbase,-1.171117,-190.072323,NO,"{""extra_buffer_bps"":10.0,""fee_bps_per_leg_assumption"":60.0,""note"":""Top-of-book paper cycle. Exact Coinbase fee tier and available size must be validated.""}"
2026-09-08T02:16:33+00:00,eur_triangle,Kraken:BTC:EUR-USDT-BTC-EUR,BTC,EUR->USDT->BTC->EUR,Kraken,-1.002626,-249.063875,NO,"{""extra_buffer_bps"":10.0,""fee_bps_per_leg_assumption"":80.0,""note"":""Top-of-book paper cycle. Exact Kraken fee tier and available size must be validated.""}"
2026-09-08T02:16:33+00:00,eur_triangle,Kraken:BTC:EUR-BTC-USDT-EUR,BTC,EUR->BTC->USDT->EUR,Kraken,-0.427158,-248.502108,NO,"{""extra_buffer_bps"":10.0,""fee_bps_per_leg_assumption"":80.0,""note"":""Top-of-book paper cycle. Exact Kraken fee tier and available size must be validated.""}"
2026-09-08T02:16:33+00:00,eur_triangle,Coinbase:ETH:EUR-USDT-ETH-EUR,ETH,EUR->USDT->ETH->EUR,Coinbase,-2.192210,-191.075146,NO,"{""extra_buffer_bps"":10.0,""fee_bps_per_leg_assumption"":60.0,""note"":""Top-of-book paper cycle. Exact Coinbase fee tier and available size must be validated.""}"
2026-09-08T02:16:33+00:00,eur_triangle,Coinbase:ETH:EUR-ETH-USDT-EUR,ETH,EUR->ETH->USDT->EUR,Coinbase,-2.865225,-191.736119,NO,"{""extra_buffer_bps"":10.0,""fee_bps_per_leg_assumption"":60.0,""note"":""Top-of-book paper cycle. Exact Coinbase fee tier and available size must be validated.""}"
2026-09-08T02:16:33+00:00,eur_triangle,Kraken:ETH:EUR-USDT-ETH-EUR,ETH,EUR->USDT->ETH->EUR,Kraken,-1.378570,-249.430868,NO,"{""extra_buffer_bps"":10.0,""fee_bps_per_leg_assumption"":80.0,""note"":""Top-of-book paper cycle. Exact Kraken fee tier and available size must be validated.""}"
2026-09-08T02:16:33+00:00,eur_triangle,Kraken:ETH:EUR-ETH-USDT-EUR,ETH,EUR->ETH->USDT->EUR,Kraken,-0.110965,-248.193443,NO,"{""extra_buffer_bps"":10.0,""fee_bps_per_leg_assumption"":80.0,""note"":""Top-of-book paper cycle. Exact Kraken fee tier and available size must be validated.""}"
2026-09-08T02:16:33+00:00,eur_triangle,Coinbase:SOL:EUR-USDT-SOL-EUR,SOL,EUR->USDT->SOL->EUR,Coinbase,-1.688108,-190.580064,NO,"{""extra_buffer_bps"":10.0,""fee_bps_per_leg_assumption"":60.0,""note"":""Top-of-book paper cycle. Exact Coinbase fee tier and available size must be validated.""}"
2026-09-08T02:16:33+00:00,eur_triangle,Coinbase:SOL:EUR-SOL-USDT-EUR,SOL,EUR->SOL->USDT->EUR,Coinbase,-2.578465,-191.454490,NO,"{""extra_buffer_bps"":10.0,""fee_bps_per_leg_assumption"":60.0,""note"":""Top-of-book paper cycle. Exact Coinbase fee tier and available size must be validated.""}"
2026-09-08T02:16:33+00:00,eur_triangle,Kraken:SOL:EUR-USDT-SOL-EUR,SOL,EUR->USDT->SOL->EUR,Kraken,-1.891830,-249.931908,NO,"{""extra_buffer_bps"":10.0,""fee_bps_per_leg_assumption"":80.0,""note"":""Top-of-book paper cycle. Exact Kraken fee tier and available size must be validated.""}"
2026-09-08T02:16:33+00:00,eur_triangle,Kraken:SOL:EUR-SOL-USDT-EUR,SOL,EUR->SOL->USDT->EUR,Kraken,-1.346502,-249.399563,NO,"{""extra_buffer_bps"":10.0,""fee_bps_per_leg_assumption"":80.0,""note"":""Top-of-book paper cycle. Exact Kraken fee tier and available size must be validated.""}"
2026-09-08T02:16:33+00:00,stable_eur_dislocation,Coinbase:USDC-EUR-USDT,USDC/USDT,USDC->EUR->USDT,Coinbase,1.163196,-28.836804,NO,"{""buffer_bps"":30.0,""note"":""Two-leg stablecoin conversion via EUR; issuer, venue and fee risks remain."",""usdc_eur"":{""ask"":0.8599,""bid"":0.8598,""last"":0.8598},""usdt_eur"":{""ask"":0.8597,""bid"":0.85969,""last"":0.85973}}"
2026-09-08T02:16:33+00:00,stable_eur_dislocation,Coinbase:USDT-EUR-USDC,USDT/USDC,USDT->EUR->USDC,Coinbase,-2.442144,-32.442144,NO,"{""buffer_bps"":30.0,""note"":""Two-leg stablecoin conversion via EUR; issuer, venue and fee risks remain."",""usdc_eur"":{""ask"":0.8599,""bid"":0.8598,""last"":0.8598},""usdt_eur"":{""ask"":0.8597,""bid"":0.85969,""last"":0.85973}}"
2026-09-08T02:16:33+00:00,stable_eur_dislocation,Kraken:USDC-EUR-USDT,USDC/USDT,USDC->EUR->USDT,Kraken,0.000000,-50.000000,NO,"{""buffer_bps"":50.0,""note"":""Two-leg stablecoin conversion via EUR; issuer, venue and fee risks remain."",""usdc_eur"":{""ask"":0.8599,""bid"":0.8598,""last"":0.8599},""usdt_eur"":{""ask"":0.8598,""bid"":0.8597,""last"":0.8597}}"
2026-09-08T02:16:33+00:00,stable_eur_dislocation,Kraken:USDT-EUR-USDC,USDT/USDC,USDT->EUR->USDC,Kraken,-2.325852,-52.325852,NO,"{""buffer_bps"":50.0,""note"":""Two-leg stablecoin conversion via EUR; issuer, venue and fee risks remain."",""usdc_eur"":{""ask"":0.8599,""bid"":0.8598,""last"":0.8599},""usdt_eur"":{""ask"":0.8598,""bid"":0.8597,""last"":0.8597}}"
2026-09-08T02:58:38+00:00,eu_cross_spot,BTC:buy Coinbase / sell Kraken,BTC,buy Coinbase / sell Kraken,Coinbase<->Kraken,-0.290061,-150.290061,NO,"{""buffer_bps"":150.0,""buy_ask"":67916.77,""coinbase_taker_bps"":60.0,""kraken_taker_bps"":80.0,""note"":""Assumes prefunded balances on both venues; rebalancing and account-specific fees can erase the edge."",""sell_bid"":67914.8}"
2026-09-08T02:58:38+00:00,eu_cross_spot,BTC:buy Kraken / sell Coinbase,BTC,buy Kraken / sell Coinbase,Coinbase<->Kraken,-1.200031,-151.200031,NO,"{""buffer_bps"":150.0,""buy_ask"":67914.9,""coinbase_taker_bps"":60.0,""kraken_taker_bps"":80.0,""note"":""Assumes prefunded balances on both venues; rebalancing and account-specific fees can erase the edge."",""sell_bid"":67906.75}"
2026-09-08T02:58:38+00:00,eu_cross_spot,ETH:buy Coinbase / sell Kraken,ETH,buy Coinbase / sell Kraken,Coinbase<->Kraken,-2.992598,-152.992598,NO,"{""buffer_bps"":150.0,""buy_ask"":2138.61,""coinbase_taker_bps"":60.0,""kraken_taker_bps"":80.0,""note"":""Assumes prefunded balances on both venues; rebalancing and account-specific fees can erase the edge."",""sell_bid"":2137.97}"
2026-09-08T02:58:38+00:00,eu_cross_spot,ETH:buy Kraken / sell Coinbase,ETH,buy Kraken / sell Coinbase,Coinbase<->Kraken,1.028989,-148.971011,NO,"{""buffer_bps"":150.0,""buy_ask"":2138.02,""coinbase_taker_bps"":60.0,""kraken_taker_bps"":80.0,""note"":""Assumes prefunded balances on both venues; rebalancing and account-specific fees can erase the edge."",""sell_bid"":2138.24}"
2026-09-08T02:58:38+00:00,eu_cross_spot,SOL:buy Coinbase / sell Kraken,SOL,buy Coinbase / sell Kraken,Coinbase<->Kraken,-3.374578,-153.374578,NO,"{""buffer_bps"":150.0,""buy_ask"":88.9,""coinbase_taker_bps"":60.0,""kraken_taker_bps"":80.0,""note"":""Assumes prefunded balances on both venues; rebalancing and account-specific fees can erase the edge."",""sell_bid"":88.87}"
2026-09-08T02:58:38+00:00,eu_cross_spot,SOL:buy Kraken / sell Coinbase,SOL,buy Kraken / sell Coinbase,Coinbase<->Kraken,1.125113,-148.874887,NO,"{""buffer_bps"":150.0,""buy_ask"":88.88,""coinbase_taker_bps"":60.0,""kraken_taker_bps"":80.0,""note"":""Assumes prefunded balances on both venues; rebalancing and account-specific fees can erase the edge."",""sell_bid"":88.89}"
2026-09-08T02:58:38+00:00,eur_triangle,Coinbase:BTC:EUR-USDT-BTC-EUR,BTC,EUR->USDT->BTC->EUR,Coinbase,-2.132854,-191.016852,NO,"{""extra_buffer_bps"":10.0,""fee_bps_per_leg_assumption"":60.0,""note"":""Top-of-book paper cycle. Exact Coinbase fee tier and available size must be validated.""}"
2026-09-08T02:58:38+00:00,eur_triangle,Coinbase:BTC:EUR-BTC-USDT-EUR,BTC,EUR->BTC->USDT->EUR,Coinbase,-3.077296,-191.944397,NO,"{""extra_buffer_bps"":10.0,""fee_bps_per_leg_assumption"":60.0,""note"":""Top-of-book paper cycle. Exact Coinbase fee tier and available size must be validated.""}"
2026-09-08T02:58:38+00:00,eur_triangle,Kraken:BTC:EUR-USDT-BTC-EUR,BTC,EUR->USDT->BTC->EUR,Kraken,-0.233154,-248.312723,NO,"{""extra_buffer_bps"":10.0,""fee_bps_per_leg_assumption"":80.0,""note"":""Top-of-book paper cycle. Exact Kraken fee tier and available size must be validated.""}"
2026-09-08T02:58:38+00:00,eur_triangle,Kraken:BTC:EUR-BTC-USDT-EUR,BTC,EUR->BTC->USDT->EUR,Kraken,-1.083300,-249.142628,NO,"{""extra_buffer_bps"":10.0,""fee_bps_per_leg_assumption"":80.0,""note"":""Top-of-book paper cycle. Exact Kraken fee tier and available size must be validated.""}"
2026-09-08T02:58:38+00:00,eur_triangle,Coinbase:ETH:EUR-USDT-ETH-EUR,ETH,EUR->USDT->ETH->EUR,Coinbase,-0.953310,-189.858413,NO,"{""extra_buffer_bps"":10.0,""fee_bps_per_leg_assumption"":60.0,""note"":""Top-of-book paper cycle. Exact Coinbase fee tier and available size must be validated.""}"
2026-09-08T02:58:38+00:00,eur_triangle,Coinbase:ETH:EUR-ETH-USDT-EUR,ETH,EUR->ETH->USDT->EUR,Coinbase,-4.191485,-193.038650,NO,"{""extra_buffer_bps"":10.0,""fee_bps_per_leg_assumption"":60.0,""note"":""Top-of-book paper cycle. Exact Coinbase fee tier and available size must be validated.""}"
2026-09-08T02:58:38+00:00,eur_triangle,Kraken:ETH:EUR-USDT-ETH-EUR,ETH,EUR->USDT->ETH->EUR,Kraken,-1.389195,-249.441240,NO,"{""extra_buffer_bps"":10.0,""fee_bps_per_leg_assumption"":80.0,""note"":""Top-of-book paper cycle. Exact Kraken fee tier and available size must be validated.""}"
2026-09-08T02:58:38+00:00,eur_triangle,Kraken:ETH:EUR-ETH-USDT-EUR,ETH,EUR->ETH->USDT->EUR,Kraken,-0.288660,-248.366907,NO,"{""extra_buffer_bps"":10.0,""fee_bps_per_leg_assumption"":80.0,""note"":""Top-of-book paper cycle. Exact Kraken fee tier and available size must be validated.""}"
2026-09-08T02:58:38+00:00,eur_triangle,Coinbase:SOL:EUR-USDT-SOL-EUR,SOL,EUR->USDT->SOL->EUR,Coinbase,-1.893836,-190.782111,NO,"{""extra_buffer_bps"":10.0,""fee_bps_per_leg_assumption"":60.0,""note"":""Top-of-book paper cycle. Exact Coinbase fee tier and available size must be validated.""}"
2026-09-08T02:58:38+00:00,eur_triangle,Coinbase:SOL:EUR-SOL-USDT-EUR,SOL,EUR->SOL->USDT->EUR,Coinbase,-1.282430,-190.181644,NO,"{""extra_buffer_bps"":10.0,""fee_bps_per_leg_assumption"":60.0,""note"":""Top-of-book paper cycle. Exact Coinbase fee tier and available size must be validated.""}"
2026-09-08T02:58:38+00:00,eur_triangle,Kraken:SOL:EUR-USDT-SOL-EUR,SOL,EUR->USDT->SOL->EUR,Kraken,-3.757112,-251.752780,NO,"{""extra_buffer_bps"":10.0,""fee_bps_per_leg_assumption"":80.0,""note"":""Top-of-book paper cycle. Exact Kraken fee tier and available size must be validated.""}"
2026-09-08T02:58:38+00:00,eur_triangle,Kraken:SOL:EUR-SOL-USDT-EUR,SOL,EUR->SOL->USDT->EUR,Kraken,0.502475,-247.594608,NO,"{""extra_buffer_bps"":10.0,""fee_bps_per_leg_assumption"":80.0,""note"":""Top-of-book paper cycle. Exact Kraken fee tier and available size must be validated.""}"
2026-09-08T02:58:38+00:00,stable_eur_dislocation,Coinbase:USDC-EUR-USDT,USDC/USDT,USDC->EUR->USDT,Coinbase,0.581226,-29.418774,NO,"{""buffer_bps"":30.0,""note"":""Two-leg stablecoin conversion via EUR; issuer, venue and fee risks remain."",""usdc_eur"":{""ask"":0.8604,""bid"":0.8603,""last"":0.8604},""usdt_eur"":{""ask"":0.86025,""bid"":0.86024,""last"":0.86026}}"
2026-09-08T02:58:38+00:00,stable_eur_dislocation,Coinbase:USDT-EUR-USDC,USDT/USDC,USDT->EUR->USDC,Coinbase,-1.859600,-31.859600,NO,"{""buffer_bps"":30.0,""note"":""Two-leg stablecoin conversion via EUR; issuer, venue and fee risks remain."",""usdc_eur"":{""ask"":0.8604,""bid"":0.8603,""last"":0.8604},""usdt_eur"":{""ask"":0.86025,""bid"":0.86024,""last"":0.86026}}"
2026-09-08T02:58:38+00:00,stable_eur_dislocation,Kraken:USDC-EUR-USDT,USDC/USDT,USDC->EUR->USDT,Kraken,0.000000,-50.000000,NO,"{""buffer_bps"":50.0,""note"":""Two-leg stablecoin conversion via EUR; issuer, venue and fee risks remain."",""usdc_eur"":{""ask"":0.8604,""bid"":0.8603,""last"":0.8603},""usdt_eur"":{""ask"":0.8603,""bid"":0.8602,""last"":0.8602}}"
2026-09-08T02:58:38+00:00,stable_eur_dislocation,Kraken:USDT-EUR-USDC,USDT/USDC,USDT->EUR->USDC,Kraken,-2.324500,-52.324500,NO,"{""buffer_bps"":50.0,""note"":""Two-leg stablecoin conversion via EUR; issuer, venue and fee risks remain."",""usdc_eur"":{""ask"":0.8604,""bid"":0.8603,""last"":0.8603},""usdt_eur"":{""ask"":0.8603,""bid"":0.8602,""last"":0.8602}}"
2026-09-08T05:14:06+00:00,eu_cross_spot,BTC:buy Coinbase / sell Kraken,BTC,buy Coinbase / sell Kraken,Coinbase<->Kraken,0.594861,-149.405139,NO,"{""buffer_bps"":150.0,""buy_ask"":67746.87,""coinbase_taker_bps"":60.0,""kraken_taker_bps"":80.0,""note"":""Assumes prefunded balances on both venues; rebalancing and account-specific fees can erase the edge."",""sell_bid"":67750.9}"
2026-09-08T05:14:06+00:00,eu_cross_spot,BTC:buy Kraken / sell Coinbase,BTC,buy Kraken / sell Coinbase,Coinbase<->Kraken,-1.833183,-151.833183,NO,"{""buffer_bps"":150.0,""buy_ask"":67751.0,""coinbase_taker_bps"":60.0,""kraken_taker_bps"":80.0,""note"":""Assumes prefunded balances on both venues; rebalancing and account-specific fees can erase the edge."",""sell_bid"":67738.58}"
2026-09-08T05:14:06+00:00,eu_cross_spot,ETH:buy Coinbase / sell Kraken,ETH,buy Coinbase / sell Kraken,Coinbase<->Kraken,-0.843558,-150.843558,NO,"{""buffer_bps"":150.0,""buy_ask"":2133.82,""coinbase_taker_bps"":60.0,""kraken_taker_bps"":80.0,""note"":""Assumes prefunded balances on both venues; rebalancing and account-specific fees can erase the edge."",""sell_bid"":2133.64}"
2026-09-08T05:14:06+00:00,eu_cross_spot,ETH:buy Kraken / sell Coinbase,ETH,buy Kraken / sell Coinbase,Coinbase<->Kraken,-1.499616,-151.499616,NO,"{""buffer_bps"":150.0,""buy_ask"":2133.88,""coinbase_taker_bps"":60.0,""kraken_taker_bps"":80.0,""note"":""Assumes prefunded balances on both venues; rebalancing and account-specific fees can erase the edge."",""sell_bid"":2133.56}"
2026-09-08T05:14:06+00:00,eu_cross_spot,SOL:buy Coinbase / sell Kraken,SOL,buy Coinbase / sell Kraken,Coinbase<->Kraken,-1.126634,-151.126634,NO,"{""buffer_bps"":150.0,""buy_ask"":88.76,""coinbase_taker_bps"":60.0,""kraken_taker_bps"":80.0,""note"":""Assumes prefunded balances on both venues; rebalancing and account-specific fees can erase the edge."",""sell_bid"":88.75}"
2026-09-08T05:14:06+00:00,eu_cross_spot,SOL:buy Kraken / sell Coinbase,SOL,buy Kraken / sell Coinbase,Coinbase<->Kraken,-2.253267,-152.253267,NO,"{""buffer_bps"":150.0,""buy_ask"":88.76,""coinbase_taker_bps"":60.0,""kraken_taker_bps"":80.0,""note"":""Assumes prefunded balances on both venues; rebalancing and account-specific fees can erase the edge."",""sell_bid"":88.74}"
2026-09-08T05:14:06+00:00,eur_triangle,Coinbase:BTC:EUR-USDT-BTC-EUR,BTC,EUR->USDT->BTC->EUR,Coinbase,-1.776938,-190.667304,NO,"{""extra_buffer_bps"":10.0,""fee_bps_per_leg_assumption"":60.0,""note"":""Top-of-book paper cycle. Exact Coinbase fee tier and available size must be validated.""}"
2026-09-08T05:14:06+00:00,eur_triangle,Coinbase:BTC:EUR-BTC-USDT-EUR,BTC,EUR->BTC->USDT->EUR,Coinbase,-2.654298,-191.528966,NO,"{""extra_buffer_bps"":10.0,""fee_bps_per_leg_assumption"":60.0,""note"":""Top-of-book paper cycle. Exact Coinbase fee tier and available size must be validated.""}"
2026-09-08T05:14:06+00:00,eur_triangle,Kraken:BTC:EUR-USDT-BTC-EUR,BTC,EUR->USDT->BTC->EUR,Kraken,0.177701,-247.911650,NO,"{""extra_buffer_bps"":10.0,""fee_bps_per_leg_assumption"":80.0,""note"":""Top-of-book paper cycle. Exact Kraken fee tier and available size must be validated.""}"
2026-09-08T05:14:06+00:00,eur_triangle,Kraken:BTC:EUR-BTC-USDT-EUR,BTC,EUR->BTC->USDT->EUR,Kraken,-1.367651,-249.420209,NO,"{""extra_buffer_bps"":10.0,""fee_bps_per_leg_assumption"":80.0,""note"":""Top-of-book paper cycle. Exact Kraken fee tier and available size must be validated.""}"
2026-09-08T05:14:06+00:00,eur_triangle,Coinbase:ETH:EUR-USDT-ETH-EUR,ETH,EUR->USDT->ETH->EUR,Coinbase,-0.260900,-189.178392,NO,"{""extra_buffer_bps"":10.0,""fee_bps_per_leg_assumption"":60.0,""note"":""Top-of-book paper cycle. Exact Coinbase fee tier and available size must be validated.""}"
2026-09-08T05:14:06+00:00,eur_triangle,Coinbase:ETH:EUR-ETH-USDT-EUR,ETH,EUR->ETH->USDT->EUR,Coinbase,-4.661221,-193.499982,NO,"{""extra_buffer_bps"":10.0,""fee_bps_per_leg_assumption"":60.0,""note"":""Top-of-book paper cycle. Exact Coinbase fee tier and available size must be validated.""}"
2026-09-08T05:14:06+00:00,eur_triangle,Kraken:ETH:EUR-USDT-ETH-EUR,ETH,EUR->USDT->ETH->EUR,Kraken,-1.370934,-249.423414,NO,"{""extra_buffer_bps"":10.0,""fee_bps_per_leg_assumption"":80.0,""note"":""Top-of-book paper cycle. Exact Kraken fee tier and available size must be validated.""}"
2026-09-08T05:14:06+00:00,eur_triangle,Kraken:ETH:EUR-ETH-USDT-EUR,ETH,EUR->ETH->USDT->EUR,Kraken,-1.722431,-249.766542,NO,"{""extra_buffer_bps"":10.0,""fee_bps_per_leg_assumption"":80.0,""note"":""Top-of-book paper cycle. Exact Kraken fee tier and available size must be validated.""}"
2026-09-08T05:14:06+00:00,eur_triangle,Coinbase:SOL:EUR-USDT-SOL-EUR,SOL,EUR->USDT->SOL->EUR,Coinbase,-1.545738,-190.440241,NO,"{""extra_buffer_bps"":10.0,""fee_bps_per_leg_assumption"":60.0,""note"":""Top-of-book paper cycle. Exact Coinbase fee tier and available size must be validated.""}"
2026-09-08T05:14:06+00:00,eur_triangle,Coinbase:SOL:EUR-SOL-USDT-EUR,SOL,EUR->SOL->USDT->EUR,Coinbase,-2.761909,-191.634652,NO,"{""extra_buffer_bps"":10.0,""fee_bps_per_leg_assumption"":60.0,""note"":""Top-of-book paper cycle. Exact Coinbase fee tier and available size must be validated.""}"
2026-09-08T05:14:06+00:00,eur_triangle,Kraken:SOL:EUR-USDT-SOL-EUR,SOL,EUR->USDT->SOL->EUR,Kraken,-0.612470,-248.683008,NO,"{""extra_buffer_bps"":10.0,""fee_bps_per_leg_assumption"":80.0,""note"":""Top-of-book paper cycle. Exact Kraken fee tier and available size must be validated.""}"
2026-09-08T05:14:06+00:00,eur_triangle,Kraken:SOL:EUR-SOL-USDT-EUR,SOL,EUR->SOL->USDT->EUR,Kraken,-2.645674,-250.667804,NO,"{""extra_buffer_bps"":10.0,""fee_bps_per_leg_assumption"":80.0,""note"":""Top-of-book paper cycle. Exact Kraken fee tier and available size must be validated.""}"
2026-09-08T05:14:06+00:00,stable_eur_dislocation,Coinbase:USDC-EUR-USDT,USDC/USDT,USDC->EUR->USDT,Coinbase,2.325311,-27.674689,NO,"{""buffer_bps"":30.0,""note"":""Two-leg stablecoin conversion via EUR; issuer, venue and fee risks remain."",""usdc_eur"":{""ask"":0.8604,""bid"":0.8603,""last"":0.8604},""usdt_eur"":{""ask"":0.8601,""bid"":0.86009,""last"":0.86014}}"
2026-09-08T05:14:06+00:00,stable_eur_dislocation,Coinbase:USDT-EUR-USDC,USDT/USDC,USDT->EUR->USDC,Coinbase,-3.602975,-33.602975,NO,"{""buffer_bps"":30.0,""note"":""Two-leg stablecoin conversion via EUR; issuer, venue and fee risks remain."",""usdc_eur"":{""ask"":0.8604,""bid"":0.8603,""last"":0.8604},""usdt_eur"":{""ask"":0.8601,""bid"":0.86009,""last"":0.86014}}"
2026-09-08T05:14:06+00:00,stable_eur_dislocation,Kraken:USDC-EUR-USDT,USDC/USDT,USDC->EUR->USDT,Kraken,1.162520,-48.837480,NO,"{""buffer_bps"":50.0,""note"":""Two-leg stablecoin conversion via EUR; issuer, venue and fee risks remain."",""usdc_eur"":{""ask"":0.8604,""bid"":0.8603,""last"":0.8603},""usdt_eur"":{""ask"":0.8602,""bid"":0.8601,""last"":0.8601}}"
2026-09-08T05:14:06+00:00,stable_eur_dislocation,Kraken:USDT-EUR-USDC,USDT/USDC,USDT->EUR->USDC,Kraken,-3.486750,-53.486750,NO,"{""buffer_bps"":50.0,""note"":""Two-leg stablecoin conversion via EUR; issuer, venue and fee risks remain."",""usdc_eur"":{""ask"":0.8604,""bid"":0.8603,""last"":0.8603},""usdt_eur"":{""ask"":0.8602,""bid"":0.8601,""last"":0.8601}}"
2026-09-08T06:44:56+00:00,eu_cross_spot,BTC:buy Coinbase / sell Kraken,BTC,buy Coinbase / sell Kraken,Coinbase<->Kraken,0.604783,-149.395217,NO,"{""buffer_bps"":150.0,""buy_ask"":67462.22,""coinbase_taker_bps"":60.0,""kraken_taker_bps"":80.0,""note"":""Assumes prefunded balances on both venues; rebalancing and account-specific fees can erase the edge."",""sell_bid"":67466.3}"
2026-09-08T06:44:56+00:00,eu_cross_spot,BTC:buy Kraken / sell Coinbase,BTC,buy Kraken / sell Coinbase,Coinbase<->Kraken,-2.430840,-152.430840,NO,"{""buffer_bps"":150.0,""buy_ask"":67466.4,""coinbase_taker_bps"":60.0,""kraken_taker_bps"":80.0,""note"":""Assumes prefunded balances on both venues; rebalancing and account-specific fees can erase the edge."",""sell_bid"":67450.0}"
2026-09-08T06:44:56+00:00,eu_cross_spot,ETH:buy Coinbase / sell Kraken,ETH,buy Coinbase / sell Kraken,Coinbase<->Kraken,1.084563,-148.915437,NO,"{""buffer_bps"":150.0,""buy_ask"":2120.67,""coinbase_taker_bps"":60.0,""kraken_taker_bps"":80.0,""note"":""Assumes prefunded balances on both venues; rebalancing and account-specific fees can erase the edge."",""sell_bid"":2120.9}"
2026-09-08T06:44:56+00:00,eu_cross_spot,ETH:buy Kraken / sell Coinbase,ETH,buy Kraken / sell Coinbase,Coinbase<->Kraken,-2.546029,-152.546029,NO,"{""buffer_bps"":150.0,""buy_ask"":2120.95,""coinbase_taker_bps"":60.0,""kraken_taker_bps"":80.0,""note"":""Assumes prefunded balances on both venues; rebalancing and account-specific fees can erase the edge."",""sell_bid"":2120.41}"
2026-09-08T06:44:56+00:00,eu_cross_spot,SOL:buy Coinbase / sell Kraken,SOL,buy Coinbase / sell Kraken,Coinbase<->Kraken,-1.133273,-151.133273,NO,"{""buffer_bps"":150.0,""buy_ask"":88.24,""coinbase_taker_bps"":60.0,""kraken_taker_bps"":80.0,""note"":""Assumes prefunded balances on both venues; rebalancing and account-specific fees can erase the edge."",""sell_bid"":88.23}"
2026-09-08T06:44:56+00:00,eu_cross_spot,SOL:buy Kraken / sell Coinbase,SOL,buy Kraken / sell Coinbase,Coinbase<->Kraken,-1.133273,-151.133273,NO,"{""buffer_bps"":150.0,""buy_ask"":88.24,""coinbase_taker_bps"":60.0,""kraken_taker_bps"":80.0,""note"":""Assumes prefunded balances on both venues; rebalancing and account-specific fees can erase the edge."",""sell_bid"":88.23}"
2026-09-08T06:44:56+00:00,eur_triangle,Coinbase:BTC:EUR-USDT-BTC-EUR,BTC,EUR->USDT->BTC->EUR,Coinbase,-1.023836,-189.927677,NO,"{""extra_buffer_bps"":10.0,""fee_bps_per_leg_assumption"":60.0,""note"":""Top-of-book paper cycle. Exact Coinbase fee tier and available size must be validated.""}"
2026-09-08T06:44:56+00:00,eur_triangle,Coinbase:BTC:EUR-BTC-USDT-EUR,BTC,EUR->BTC->USDT->EUR,Coinbase,-4.110781,-192.959390,NO,"{""extra_buffer_bps"":10.0,""fee_bps_per_leg_assumption"":60.0,""note"":""Top-of-book paper cycle. Exact Coinbase fee tier and available size must be validated.""}"
2026-09-08T06:44:56+00:00,eur_triangle,Kraken:BTC:EUR-USDT-BTC-EUR,BTC,EUR->USDT->BTC->EUR,Kraken,1.512863,-246.608276,NO,"{""extra_buffer_bps"":10.0,""fee_bps_per_leg_assumption"":80.0,""note"":""Top-of-book paper cycle. Exact Kraken fee tier and available size must be validated.""}"
2026-09-08T06:44:56+00:00,eur_triangle,Kraken:BTC:EUR-BTC-USDT-EUR,BTC,EUR->BTC->USDT->EUR,Kraken,-2.702679,-250.723452,NO,"{""extra_buffer_bps"":10.0,""fee_bps_per_leg_assumption"":80.0,""note"":""Top-of-book paper cycle. Exact Kraken fee tier and available size must be validated.""}"
2026-09-08T06:44:56+00:00,eur_triangle,Coinbase:ETH:EUR-USDT-ETH-EUR,ETH,EUR->USDT->ETH->EUR,Coinbase,-1.991147,-190.877681,NO,"{""extra_buffer_bps"":10.0,""fee_bps_per_leg_assumption"":60.0,""note"":""Top-of-book paper cycle. Exact Coinbase fee tier and available size must be validated.""}"
2026-09-08T06:44:56+00:00,eur_triangle,Coinbase:ETH:EUR-ETH-USDT-EUR,ETH,EUR->ETH->USDT->EUR,Coinbase,-3.639290,-192.496335,NO,"{""extra_buffer_bps"":10.0,""fee_bps_per_leg_assumption"":60.0,""note"":""Top-of-book paper cycle. Exact Coinbase fee tier and available size must be validated.""}"
2026-09-08T06:44:56+00:00,eur_triangle,Kraken:ETH:EUR-USDT-ETH-EUR,ETH,EUR->USDT->ETH->EUR,Kraken,-0.502592,-248.575746,NO,"{""extra_buffer_bps"":10.0,""fee_bps_per_leg_assumption"":80.0,""note"":""Top-of-book paper cycle. Exact Kraken fee tier and available size must be validated.""}"
2026-09-08T06:44:56+00:00,eur_triangle,Kraken:ETH:EUR-ETH-USDT-EUR,ETH,EUR->ETH->USDT->EUR,Kraken,-1.382399,-249.434607,NO,"{""extra_buffer_bps"":10.0,""fee_bps_per_leg_assumption"":80.0,""note"":""Top-of-book paper cycle. Exact Kraken fee tier and available size must be validated.""}"
2026-09-08T06:44:56+00:00,eur_triangle,Coinbase:SOL:EUR-USDT-SOL-EUR,SOL,EUR->USDT->SOL->EUR,Coinbase,-2.075054,-190.960087,NO,"{""extra_buffer_bps"":10.0,""fee_bps_per_leg_assumption"":60.0,""note"":""Top-of-book paper cycle. Exact Coinbase fee tier and available size must be validated.""}"
2026-09-08T06:44:56+00:00,eur_triangle,Coinbase:SOL:EUR-SOL-USDT-EUR,SOL,EUR->SOL->USDT->EUR,Coinbase,-1.356278,-190.254172,NO,"{""extra_buffer_bps"":10.0,""fee_bps_per_leg_assumption"":60.0,""note"":""Top-of-book paper cycle. Exact Coinbase fee tier and available size must be validated.""}"
2026-09-08T06:44:56+00:00,eur_triangle,Kraken:SOL:EUR-USDT-SOL-EUR,SOL,EUR->USDT->SOL->EUR,Kraken,-2.816955,-250.835008,NO,"{""extra_buffer_bps"":10.0,""fee_bps_per_leg_assumption"":80.0,""note"":""Top-of-book paper cycle. Exact Kraken fee tier and available size must be validated.""}"
2026-09-08T06:44:56+00:00,eur_triangle,Kraken:SOL:EUR-SOL-USDT-EUR,SOL,EUR->SOL->USDT->EUR,Kraken,-1.427924,-249.479047,NO,"{""extra_buffer_bps"":10.0,""fee_bps_per_leg_assumption"":80.0,""note"":""Top-of-book paper cycle. Exact Kraken fee tier and available size must be validated.""}"
2026-09-08T06:44:56+00:00,stable_eur_dislocation,Coinbase:USDC-EUR-USDT,USDC/USDT,USDC->EUR->USDT,Coinbase,0.930103,-29.069897,NO,"{""buffer_bps"":30.0,""note"":""Two-leg stablecoin conversion via EUR; issuer, venue and fee risks remain."",""usdc_eur"":{""ask"":0.8603,""bid"":0.8602,""last"":0.8603},""usdt_eur"":{""ask"":0.86012,""bid"":0.86009,""last"":0.8601}}"
2026-09-08T06:44:56+00:00,stable_eur_dislocation,Coinbase:USDT-EUR-USDC,USDT/USDC,USDT->EUR->USDC,Coinbase,-2.441009,-32.441009,NO,"{""buffer_bps"":30.0,""note"":""Two-leg stablecoin conversion via EUR; issuer, venue and fee risks remain."",""usdc_eur"":{""ask"":0.8603,""bid"":0.8602,""last"":0.8603},""usdt_eur"":{""ask"":0.86012,""bid"":0.86009,""last"":0.8601}}"
2026-09-08T06:44:56+00:00,stable_eur_dislocation,Kraken:USDC-EUR-USDT,USDC/USDT,USDC->EUR->USDT,Kraken,1.162656,-48.837344,NO,"{""buffer_bps"":50.0,""note"":""Two-leg stablecoin conversion via EUR; issuer, venue and fee risks remain."",""usdc_eur"":{""ask"":0.8603,""bid"":0.8602,""last"":0.8602},""usdt_eur"":{""ask"":0.8601,""bid"":0.86,""last"":0.86}}"
2026-09-08T06:44:56+00:00,stable_eur_dislocation,Kraken:USDT-EUR-USDC,USDT/USDC,USDT->EUR->USDC,Kraken,-3.487156,-53.487156,NO,"{""buffer_bps"":50.0,""note"":""Two-leg stablecoin conversion via EUR; issuer, venue and fee risks remain."",""usdc_eur"":{""ask"":0.8603,""bid"":0.8602,""last"":0.8602},""usdt_eur"":{""ask"":0.8601,""bid"":0.86,""last"":0.86}}"
2026-09-08T07:24:29+00:00,eu_cross_spot,BTC:buy Coinbase / sell Kraken,BTC,buy Coinbase / sell Kraken,Coinbase<->Kraken,-0.993276,-150.993276,NO,"{""buffer_bps"":150.0,""buy_ask"":67554.21,""coinbase_taker_bps"":60.0,""kraken_taker_bps"":80.0,""note"":""Assumes prefunded balances on both venues; rebalancing and account-specific fees can erase the edge."",""sell_bid"":67547.5}"
2026-09-08T07:24:29+00:00,eu_cross_spot,BTC:buy Kraken / sell Coinbase,BTC,buy Kraken / sell Coinbase,Coinbase<->Kraken,-0.087343,-150.087343,NO,"{""buffer_bps"":150.0,""buy_ask"":67549.8,""coinbase_taker_bps"":60.0,""kraken_taker_bps"":80.0,""note"":""Assumes prefunded balances on both venues; rebalancing and account-specific fees can erase the edge."",""sell_bid"":67549.21}"
2026-09-08T07:24:29+00:00,eu_cross_spot,ETH:buy Coinbase / sell Kraken,ETH,buy Coinbase / sell Kraken,Coinbase<->Kraken,-0.234468,-150.234468,NO,"{""buffer_bps"":150.0,""buy_ask"":2132.49,""coinbase_taker_bps"":60.0,""kraken_taker_bps"":80.0,""note"":""Assumes prefunded balances on both venues; rebalancing and account-specific fees can erase the edge."",""sell_bid"":2132.44}"
2026-09-08T07:24:29+00:00,eu_cross_spot,ETH:buy Kraken / sell Coinbase,ETH,buy Kraken / sell Coinbase,Coinbase<->Kraken,-1.266149,-151.266149,NO,"{""buffer_bps"":150.0,""buy_ask"":2132.45,""coinbase_taker_bps"":60.0,""kraken_taker_bps"":80.0,""note"":""Assumes prefunded balances on both venues; rebalancing and account-specific fees can erase the edge."",""sell_bid"":2132.18}"
2026-09-08T07:24:29+00:00,eu_cross_spot,SOL:buy Coinbase / sell Kraken,SOL,buy Coinbase / sell Kraken,Coinbase<->Kraken,-1.128923,-151.128923,NO,"{""buffer_bps"":150.0,""buy_ask"":88.58,""coinbase_taker_bps"":60.0,""kraken_taker_bps"":80.0,""note"":""Assumes prefunded balances on both venues; rebalancing and account-specific fees can erase the edge."",""sell_bid"":88.57}"
2026-09-08T07:24:29+00:00,eu_cross_spot,SOL:buy Kraken / sell Coinbase,SOL,buy Kraken / sell Coinbase,Coinbase<->Kraken,-1.128923,-151.128923,NO,"{""buffer_bps"":150.0,""buy_ask"":88.58,""coinbase_taker_bps"":60.0,""kraken_taker_bps"":80.0,""note"":""Assumes prefunded balances on both venues; rebalancing and account-specific fees can erase the edge."",""sell_bid"":88.57}"
2026-09-08T07:24:29+00:00,eur_triangle,Coinbase:BTC:EUR-USDT-BTC-EUR,BTC,EUR->USDT->BTC->EUR,Coinbase,-0.812286,-189.719913,NO,"{""extra_buffer_bps"":10.0,""fee_bps_per_leg_assumption"":60.0,""note"":""Top-of-book paper cycle. Exact Coinbase fee tier and available size must be validated.""}"
2026-09-08T07:24:29+00:00,eur_triangle,Coinbase:BTC:EUR-BTC-USDT-EUR,BTC,EUR->BTC->USDT->EUR,Coinbase,-2.062392,-190.947651,NO,"{""extra_buffer_bps"":10.0,""fee_bps_per_leg_assumption"":60.0,""note"":""Top-of-book paper cycle. Exact Coinbase fee tier and available size must be validated.""}"
2026-09-08T07:24:29+00:00,eur_triangle,Kraken:BTC:EUR-USDT-BTC-EUR,BTC,EUR->USDT->BTC->EUR,Kraken,-0.202781,-248.283073,NO,"{""extra_buffer_bps"":10.0,""fee_bps_per_leg_assumption"":80.0,""note"":""Top-of-book paper cycle. Exact Kraken fee tier and available size must be validated.""}"
2026-09-08T07:24:29+00:00,eur_triangle,Kraken:BTC:EUR-BTC-USDT-EUR,BTC,EUR->BTC->USDT->EUR,Kraken,-1.312147,-249.366027,NO,"{""extra_buffer_bps"":10.0,""fee_bps_per_leg_assumption"":80.0,""note"":""Top-of-book paper cycle. Exact Kraken fee tier and available size must be validated.""}"
2026-09-08T07:24:29+00:00,eur_triangle,Coinbase:ETH:EUR-USDT-ETH-EUR,ETH,EUR->USDT->ETH->EUR,Coinbase,-1.110477,-190.012768,NO,"{""extra_buffer_bps"":10.0,""fee_bps_per_leg_assumption"":60.0,""note"":""Top-of-book paper cycle. Exact Coinbase fee tier and available size must be validated.""}"
2026-09-08T07:24:29+00:00,eur_triangle,Coinbase:ETH:EUR-ETH-USDT-EUR,ETH,EUR->ETH->USDT->EUR,Coinbase,-2.760261,-191.633033,NO,"{""extra_buffer_bps"":10.0,""fee_bps_per_leg_assumption"":60.0,""note"":""Top-of-book paper cycle. Exact Coinbase fee tier and available size must be validated.""}"
2026-09-08T07:24:29+00:00,eur_triangle,Kraken:ETH:EUR-USDT-ETH-EUR,ETH,EUR->USDT->ETH->EUR,Kraken,-0.294865,-248.372964,NO,"{""extra_buffer_bps"":10.0,""fee_bps_per_leg_assumption"":80.0,""note"":""Top-of-book paper cycle. Exact Kraken fee tier and available size must be validated.""}"
2026-09-08T07:24:29+00:00,eur_triangle,Kraken:ETH:EUR-ETH-USDT-EUR,ETH,EUR->ETH->USDT->EUR,Kraken,-0.954123,-249.016527,NO,"{""extra_buffer_bps"":10.0,""fee_bps_per_leg_assumption"":80.0,""note"":""Top-of-book paper cycle. Exact Kraken fee tier and available size must be validated.""}"
2026-09-08T07:24:29+00:00,eur_triangle,Coinbase:SOL:EUR-USDT-SOL-EUR,SOL,EUR->USDT->SOL->EUR,Coinbase,-2.656627,-191.531254,NO,"{""extra_buffer_bps"":10.0,""fee_bps_per_leg_assumption"":60.0,""note"":""Top-of-book paper cycle. Exact Coinbase fee tier and available size must be validated.""}"
2026-09-08T07:24:29+00:00,eur_triangle,Coinbase:SOL:EUR-SOL-USDT-EUR,SOL,EUR->SOL->USDT->EUR,Coinbase,-0.531610,-189.444258,NO,"{""extra_buffer_bps"":10.0,""fee_bps_per_leg_assumption"":60.0,""note"":""Top-of-book paper cycle. Exact Coinbase fee tier and available size must be validated.""}"
2026-09-08T07:24:29+00:00,eur_triangle,Kraken:SOL:EUR-USDT-SOL-EUR,SOL,EUR->USDT->SOL->EUR,Kraken,-2.656627,-250.678497,NO,"{""extra_buffer_bps"":10.0,""fee_bps_per_leg_assumption"":80.0,""note"":""Top-of-book paper cycle. Exact Kraken fee tier and available size must be validated.""}"
2026-09-08T07:24:29+00:00,eur_triangle,Kraken:SOL:EUR-SOL-USDT-EUR,SOL,EUR->SOL->USDT->EUR,Kraken,-0.605441,-248.676147,NO,"{""extra_buffer_bps"":10.0,""fee_bps_per_leg_assumption"":80.0,""note"":""Top-of-book paper cycle. Exact Kraken fee tier and available size must be validated.""}"
2026-09-08T07:24:29+00:00,stable_eur_dislocation,Coinbase:USDC-EUR-USDT,USDC/USDT,USDC->EUR->USDT,Coinbase,1.161710,-28.838290,NO,"{""buffer_bps"":30.0,""note"":""Two-leg stablecoin conversion via EUR; issuer, venue and fee risks remain."",""usdc_eur"":{""ask"":0.861,""bid"":0.8609,""last"":0.8609},""usdt_eur"":{""ask"":0.8608,""bid"":0.86079,""last"":0.86077}}"
2026-09-08T07:24:29+00:00,stable_eur_dislocation,Coinbase:USDT-EUR-USDC,USDT/USDC,USDT->EUR->USDC,Coinbase,-2.439024,-32.439024,NO,"{""buffer_bps"":30.0,""note"":""Two-leg stablecoin conversion via EUR; issuer, venue and fee risks remain."",""usdc_eur"":{""ask"":0.861,""bid"":0.8609,""last"":0.8609},""usdt_eur"":{""ask"":0.8608,""bid"":0.86079,""last"":0.86077}}"
2026-09-08T07:24:29+00:00,stable_eur_dislocation,Kraken:USDC-EUR-USDT,USDC/USDT,USDC->EUR->USDT,Kraken,1.161710,-48.838290,NO,"{""buffer_bps"":50.0,""note"":""Two-leg stablecoin conversion via EUR; issuer, venue and fee risks remain."",""usdc_eur"":{""ask"":0.861,""bid"":0.8609,""last"":0.861},""usdt_eur"":{""ask"":0.8608,""bid"":0.8607,""last"":0.8607}}"
2026-09-08T07:24:29+00:00,stable_eur_dislocation,Kraken:USDT-EUR-USDC,USDT/USDC,USDT->EUR->USDC,Kraken,-3.484321,-53.484321,NO,"{""buffer_bps"":50.0,""note"":""Two-leg stablecoin conversion via EUR; issuer, venue and fee risks remain."",""usdc_eur"":{""ask"":0.861,""bid"":0.8609,""last"":0.861},""usdt_eur"":{""ask"":0.8608,""bid"":0.8607,""last"":0.8607}}"
2026-09-08T08:01:27+00:00,eu_cross_spot,BTC:buy Coinbase / sell Kraken,BTC,buy Coinbase / sell Kraken,Coinbase<->Kraken,-1.308493,-151.308493,NO,"{""buffer_bps"":150.0,""buy_ask"":67482.23,""coinbase_taker_bps"":60.0,""kraken_taker_bps"":80.0,""note"":""Assumes prefunded balances on both venues; rebalancing and account-specific fees can erase the edge."",""sell_bid"":67473.4}"
2026-09-08T08:01:27+00:00,eu_cross_spot,BTC:buy Kraken / sell Coinbase,BTC,buy Kraken / sell Coinbase,Coinbase<->Kraken,0.371998,-149.628002,NO,"{""buffer_bps"":150.0,""buy_ask"":67473.5,""coinbase_taker_bps"":60.0,""kraken_taker_bps"":80.0,""note"":""Assumes prefunded balances on both venues; rebalancing and account-specific fees can erase the edge."",""sell_bid"":67476.01}"
2026-09-08T08:01:27+00:00,eu_cross_spot,ETH:buy Coinbase / sell Kraken,ETH,buy Coinbase / sell Kraken,Coinbase<->Kraken,-2.345326,-152.345326,NO,"{""buffer_bps"":150.0,""buy_ask"":2131.9,""coinbase_taker_bps"":60.0,""kraken_taker_bps"":80.0,""note"":""Assumes prefunded balances on both venues; rebalancing and account-specific fees can erase the edge."",""sell_bid"":2131.4}"
2026-09-08T08:01:27+00:00,eu_cross_spot,ETH:buy Kraken / sell Coinbase,ETH,buy Kraken / sell Coinbase,Coinbase<->Kraken,-0.563000,-150.563000,NO,"{""buffer_bps"":150.0,""buy_ask"":2131.44,""coinbase_taker_bps"":60.0,""kraken_taker_bps"":80.0,""note"":""Assumes prefunded balances on both venues; rebalancing and account-specific fees can erase the edge."",""sell_bid"":2131.32}"
2026-09-08T08:01:27+00:00,eu_cross_spot,SOL:buy Coinbase / sell Kraken,SOL,buy Coinbase / sell Kraken,Coinbase<->Kraken,-1.129816,-151.129816,NO,"{""buffer_bps"":150.0,""buy_ask"":88.51,""coinbase_taker_bps"":60.0,""kraken_taker_bps"":80.0,""note"":""Assumes prefunded balances on both venues; rebalancing and account-specific fees can erase the edge."",""sell_bid"":88.5}"
2026-09-08T08:01:27+00:00,eu_cross_spot,SOL:buy Kraken / sell Coinbase,SOL,buy Kraken / sell Coinbase,Coinbase<->Kraken,-1.129816,-151.129816,NO,"{""buffer_bps"":150.0,""buy_ask"":88.51,""coinbase_taker_bps"":60.0,""kraken_taker_bps"":80.0,""note"":""Assumes prefunded balances on both venues; rebalancing and account-specific fees can erase the edge."",""sell_bid"":88.5}"
2026-09-08T08:01:27+00:00,eur_triangle,Coinbase:BTC:EUR-USDT-BTC-EUR,BTC,EUR->USDT->BTC->EUR,Coinbase,-1.165022,-190.066338,NO,"{""extra_buffer_bps"":10.0,""fee_bps_per_leg_assumption"":60.0,""note"":""Top-of-book paper cycle. Exact Coinbase fee tier and available size must be validated.""}"
2026-09-08T08:01:27+00:00,eur_triangle,Coinbase:BTC:EUR-BTC-USDT-EUR,BTC,EUR->BTC->USDT->EUR,Coinbase,-2.650514,-191.525250,NO,"{""extra_buffer_bps"":10.0,""fee_bps_per_leg_assumption"":60.0,""note"":""Top-of-book paper cycle. Exact Coinbase fee tier and available size must be validated.""}"
2026-09-08T08:01:27+00:00,eur_triangle,Kraken:BTC:EUR-USDT-BTC-EUR,BTC,EUR->USDT->BTC->EUR,Kraken,-0.201838,-248.282153,NO,"{""extra_buffer_bps"":10.0,""fee_bps_per_leg_assumption"":80.0,""note"":""Top-of-book paper cycle. Exact Kraken fee tier and available size must be validated.""}"
2026-09-08T08:01:27+00:00,eur_triangle,Kraken:BTC:EUR-BTC-USDT-EUR,BTC,EUR->BTC->USDT->EUR,Kraken,-0.987199,-249.048816,NO,"{""extra_buffer_bps"":10.0,""fee_bps_per_leg_assumption"":80.0,""note"":""Top-of-book paper cycle. Exact Kraken fee tier and available size must be validated.""}"
2026-09-08T08:01:27+00:00,eur_triangle,Coinbase:ETH:EUR-USDT-ETH-EUR,ETH,EUR->USDT->ETH->EUR,Coinbase,-1.799654,-190.689614,NO,"{""extra_buffer_bps"":10.0,""fee_bps_per_leg_assumption"":60.0,""note"":""Top-of-book paper cycle. Exact Coinbase fee tier and available size must be validated.""}"
2026-09-08T08:01:27+00:00,eur_triangle,Coinbase:ETH:EUR-ETH-USDT-EUR,ETH,EUR->ETH->USDT->EUR,Coinbase,-2.072170,-190.957254,NO,"{""extra_buffer_bps"":10.0,""fee_bps_per_leg_assumption"":60.0,""note"":""Top-of-book paper cycle. Exact Coinbase fee tier and available size must be validated.""}"
2026-09-08T08:01:27+00:00,eur_triangle,Kraken:ETH:EUR-USDT-ETH-EUR,ETH,EUR->USDT->ETH->EUR,Kraken,-1.358687,-249.411459,NO,"{""extra_buffer_bps"":10.0,""fee_bps_per_leg_assumption"":80.0,""note"":""Top-of-book paper cycle. Exact Kraken fee tier and available size must be validated.""}"
2026-09-08T08:01:27+00:00,eur_triangle,Kraken:ETH:EUR-ETH-USDT-EUR,ETH,EUR->ETH->USDT->EUR,Kraken,-0.636645,-248.706607,NO,"{""extra_buffer_bps"":10.0,""fee_bps_per_leg_assumption"":80.0,""note"":""Top-of-book paper cycle. Exact Kraken fee tier and available size must be validated.""}"
2026-09-08T08:01:27+00:00,eur_triangle,Coinbase:SOL:EUR-USDT-SOL-EUR,SOL,EUR->USDT->SOL->EUR,Coinbase,-0.595863,-189.507361,NO,"{""extra_buffer_bps"":10.0,""fee_bps_per_leg_assumption"":60.0,""note"":""Top-of-book paper cycle. Exact Coinbase fee tier and available size must be validated.""}"
2026-09-08T08:01:27+00:00,eur_triangle,Coinbase:SOL:EUR-SOL-USDT-EUR,SOL,EUR->SOL->USDT->EUR,Coinbase,-2.944040,-191.813525,NO,"{""extra_buffer_bps"":10.0,""fee_bps_per_leg_assumption"":60.0,""note"":""Top-of-book paper cycle. Exact Coinbase fee tier and available size must be validated.""}"
2026-09-08T08:01:27+00:00,eur_triangle,Kraken:SOL:EUR-USDT-SOL-EUR,SOL,EUR->USDT->SOL->EUR,Kraken,-1.220190,-249.276259,NO,"{""extra_buffer_bps"":10.0,""fee_bps_per_leg_assumption"":80.0,""note"":""Top-of-book paper cycle. Exact Kraken fee tier and available size must be validated.""}"
2026-09-08T08:01:27+00:00,eur_triangle,Kraken:SOL:EUR-SOL-USDT-EUR,SOL,EUR->SOL->USDT->EUR,Kraken,-3.016382,-251.029687,NO,"{""extra_buffer_bps"":10.0,""fee_bps_per_leg_assumption"":80.0,""note"":""Top-of-book paper cycle. Exact Kraken fee tier and available size must be validated.""}"
2026-09-08T08:01:27+00:00,stable_eur_dislocation,Coinbase:USDC-EUR-USDT,USDC/USDT,USDC->EUR->USDT,Coinbase,0.812980,-29.187020,NO,"{""buffer_bps"":30.0,""note"":""Two-leg stablecoin conversion via EUR; issuer, venue and fee risks remain."",""usdc_eur"":{""ask"":0.8612,""bid"":0.8611,""last"":0.8612},""usdt_eur"":{""ask"":0.86103,""bid"":0.86099,""last"":0.861}}"
2026-09-08T08:01:27+00:00,stable_eur_dislocation,Coinbase:USDT-EUR-USDC,USDT/USDC,USDT->EUR->USDC,Coinbase,-2.438458,-32.438458,NO,"{""buffer_bps"":30.0,""note"":""Two-leg stablecoin conversion via EUR; issuer, venue and fee risks remain."",""usdc_eur"":{""ask"":0.8612,""bid"":0.8611,""last"":0.8612},""usdt_eur"":{""ask"":0.86103,""bid"":0.86099,""last"":0.861}}"
2026-09-08T08:01:27+00:00,stable_eur_dislocation,Kraken:USDC-EUR-USDT,USDC/USDT,USDC->EUR->USDT,Kraken,1.161440,-48.838560,NO,"{""buffer_bps"":50.0,""note"":""Two-leg stablecoin conversion via EUR; issuer, venue and fee risks remain."",""usdc_eur"":{""ask"":0.8612,""bid"":0.8611,""last"":0.8611},""usdt_eur"":{""ask"":0.861,""bid"":0.8609,""last"":0.861}}"
2026-09-08T08:01:27+00:00,stable_eur_dislocation,Kraken:USDT-EUR-USDC,USDT/USDC,USDT->EUR->USDC,Kraken,-3.483511,-53.483511,NO,"{""buffer_bps"":50.0,""note"":""Two-leg stablecoin conversion via EUR; issuer, venue and fee risks remain."",""usdc_eur"":{""ask"":0.8612,""bid"":0.8611,""last"":0.8611},""usdt_eur"":{""ask"":0.861,""bid"":0.8609,""last"":0.861}}"
2026-09-08T09:37:32+00:00,eu_cross_spot,BTC:buy Coinbase / sell Kraken,BTC,buy Coinbase / sell Kraken,Coinbase<->Kraken,1.782246,-148.217754,NO,"{""buffer_bps"":150.0,""buy_ask"":67723.53,""coinbase_taker_bps"":60.0,""kraken_taker_bps"":80.0,""note"":""Assumes prefunded balances on both venues; rebalancing and account-specific fees can erase the edge."",""sell_bid"":67735.6}"
2026-09-08T09:37:32+00:00,eu_cross_spot,BTC:buy Kraken / sell Coinbase,BTC,buy Kraken / sell Coinbase,Coinbase<->Kraken,-2.927555,-152.927555,NO,"{""buffer_bps"":150.0,""buy_ask"":67735.7,""coinbase_taker_bps"":60.0,""kraken_taker_bps"":80.0,""note"":""Assumes prefunded balances on both venues; rebalancing and account-specific fees can erase the edge."",""sell_bid"":67715.87}"
2026-09-08T09:37:32+00:00,eu_cross_spot,ETH:buy Coinbase / sell Kraken,ETH,buy Coinbase / sell Kraken,Coinbase<->Kraken,-1.071687,-151.071687,NO,"{""buffer_bps"":150.0,""buy_ask"":2146.15,""coinbase_taker_bps"":60.0,""kraken_taker_bps"":80.0,""note"":""Assumes prefunded balances on both venues; rebalancing and account-specific fees can erase the edge."",""sell_bid"":2145.92}"
2026-09-08T09:37:32+00:00,eu_cross_spot,ETH:buy Kraken / sell Coinbase,ETH,buy Kraken / sell Coinbase,Coinbase<->Kraken,-0.465998,-150.465998,NO,"{""buffer_bps"":150.0,""buy_ask"":2145.93,""coinbase_taker_bps"":60.0,""kraken_taker_bps"":80.0,""note"":""Assumes prefunded balances on both venues; rebalancing and account-specific fees can erase the edge."",""sell_bid"":2145.83}"
2026-09-08T09:37:32+00:00,eu_cross_spot,SOL:buy Coinbase / sell Kraken,SOL,buy Coinbase / sell Kraken,Coinbase<->Kraken,3.364360,-146.635640,NO,"{""buffer_bps"":150.0,""buy_ask"":89.17,""coinbase_taker_bps"":60.0,""kraken_taker_bps"":80.0,""note"":""Assumes prefunded balances on both venues; rebalancing and account-specific fees can erase the edge."",""sell_bid"":89.2}"
2026-09-08T09:37:32+00:00,eu_cross_spot,SOL:buy Kraken / sell Coinbase,SOL,buy Kraken / sell Coinbase,Coinbase<->Kraken,-5.604753,-155.604753,NO,"{""buffer_bps"":150.0,""buy_ask"":89.21,""coinbase_taker_bps"":60.0,""kraken_taker_bps"":80.0,""note"":""Assumes prefunded balances on both venues; rebalancing and account-specific fees can erase the edge."",""sell_bid"":89.16}"
2026-09-08T09:37:32+00:00,eur_triangle,Coinbase:BTC:EUR-USDT-BTC-EUR,BTC,EUR->USDT->BTC->EUR,Coinbase,0.690372,-188.244140,NO,"{""extra_buffer_bps"":10.0,""fee_bps_per_leg_assumption"":60.0,""note"":""Top-of-book paper cycle. Exact Coinbase fee tier and available size must be validated.""}"
2026-09-08T09:37:32+00:00,eur_triangle,Coinbase:BTC:EUR-BTC-USDT-EUR,BTC,EUR->BTC->USDT->EUR,Coinbase,-4.260958,-193.106880,NO,"{""extra_buffer_bps"":10.0,""fee_bps_per_leg_assumption"":60.0,""note"":""Top-of-book paper cycle. Exact Coinbase fee tier and available size must be validated.""}"
2026-09-08T09:37:32+00:00,eur_triangle,Kraken:BTC:EUR-USDT-BTC-EUR,BTC,EUR->USDT->BTC->EUR,Kraken,1.209345,-246.904568,NO,"{""extra_buffer_bps"":10.0,""fee_bps_per_leg_assumption"":80.0,""note"":""Top-of-book paper cycle. Exact Kraken fee tier and available size must be validated.""}"
2026-09-08T09:37:32+00:00,eur_triangle,Kraken:BTC:EUR-BTC-USDT-EUR,BTC,EUR->BTC->USDT->EUR,Kraken,-2.906281,-250.922207,NO,"{""extra_buffer_bps"":10.0,""fee_bps_per_leg_assumption"":80.0,""note"":""Top-of-book paper cycle. Exact Kraken fee tier and available size must be validated.""}"
2026-09-08T09:37:32+00:00,eur_triangle,Coinbase:ETH:EUR-USDT-ETH-EUR,ETH,EUR->USDT->ETH->EUR,Coinbase,-0.183575,-189.102450,NO,"{""extra_buffer_bps"":10.0,""fee_bps_per_leg_assumption"":60.0,""note"":""Top-of-book paper cycle. Exact Coinbase fee tier and available size must be validated.""}"
2026-09-08T09:37:32+00:00,eur_triangle,Coinbase:ETH:EUR-ETH-USDT-EUR,ETH,EUR->ETH->USDT->EUR,Coinbase,-5.293770,-194.121213,NO,"{""extra_buffer_bps"":10.0,""fee_bps_per_leg_assumption"":60.0,""note"":""Top-of-book paper cycle. Exact Coinbase fee tier and available size must be validated.""}"
2026-09-08T09:37:32+00:00,eur_triangle,Kraken:ETH:EUR-USDT-ETH-EUR,ETH,EUR->USDT->ETH->EUR,Kraken,-0.729121,-248.796882,NO,"{""extra_buffer_bps"":10.0,""fee_bps_per_leg_assumption"":80.0,""note"":""Top-of-book paper cycle. Exact Kraken fee tier and available size must be validated.""}"
2026-09-08T09:37:32+00:00,eur_triangle,Kraken:ETH:EUR-ETH-USDT-EUR,ETH,EUR->ETH->USDT->EUR,Kraken,-0.518936,-248.591701,NO,"{""extra_buffer_bps"":10.0,""fee_bps_per_leg_assumption"":80.0,""note"":""Top-of-book paper cycle. Exact Kraken fee tier and available size must be validated.""}"
2026-09-08T09:37:32+00:00,eur_triangle,Coinbase:SOL:EUR-USDT-SOL-EUR,SOL,EUR->USDT->SOL->EUR,Coinbase,-3.590669,-192.448584,NO,"{""extra_buffer_bps"":10.0,""fee_bps_per_leg_assumption"":60.0,""note"":""Top-of-book paper cycle. Exact Coinbase fee tier and available size must be validated.""}"
2026-09-08T09:37:32+00:00,eur_triangle,Coinbase:SOL:EUR-SOL-USDT-EUR,SOL,EUR->SOL->USDT->EUR,Coinbase,0.807559,-188.129050,NO,"{""extra_buffer_bps"":10.0,""fee_bps_per_leg_assumption"":60.0,""note"":""Top-of-book paper cycle. Exact Coinbase fee tier and available size must be validated.""}"
2026-09-08T09:37:32+00:00,eur_triangle,Kraken:SOL:EUR-USDT-SOL-EUR,SOL,EUR->USDT->SOL->EUR,Kraken,-0.151231,-248.232750,NO,"{""extra_buffer_bps"":10.0,""fee_bps_per_leg_assumption"":80.0,""note"":""Top-of-book paper cycle. Exact Kraken fee tier and available size must be validated.""}"
2026-09-08T09:37:32+00:00,eur_triangle,Kraken:SOL:EUR-SOL-USDT-EUR,SOL,EUR->SOL->USDT->EUR,Kraken,-3.096065,-251.107473,NO,"{""extra_buffer_bps"":10.0,""fee_bps_per_leg_assumption"":80.0,""note"":""Top-of-book paper cycle. Exact Kraken fee tier and available size must be validated.""}"
2026-09-08T09:37:32+00:00,stable_eur_dislocation,Coinbase:USDC-EUR-USDT,USDC/USDT,USDC->EUR->USDT,Coinbase,1.045284,-28.954716,NO,"{""buffer_bps"":30.0,""note"":""Two-leg stablecoin conversion via EUR; issuer, venue and fee risks remain."",""usdc_eur"":{""ask"":0.8612,""bid"":0.8611,""last"":0.8612},""usdt_eur"":{""ask"":0.86101,""bid"":0.86095,""last"":0.861}}"
2026-09-08T09:37:32+00:00,stable_eur_dislocation,Coinbase:USDT-EUR-USDC,USDT/USDC,USDT->EUR->USDC,Coinbase,-2.902926,-32.902926,NO,"{""buffer_bps"":30.0,""note"":""Two-leg stablecoin conversion via EUR; issuer, venue and fee risks remain."",""usdc_eur"":{""ask"":0.8612,""bid"":0.8611,""last"":0.8612},""usdt_eur"":{""ask"":0.86101,""bid"":0.86095,""last"":0.861}}"
2026-09-08T09:37:32+00:00,stable_eur_dislocation,Kraken:USDC-EUR-USDT,USDC/USDT,USDC->EUR->USDT,Kraken,1.161305,-48.838695,NO,"{""buffer_bps"":50.0,""note"":""Two-leg stablecoin conversion via EUR; issuer, venue and fee risks remain."",""usdc_eur"":{""ask"":0.8613,""bid"":0.8612,""last"":0.8612},""usdt_eur"":{""ask"":0.8611,""bid"":0.861,""last"":0.861}}"
2026-09-08T09:37:32+00:00,stable_eur_dislocation,Kraken:USDT-EUR-USDC,USDT/USDC,USDT->EUR->USDC,Kraken,-3.483107,-53.483107,NO,"{""buffer_bps"":50.0,""note"":""Two-leg stablecoin conversion via EUR; issuer, venue and fee risks remain."",""usdc_eur"":{""ask"":0.8613,""bid"":0.8612,""last"":0.8612},""usdt_eur"":{""ask"":0.8611,""bid"":0.861,""last"":0.861}}"
2026-09-08T11:04:13+00:00,eu_cross_spot,BTC:buy Coinbase / sell Kraken,BTC,buy Coinbase / sell Kraken,Coinbase<->Kraken,-0.349192,-150.349192,NO,"{""buffer_bps"":150.0,""buy_ask"":67584.66,""coinbase_taker_bps"":60.0,""kraken_taker_bps"":80.0,""note"":""Assumes prefunded balances on both venues; rebalancing and account-specific fees can erase the edge."",""sell_bid"":67582.3}"
2026-09-08T11:04:13+00:00,eu_cross_spot,BTC:buy Kraken / sell Coinbase,BTC,buy Kraken / sell Coinbase,Coinbase<->Kraken,-0.662894,-150.662894,NO,"{""buffer_bps"":150.0,""buy_ask"":67582.4,""coinbase_taker_bps"":60.0,""kraken_taker_bps"":80.0,""note"":""Assumes prefunded balances on both venues; rebalancing and account-specific fees can erase the edge."",""sell_bid"":67577.92}"
2026-09-08T11:04:13+00:00,eu_cross_spot,ETH:buy Coinbase / sell Kraken,ETH,buy Coinbase / sell Kraken,Coinbase<->Kraken,-0.655422,-150.655422,NO,"{""buffer_bps"":150.0,""buy_ask"":2136.03,""coinbase_taker_bps"":60.0,""kraken_taker_bps"":80.0,""note"":""Assumes prefunded balances on both venues; rebalancing and account-specific fees can erase the edge."",""sell_bid"":2135.89}"
2026-09-08T11:04:13+00:00,eu_cross_spot,ETH:buy Kraken / sell Coinbase,ETH,buy Kraken / sell Coinbase,Coinbase<->Kraken,-1.451324,-151.451324,NO,"{""buffer_bps"":150.0,""buy_ask"":2135.98,""coinbase_taker_bps"":60.0,""kraken_taker_bps"":80.0,""note"":""Assumes prefunded balances on both venues; rebalancing and account-specific fees can erase the edge."",""sell_bid"":2135.67}"
2026-09-08T11:04:13+00:00,eu_cross_spot,SOL:buy Coinbase / sell Kraken,SOL,buy Coinbase / sell Kraken,Coinbase<->Kraken,1.123848,-148.876152,NO,"{""buffer_bps"":150.0,""buy_ask"":88.98,""coinbase_taker_bps"":60.0,""kraken_taker_bps"":80.0,""note"":""Assumes prefunded balances on both venues; rebalancing and account-specific fees can erase the edge."",""sell_bid"":88.99}"
2026-09-08T11:04:13+00:00,eu_cross_spot,SOL:buy Kraken / sell Coinbase,SOL,buy Kraken / sell Coinbase,Coinbase<->Kraken,-4.494382,-154.494382,NO,"{""buffer_bps"":150.0,""buy_ask"":89.0,""coinbase_taker_bps"":60.0,""kraken_taker_bps"":80.0,""note"":""Assumes prefunded balances on both venues; rebalancing and account-specific fees can erase the edge."",""sell_bid"":88.96}"
2026-09-08T11:04:13+00:00,eur_triangle,Coinbase:BTC:EUR-USDT-BTC-EUR,BTC,EUR->USDT->BTC->EUR,Coinbase,-1.717576,-190.609005,NO,"{""extra_buffer_bps"":10.0,""fee_bps_per_leg_assumption"":60.0,""note"":""Top-of-book paper cycle. Exact Coinbase fee tier and available size must be validated.""}"
2026-09-08T11:04:13+00:00,eur_triangle,Coinbase:BTC:EUR-BTC-USDT-EUR,BTC,EUR->BTC->USDT->EUR,Coinbase,-2.925757,-191.795569,NO,"{""extra_buffer_bps"":10.0,""fee_bps_per_leg_assumption"":60.0,""note"":""Top-of-book paper cycle. Exact Coinbase fee tier and available size must be validated.""}"
2026-09-08T11:04:13+00:00,eur_triangle,Kraken:BTC:EUR-USDT-BTC-EUR,BTC,EUR->USDT->BTC->EUR,Kraken,-0.713509,-248.781641,NO,"{""extra_buffer_bps"":10.0,""fee_bps_per_leg_assumption"":80.0,""note"":""Top-of-book paper cycle. Exact Kraken fee tier and available size must be validated.""}"
2026-09-08T11:04:13+00:00,eur_triangle,Kraken:BTC:EUR-BTC-USDT-EUR,BTC,EUR->BTC->USDT->EUR,Kraken,-0.475498,-248.549297,NO,"{""extra_buffer_bps"":10.0,""fee_bps_per_leg_assumption"":80.0,""note"":""Top-of-book paper cycle. Exact Kraken fee tier and available size must be validated.""}"
2026-09-08T11:04:13+00:00,eur_triangle,Coinbase:ETH:EUR-USDT-ETH-EUR,ETH,EUR->USDT->ETH->EUR,Coinbase,-1.868174,-190.756908,NO,"{""extra_buffer_bps"":10.0,""fee_bps_per_leg_assumption"":60.0,""note"":""Top-of-book paper cycle. Exact Coinbase fee tier and available size must be validated.""}"
2026-09-08T11:04:13+00:00,eur_triangle,Coinbase:ETH:EUR-ETH-USDT-EUR,ETH,EUR->ETH->USDT->EUR,Coinbase,-4.459278,-193.301652,NO,"{""extra_buffer_bps"":10.0,""fee_bps_per_leg_assumption"":60.0,""note"":""Top-of-book paper cycle. Exact Coinbase fee tier and available size must be validated.""}"
2026-09-08T11:04:13+00:00,eur_triangle,Kraken:ETH:EUR-USDT-ETH-EUR,ETH,EUR->USDT->ETH->EUR,Kraken,0.235739,-247.854994,NO,"{""extra_buffer_bps"":10.0,""fee_bps_per_leg_assumption"":80.0,""note"":""Top-of-book paper cycle. Exact Kraken fee tier and available size must be validated.""}"
2026-09-08T11:04:13+00:00,eur_triangle,Kraken:ETH:EUR-ETH-USDT-EUR,ETH,EUR->ETH->USDT->EUR,Kraken,-1.979658,-250.017645,NO,"{""extra_buffer_bps"":10.0,""fee_bps_per_leg_assumption"":80.0,""note"":""Top-of-book paper cycle. Exact Kraken fee tier and available size must be validated.""}"
2026-09-08T11:04:13+00:00,eur_triangle,Coinbase:SOL:EUR-USDT-SOL-EUR,SOL,EUR->USDT->SOL->EUR,Coinbase,-1.149812,-190.051399,NO,"{""extra_buffer_bps"":10.0,""fee_bps_per_leg_assumption"":60.0,""note"":""Top-of-book paper cycle. Exact Coinbase fee tier and available size must be validated.""}"
2026-09-08T11:04:13+00:00,eur_triangle,Coinbase:SOL:EUR-SOL-USDT-EUR,SOL,EUR->SOL->USDT->EUR,Coinbase,-2.878490,-191.749147,NO,"{""extra_buffer_bps"":10.0,""fee_bps_per_leg_assumption"":60.0,""note"":""Top-of-book paper cycle. Exact Coinbase fee tier and available size must be validated.""}"
2026-09-08T11:04:13+00:00,eur_triangle,Kraken:SOL:EUR-USDT-SOL-EUR,SOL,EUR->USDT->SOL->EUR,Kraken,1.602684,-246.520593,NO,"{""extra_buffer_bps"":10.0,""fee_bps_per_leg_assumption"":80.0,""note"":""Top-of-book paper cycle. Exact Kraken fee tier and available size must be validated.""}"
2026-09-08T11:04:13+00:00,eur_triangle,Kraken:SOL:EUR-SOL-USDT-EUR,SOL,EUR->SOL->USDT->EUR,Kraken,-4.854270,-252.823817,NO,"{""extra_buffer_bps"":10.0,""fee_bps_per_leg_assumption"":80.0,""note"":""Top-of-book paper cycle. Exact Kraken fee tier and available size must be validated.""}"
2026-09-08T11:04:13+00:00,stable_eur_dislocation,Coinbase:USDC-EUR-USDT,USDC/USDT,USDC->EUR->USDT,Coinbase,1.974380,-28.025620,NO,"{""buffer_bps"":30.0,""note"":""Two-leg stablecoin conversion via EUR; issuer, venue and fee risks remain."",""usdc_eur"":{""ask"":0.8613,""bid"":0.8612,""last"":0.8613},""usdt_eur"":{""ask"":0.86103,""bid"":0.86096,""last"":0.86101}}"
2026-09-08T11:04:13+00:00,stable_eur_dislocation,Coinbase:USDT-EUR-USDC,USDT/USDC,USDT->EUR->USDC,Coinbase,-3.947521,-33.947521,NO,"{""buffer_bps"":30.0,""note"":""Two-leg stablecoin conversion via EUR; issuer, venue and fee risks remain."",""usdc_eur"":{""ask"":0.8613,""bid"":0.8612,""last"":0.8613},""usdt_eur"":{""ask"":0.86103,""bid"":0.86096,""last"":0.86101}}"
2026-09-08T11:04:13+00:00,stable_eur_dislocation,Kraken:USDC-EUR-USDT,USDC/USDT,USDC->EUR->USDT,Kraken,2.322880,-47.677120,NO,"{""buffer_bps"":50.0,""note"":""Two-leg stablecoin conversion via EUR; issuer, venue and fee risks remain."",""usdc_eur"":{""ask"":0.8613,""bid"":0.8612,""last"":0.8612},""usdt_eur"":{""ask"":0.861,""bid"":0.8609,""last"":0.861}}"
2026-09-08T11:04:13+00:00,stable_eur_dislocation,Kraken:USDT-EUR-USDC,USDT/USDC,USDT->EUR->USDC,Kraken,-4.644143,-54.644143,NO,"{""buffer_bps"":50.0,""note"":""Two-leg stablecoin conversion via EUR; issuer, venue and fee risks remain."",""usdc_eur"":{""ask"":0.8613,""bid"":0.8612,""last"":0.8612},""usdt_eur"":{""ask"":0.861,""bid"":0.8609,""last"":0.861}}"
2026-09-08T11:52:08+00:00,eu_cross_spot,BTC:buy Coinbase / sell Kraken,BTC,buy Coinbase / sell Kraken,Coinbase<->Kraken,0.023697,-149.976303,NO,"{""buffer_bps"":150.0,""buy_ask"":67519.64,""coinbase_taker_bps"":60.0,""kraken_taker_bps"":80.0,""note"":""Assumes prefunded balances on both venues; rebalancing and account-specific fees can erase the edge."",""sell_bid"":67519.8}"
2026-09-08T11:52:08+00:00,eu_cross_spot,BTC:buy Kraken / sell Coinbase,BTC,buy Kraken / sell Coinbase,Coinbase<->Kraken,-0.670899,-150.670899,NO,"{""buffer_bps"":150.0,""buy_ask"":67521.3,""coinbase_taker_bps"":60.0,""kraken_taker_bps"":80.0,""note"":""Assumes prefunded balances on both venues; rebalancing and account-specific fees can erase the edge."",""sell_bid"":67516.77}"
2026-09-08T11:52:08+00:00,eu_cross_spot,ETH:buy Coinbase / sell Kraken,ETH,buy Coinbase / sell Kraken,Coinbase<->Kraken,-0.939060,-150.939060,NO,"{""buffer_bps"":150.0,""buy_ask"":2129.79,""coinbase_taker_bps"":60.0,""kraken_taker_bps"":80.0,""note"":""Assumes prefunded balances on both venues; rebalancing and account-specific fees can erase the edge."",""sell_bid"":2129.59}"
2026-09-08T11:52:08+00:00,eu_cross_spot,ETH:buy Kraken / sell Coinbase,ETH,buy Kraken / sell Coinbase,Coinbase<->Kraken,-0.939144,-150.939144,NO,"{""buffer_bps"":150.0,""buy_ask"":2129.6,""coinbase_taker_bps"":60.0,""kraken_taker_bps"":80.0,""note"":""Assumes prefunded balances on both venues; rebalancing and account-specific fees can erase the edge."",""sell_bid"":2129.4}"
2026-09-08T11:52:08+00:00,eu_cross_spot,SOL:buy Coinbase / sell Kraken,SOL,buy Coinbase / sell Kraken,Coinbase<->Kraken,0.000000,-150.000000,NO,"{""buffer_bps"":150.0,""buy_ask"":88.5,""coinbase_taker_bps"":60.0,""kraken_taker_bps"":80.0,""note"":""Assumes prefunded balances on both venues; rebalancing and account-specific fees can erase the edge."",""sell_bid"":88.5}"
2026-09-08T11:52:08+00:00,eu_cross_spot,SOL:buy Kraken / sell Coinbase,SOL,buy Kraken / sell Coinbase,Coinbase<->Kraken,-2.259632,-152.259632,NO,"{""buffer_bps"":150.0,""buy_ask"":88.51,""coinbase_taker_bps"":60.0,""kraken_taker_bps"":80.0,""note"":""Assumes prefunded balances on both venues; rebalancing and account-specific fees can erase the edge."",""sell_bid"":88.49}"
2026-09-08T11:52:08+00:00,eur_triangle,Coinbase:BTC:EUR-USDT-BTC-EUR,BTC,EUR->USDT->BTC->EUR,Coinbase,-0.697824,-189.607499,NO,"{""extra_buffer_bps"":10.0,""fee_bps_per_leg_assumption"":60.0,""note"":""Top-of-book paper cycle. Exact Coinbase fee tier and available size must be validated.""}"
2026-09-08T11:52:08+00:00,eur_triangle,Coinbase:BTC:EUR-BTC-USDT-EUR,BTC,EUR->BTC->USDT->EUR,Coinbase,-2.369561,-191.249324,NO,"{""extra_buffer_bps"":10.0,""fee_bps_per_leg_assumption"":60.0,""note"":""Top-of-book paper cycle. Exact Coinbase fee tier and available size must be validated.""}"
2026-09-08T11:52:08+00:00,eur_triangle,Kraken:BTC:EUR-USDT-BTC-EUR,BTC,EUR->USDT->BTC->EUR,Kraken,-0.573600,-248.645064,NO,"{""extra_buffer_bps"":10.0,""fee_bps_per_leg_assumption"":80.0,""note"":""Top-of-book paper cycle. Exact Kraken fee tier and available size must be validated.""}"
2026-09-08T11:52:08+00:00,eur_triangle,Kraken:BTC:EUR-BTC-USDT-EUR,BTC,EUR->BTC->USDT->EUR,Kraken,-1.217927,-249.274050,NO,"{""extra_buffer_bps"":10.0,""fee_bps_per_leg_assumption"":80.0,""note"":""Top-of-book paper cycle. Exact Kraken fee tier and available size must be validated.""}"
2026-09-08T11:52:08+00:00,eur_triangle,Coinbase:ETH:EUR-USDT-ETH-EUR,ETH,EUR->USDT->ETH->EUR,Coinbase,-4.387081,-193.230747,NO,"{""extra_buffer_bps"":10.0,""fee_bps_per_leg_assumption"":60.0,""note"":""Top-of-book paper cycle. Exact Coinbase fee tier and available size must be validated.""}"
2026-09-08T11:52:08+00:00,eur_triangle,Coinbase:ETH:EUR-ETH-USDT-EUR,ETH,EUR->ETH->USDT->EUR,Coinbase,-3.865817,-192.718809,NO,"{""extra_buffer_bps"":10.0,""fee_bps_per_leg_assumption"":60.0,""note"":""Top-of-book paper cycle. Exact Coinbase fee tier and available size must be validated.""}"
2026-09-08T11:52:08+00:00,eur_triangle,Kraken:ETH:EUR-USDT-ETH-EUR,ETH,EUR->USDT->ETH->EUR,Kraken,-0.427909,-248.502841,NO,"{""extra_buffer_bps"":10.0,""fee_bps_per_leg_assumption"":80.0,""note"":""Top-of-book paper cycle. Exact Kraken fee tier and available size must be validated.""}"
2026-09-08T11:52:08+00:00,eur_triangle,Kraken:ETH:EUR-ETH-USDT-EUR,ETH,EUR->ETH->USDT->EUR,Kraken,-0.942102,-249.004792,NO,"{""extra_buffer_bps"":10.0,""fee_bps_per_leg_assumption"":80.0,""note"":""Top-of-book paper cycle. Exact Kraken fee tier and available size must be validated.""}"
2026-09-08T11:52:08+00:00,eur_triangle,Coinbase:SOL:EUR-USDT-SOL-EUR,SOL,EUR->USDT->SOL->EUR,Coinbase,0.220018,-188.706078,NO,"{""extra_buffer_bps"":10.0,""fee_bps_per_leg_assumption"":60.0,""note"":""Top-of-book paper cycle. Exact Coinbase fee tier and available size must be validated.""}"
2026-09-08T11:52:08+00:00,eur_triangle,Coinbase:SOL:EUR-SOL-USDT-EUR,SOL,EUR->SOL->USDT->EUR,Coinbase,-2.438960,-191.317482,NO,"{""extra_buffer_bps"":10.0,""fee_bps_per_leg_assumption"":60.0,""note"":""Top-of-book paper cycle. Exact Coinbase fee tier and available size must be validated.""}"
2026-09-08T11:52:08+00:00,eur_triangle,Kraken:SOL:EUR-USDT-SOL-EUR,SOL,EUR->USDT->SOL->EUR,Kraken,0.537091,-247.560816,NO,"{""extra_buffer_bps"":10.0,""fee_bps_per_leg_assumption"":80.0,""note"":""Top-of-book paper cycle. Exact Kraken fee tier and available size must be validated.""}"
2026-09-08T11:52:08+00:00,eur_triangle,Kraken:SOL:EUR-SOL-USDT-EUR,SOL,EUR->SOL->USDT->EUR,Kraken,-3.800700,-251.795331,NO,"{""extra_buffer_bps"":10.0,""fee_bps_per_leg_assumption"":80.0,""note"":""Top-of-book paper cycle. Exact Kraken fee tier and available size must be validated.""}"
2026-09-08T11:52:08+00:00,stable_eur_dislocation,Coinbase:USDC-EUR-USDT,USDC/USDT,USDC->EUR->USDT,Coinbase,1.974380,-28.025620,NO,"{""buffer_bps"":30.0,""note"":""Two-leg stablecoin conversion via EUR; issuer, venue and fee risks remain."",""usdc_eur"":{""ask"":0.8613,""bid"":0.8612,""last"":0.8613},""usdt_eur"":{""ask"":0.86103,""bid"":0.86102,""last"":0.86103}}"
2026-09-08T11:52:08+00:00,stable_eur_dislocation,Coinbase:USDT-EUR-USDC,USDT/USDC,USDT->EUR->USDC,Coinbase,-3.250900,-33.250900,NO,"{""buffer_bps"":30.0,""note"":""Two-leg stablecoin conversion via EUR; issuer, venue and fee risks remain."",""usdc_eur"":{""ask"":0.8613,""bid"":0.8612,""last"":0.8613},""usdt_eur"":{""ask"":0.86103,""bid"":0.86102,""last"":0.86103}}"
2026-09-08T11:52:08+00:00,stable_eur_dislocation,Kraken:USDC-EUR-USDT,USDC/USDT,USDC->EUR->USDT,Kraken,2.322611,-47.677389,NO,"{""buffer_bps"":50.0,""note"":""Two-leg stablecoin conversion via EUR; issuer, venue and fee risks remain."",""usdc_eur"":{""ask"":0.8614,""bid"":0.8613,""last"":0.8614},""usdt_eur"":{""ask"":0.8611,""bid"":0.861,""last"":0.861}}"
2026-09-08T11:52:08+00:00,stable_eur_dislocation,Kraken:USDT-EUR-USDC,USDT/USDC,USDT->EUR->USDC,Kraken,-4.643603,-54.643603,NO,"{""buffer_bps"":50.0,""note"":""Two-leg stablecoin conversion via EUR; issuer, venue and fee risks remain."",""usdc_eur"":{""ask"":0.8614,""bid"":0.8613,""last"":0.8614},""usdt_eur"":{""ask"":0.8611,""bid"":0.861,""last"":0.861}}"
2026-09-08T12:20:00+00:00,eu_cross_spot,BTC:buy Coinbase / sell Kraken,BTC,buy Coinbase / sell Kraken,Coinbase<->Kraken,-0.417026,-150.417026,NO,"{""buffer_bps"":150.0,""buy_ask"":67381.81,""coinbase_taker_bps"":60.0,""kraken_taker_bps"":80.0,""note"":""Assumes prefunded balances on both venues; rebalancing and account-specific fees can erase the edge."",""sell_bid"":67379.0}"
2026-09-08T12:20:00+00:00,eu_cross_spot,BTC:buy Kraken / sell Coinbase,BTC,buy Kraken / sell Coinbase,Coinbase<->Kraken,0.280502,-149.719498,NO,"{""buffer_bps"":150.0,""buy_ask"":67379.1,""coinbase_taker_bps"":60.0,""kraken_taker_bps"":80.0,""note"":""Assumes prefunded balances on both venues; rebalancing and account-specific fees can erase the edge."",""sell_bid"":67380.99}"
2026-09-08T12:20:00+00:00,eu_cross_spot,ETH:buy Coinbase / sell Kraken,ETH,buy Coinbase / sell Kraken,Coinbase<->Kraken,-0.234854,-150.234854,NO,"{""buffer_bps"":150.0,""buy_ask"":2128.98,""coinbase_taker_bps"":60.0,""kraken_taker_bps"":80.0,""note"":""Assumes prefunded balances on both venues; rebalancing and account-specific fees can erase the edge."",""sell_bid"":2128.93}"
2026-09-08T12:20:00+00:00,eu_cross_spot,ETH:buy Kraken / sell Coinbase,ETH,buy Kraken / sell Coinbase,Coinbase<->Kraken,-0.798519,-150.798519,NO,"{""buffer_bps"":150.0,""buy_ask"":2128.94,""coinbase_taker_bps"":60.0,""kraken_taker_bps"":80.0,""note"":""Assumes prefunded balances on both venues; rebalancing and account-specific fees can erase the edge."",""sell_bid"":2128.77}"
2026-09-08T12:20:00+00:00,eu_cross_spot,SOL:buy Coinbase / sell Kraken,SOL,buy Coinbase / sell Kraken,Coinbase<->Kraken,-3.391363,-153.391363,NO,"{""buffer_bps"":150.0,""buy_ask"":88.46,""coinbase_taker_bps"":60.0,""kraken_taker_bps"":80.0,""note"":""Assumes prefunded balances on both venues; rebalancing and account-specific fees can erase the edge."",""sell_bid"":88.43}"
2026-09-08T12:20:00+00:00,eu_cross_spot,SOL:buy Kraken / sell Coinbase,SOL,buy Kraken / sell Coinbase,Coinbase<->Kraken,0.000000,-150.000000,NO,"{""buffer_bps"":150.0,""buy_ask"":88.44,""coinbase_taker_bps"":60.0,""kraken_taker_bps"":80.0,""note"":""Assumes prefunded balances on both venues; rebalancing and account-specific fees can erase the edge."",""sell_bid"":88.44}"
2026-09-08T12:20:00+00:00,eur_triangle,Coinbase:BTC:EUR-USDT-BTC-EUR,BTC,EUR->USDT->BTC->EUR,Coinbase,-0.659438,-189.569799,NO,"{""extra_buffer_bps"":10.0,""fee_bps_per_leg_assumption"":60.0,""note"":""Top-of-book paper cycle. Exact Coinbase fee tier and available size must be validated.""}"
2026-09-08T12:20:00+00:00,eur_triangle,Coinbase:BTC:EUR-BTC-USDT-EUR,BTC,EUR->BTC->USDT->EUR,Coinbase,-2.267735,-191.149321,NO,"{""extra_buffer_bps"":10.0,""fee_bps_per_leg_assumption"":60.0,""note"":""Top-of-book paper cycle. Exact Coinbase fee tier and available size must be validated.""}"
2026-09-08T12:20:00+00:00,eur_triangle,Kraken:BTC:EUR-USDT-BTC-EUR,BTC,EUR->USDT->BTC->EUR,Kraken,-1.064416,-249.124194,NO,"{""extra_buffer_bps"":10.0,""fee_bps_per_leg_assumption"":80.0,""note"":""Top-of-book paper cycle. Exact Kraken fee tier and available size must be validated.""}"
2026-09-08T12:20:00+00:00,eur_triangle,Kraken:BTC:EUR-BTC-USDT-EUR,BTC,EUR->BTC->USDT->EUR,Kraken,-0.674132,-248.743202,NO,"{""extra_buffer_bps"":10.0,""fee_bps_per_leg_assumption"":80.0,""note"":""Top-of-book paper cycle. Exact Kraken fee tier and available size must be validated.""}"
2026-09-08T12:20:00+00:00,eur_triangle,Coinbase:ETH:EUR-USDT-ETH-EUR,ETH,EUR->USDT->ETH->EUR,Coinbase,-0.753494,-189.662172,NO,"{""extra_buffer_bps"":10.0,""fee_bps_per_leg_assumption"":60.0,""note"":""Top-of-book paper cycle. Exact Coinbase fee tier and available size must be validated.""}"
2026-09-08T12:20:00+00:00,eur_triangle,Coinbase:ETH:EUR-ETH-USDT-EUR,ETH,EUR->ETH->USDT->EUR,Coinbase,-2.047372,-190.932900,NO,"{""extra_buffer_bps"":10.0,""fee_bps_per_leg_assumption"":60.0,""note"":""Top-of-book paper cycle. Exact Coinbase fee tier and available size must be validated.""}"
2026-09-08T12:20:00+00:00,eur_triangle,Kraken:ETH:EUR-USDT-ETH-EUR,ETH,EUR->USDT->ETH->EUR,Kraken,0.372323,-247.721661,NO,"{""extra_buffer_bps"":10.0,""fee_bps_per_leg_assumption"":80.0,""note"":""Top-of-book paper cycle. Exact Kraken fee tier and available size must be validated.""}"
2026-09-08T12:20:00+00:00,eur_triangle,Kraken:ETH:EUR-ETH-USDT-EUR,ETH,EUR->ETH->USDT->EUR,Kraken,-1.621239,-249.667759,NO,"{""extra_buffer_bps"":10.0,""fee_bps_per_leg_assumption"":80.0,""note"":""Top-of-book paper cycle. Exact Kraken fee tier and available size must be validated.""}"
2026-09-08T12:20:00+00:00,eur_triangle,Coinbase:SOL:EUR-USDT-SOL-EUR,SOL,EUR->USDT->SOL->EUR,Coinbase,-0.770090,-189.678471,NO,"{""extra_buffer_bps"":10.0,""fee_bps_per_leg_assumption"":60.0,""note"":""Top-of-book paper cycle. Exact Coinbase fee tier and available size must be validated.""}"
2026-09-08T12:20:00+00:00,eur_triangle,Coinbase:SOL:EUR-SOL-USDT-EUR,SOL,EUR->SOL->USDT->EUR,Coinbase,-3.553425,-192.412007,NO,"{""extra_buffer_bps"":10.0,""fee_bps_per_leg_assumption"":60.0,""note"":""Top-of-book paper cycle. Exact Coinbase fee tier and available size must be validated.""}"
2026-09-08T12:20:00+00:00,eur_triangle,Kraken:SOL:EUR-USDT-SOL-EUR,SOL,EUR->USDT->SOL->EUR,Kraken,-1.159766,-249.217274,NO,"{""extra_buffer_bps"":10.0,""fee_bps_per_leg_assumption"":80.0,""note"":""Top-of-book paper cycle. Exact Kraken fee tier and available size must be validated.""}"
2026-09-08T12:20:00+00:00,eur_triangle,Kraken:SOL:EUR-SOL-USDT-EUR,SOL,EUR->SOL->USDT->EUR,Kraken,-2.105834,-250.140818,NO,"{""extra_buffer_bps"":10.0,""fee_bps_per_leg_assumption"":80.0,""note"":""Top-of-book paper cycle. Exact Kraken fee tier and available size must be validated.""}"
2026-09-08T12:20:00+00:00,stable_eur_dislocation,Coinbase:USDC-EUR-USDT,USDC/USDT,USDC->EUR->USDT,Coinbase,2.555525,-27.444475,NO,"{""buffer_bps"":30.0,""note"":""Two-leg stablecoin conversion via EUR; issuer, venue and fee risks remain."",""usdc_eur"":{""ask"":0.8612,""bid"":0.8611,""last"":0.8611},""usdt_eur"":{""ask"":0.86088,""bid"":0.86087,""last"":0.86089}}"
2026-09-08T12:20:00+00:00,stable_eur_dislocation,Coinbase:USDT-EUR-USDC,USDT/USDC,USDT->EUR->USDC,Coinbase,-3.831863,-33.831863,NO,"{""buffer_bps"":30.0,""note"":""Two-leg stablecoin conversion via EUR; issuer, venue and fee risks remain."",""usdc_eur"":{""ask"":0.8612,""bid"":0.8611,""last"":0.8611},""usdt_eur"":{""ask"":0.86088,""bid"":0.86087,""last"":0.86089}}"
2026-09-08T12:20:00+00:00,stable_eur_dislocation,Kraken:USDC-EUR-USDT,USDC/USDT,USDC->EUR->USDT,Kraken,2.323150,-47.676850,NO,"{""buffer_bps"":50.0,""note"":""Two-leg stablecoin conversion via EUR; issuer, venue and fee risks remain."",""usdc_eur"":{""ask"":0.8612,""bid"":0.8611,""last"":0.8612},""usdt_eur"":{""ask"":0.8609,""bid"":0.8608,""last"":0.8609}}"
2026-09-08T12:20:00+00:00,stable_eur_dislocation,Kraken:USDT-EUR-USDC,USDT/USDC,USDT->EUR->USDC,Kraken,-4.644682,-54.644682,NO,"{""buffer_bps"":50.0,""note"":""Two-leg stablecoin conversion via EUR; issuer, venue and fee risks remain."",""usdc_eur"":{""ask"":0.8612,""bid"":0.8611,""last"":0.8612},""usdt_eur"":{""ask"":0.8609,""bid"":0.8608,""last"":0.8609}}"
2026-09-08T12:53:42+00:00,eu_cross_spot,BTC:buy Coinbase / sell Kraken,BTC,buy Coinbase / sell Kraken,Coinbase<->Kraken,-0.136362,-150.136362,NO,"{""buffer_bps"":150.0,""buy_ask"":67467.62,""coinbase_taker_bps"":60.0,""kraken_taker_bps"":80.0,""note"":""Assumes prefunded balances on both venues; rebalancing and account-specific fees can erase the edge."",""sell_bid"":67466.7}"
2026-09-08T12:53:42+00:00,eu_cross_spot,BTC:buy Kraken / sell Coinbase,BTC,buy Kraken / sell Coinbase,Coinbase<->Kraken,-0.616600,-150.616600,NO,"{""buffer_bps"":150.0,""buy_ask"":67466.8,""coinbase_taker_bps"":60.0,""kraken_taker_bps"":80.0,""note"":""Assumes prefunded balances on both venues; rebalancing and account-specific fees can erase the edge."",""sell_bid"":67462.64}"
2026-09-08T12:53:42+00:00,eu_cross_spot,ETH:buy Coinbase / sell Kraken,ETH,buy Coinbase / sell Kraken,Coinbase<->Kraken,-0.563558,-150.563558,NO,"{""buffer_bps"":150.0,""buy_ask"":2129.33,""coinbase_taker_bps"":60.0,""kraken_taker_bps"":80.0,""note"":""Assumes prefunded balances on both venues; rebalancing and account-specific fees can erase the edge."",""sell_bid"":2129.21}"
2026-09-08T12:53:42+00:00,eu_cross_spot,ETH:buy Kraken / sell Coinbase,ETH,buy Kraken / sell Coinbase,Coinbase<->Kraken,-0.939311,-150.939311,NO,"{""buffer_bps"":150.0,""buy_ask"":2129.22,""coinbase_taker_bps"":60.0,""kraken_taker_bps"":80.0,""note"":""Assumes prefunded balances on both venues; rebalancing and account-specific fees can erase the edge."",""sell_bid"":2129.02}"
2026-09-08T12:53:42+00:00,eu_cross_spot,SOL:buy Coinbase / sell Kraken,SOL,buy Coinbase / sell Kraken,Coinbase<->Kraken,-1.125999,-151.125999,NO,"{""buffer_bps"":150.0,""buy_ask"":88.81,""coinbase_taker_bps"":60.0,""kraken_taker_bps"":80.0,""note"":""Assumes prefunded balances on both venues; rebalancing and account-specific fees can erase the edge."",""sell_bid"":88.8}"
2026-09-08T12:53:42+00:00,eu_cross_spot,SOL:buy Kraken / sell Coinbase,SOL,buy Kraken / sell Coinbase,Coinbase<->Kraken,-1.125999,-151.125999,NO,"{""buffer_bps"":150.0,""buy_ask"":88.81,""coinbase_taker_bps"":60.0,""kraken_taker_bps"":80.0,""note"":""Assumes prefunded balances on both venues; rebalancing and account-specific fees can erase the edge."",""sell_bid"":88.8}"
2026-09-08T12:53:42+00:00,eur_triangle,Coinbase:BTC:EUR-USDT-BTC-EUR,BTC,EUR->USDT->BTC->EUR,Coinbase,-1.740932,-190.631943,NO,"{""extra_buffer_bps"":10.0,""fee_bps_per_leg_assumption"":60.0,""note"":""Top-of-book paper cycle. Exact Coinbase fee tier and available size must be validated.""}"
2026-09-08T12:53:42+00:00,eur_triangle,Coinbase:BTC:EUR-BTC-USDT-EUR,BTC,EUR->BTC->USDT->EUR,Coinbase,-2.433480,-191.312100,NO,"{""extra_buffer_bps"":10.0,""fee_bps_per_leg_assumption"":60.0,""note"":""Top-of-book paper cycle. Exact Coinbase fee tier and available size must be validated.""}"
2026-09-08T12:53:42+00:00,eur_triangle,Kraken:BTC:EUR-USDT-BTC-EUR,BTC,EUR->USDT->BTC->EUR,Kraken,-0.363735,-248.440195,NO,"{""extra_buffer_bps"":10.0,""fee_bps_per_leg_assumption"":80.0,""note"":""Top-of-book paper cycle. Exact Kraken fee tier and available size must be validated.""}"
2026-09-08T12:53:42+00:00,eur_triangle,Kraken:BTC:EUR-BTC-USDT-EUR,BTC,EUR->BTC->USDT->EUR,Kraken,-0.825716,-248.891177,NO,"{""extra_buffer_bps"":10.0,""fee_bps_per_leg_assumption"":80.0,""note"":""Top-of-book paper cycle. Exact Kraken fee tier and available size must be validated.""}"
2026-09-08T12:53:42+00:00,eur_triangle,Coinbase:ETH:EUR-USDT-ETH-EUR,ETH,EUR->USDT->ETH->EUR,Coinbase,-0.859152,-189.765939,NO,"{""extra_buffer_bps"":10.0,""fee_bps_per_leg_assumption"":60.0,""note"":""Top-of-book paper cycle. Exact Coinbase fee tier and available size must be validated.""}"
2026-09-08T12:53:42+00:00,eur_triangle,Coinbase:ETH:EUR-ETH-USDT-EUR,ETH,EUR->ETH->USDT->EUR,Coinbase,-1.763753,-190.654355,NO,"{""extra_buffer_bps"":10.0,""fee_bps_per_leg_assumption"":60.0,""note"":""Top-of-book paper cycle. Exact Coinbase fee tier and available size must be validated.""}"
2026-09-08T12:53:42+00:00,eur_triangle,Kraken:ETH:EUR-USDT-ETH-EUR,ETH,EUR->USDT->ETH->EUR,Kraken,-0.800266,-248.866333,NO,"{""extra_buffer_bps"":10.0,""fee_bps_per_leg_assumption"":80.0,""note"":""Top-of-book paper cycle. Exact Kraken fee tier and available size must be validated.""}"
2026-09-08T12:53:42+00:00,eur_triangle,Kraken:ETH:EUR-ETH-USDT-EUR,ETH,EUR->ETH->USDT->EUR,Kraken,-0.448991,-248.523421,NO,"{""extra_buffer_bps"":10.0,""fee_bps_per_leg_assumption"":80.0,""note"":""Top-of-book paper cycle. Exact Kraken fee tier and available size must be validated.""}"
2026-09-08T12:53:42+00:00,eur_triangle,Coinbase:SOL:EUR-USDT-SOL-EUR,SOL,EUR->USDT->SOL->EUR,Coinbase,-0.482195,-189.395728,NO,"{""extra_buffer_bps"":10.0,""fee_bps_per_leg_assumption"":60.0,""note"":""Top-of-book paper cycle. Exact Coinbase fee tier and available size must be validated.""}"
2026-09-08T12:53:42+00:00,eur_triangle,Coinbase:SOL:EUR-SOL-USDT-EUR,SOL,EUR->SOL->USDT->EUR,Coinbase,-1.729040,-190.620263,NO,"{""extra_buffer_bps"":10.0,""fee_bps_per_leg_assumption"":60.0,""note"":""Top-of-book paper cycle. Exact Coinbase fee tier and available size must be validated.""}"
2026-09-08T12:53:42+00:00,eur_triangle,Kraken:SOL:EUR-USDT-SOL-EUR,SOL,EUR->USDT->SOL->EUR,Kraken,-0.791154,-248.857437,NO,"{""extra_buffer_bps"":10.0,""fee_bps_per_leg_assumption"":80.0,""note"":""Top-of-book paper cycle. Exact Kraken fee tier and available size must be validated.""}"
2026-09-08T12:53:42+00:00,eur_triangle,Kraken:SOL:EUR-SOL-USDT-EUR,SOL,EUR->SOL->USDT->EUR,Kraken,-2.465713,-250.492128,NO,"{""extra_buffer_bps"":10.0,""fee_bps_per_leg_assumption"":80.0,""note"":""Top-of-book paper cycle. Exact Kraken fee tier and available size must be validated.""}"
2026-09-08T12:53:42+00:00,stable_eur_dislocation,Coinbase:USDC-EUR-USDT,USDC/USDT,USDC->EUR->USDT,Coinbase,2.440186,-27.559814,NO,"{""buffer_bps"":30.0,""note"":""Two-leg stablecoin conversion via EUR; issuer, venue and fee risks remain."",""usdc_eur"":{""ask"":0.8609,""bid"":0.8608,""last"":0.8608},""usdt_eur"":{""ask"":0.86059,""bid"":0.86058,""last"":0.86059}}"
2026-09-08T12:53:42+00:00,stable_eur_dislocation,Coinbase:USDT-EUR-USDC,USDT/USDC,USDT->EUR->USDC,Coinbase,-3.717040,-33.717040,NO,"{""buffer_bps"":30.0,""note"":""Two-leg stablecoin conversion via EUR; issuer, venue and fee risks remain."",""usdc_eur"":{""ask"":0.8609,""bid"":0.8608,""last"":0.8608},""usdt_eur"":{""ask"":0.86059,""bid"":0.86058,""last"":0.86059}}"
2026-09-08T12:53:42+00:00,stable_eur_dislocation,Kraken:USDC-EUR-USDT,USDC/USDT,USDC->EUR->USDT,Kraken,1.161845,-48.838155,NO,"{""buffer_bps"":50.0,""note"":""Two-leg stablecoin conversion via EUR; issuer, venue and fee risks remain."",""usdc_eur"":{""ask"":0.8609,""bid"":0.8608,""last"":0.8609},""usdt_eur"":{""ask"":0.8607,""bid"":0.8606,""last"":0.8606}}"
2026-09-08T12:53:42+00:00,stable_eur_dislocation,Kraken:USDT-EUR-USDC,USDT/USDC,USDT->EUR->USDC,Kraken,-3.484725,-53.484725,NO,"{""buffer_bps"":50.0,""note"":""Two-leg stablecoin conversion via EUR; issuer, venue and fee risks remain."",""usdc_eur"":{""ask"":0.8609,""bid"":0.8608,""last"":0.8609},""usdt_eur"":{""ask"":0.8607,""bid"":0.8606,""last"":0.8606}}"
2026-09-08T15:33:48+00:00,eu_cross_spot,BTC:buy Coinbase / sell Kraken,BTC,buy Coinbase / sell Kraken,Coinbase<->Kraken,-0.478538,-150.478538,NO,"{""buffer_bps"":150.0,""buy_ask"":67497.23,""coinbase_taker_bps"":60.0,""kraken_taker_bps"":80.0,""note"":""Assumes prefunded balances on both venues; rebalancing and account-specific fees can erase the edge."",""sell_bid"":67494.0}"
2026-09-08T15:33:48+00:00,eu_cross_spot,BTC:buy Kraken / sell Coinbase,BTC,buy Kraken / sell Coinbase,Coinbase<->Kraken,-0.592644,-150.592644,NO,"{""buffer_bps"":150.0,""buy_ask"":67494.1,""coinbase_taker_bps"":60.0,""kraken_taker_bps"":80.0,""note"":""Assumes prefunded balances on both venues; rebalancing and account-specific fees can erase the edge."",""sell_bid"":67490.1}"
2026-09-08T15:33:48+00:00,eu_cross_spot,ETH:buy Coinbase / sell Kraken,ETH,buy Coinbase / sell Kraken,Coinbase<->Kraken,0.702066,-149.297934,NO,"{""buffer_bps"":150.0,""buy_ask"":2136.55,""coinbase_taker_bps"":60.0,""kraken_taker_bps"":80.0,""note"":""Assumes prefunded balances on both venues; rebalancing and account-specific fees can erase the edge."",""sell_bid"":2136.7}"
2026-09-08T15:33:48+00:00,eu_cross_spot,ETH:buy Kraken / sell Coinbase,ETH,buy Kraken / sell Coinbase,Coinbase<->Kraken,-0.795616,-150.795616,NO,"{""buffer_bps"":150.0,""buy_ask"":2136.71,""coinbase_taker_bps"":60.0,""kraken_taker_bps"":80.0,""note"":""Assumes prefunded balances on both venues; rebalancing and account-specific fees can erase the edge."",""sell_bid"":2136.54}"
2026-09-08T15:33:48+00:00,eu_cross_spot,SOL:buy Coinbase / sell Kraken,SOL,buy Coinbase / sell Kraken,Coinbase<->Kraken,-2.247191,-152.247191,NO,"{""buffer_bps"":150.0,""buy_ask"":89.0,""coinbase_taker_bps"":60.0,""kraken_taker_bps"":80.0,""note"":""Assumes prefunded balances on both venues; rebalancing and account-specific fees can erase the edge."",""sell_bid"":88.98}"
2026-09-08T15:33:48+00:00,eu_cross_spot,SOL:buy Kraken / sell Coinbase,SOL,buy Kraken / sell Coinbase,Coinbase<->Kraken,-1.123722,-151.123722,NO,"{""buffer_bps"":150.0,""buy_ask"":88.99,""coinbase_taker_bps"":60.0,""kraken_taker_bps"":80.0,""note"":""Assumes prefunded balances on both venues; rebalancing and account-specific fees can erase the edge."",""sell_bid"":88.98}"
2026-09-08T15:33:48+00:00,eur_triangle,Coinbase:BTC:EUR-USDT-BTC-EUR,BTC,EUR->USDT->BTC->EUR,Coinbase,-2.830017,-191.701541,NO,"{""extra_buffer_bps"":10.0,""fee_bps_per_leg_assumption"":60.0,""note"":""Top-of-book paper cycle. Exact Coinbase fee tier and available size must be validated.""}"
2026-09-08T15:33:48+00:00,eur_triangle,Coinbase:BTC:EUR-BTC-USDT-EUR,BTC,EUR->BTC->USDT->EUR,Coinbase,-1.114771,-190.016985,NO,"{""extra_buffer_bps"":10.0,""fee_bps_per_leg_assumption"":60.0,""note"":""Top-of-book paper cycle. Exact Coinbase fee tier and available size must be validated.""}"
2026-09-08T15:33:48+00:00,eur_triangle,Kraken:BTC:EUR-USDT-BTC-EUR,BTC,EUR->USDT->BTC->EUR,Kraken,-0.048139,-248.132113,NO,"{""extra_buffer_bps"":10.0,""fee_bps_per_leg_assumption"":80.0,""note"":""Top-of-book paper cycle. Exact Kraken fee tier and available size must be validated.""}"
2026-09-08T15:33:48+00:00,eur_triangle,Kraken:BTC:EUR-BTC-USDT-EUR,BTC,EUR->BTC->USDT->EUR,Kraken,-1.575468,-249.623079,NO,"{""extra_buffer_bps"":10.0,""fee_bps_per_leg_assumption"":80.0,""note"":""Top-of-book paper cycle. Exact Kraken fee tier and available size must be validated.""}"
2026-09-08T15:33:48+00:00,eur_triangle,Coinbase:ETH:EUR-USDT-ETH-EUR,ETH,EUR->USDT->ETH->EUR,Coinbase,-2.360952,-191.240870,NO,"{""extra_buffer_bps"":10.0,""fee_bps_per_leg_assumption"":60.0,""note"":""Top-of-book paper cycle. Exact Coinbase fee tier and available size must be validated.""}"
2026-09-08T15:33:48+00:00,eur_triangle,Coinbase:ETH:EUR-ETH-USDT-EUR,ETH,EUR->ETH->USDT->EUR,Coinbase,0.150139,-188.774707,NO,"{""extra_buffer_bps"":10.0,""fee_bps_per_leg_assumption"":60.0,""note"":""Top-of-book paper cycle. Exact Coinbase fee tier and available size must be validated.""}"
2026-09-08T15:33:48+00:00,eur_triangle,Kraken:ETH:EUR-USDT-ETH-EUR,ETH,EUR->USDT->ETH->EUR,Kraken,0.136095,-247.952265,NO,"{""extra_buffer_bps"":10.0,""fee_bps_per_leg_assumption"":80.0,""note"":""Top-of-book paper cycle. Exact Kraken fee tier and available size must be validated.""}"
2026-09-08T15:33:48+00:00,eur_triangle,Kraken:ETH:EUR-ETH-USDT-EUR,ETH,EUR->ETH->USDT->EUR,Kraken,-1.386037,-249.438158,NO,"{""extra_buffer_bps"":10.0,""fee_bps_per_leg_assumption"":80.0,""note"":""Top-of-book paper cycle. Exact Kraken fee tier and available size must be validated.""}"
2026-09-08T15:33:48+00:00,eur_triangle,Coinbase:SOL:EUR-USDT-SOL-EUR,SOL,EUR->USDT->SOL->EUR,Coinbase,-1.823167,-190.712707,NO,"{""extra_buffer_bps"":10.0,""fee_bps_per_leg_assumption"":60.0,""note"":""Top-of-book paper cycle. Exact Coinbase fee tier and available size must be validated.""}"
2026-09-08T15:33:48+00:00,eur_triangle,Coinbase:SOL:EUR-SOL-USDT-EUR,SOL,EUR->SOL->USDT->EUR,Coinbase,-2.589090,-191.464925,NO,"{""extra_buffer_bps"":10.0,""fee_bps_per_leg_assumption"":60.0,""note"":""Top-of-book paper cycle. Exact Coinbase fee tier and available size must be validated.""}"
2026-09-08T15:33:48+00:00,eur_triangle,Kraken:SOL:EUR-USDT-SOL-EUR,SOL,EUR->USDT->SOL->EUR,Kraken,-1.241810,-249.297365,NO,"{""extra_buffer_bps"":10.0,""fee_bps_per_leg_assumption"":80.0,""note"":""Top-of-book paper cycle. Exact Kraken fee tier and available size must be validated.""}"
2026-09-08T15:33:48+00:00,eur_triangle,Kraken:SOL:EUR-SOL-USDT-EUR,SOL,EUR->SOL->USDT->EUR,Kraken,-2.011012,-250.048253,NO,"{""extra_buffer_bps"":10.0,""fee_bps_per_leg_assumption"":80.0,""note"":""Top-of-book paper cycle. Exact Kraken fee tier and available size must be validated.""}"
2026-09-08T15:33:48+00:00,stable_eur_dislocation,Coinbase:USDC-EUR-USDT,USDC/USDT,USDC->EUR->USDT,Coinbase,0.581429,-29.418571,NO,"{""buffer_bps"":30.0,""note"":""Two-leg stablecoin conversion via EUR; issuer, venue and fee risks remain."",""usdc_eur"":{""ask"":0.8601,""bid"":0.86,""last"":0.8601},""usdt_eur"":{""ask"":0.85995,""bid"":0.85993,""last"":0.85988}}"
2026-09-08T15:33:48+00:00,stable_eur_dislocation,Coinbase:USDT-EUR-USDC,USDT/USDC,USDT->EUR->USDC,Coinbase,-1.976514,-31.976514,NO,"{""buffer_bps"":30.0,""note"":""Two-leg stablecoin conversion via EUR; issuer, venue and fee risks remain."",""usdc_eur"":{""ask"":0.8601,""bid"":0.86,""last"":0.8601},""usdt_eur"":{""ask"":0.85995,""bid"":0.85993,""last"":0.85988}}"
2026-09-08T15:33:48+00:00,stable_eur_dislocation,Kraken:USDC-EUR-USDT,USDC/USDT,USDC->EUR->USDT,Kraken,1.162926,-48.837074,NO,"{""buffer_bps"":50.0,""note"":""Two-leg stablecoin conversion via EUR; issuer, venue and fee risks remain."",""usdc_eur"":{""ask"":0.8601,""bid"":0.86,""last"":0.86},""usdt_eur"":{""ask"":0.8599,""bid"":0.8598,""last"":0.8599}}"
2026-09-08T15:33:48+00:00,stable_eur_dislocation,Kraken:USDT-EUR-USDC,USDT/USDC,USDT->EUR->USDC,Kraken,-3.487967,-53.487967,NO,"{""buffer_bps"":50.0,""note"":""Two-leg stablecoin conversion via EUR; issuer, venue and fee risks remain."",""usdc_eur"":{""ask"":0.8601,""bid"":0.86,""last"":0.86},""usdt_eur"":{""ask"":0.8599,""bid"":0.8598,""last"":0.8599}}"
2026-09-08T16:14:55+00:00,eu_cross_spot,BTC:buy Coinbase / sell Kraken,BTC,buy Coinbase / sell Kraken,Coinbase<->Kraken,-1.561635,-151.561635,NO,"{""buffer_bps"":150.0,""buy_ask"":67685.47,""coinbase_taker_bps"":60.0,""kraken_taker_bps"":80.0,""note"":""Assumes prefunded balances on both venues; rebalancing and account-specific fees can erase the edge."",""sell_bid"":67674.9}"
2026-09-08T16:14:55+00:00,eu_cross_spot,BTC:buy Kraken / sell Coinbase,BTC,buy Kraken / sell Coinbase,Coinbase<->Kraken,0.558552,-149.441448,NO,"{""buffer_bps"":150.0,""buy_ask"":67675.0,""coinbase_taker_bps"":60.0,""kraken_taker_bps"":80.0,""note"":""Assumes prefunded balances on both venues; rebalancing and account-specific fees can erase the edge."",""sell_bid"":67678.78}"
2026-09-08T16:14:55+00:00,eu_cross_spot,ETH:buy Coinbase / sell Kraken,ETH,buy Coinbase / sell Kraken,Coinbase<->Kraken,-0.466701,-150.466701,NO,"{""buffer_bps"":150.0,""buy_ask"":2142.7,""coinbase_taker_bps"":60.0,""kraken_taker_bps"":80.0,""note"":""Assumes prefunded balances on both venues; rebalancing and account-specific fees can erase the edge."",""sell_bid"":2142.6}"
2026-09-08T16:14:55+00:00,eu_cross_spot,ETH:buy Kraken / sell Coinbase,ETH,buy Kraken / sell Coinbase,Coinbase<->Kraken,-0.980113,-150.980113,NO,"{""buffer_bps"":150.0,""buy_ask"":2142.61,""coinbase_taker_bps"":60.0,""kraken_taker_bps"":80.0,""note"":""Assumes prefunded balances on both venues; rebalancing and account-specific fees can erase the edge."",""sell_bid"":2142.4}"
2026-09-08T16:14:55+00:00,eu_cross_spot,SOL:buy Coinbase / sell Kraken,SOL,buy Coinbase / sell Kraken,Coinbase<->Kraken,-1.119946,-151.119946,NO,"{""buffer_bps"":150.0,""buy_ask"":89.29,""coinbase_taker_bps"":60.0,""kraken_taker_bps"":80.0,""note"":""Assumes prefunded balances on both venues; rebalancing and account-specific fees can erase the edge."",""sell_bid"":89.28}"
2026-09-08T16:14:55+00:00,eu_cross_spot,SOL:buy Kraken / sell Coinbase,SOL,buy Kraken / sell Coinbase,Coinbase<->Kraken,-1.119946,-151.119946,NO,"{""buffer_bps"":150.0,""buy_ask"":89.29,""coinbase_taker_bps"":60.0,""kraken_taker_bps"":80.0,""note"":""Assumes prefunded balances on both venues; rebalancing and account-specific fees can erase the edge."",""sell_bid"":89.28}"
2026-09-08T16:14:55+00:00,eur_triangle,Coinbase:BTC:EUR-USDT-BTC-EUR,BTC,EUR->USDT->BTC->EUR,Coinbase,-1.549590,-190.444025,NO,"{""extra_buffer_bps"":10.0,""fee_bps_per_leg_assumption"":60.0,""note"":""Top-of-book paper cycle. Exact Coinbase fee tier and available size must be validated.""}"
2026-09-08T16:14:55+00:00,eur_triangle,Coinbase:BTC:EUR-BTC-USDT-EUR,BTC,EUR->BTC->USDT->EUR,Coinbase,-1.104692,-190.007087,NO,"{""extra_buffer_bps"":10.0,""fee_bps_per_leg_assumption"":60.0,""note"":""Top-of-book paper cycle. Exact Coinbase fee tier and available size must be validated.""}"
2026-09-08T16:14:55+00:00,eur_triangle,Kraken:BTC:EUR-USDT-BTC-EUR,BTC,EUR->USDT->BTC->EUR,Kraken,-1.205287,-249.261711,NO,"{""extra_buffer_bps"":10.0,""fee_bps_per_leg_assumption"":80.0,""note"":""Top-of-book paper cycle. Exact Kraken fee tier and available size must be validated.""}"
2026-09-08T16:14:55+00:00,eur_triangle,Kraken:BTC:EUR-BTC-USDT-EUR,BTC,EUR->BTC->USDT->EUR,Kraken,0.002973,-248.082218,NO,"{""extra_buffer_bps"":10.0,""fee_bps_per_leg_assumption"":80.0,""note"":""Top-of-book paper cycle. Exact Kraken fee tier and available size must be validated.""}"
2026-09-08T16:14:55+00:00,eur_triangle,Coinbase:ETH:EUR-USDT-ETH-EUR,ETH,EUR->USDT->ETH->EUR,Coinbase,-3.302912,-192.165975,NO,"{""extra_buffer_bps"":10.0,""fee_bps_per_leg_assumption"":60.0,""note"":""Top-of-book paper cycle. Exact Coinbase fee tier and available size must be validated.""}"
2026-09-08T16:14:55+00:00,eur_triangle,Coinbase:ETH:EUR-ETH-USDT-EUR,ETH,EUR->ETH->USDT->EUR,Coinbase,-2.951682,-191.821030,NO,"{""extra_buffer_bps"":10.0,""fee_bps_per_leg_assumption"":60.0,""note"":""Top-of-book paper cycle. Exact Coinbase fee tier and available size must be validated.""}"
2026-09-08T16:14:55+00:00,eur_triangle,Kraken:ETH:EUR-USDT-ETH-EUR,ETH,EUR->USDT->ETH->EUR,Kraken,-0.410816,-248.486155,NO,"{""extra_buffer_bps"":10.0,""fee_bps_per_leg_assumption"":80.0,""note"":""Top-of-book paper cycle. Exact Kraken fee tier and available size must be validated.""}"
2026-09-08T16:14:55+00:00,eur_triangle,Kraken:ETH:EUR-ETH-USDT-EUR,ETH,EUR->ETH->USDT->EUR,Kraken,-0.918469,-248.981721,NO,"{""extra_buffer_bps"":10.0,""fee_bps_per_leg_assumption"":80.0,""note"":""Top-of-book paper cycle. Exact Kraken fee tier and available size must be validated.""}"
2026-09-08T16:14:55+00:00,eur_triangle,Coinbase:SOL:EUR-USDT-SOL-EUR,SOL,EUR->USDT->SOL->EUR,Coinbase,-1.809753,-190.699533,NO,"{""extra_buffer_bps"":10.0,""fee_bps_per_leg_assumption"":60.0,""note"":""Top-of-book paper cycle. Exact Coinbase fee tier and available size must be validated.""}"
2026-09-08T16:14:55+00:00,eur_triangle,Coinbase:SOL:EUR-SOL-USDT-EUR,SOL,EUR->SOL->USDT->EUR,Coinbase,-1.353735,-190.251674,NO,"{""extra_buffer_bps"":10.0,""fee_bps_per_leg_assumption"":60.0,""note"":""Top-of-book paper cycle. Exact Coinbase fee tier and available size must be validated.""}"
2026-09-08T16:14:55+00:00,eur_triangle,Kraken:SOL:EUR-USDT-SOL-EUR,SOL,EUR->USDT->SOL->EUR,Kraken,-1.577372,-249.624937,NO,"{""extra_buffer_bps"":10.0,""fee_bps_per_leg_assumption"":80.0,""note"":""Top-of-book paper cycle. Exact Kraken fee tier and available size must be validated.""}"
2026-09-08T16:14:55+00:00,eur_triangle,Kraken:SOL:EUR-SOL-USDT-EUR,SOL,EUR->SOL->USDT->EUR,Kraken,-1.668272,-249.713673,NO,"{""extra_buffer_bps"":10.0,""fee_bps_per_leg_assumption"":80.0,""note"":""Top-of-book paper cycle. Exact Kraken fee tier and available size must be validated.""}"
2026-09-08T16:14:55+00:00,stable_eur_dislocation,Coinbase:USDC-EUR-USDT,USDC/USDT,USDC->EUR->USDT,Coinbase,-0.232418,-30.232418,NO,"{""buffer_bps"":30.0,""note"":""Two-leg stablecoin conversion via EUR; issuer, venue and fee risks remain."",""usdc_eur"":{""ask"":0.8606,""bid"":0.8605,""last"":0.8606},""usdt_eur"":{""ask"":0.86052,""bid"":0.86051,""last"":0.86044}}"
2026-09-08T16:14:55+00:00,stable_eur_dislocation,Coinbase:USDT-EUR-USDC,USDT/USDC,USDT->EUR->USDC,Coinbase,-1.045782,-31.045782,NO,"{""buffer_bps"":30.0,""note"":""Two-leg stablecoin conversion via EUR; issuer, venue and fee risks remain."",""usdc_eur"":{""ask"":0.8606,""bid"":0.8605,""last"":0.8606},""usdt_eur"":{""ask"":0.86052,""bid"":0.86051,""last"":0.86044}}"
2026-09-08T16:14:55+00:00,stable_eur_dislocation,Kraken:USDC-EUR-USDT,USDC/USDT,USDC->EUR->USDT,Kraken,0.000000,-50.000000,NO,"{""buffer_bps"":50.0,""note"":""Two-leg stablecoin conversion via EUR; issuer, venue and fee risks remain."",""usdc_eur"":{""ask"":0.8606,""bid"":0.8605,""last"":0.8605},""usdt_eur"":{""ask"":0.8605,""bid"":0.8604,""last"":0.8605}}"
2026-09-08T16:14:55+00:00,stable_eur_dislocation,Kraken:USDT-EUR-USDC,USDT/USDC,USDT->EUR->USDC,Kraken,-2.323960,-52.323960,NO,"{""buffer_bps"":50.0,""note"":""Two-leg stablecoin conversion via EUR; issuer, venue and fee risks remain."",""usdc_eur"":{""ask"":0.8606,""bid"":0.8605,""last"":0.8605},""usdt_eur"":{""ask"":0.8605,""bid"":0.8604,""last"":0.8605}}"
2026-09-08T16:47:18+00:00,eu_cross_spot,BTC:buy Coinbase / sell Kraken,BTC,buy Coinbase / sell Kraken,Coinbase<->Kraken,-0.760793,-150.760793,NO,"{""buffer_bps"":150.0,""buy_ask"":67823.96,""coinbase_taker_bps"":60.0,""kraken_taker_bps"":80.0,""note"":""Assumes prefunded balances on both venues; rebalancing and account-specific fees can erase the edge."",""sell_bid"":67818.8}"
2026-09-08T16:47:18+00:00,eu_cross_spot,BTC:buy Kraken / sell Coinbase,BTC,buy Kraken / sell Coinbase,Coinbase<->Kraken,0.032439,-149.967561,NO,"{""buffer_bps"":150.0,""buy_ask"":67818.9,""coinbase_taker_bps"":60.0,""kraken_taker_bps"":80.0,""note"":""Assumes prefunded balances on both venues; rebalancing and account-specific fees can erase the edge."",""sell_bid"":67819.12}"
2026-09-08T16:47:18+00:00,eu_cross_spot,ETH:buy Coinbase / sell Kraken,ETH,buy Coinbase / sell Kraken,Coinbase<->Kraken,-1.954470,-151.954470,NO,"{""buffer_bps"":150.0,""buy_ask"":2148.92,""coinbase_taker_bps"":60.0,""kraken_taker_bps"":80.0,""note"":""Assumes prefunded balances on both venues; rebalancing and account-specific fees can erase the edge."",""sell_bid"":2148.5}"
2026-09-08T16:47:18+00:00,eu_cross_spot,ETH:buy Kraken / sell Coinbase,ETH,buy Kraken / sell Coinbase,Coinbase<->Kraken,0.232719,-149.767281,NO,"{""buffer_bps"":150.0,""buy_ask"":2148.51,""coinbase_taker_bps"":60.0,""kraken_taker_bps"":80.0,""note"":""Assumes prefunded balances on both venues; rebalancing and account-specific fees can erase the edge."",""sell_bid"":2148.56}"
2026-09-08T16:47:18+00:00,eu_cross_spot,SOL:buy Coinbase / sell Kraken,SOL,buy Coinbase / sell Kraken,Coinbase<->Kraken,-1.114579,-151.114579,NO,"{""buffer_bps"":150.0,""buy_ask"":89.72,""coinbase_taker_bps"":60.0,""kraken_taker_bps"":80.0,""note"":""Assumes prefunded balances on both venues; rebalancing and account-specific fees can erase the edge."",""sell_bid"":89.71}"
2026-09-08T16:47:18+00:00,eu_cross_spot,SOL:buy Kraken / sell Coinbase,SOL,buy Kraken / sell Coinbase,Coinbase<->Kraken,-2.229157,-152.229157,NO,"{""buffer_bps"":150.0,""buy_ask"":89.72,""coinbase_taker_bps"":60.0,""kraken_taker_bps"":80.0,""note"":""Assumes prefunded balances on both venues; rebalancing and account-specific fees can erase the edge."",""sell_bid"":89.7}"
2026-09-08T16:47:18+00:00,eur_triangle,Coinbase:BTC:EUR-USDT-BTC-EUR,BTC,EUR->USDT->BTC->EUR,Coinbase,-1.717100,-190.608537,NO,"{""extra_buffer_bps"":10.0,""fee_bps_per_leg_assumption"":60.0,""note"":""Top-of-book paper cycle. Exact Coinbase fee tier and available size must be validated.""}"
2026-09-08T16:47:18+00:00,eur_triangle,Coinbase:BTC:EUR-BTC-USDT-EUR,BTC,EUR->BTC->USDT->EUR,Coinbase,-0.993018,-189.897411,NO,"{""extra_buffer_bps"":10.0,""fee_bps_per_leg_assumption"":60.0,""note"":""Top-of-book paper cycle. Exact Coinbase fee tier and available size must be validated.""}"
2026-09-08T16:47:18+00:00,eur_triangle,Kraken:BTC:EUR-USDT-BTC-EUR,BTC,EUR->USDT->BTC->EUR,Kraken,-0.737195,-248.804764,NO,"{""extra_buffer_bps"":10.0,""fee_bps_per_leg_assumption"":80.0,""note"":""Top-of-book paper cycle. Exact Kraken fee tier and available size must be validated.""}"
2026-09-08T16:47:18+00:00,eur_triangle,Kraken:BTC:EUR-BTC-USDT-EUR,BTC,EUR->BTC->USDT->EUR,Kraken,-0.744077,-248.811482,NO,"{""extra_buffer_bps"":10.0,""fee_bps_per_leg_assumption"":80.0,""note"":""Top-of-book paper cycle. Exact Kraken fee tier and available size must be validated.""}"
2026-09-08T16:47:18+00:00,eur_triangle,Coinbase:ETH:EUR-USDT-ETH-EUR,ETH,EUR->USDT->ETH->EUR,Coinbase,-3.104238,-191.970856,NO,"{""extra_buffer_bps"":10.0,""fee_bps_per_leg_assumption"":60.0,""note"":""Top-of-book paper cycle. Exact Coinbase fee tier and available size must be validated.""}"
2026-09-08T16:47:18+00:00,eur_triangle,Coinbase:ETH:EUR-ETH-USDT-EUR,ETH,EUR->ETH->USDT->EUR,Coinbase,-2.931882,-191.801584,NO,"{""extra_buffer_bps"":10.0,""fee_bps_per_leg_assumption"":60.0,""note"":""Top-of-book paper cycle. Exact Coinbase fee tier and available size must be validated.""}"
2026-09-08T16:47:18+00:00,eur_triangle,Kraken:ETH:EUR-USDT-ETH-EUR,ETH,EUR->USDT->ETH->EUR,Kraken,-2.186331,-250.219398,NO,"{""extra_buffer_bps"":10.0,""fee_bps_per_leg_assumption"":80.0,""note"":""Top-of-book paper cycle. Exact Kraken fee tier and available size must be validated.""}"
2026-09-08T16:47:18+00:00,eur_triangle,Kraken:ETH:EUR-ETH-USDT-EUR,ETH,EUR->ETH->USDT->EUR,Kraken,0.937976,-247.169476,NO,"{""extra_buffer_bps"":10.0,""fee_bps_per_leg_assumption"":80.0,""note"":""Top-of-book paper cycle. Exact Kraken fee tier and available size must be validated.""}"
2026-09-08T16:47:18+00:00,eur_triangle,Coinbase:SOL:EUR-USDT-SOL-EUR,SOL,EUR->USDT->SOL->EUR,Coinbase,-3.031255,-191.899179,NO,"{""extra_buffer_bps"":10.0,""fee_bps_per_leg_assumption"":60.0,""note"":""Top-of-book paper cycle. Exact Coinbase fee tier and available size must be validated.""}"
2026-09-08T16:47:18+00:00,eur_triangle,Coinbase:SOL:EUR-SOL-USDT-EUR,SOL,EUR->SOL->USDT->EUR,Coinbase,-0.273072,-189.190346,NO,"{""extra_buffer_bps"":10.0,""fee_bps_per_leg_assumption"":60.0,""note"":""Top-of-book paper cycle. Exact Coinbase fee tier and available size must be validated.""}"
2026-09-08T16:47:18+00:00,eur_triangle,Kraken:SOL:EUR-USDT-SOL-EUR,SOL,EUR->USDT->SOL->EUR,Kraken,-2.759466,-250.778887,NO,"{""extra_buffer_bps"":10.0,""fee_bps_per_leg_assumption"":80.0,""note"":""Top-of-book paper cycle. Exact Kraken fee tier and available size must be validated.""}"
2026-09-08T16:47:18+00:00,eur_triangle,Kraken:SOL:EUR-SOL-USDT-EUR,SOL,EUR->SOL->USDT->EUR,Kraken,-0.475925,-248.549714,NO,"{""extra_buffer_bps"":10.0,""fee_bps_per_leg_assumption"":80.0,""note"":""Top-of-book paper cycle. Exact Kraken fee tier and available size must be validated.""}"
2026-09-08T16:47:18+00:00,stable_eur_dislocation,Coinbase:USDC-EUR-USDT,USDC/USDT,USDC->EUR->USDT,Coinbase,-1.278163,-31.278163,NO,"{""buffer_bps"":30.0,""note"":""Two-leg stablecoin conversion via EUR; issuer, venue and fee risks remain."",""usdc_eur"":{""ask"":0.8606,""bid"":0.8605,""last"":0.8606},""usdt_eur"":{""ask"":0.86061,""bid"":0.8606,""last"":0.8606}}"
2026-09-08T16:47:18+00:00,stable_eur_dislocation,Coinbase:USDT-EUR-USDC,USDT/USDC,USDT->EUR->USDC,Coinbase,0.000000,-30.000000,NO,"{""buffer_bps"":30.0,""note"":""Two-leg stablecoin conversion via EUR; issuer, venue and fee risks remain."",""usdc_eur"":{""ask"":0.8606,""bid"":0.8605,""last"":0.8606},""usdt_eur"":{""ask"":0.86061,""bid"":0.8606,""last"":0.8606}}"
2026-09-08T16:47:18+00:00,stable_eur_dislocation,Kraken:USDC-EUR-USDT,USDC/USDT,USDC->EUR->USDT,Kraken,0.000000,-50.000000,NO,"{""buffer_bps"":50.0,""note"":""Two-leg stablecoin conversion via EUR; issuer, venue and fee risks remain."",""usdc_eur"":{""ask"":0.8607,""bid"":0.8606,""last"":0.8606},""usdt_eur"":{""ask"":0.8606,""bid"":0.8605,""last"":0.8606}}"
2026-09-08T16:47:18+00:00,stable_eur_dislocation,Kraken:USDT-EUR-USDC,USDT/USDC,USDT->EUR->USDC,Kraken,-2.323690,-52.323690,NO,"{""buffer_bps"":50.0,""note"":""Two-leg stablecoin conversion via EUR; issuer, venue and fee risks remain."",""usdc_eur"":{""ask"":0.8607,""bid"":0.8606,""last"":0.8606},""usdt_eur"":{""ask"":0.8606,""bid"":0.8605,""last"":0.8606}}"
2026-09-08T17:05:01+00:00,eu_cross_spot,BTC:buy Coinbase / sell Kraken,BTC,buy Coinbase / sell Kraken,Coinbase<->Kraken,1.304914,-148.695086,NO,"{""buffer_bps"":150.0,""buy_ask"":67820.55,""coinbase_taker_bps"":60.0,""kraken_taker_bps"":80.0,""note"":""Assumes prefunded balances on both venues; rebalancing and account-specific fees can erase the edge."",""sell_bid"":67829.4}"
2026-09-08T17:05:01+00:00,eu_cross_spot,BTC:buy Kraken / sell Coinbase,BTC,buy Kraken / sell Coinbase,Coinbase<->Kraken,-1.320959,-151.320959,NO,"{""buffer_bps"":150.0,""buy_ask"":67829.5,""coinbase_taker_bps"":60.0,""kraken_taker_bps"":80.0,""note"":""Assumes prefunded balances on both venues; rebalancing and account-specific fees can erase the edge."",""sell_bid"":67820.54}"
2026-09-08T17:05:01+00:00,eu_cross_spot,ETH:buy Coinbase / sell Kraken,ETH,buy Coinbase / sell Kraken,Coinbase<->Kraken,-1.115864,-151.115864,NO,"{""buffer_bps"":150.0,""buy_ask"":2150.8,""coinbase_taker_bps"":60.0,""kraken_taker_bps"":80.0,""note"":""Assumes prefunded balances on both venues; rebalancing and account-specific fees can erase the edge."",""sell_bid"":2150.56}"
2026-09-08T17:05:01+00:00,eu_cross_spot,ETH:buy Kraken / sell Coinbase,ETH,buy Kraken / sell Coinbase,Coinbase<->Kraken,-0.511492,-150.511492,NO,"{""buffer_bps"":150.0,""buy_ask"":2150.57,""coinbase_taker_bps"":60.0,""kraken_taker_bps"":80.0,""note"":""Assumes prefunded balances on both venues; rebalancing and account-specific fees can erase the edge."",""sell_bid"":2150.46}"
2026-09-08T17:05:01+00:00,eu_cross_spot,SOL:buy Coinbase / sell Kraken,SOL,buy Coinbase / sell Kraken,Coinbase<->Kraken,-1.115200,-151.115200,NO,"{""buffer_bps"":150.0,""buy_ask"":89.67,""coinbase_taker_bps"":60.0,""kraken_taker_bps"":80.0,""note"":""Assumes prefunded balances on both venues; rebalancing and account-specific fees can erase the edge."",""sell_bid"":89.66}"
2026-09-08T17:05:01+00:00,eu_cross_spot,SOL:buy Kraken / sell Coinbase,SOL,buy Kraken / sell Coinbase,Coinbase<->Kraken,-2.230400,-152.230400,NO,"{""buffer_bps"":150.0,""buy_ask"":89.67,""coinbase_taker_bps"":60.0,""kraken_taker_bps"":80.0,""note"":""Assumes prefunded balances on both venues; rebalancing and account-specific fees can erase the edge."",""sell_bid"":89.65}"
2026-09-08T17:05:01+00:00,eur_triangle,Coinbase:BTC:EUR-USDT-BTC-EUR,BTC,EUR->USDT->BTC->EUR,Coinbase,-0.481174,-189.394725,NO,"{""extra_buffer_bps"":10.0,""fee_bps_per_leg_assumption"":60.0,""note"":""Top-of-book paper cycle. Exact Coinbase fee tier and available size must be validated.""}"
2026-09-08T17:05:01+00:00,eur_triangle,Coinbase:BTC:EUR-BTC-USDT-EUR,BTC,EUR->BTC->USDT->EUR,Coinbase,-1.196768,-190.097516,NO,"{""extra_buffer_bps"":10.0,""fee_bps_per_leg_assumption"":60.0,""note"":""Top-of-book paper cycle. Exact Coinbase fee tier and available size must be validated.""}"
2026-09-08T17:05:01+00:00,eur_triangle,Kraken:BTC:EUR-USDT-BTC-EUR,BTC,EUR->USDT->BTC->EUR,Kraken,-0.085237,-248.168327,NO,"{""extra_buffer_bps"":10.0,""fee_bps_per_leg_assumption"":80.0,""note"":""Top-of-book paper cycle. Exact Kraken fee tier and available size must be validated.""}"
2026-09-08T17:05:01+00:00,eur_triangle,Kraken:BTC:EUR-BTC-USDT-EUR,BTC,EUR->BTC->USDT->EUR,Kraken,-1.117130,-249.175653,NO,"{""extra_buffer_bps"":10.0,""fee_bps_per_leg_assumption"":80.0,""note"":""Top-of-book paper cycle. Exact Kraken fee tier and available size must be validated.""}"
2026-09-08T17:05:01+00:00,eur_triangle,Coinbase:ETH:EUR-USDT-ETH-EUR,ETH,EUR->USDT->ETH->EUR,Coinbase,-3.903636,-192.755951,NO,"{""extra_buffer_bps"":10.0,""fee_bps_per_leg_assumption"":60.0,""note"":""Top-of-book paper cycle. Exact Coinbase fee tier and available size must be validated.""}"
2026-09-08T17:05:01+00:00,eur_triangle,Coinbase:ETH:EUR-ETH-USDT-EUR,ETH,EUR->ETH->USDT->EUR,Coinbase,-0.752460,-189.661156,NO,"{""extra_buffer_bps"":10.0,""fee_bps_per_leg_assumption"":60.0,""note"":""Top-of-book paper cycle. Exact Coinbase fee tier and available size must be validated.""}"
2026-09-08T17:05:01+00:00,eur_triangle,Kraken:ETH:EUR-USDT-ETH-EUR,ETH,EUR->USDT->ETH->EUR,Kraken,-2.005568,-250.042939,NO,"{""extra_buffer_bps"":10.0,""fee_bps_per_leg_assumption"":80.0,""note"":""Top-of-book paper cycle. Exact Kraken fee tier and available size must be validated.""}"
2026-09-08T17:05:01+00:00,eur_triangle,Kraken:ETH:EUR-ETH-USDT-EUR,ETH,EUR->ETH->USDT->EUR,Kraken,0.676974,-247.424264,NO,"{""extra_buffer_bps"":10.0,""fee_bps_per_leg_assumption"":80.0,""note"":""Top-of-book paper cycle. Exact Kraken fee tier and available size must be validated.""}"
2026-09-08T17:05:01+00:00,eur_triangle,Coinbase:SOL:EUR-USDT-SOL-EUR,SOL,EUR->USDT->SOL->EUR,Coinbase,-0.324039,-189.240401,NO,"{""extra_buffer_bps"":10.0,""fee_bps_per_leg_assumption"":60.0,""note"":""Top-of-book paper cycle. Exact Coinbase fee tier and available size must be validated.""}"
2026-09-08T17:05:01+00:00,eur_triangle,Coinbase:SOL:EUR-SOL-USDT-EUR,SOL,EUR->SOL->USDT->EUR,Coinbase,-3.941452,-192.793091,NO,"{""extra_buffer_bps"":10.0,""fee_bps_per_leg_assumption"":60.0,""note"":""Top-of-book paper cycle. Exact Coinbase fee tier and available size must be validated.""}"
2026-09-08T17:05:01+00:00,eur_triangle,Kraken:SOL:EUR-USDT-SOL-EUR,SOL,EUR->USDT->SOL->EUR,Kraken,-2.173518,-250.206890,NO,"{""extra_buffer_bps"":10.0,""fee_bps_per_leg_assumption"":80.0,""note"":""Top-of-book paper cycle. Exact Kraken fee tier and available size must be validated.""}"
2026-09-08T17:05:01+00:00,eur_triangle,Kraken:SOL:EUR-SOL-USDT-EUR,SOL,EUR->SOL->USDT->EUR,Kraken,-1.063232,-249.123038,NO,"{""extra_buffer_bps"":10.0,""fee_bps_per_leg_assumption"":80.0,""note"":""Top-of-book paper cycle. Exact Kraken fee tier and available size must be validated.""}"
2026-09-08T17:05:01+00:00,stable_eur_dislocation,Coinbase:USDC-EUR-USDT,USDC/USDT,USDC->EUR->USDT,Coinbase,-0.116237,-30.116237,NO,"{""buffer_bps"":30.0,""note"":""Two-leg stablecoin conversion via EUR; issuer, venue and fee risks remain."",""usdc_eur"":{""ask"":0.8604,""bid"":0.8603,""last"":0.8604},""usdt_eur"":{""ask"":0.86031,""bid"":0.8603,""last"":0.8603}}"
2026-09-08T17:05:01+00:00,stable_eur_dislocation,Coinbase:USDT-EUR-USDC,USDT/USDC,USDT->EUR->USDC,Coinbase,-1.162250,-31.162250,NO,"{""buffer_bps"":30.0,""note"":""Two-leg stablecoin conversion via EUR; issuer, venue and fee risks remain."",""usdc_eur"":{""ask"":0.8604,""bid"":0.8603,""last"":0.8604},""usdt_eur"":{""ask"":0.86031,""bid"":0.8603,""last"":0.8603}}"
2026-09-08T17:05:01+00:00,stable_eur_dislocation,Kraken:USDC-EUR-USDT,USDC/USDT,USDC->EUR->USDT,Kraken,-1.162250,-51.162250,NO,"{""buffer_bps"":50.0,""note"":""Two-leg stablecoin conversion via EUR; issuer, venue and fee risks remain."",""usdc_eur"":{""ask"":0.8604,""bid"":0.8603,""last"":0.8603},""usdt_eur"":{""ask"":0.8604,""bid"":0.8603,""last"":0.8604}}"
2026-09-08T17:05:01+00:00,stable_eur_dislocation,Kraken:USDT-EUR-USDC,USDT/USDC,USDT->EUR->USDC,Kraken,-1.162250,-51.162250,NO,"{""buffer_bps"":50.0,""note"":""Two-leg stablecoin conversion via EUR; issuer, venue and fee risks remain."",""usdc_eur"":{""ask"":0.8604,""bid"":0.8603,""last"":0.8603},""usdt_eur"":{""ask"":0.8604,""bid"":0.8603,""last"":0.8604}}"
2026-09-08T19:07:41+00:00,eu_cross_spot,BTC:buy Coinbase / sell Kraken,BTC,buy Coinbase / sell Kraken,Coinbase<->Kraken,-0.569254,-150.569254,NO,"{""buffer_bps"":150.0,""buy_ask"":67456.74,""coinbase_taker_bps"":60.0,""kraken_taker_bps"":80.0,""note"":""Assumes prefunded balances on both venues; rebalancing and account-specific fees can erase the edge."",""sell_bid"":67452.9}"
2026-09-08T19:07:41+00:00,eu_cross_spot,BTC:buy Kraken / sell Coinbase,BTC,buy Kraken / sell Coinbase,Coinbase<->Kraken,-0.348391,-150.348391,NO,"{""buffer_bps"":150.0,""buy_ask"":67453.0,""coinbase_taker_bps"":60.0,""kraken_taker_bps"":80.0,""note"":""Assumes prefunded balances on both venues; rebalancing and account-specific fees can erase the edge."",""sell_bid"":67450.65}"
2026-09-08T19:07:41+00:00,eu_cross_spot,ETH:buy Coinbase / sell Kraken,ETH,buy Coinbase / sell Kraken,Coinbase<->Kraken,-0.373970,-150.373970,NO,"{""buffer_bps"":150.0,""buy_ask"":2139.21,""coinbase_taker_bps"":60.0,""kraken_taker_bps"":80.0,""note"":""Assumes prefunded balances on both venues; rebalancing and account-specific fees can erase the edge."",""sell_bid"":2139.13}"
2026-09-08T19:07:41+00:00,eu_cross_spot,ETH:buy Kraken / sell Coinbase,ETH,buy Kraken / sell Coinbase,Coinbase<->Kraken,-1.075198,-151.075198,NO,"{""buffer_bps"":150.0,""buy_ask"":2139.14,""coinbase_taker_bps"":60.0,""kraken_taker_bps"":80.0,""note"":""Assumes prefunded balances on both venues; rebalancing and account-specific fees can erase the edge."",""sell_bid"":2138.91}"
2026-09-08T19:07:41+00:00,eu_cross_spot,SOL:buy Coinbase / sell Kraken,SOL,buy Coinbase / sell Kraken,Coinbase<->Kraken,-1.123722,-151.123722,NO,"{""buffer_bps"":150.0,""buy_ask"":88.99,""coinbase_taker_bps"":60.0,""kraken_taker_bps"":80.0,""note"":""Assumes prefunded balances on both venues; rebalancing and account-specific fees can erase the edge."",""sell_bid"":88.98}"
2026-09-08T19:07:41+00:00,eu_cross_spot,SOL:buy Kraken / sell Coinbase,SOL,buy Kraken / sell Coinbase,Coinbase<->Kraken,-2.247444,-152.247444,NO,"{""buffer_bps"":150.0,""buy_ask"":88.99,""coinbase_taker_bps"":60.0,""kraken_taker_bps"":80.0,""note"":""Assumes prefunded balances on both venues; rebalancing and account-specific fees can erase the edge."",""sell_bid"":88.97}"
2026-09-08T19:07:41+00:00,eur_triangle,Coinbase:BTC:EUR-USDT-BTC-EUR,BTC,EUR->USDT->BTC->EUR,Coinbase,-1.269950,-190.169388,NO,"{""extra_buffer_bps"":10.0,""fee_bps_per_leg_assumption"":60.0,""note"":""Top-of-book paper cycle. Exact Coinbase fee tier and available size must be validated.""}"
2026-09-08T19:07:41+00:00,eur_triangle,Coinbase:BTC:EUR-BTC-USDT-EUR,BTC,EUR->BTC->USDT->EUR,Coinbase,-1.938291,-190.825771,NO,"{""extra_buffer_bps"":10.0,""fee_bps_per_leg_assumption"":60.0,""note"":""Top-of-book paper cycle. Exact Coinbase fee tier and available size must be validated.""}"
2026-09-08T19:07:41+00:00,eur_triangle,Kraken:BTC:EUR-USDT-BTC-EUR,BTC,EUR->USDT->BTC->EUR,Kraken,-0.996334,-249.057733,NO,"{""extra_buffer_bps"":10.0,""fee_bps_per_leg_assumption"":80.0,""note"":""Top-of-book paper cycle. Exact Kraken fee tier and available size must be validated.""}"
2026-09-08T19:07:41+00:00,eur_triangle,Kraken:BTC:EUR-BTC-USDT-EUR,BTC,EUR->BTC->USDT->EUR,Kraken,-0.193913,-248.274416,NO,"{""extra_buffer_bps"":10.0,""fee_bps_per_leg_assumption"":80.0,""note"":""Top-of-book paper cycle. Exact Kraken fee tier and available size must be validated.""}"
2026-09-08T19:07:41+00:00,eur_triangle,Coinbase:ETH:EUR-USDT-ETH-EUR,ETH,EUR->USDT->ETH->EUR,Coinbase,-0.741912,-189.650797,NO,"{""extra_buffer_bps"":10.0,""fee_bps_per_leg_assumption"":60.0,""note"":""Top-of-book paper cycle. Exact Coinbase fee tier and available size must be validated.""}"
2026-09-08T19:07:41+00:00,eur_triangle,Coinbase:ETH:EUR-ETH-USDT-EUR,ETH,EUR->ETH->USDT->EUR,Coinbase,-4.515937,-193.357297,NO,"{""extra_buffer_bps"":10.0,""fee_bps_per_leg_assumption"":60.0,""note"":""Top-of-book paper cycle. Exact Coinbase fee tier and available size must be validated.""}"
2026-09-08T19:07:41+00:00,eur_triangle,Kraken:ETH:EUR-USDT-ETH-EUR,ETH,EUR->USDT->ETH->EUR,Kraken,-0.316544,-248.394127,NO,"{""extra_buffer_bps"":10.0,""fee_bps_per_leg_assumption"":80.0,""note"":""Top-of-book paper cycle. Exact Kraken fee tier and available size must be validated.""}"
2026-09-08T19:07:41+00:00,eur_triangle,Kraken:ETH:EUR-ETH-USDT-EUR,ETH,EUR->ETH->USDT->EUR,Kraken,-1.053694,-249.113728,NO,"{""extra_buffer_bps"":10.0,""fee_bps_per_leg_assumption"":80.0,""note"":""Top-of-book paper cycle. Exact Kraken fee tier and available size must be validated.""}"
2026-09-08T19:07:41+00:00,eur_triangle,Coinbase:SOL:EUR-USDT-SOL-EUR,SOL,EUR->USDT->SOL->EUR,Coinbase,-2.758259,-191.631068,NO,"{""extra_buffer_bps"":10.0,""fee_bps_per_leg_assumption"":60.0,""note"":""Top-of-book paper cycle. Exact Coinbase fee tier and available size must be validated.""}"
2026-09-08T19:07:41+00:00,eur_triangle,Coinbase:SOL:EUR-SOL-USDT-EUR,SOL,EUR->SOL->USDT->EUR,Coinbase,-1.538319,-190.432955,NO,"{""extra_buffer_bps"":10.0,""fee_bps_per_leg_assumption"":60.0,""note"":""Top-of-book paper cycle. Exact Coinbase fee tier and available size must be validated.""}"
2026-09-08T19:07:41+00:00,eur_triangle,Kraken:SOL:EUR-USDT-SOL-EUR,SOL,EUR->USDT->SOL->EUR,Kraken,-1.634595,-249.680797,NO,"{""extra_buffer_bps"":10.0,""fee_bps_per_leg_assumption"":80.0,""note"":""Top-of-book paper cycle. Exact Kraken fee tier and available size must be validated.""}"
2026-09-08T19:07:41+00:00,eur_triangle,Kraken:SOL:EUR-SOL-USDT-EUR,SOL,EUR->SOL->USDT->EUR,Kraken,-2.584560,-250.608146,NO,"{""extra_buffer_bps"":10.0,""fee_bps_per_leg_assumption"":80.0,""note"":""Top-of-book paper cycle. Exact Kraken fee tier and available size must be validated.""}"
2026-09-08T19:07:41+00:00,stable_eur_dislocation,Coinbase:USDC-EUR-USDT,USDC/USDT,USDC->EUR->USDT,Coinbase,0.000000,-30.000000,NO,"{""buffer_bps"":30.0,""note"":""Two-leg stablecoin conversion via EUR; issuer, venue and fee risks remain."",""usdc_eur"":{""ask"":0.8602,""bid"":0.8601,""last"":0.8602},""usdt_eur"":{""ask"":0.8601,""bid"":0.86009,""last"":0.86004}}"
2026-09-08T19:07:41+00:00,stable_eur_dislocation,Coinbase:USDT-EUR-USDC,USDT/USDC,USDT->EUR->USDC,Coinbase,-1.278772,-31.278772,NO,"{""buffer_bps"":30.0,""note"":""Two-leg stablecoin conversion via EUR; issuer, venue and fee risks remain."",""usdc_eur"":{""ask"":0.8602,""bid"":0.8601,""last"":0.8602},""usdt_eur"":{""ask"":0.8601,""bid"":0.86009,""last"":0.86004}}"
2026-09-08T19:07:41+00:00,stable_eur_dislocation,Kraken:USDC-EUR-USDT,USDC/USDT,USDC->EUR->USDT,Kraken,0.000000,-50.000000,NO,"{""buffer_bps"":50.0,""note"":""Two-leg stablecoin conversion via EUR; issuer, venue and fee risks remain."",""usdc_eur"":{""ask"":0.8602,""bid"":0.8601,""last"":0.8602},""usdt_eur"":{""ask"":0.8601,""bid"":0.86,""last"":0.8601}}"
2026-09-08T19:07:41+00:00,stable_eur_dislocation,Kraken:USDT-EUR-USDC,USDT/USDC,USDT->EUR->USDC,Kraken,-2.325041,-52.325041,NO,"{""buffer_bps"":50.0,""note"":""Two-leg stablecoin conversion via EUR; issuer, venue and fee risks remain."",""usdc_eur"":{""ask"":0.8602,""bid"":0.8601,""last"":0.8602},""usdt_eur"":{""ask"":0.8601,""bid"":0.86,""last"":0.8601}}"
2026-09-08T19:45:17+00:00,eu_cross_spot,BTC:buy Coinbase / sell Kraken,BTC,buy Coinbase / sell Kraken,Coinbase<->Kraken,1.322471,-148.677529,NO,"{""buffer_bps"":150.0,""buy_ask"":67449.48,""coinbase_taker_bps"":60.0,""kraken_taker_bps"":80.0,""note"":""Assumes prefunded balances on both venues; rebalancing and account-specific fees can erase the edge."",""sell_bid"":67458.4}"
2026-09-08T19:45:17+00:00,eu_cross_spot,BTC:buy Kraken / sell Coinbase,BTC,buy Kraken / sell Coinbase,Coinbase<->Kraken,-1.338601,-151.338601,NO,"{""buffer_bps"":150.0,""buy_ask"":67458.5,""coinbase_taker_bps"":60.0,""kraken_taker_bps"":80.0,""note"":""Assumes prefunded balances on both venues; rebalancing and account-specific fees can erase the edge."",""sell_bid"":67449.47}"
2026-09-08T19:45:17+00:00,eu_cross_spot,ETH:buy Coinbase / sell Kraken,ETH,buy Coinbase / sell Kraken,Coinbase<->Kraken,0.843162,-149.156838,NO,"{""buffer_bps"":150.0,""buy_ask"":2134.82,""coinbase_taker_bps"":60.0,""kraken_taker_bps"":80.0,""note"":""Assumes prefunded balances on both venues; rebalancing and account-specific fees can erase the edge."",""sell_bid"":2135.0}"
2026-09-08T19:45:17+00:00,eu_cross_spot,ETH:buy Kraken / sell Coinbase,ETH,buy Kraken / sell Coinbase,Coinbase<->Kraken,-2.295071,-152.295071,NO,"{""buffer_bps"":150.0,""buy_ask"":2135.01,""coinbase_taker_bps"":60.0,""kraken_taker_bps"":80.0,""note"":""Assumes prefunded balances on both venues; rebalancing and account-specific fees can erase the edge."",""sell_bid"":2134.52}"
2026-09-08T19:45:17+00:00,eu_cross_spot,SOL:buy Coinbase / sell Kraken,SOL,buy Coinbase / sell Kraken,Coinbase<->Kraken,-2.254283,-152.254283,NO,"{""buffer_bps"":150.0,""buy_ask"":88.72,""coinbase_taker_bps"":60.0,""kraken_taker_bps"":80.0,""note"":""Assumes prefunded balances on both venues; rebalancing and account-specific fees can erase the edge."",""sell_bid"":88.7}"
2026-09-08T19:45:17+00:00,eu_cross_spot,SOL:buy Kraken / sell Coinbase,SOL,buy Kraken / sell Coinbase,Coinbase<->Kraken,-1.127269,-151.127269,NO,"{""buffer_bps"":150.0,""buy_ask"":88.71,""coinbase_taker_bps"":60.0,""kraken_taker_bps"":80.0,""note"":""Assumes prefunded balances on both venues; rebalancing and account-specific fees can erase the edge."",""sell_bid"":88.7}"
2026-09-08T19:45:17+00:00,eur_triangle,Coinbase:BTC:EUR-USDT-BTC-EUR,BTC,EUR->USDT->BTC->EUR,Coinbase,-0.290135,-189.207104,NO,"{""extra_buffer_bps"":10.0,""fee_bps_per_leg_assumption"":60.0,""note"":""Top-of-book paper cycle. Exact Coinbase fee tier and available size must be validated.""}"
2026-09-08T19:45:17+00:00,eur_triangle,Coinbase:BTC:EUR-BTC-USDT-EUR,BTC,EUR->BTC->USDT->EUR,Coinbase,-1.641336,-190.534129,NO,"{""extra_buffer_bps"":10.0,""fee_bps_per_leg_assumption"":60.0,""note"":""Top-of-book paper cycle. Exact Coinbase fee tier and available size must be validated.""}"
2026-09-08T19:45:17+00:00,eur_triangle,Kraken:BTC:EUR-USDT-BTC-EUR,BTC,EUR->USDT->BTC->EUR,Kraken,1.691447,-246.433944,NO,"{""extra_buffer_bps"":10.0,""fee_bps_per_leg_assumption"":80.0,""note"":""Top-of-book paper cycle. Exact Kraken fee tier and available size must be validated.""}"
2026-09-08T19:45:17+00:00,eur_triangle,Kraken:BTC:EUR-BTC-USDT-EUR,BTC,EUR->BTC->USDT->EUR,Kraken,-2.881054,-250.897581,NO,"{""extra_buffer_bps"":10.0,""fee_bps_per_leg_assumption"":80.0,""note"":""Top-of-book paper cycle. Exact Kraken fee tier and available size must be validated.""}"
2026-09-08T19:45:17+00:00,eur_triangle,Coinbase:ETH:EUR-USDT-ETH-EUR,ETH,EUR->USDT->ETH->EUR,Coinbase,-1.742559,-190.633541,NO,"{""extra_buffer_bps"":10.0,""fee_bps_per_leg_assumption"":60.0,""note"":""Top-of-book paper cycle. Exact Coinbase fee tier and available size must be validated.""}"
2026-09-08T19:45:17+00:00,eur_triangle,Coinbase:ETH:EUR-ETH-USDT-EUR,ETH,EUR->ETH->USDT->EUR,Coinbase,-3.279911,-192.143386,NO,"{""extra_buffer_bps"":10.0,""fee_bps_per_leg_assumption"":60.0,""note"":""Top-of-book paper cycle. Exact Coinbase fee tier and available size must be validated.""}"
2026-09-08T19:45:17+00:00,eur_triangle,Kraken:ETH:EUR-USDT-ETH-EUR,ETH,EUR->USDT->ETH->EUR,Kraken,1.373828,-246.744001,NO,"{""extra_buffer_bps"":10.0,""fee_bps_per_leg_assumption"":80.0,""note"":""Top-of-book paper cycle. Exact Kraken fee tier and available size must be validated.""}"
2026-09-08T19:45:17+00:00,eur_triangle,Kraken:ETH:EUR-ETH-USDT-EUR,ETH,EUR->ETH->USDT->EUR,Kraken,-2.663397,-250.685106,NO,"{""extra_buffer_bps"":10.0,""fee_bps_per_leg_assumption"":80.0,""note"":""Top-of-book paper cycle. Exact Kraken fee tier and available size must be validated.""}"
2026-09-08T19:45:17+00:00,eur_triangle,Coinbase:SOL:EUR-USDT-SOL-EUR,SOL,EUR->USDT->SOL->EUR,Coinbase,-1.865627,-190.754407,NO,"{""extra_buffer_bps"":10.0,""fee_bps_per_leg_assumption"":60.0,""note"":""Top-of-book paper cycle. Exact Coinbase fee tier and available size must be validated.""}"
2026-09-08T19:45:17+00:00,eur_triangle,Coinbase:SOL:EUR-SOL-USDT-EUR,SOL,EUR->SOL->USDT->EUR,Coinbase,-2.560392,-191.436741,NO,"{""extra_buffer_bps"":10.0,""fee_bps_per_leg_assumption"":60.0,""note"":""Top-of-book paper cycle. Exact Coinbase fee tier and available size must be validated.""}"
2026-09-08T19:45:17+00:00,eur_triangle,Kraken:SOL:EUR-USDT-SOL-EUR,SOL,EUR->USDT->SOL->EUR,Kraken,-1.400706,-249.452477,NO,"{""extra_buffer_bps"":10.0,""fee_bps_per_leg_assumption"":80.0,""note"":""Top-of-book paper cycle. Exact Kraken fee tier and available size must be validated.""}"
2026-09-08T19:45:17+00:00,eur_triangle,Kraken:SOL:EUR-SOL-USDT-EUR,SOL,EUR->SOL->USDT->EUR,Kraken,-1.858641,-249.899509,NO,"{""extra_buffer_bps"":10.0,""fee_bps_per_leg_assumption"":80.0,""note"":""Top-of-book paper cycle. Exact Kraken fee tier and available size must be validated.""}"
2026-09-08T19:45:17+00:00,stable_eur_dislocation,Coinbase:USDC-EUR-USDT,USDC/USDT,USDC->EUR->USDT,Coinbase,-0.464987,-30.464987,NO,"{""buffer_bps"":30.0,""note"":""Two-leg stablecoin conversion via EUR; issuer, venue and fee risks remain."",""usdc_eur"":{""ask"":0.8603,""bid"":0.8602,""last"":0.8603},""usdt_eur"":{""ask"":0.86024,""bid"":0.86022,""last"":0.86022}}"
2026-09-08T19:45:17+00:00,stable_eur_dislocation,Coinbase:USDT-EUR-USDC,USDT/USDC,USDT->EUR->USDC,Coinbase,-0.929908,-30.929908,NO,"{""buffer_bps"":30.0,""note"":""Two-leg stablecoin conversion via EUR; issuer, venue and fee risks remain."",""usdc_eur"":{""ask"":0.8603,""bid"":0.8602,""last"":0.8603},""usdt_eur"":{""ask"":0.86024,""bid"":0.86022,""last"":0.86022}}"
2026-09-08T19:45:17+00:00,stable_eur_dislocation,Kraken:USDC-EUR-USDT,USDC/USDT,USDC->EUR->USDT,Kraken,0.000000,-50.000000,NO,"{""buffer_bps"":50.0,""note"":""Two-leg stablecoin conversion via EUR; issuer, venue and fee risks remain."",""usdc_eur"":{""ask"":0.8603,""bid"":0.8602,""last"":0.8603},""usdt_eur"":{""ask"":0.8602,""bid"":0.8601,""last"":0.8601}}"
2026-09-08T19:45:17+00:00,stable_eur_dislocation,Kraken:USDT-EUR-USDC,USDT/USDC,USDT->EUR->USDC,Kraken,-2.324770,-52.324770,NO,"{""buffer_bps"":50.0,""note"":""Two-leg stablecoin conversion via EUR; issuer, venue and fee risks remain."",""usdc_eur"":{""ask"":0.8603,""bid"":0.8602,""last"":0.8603},""usdt_eur"":{""ask"":0.8602,""bid"":0.8601,""last"":0.8601}}"
2026-09-08T19:56:09+00:00,eu_cross_spot,BTC:buy Coinbase / sell Kraken,BTC,buy Coinbase / sell Kraken,Coinbase<->Kraken,-0.421332,-150.421332,NO,"{""buffer_bps"":150.0,""buy_ask"":67405.34,""coinbase_taker_bps"":60.0,""kraken_taker_bps"":80.0,""note"":""Assumes prefunded balances on both venues; rebalancing and account-specific fees can erase the edge."",""sell_bid"":67402.5}"
2026-09-08T19:56:09+00:00,eu_cross_spot,BTC:buy Kraken / sell Coinbase,BTC,buy Kraken / sell Coinbase,Coinbase<->Kraken,-0.574162,-150.574162,NO,"{""buffer_bps"":150.0,""buy_ask"":67402.6,""coinbase_taker_bps"":60.0,""kraken_taker_bps"":80.0,""note"":""Assumes prefunded balances on both venues; rebalancing and account-specific fees can erase the edge."",""sell_bid"":67398.73}"
2026-09-08T19:56:09+00:00,eu_cross_spot,ETH:buy Coinbase / sell Kraken,ETH,buy Coinbase / sell Kraken,Coinbase<->Kraken,-1.125487,-151.125487,NO,"{""buffer_bps"":150.0,""buy_ask"":2132.41,""coinbase_taker_bps"":60.0,""kraken_taker_bps"":80.0,""note"":""Assumes prefunded balances on both venues; rebalancing and account-specific fees can erase the edge."",""sell_bid"":2132.17}"
2026-09-08T19:56:09+00:00,eu_cross_spot,ETH:buy Kraken / sell Coinbase,ETH,buy Kraken / sell Coinbase,Coinbase<->Kraken,-0.562804,-150.562804,NO,"{""buffer_bps"":150.0,""buy_ask"":2132.18,""coinbase_taker_bps"":60.0,""kraken_taker_bps"":80.0,""note"":""Assumes prefunded balances on both venues; rebalancing and account-specific fees can erase the edge."",""sell_bid"":2132.06}"
2026-09-08T19:56:09+00:00,eu_cross_spot,SOL:buy Coinbase / sell Kraken,SOL,buy Coinbase / sell Kraken,Coinbase<->Kraken,-1.129050,-151.129050,NO,"{""buffer_bps"":150.0,""buy_ask"":88.57,""coinbase_taker_bps"":60.0,""kraken_taker_bps"":80.0,""note"":""Assumes prefunded balances on both venues; rebalancing and account-specific fees can erase the edge."",""sell_bid"":88.56}"
2026-09-08T19:56:09+00:00,eu_cross_spot,SOL:buy Kraken / sell Coinbase,SOL,buy Kraken / sell Coinbase,Coinbase<->Kraken,-2.258101,-152.258101,NO,"{""buffer_bps"":150.0,""buy_ask"":88.57,""coinbase_taker_bps"":60.0,""kraken_taker_bps"":80.0,""note"":""Assumes prefunded balances on both venues; rebalancing and account-specific fees can erase the edge."",""sell_bid"":88.55}"
2026-09-08T19:56:09+00:00,eur_triangle,Coinbase:BTC:EUR-USDT-BTC-EUR,BTC,EUR->USDT->BTC->EUR,Coinbase,-1.016890,-189.920855,NO,"{""extra_buffer_bps"":10.0,""fee_bps_per_leg_assumption"":60.0,""note"":""Top-of-book paper cycle. Exact Coinbase fee tier and available size must be validated.""}"
2026-09-08T19:56:09+00:00,eur_triangle,Coinbase:BTC:EUR-BTC-USDT-EUR,BTC,EUR->BTC->USDT->EUR,Coinbase,-2.874004,-191.744742,NO,"{""extra_buffer_bps"":10.0,""fee_bps_per_leg_assumption"":60.0,""note"":""Top-of-book paper cycle. Exact Coinbase fee tier and available size must be validated.""}"
2026-09-08T19:56:09+00:00,eur_triangle,Kraken:BTC:EUR-USDT-BTC-EUR,BTC,EUR->USDT->BTC->EUR,Kraken,-0.553533,-248.625475,NO,"{""extra_buffer_bps"":10.0,""fee_bps_per_leg_assumption"":80.0,""note"":""Top-of-book paper cycle. Exact Kraken fee tier and available size must be validated.""}"
2026-09-08T19:56:09+00:00,eur_triangle,Kraken:BTC:EUR-BTC-USDT-EUR,BTC,EUR->BTC->USDT->EUR,Kraken,-0.827803,-248.893215,NO,"{""extra_buffer_bps"":10.0,""fee_bps_per_leg_assumption"":80.0,""note"":""Top-of-book paper cycle. Exact Kraken fee tier and available size must be validated.""}"
2026-09-08T19:56:09+00:00,eur_triangle,Coinbase:ETH:EUR-USDT-ETH-EUR,ETH,EUR->USDT->ETH->EUR,Coinbase,-1.559892,-190.454142,NO,"{""extra_buffer_bps"":10.0,""fee_bps_per_leg_assumption"":60.0,""note"":""Top-of-book paper cycle. Exact Coinbase fee tier and available size must be validated.""}"
2026-09-08T19:56:09+00:00,eur_triangle,Coinbase:ETH:EUR-ETH-USDT-EUR,ETH,EUR->ETH->USDT->EUR,Coinbase,-1.287049,-190.186181,NO,"{""extra_buffer_bps"":10.0,""fee_bps_per_leg_assumption"":60.0,""note"":""Top-of-book paper cycle. Exact Coinbase fee tier and available size must be validated.""}"
2026-09-08T19:56:09+00:00,eur_triangle,Kraken:ETH:EUR-USDT-ETH-EUR,ETH,EUR->USDT->ETH->EUR,Kraken,-0.626121,-248.696334,NO,"{""extra_buffer_bps"":10.0,""fee_bps_per_leg_assumption"":80.0,""note"":""Top-of-book paper cycle. Exact Kraken fee tier and available size must be validated.""}"
2026-09-08T19:56:09+00:00,eur_triangle,Kraken:ETH:EUR-ETH-USDT-EUR,ETH,EUR->ETH->USDT->EUR,Kraken,-0.623409,-248.693686,NO,"{""extra_buffer_bps"":10.0,""fee_bps_per_leg_assumption"":80.0,""note"":""Top-of-book paper cycle. Exact Kraken fee tier and available size must be validated.""}"
2026-09-08T19:56:09+00:00,eur_triangle,Coinbase:SOL:EUR-USDT-SOL-EUR,SOL,EUR->USDT->SOL->EUR,Coinbase,-1.861630,-190.750481,NO,"{""extra_buffer_bps"":10.0,""fee_bps_per_leg_assumption"":60.0,""note"":""Top-of-book paper cycle. Exact Coinbase fee tier and available size must be validated.""}"
2026-09-08T19:56:09+00:00,eur_triangle,Coinbase:SOL:EUR-SOL-USDT-EUR,SOL,EUR->SOL->USDT->EUR,Coinbase,-1.484159,-190.379765,NO,"{""extra_buffer_bps"":10.0,""fee_bps_per_leg_assumption"":60.0,""note"":""Top-of-book paper cycle. Exact Coinbase fee tier and available size must be validated.""}"
2026-09-08T19:56:09+00:00,eur_triangle,Kraken:SOL:EUR-USDT-SOL-EUR,SOL,EUR->USDT->SOL->EUR,Kraken,-1.081184,-249.140563,NO,"{""extra_buffer_bps"":10.0,""fee_bps_per_leg_assumption"":80.0,""note"":""Top-of-book paper cycle. Exact Kraken fee tier and available size must be validated.""}"
2026-09-08T19:56:09+00:00,eur_triangle,Kraken:SOL:EUR-SOL-USDT-EUR,SOL,EUR->SOL->USDT->EUR,Kraken,-2.181438,-250.214622,NO,"{""extra_buffer_bps"":10.0,""fee_bps_per_leg_assumption"":80.0,""note"":""Top-of-book paper cycle. Exact Kraken fee tier and available size must be validated.""}"
2026-09-08T19:56:09+00:00,stable_eur_dislocation,Coinbase:USDC-EUR-USDT,USDC/USDT,USDC->EUR->USDT,Coinbase,0.348687,-29.651313,NO,"{""buffer_bps"":30.0,""note"":""Two-leg stablecoin conversion via EUR; issuer, venue and fee risks remain."",""usdc_eur"":{""ask"":0.8605,""bid"":0.8604,""last"":0.8605},""usdt_eur"":{""ask"":0.86037,""bid"":0.86036,""last"":0.86037}}"
2026-09-08T19:56:09+00:00,stable_eur_dislocation,Coinbase:USDT-EUR-USDC,USDT/USDC,USDT->EUR->USDC,Coinbase,-1.626961,-31.626961,NO,"{""buffer_bps"":30.0,""note"":""Two-leg stablecoin conversion via EUR; issuer, venue and fee risks remain."",""usdc_eur"":{""ask"":0.8605,""bid"":0.8604,""last"":0.8605},""usdt_eur"":{""ask"":0.86037,""bid"":0.86036,""last"":0.86037}}"
2026-09-08T19:56:09+00:00,stable_eur_dislocation,Kraken:USDC-EUR-USDT,USDC/USDT,USDC->EUR->USDT,Kraken,0.000000,-50.000000,NO,"{""buffer_bps"":50.0,""note"":""Two-leg stablecoin conversion via EUR; issuer, venue and fee risks remain."",""usdc_eur"":{""ask"":0.8605,""bid"":0.8604,""last"":0.8605},""usdt_eur"":{""ask"":0.8604,""bid"":0.8603,""last"":0.8604}}"
2026-09-08T19:56:09+00:00,stable_eur_dislocation,Kraken:USDT-EUR-USDC,USDT/USDC,USDT->EUR->USDC,Kraken,-2.324230,-52.324230,NO,"{""buffer_bps"":50.0,""note"":""Two-leg stablecoin conversion via EUR; issuer, venue and fee risks remain."",""usdc_eur"":{""ask"":0.8605,""bid"":0.8604,""last"":0.8605},""usdt_eur"":{""ask"":0.8604,""bid"":0.8603,""last"":0.8604}}"
2026-09-08T21:57:42+00:00,eu_cross_spot,BTC:buy Coinbase / sell Kraken,BTC,buy Coinbase / sell Kraken,Coinbase<->Kraken,0.016297,-149.983703,NO,"{""buffer_bps"":150.0,""buy_ask"":67497.59,""coinbase_taker_bps"":60.0,""kraken_taker_bps"":80.0,""note"":""Assumes prefunded balances on both venues; rebalancing and account-specific fees can erase the edge."",""sell_bid"":67497.7}"
2026-09-08T21:57:42+00:00,eu_cross_spot,BTC:buy Kraken / sell Coinbase,BTC,buy Kraken / sell Coinbase,Coinbase<->Kraken,-0.511128,-150.511128,NO,"{""buffer_bps"":150.0,""buy_ask"":67497.8,""coinbase_taker_bps"":60.0,""kraken_taker_bps"":80.0,""note"":""Assumes prefunded balances on both venues; rebalancing and account-specific fees can erase the edge."",""sell_bid"":67494.35}"
2026-09-08T21:57:42+00:00,eu_cross_spot,ETH:buy Coinbase / sell Kraken,ETH,buy Coinbase / sell Kraken,Coinbase<->Kraken,-0.656082,-150.656082,NO,"{""buffer_bps"":150.0,""buy_ask"":2133.88,""coinbase_taker_bps"":60.0,""kraken_taker_bps"":80.0,""note"":""Assumes prefunded balances on both venues; rebalancing and account-specific fees can erase the edge."",""sell_bid"":2133.74}"
2026-09-08T21:57:42+00:00,eu_cross_spot,ETH:buy Kraken / sell Coinbase,ETH,buy Kraken / sell Coinbase,Coinbase<->Kraken,-1.265378,-151.265378,NO,"{""buffer_bps"":150.0,""buy_ask"":2133.75,""coinbase_taker_bps"":60.0,""kraken_taker_bps"":80.0,""note"":""Assumes prefunded balances on both venues; rebalancing and account-specific fees can erase the edge."",""sell_bid"":2133.48}"
2026-09-08T21:57:42+00:00,eu_cross_spot,SOL:buy Coinbase / sell Kraken,SOL,buy Coinbase / sell Kraken,Coinbase<->Kraken,-1.129050,-151.129050,NO,"{""buffer_bps"":150.0,""buy_ask"":88.57,""coinbase_taker_bps"":60.0,""kraken_taker_bps"":80.0,""note"":""Assumes prefunded balances on both venues; rebalancing and account-specific fees can erase the edge."",""sell_bid"":88.56}"
2026-09-08T21:57:42+00:00,eu_cross_spot,SOL:buy Kraken / sell Coinbase,SOL,buy Kraken / sell Coinbase,Coinbase<->Kraken,-2.258101,-152.258101,NO,"{""buffer_bps"":150.0,""buy_ask"":88.57,""coinbase_taker_bps"":60.0,""kraken_taker_bps"":80.0,""note"":""Assumes prefunded balances on both venues; rebalancing and account-specific fees can erase the edge."",""sell_bid"":88.55}"
2026-09-08T21:57:42+00:00,eur_triangle,Coinbase:BTC:EUR-USDT-BTC-EUR,BTC,EUR->USDT->BTC->EUR,Coinbase,-0.348848,-189.264767,NO,"{""extra_buffer_bps"":10.0,""fee_bps_per_leg_assumption"":60.0,""note"":""Top-of-book paper cycle. Exact Coinbase fee tier and available size must be validated.""}"
2026-09-08T21:57:42+00:00,eur_triangle,Coinbase:BTC:EUR-BTC-USDT-EUR,BTC,EUR->BTC->USDT->EUR,Coinbase,-3.431448,-192.292212,NO,"{""extra_buffer_bps"":10.0,""fee_bps_per_leg_assumption"":60.0,""note"":""Top-of-book paper cycle. Exact Coinbase fee tier and available size must be validated.""}"
2026-09-08T21:57:42+00:00,eur_triangle,Kraken:BTC:EUR-USDT-BTC-EUR,BTC,EUR->USDT->BTC->EUR,Kraken,-0.381166,-248.457211,NO,"{""extra_buffer_bps"":10.0,""fee_bps_per_leg_assumption"":80.0,""note"":""Top-of-book paper cycle. Exact Kraken fee tier and available size must be validated.""}"
2026-09-08T21:57:42+00:00,eur_triangle,Kraken:BTC:EUR-BTC-USDT-EUR,BTC,EUR->BTC->USDT->EUR,Kraken,-0.808674,-248.874540,NO,"{""extra_buffer_bps"":10.0,""fee_bps_per_leg_assumption"":80.0,""note"":""Top-of-book paper cycle. Exact Kraken fee tier and available size must be validated.""}"
2026-09-08T21:57:42+00:00,eur_triangle,Coinbase:ETH:EUR-USDT-ETH-EUR,ETH,EUR->USDT->ETH->EUR,Coinbase,-2.408282,-191.287353,NO,"{""extra_buffer_bps"":10.0,""fee_bps_per_leg_assumption"":60.0,""note"":""Top-of-book paper cycle. Exact Coinbase fee tier and available size must be validated.""}"
2026-09-08T21:57:42+00:00,eur_triangle,Coinbase:ETH:EUR-ETH-USDT-EUR,ETH,EUR->ETH->USDT->EUR,Coinbase,-4.380256,-193.224043,NO,"{""extra_buffer_bps"":10.0,""fee_bps_per_leg_assumption"":60.0,""note"":""Top-of-book paper cycle. Exact Coinbase fee tier and available size must be validated.""}"
2026-09-08T21:57:42+00:00,eur_triangle,Kraken:ETH:EUR-USDT-ETH-EUR,ETH,EUR->USDT->ETH->EUR,Kraken,-0.606579,-248.677257,NO,"{""extra_buffer_bps"":10.0,""fee_bps_per_leg_assumption"":80.0,""note"":""Top-of-book paper cycle. Exact Kraken fee tier and available size must be validated.""}"
2026-09-08T21:57:42+00:00,eur_triangle,Kraken:ETH:EUR-ETH-USDT-EUR,ETH,EUR->ETH->USDT->EUR,Kraken,-0.884799,-248.948853,NO,"{""extra_buffer_bps"":10.0,""fee_bps_per_leg_assumption"":80.0,""note"":""Top-of-book paper cycle. Exact Kraken fee tier and available size must be validated.""}"
2026-09-08T21:57:42+00:00,eur_triangle,Coinbase:SOL:EUR-USDT-SOL-EUR,SOL,EUR->USDT->SOL->EUR,Coinbase,-0.774056,-189.682367,NO,"{""extra_buffer_bps"":10.0,""fee_bps_per_leg_assumption"":60.0,""note"":""Top-of-book paper cycle. Exact Coinbase fee tier and available size must be validated.""}"
2026-09-08T21:57:42+00:00,eur_triangle,Coinbase:SOL:EUR-SOL-USDT-EUR,SOL,EUR->SOL->USDT->EUR,Coinbase,-3.543130,-192.401895,NO,"{""extra_buffer_bps"":10.0,""fee_bps_per_leg_assumption"":60.0,""note"":""Top-of-book paper cycle. Exact Coinbase fee tier and available size must be validated.""}"
2026-09-08T21:57:42+00:00,eur_triangle,Kraken:SOL:EUR-USDT-SOL-EUR,SOL,EUR->USDT->SOL->EUR,Kraken,-0.109755,-248.192262,NO,"{""extra_buffer_bps"":10.0,""fee_bps_per_leg_assumption"":80.0,""note"":""Top-of-book paper cycle. Exact Kraken fee tier and available size must be validated.""}"
2026-09-08T21:57:42+00:00,eur_triangle,Kraken:SOL:EUR-SOL-USDT-EUR,SOL,EUR->SOL->USDT->EUR,Kraken,-3.152761,-251.162818,NO,"{""extra_buffer_bps"":10.0,""fee_bps_per_leg_assumption"":80.0,""note"":""Top-of-book paper cycle. Exact Kraken fee tier and available size must be validated.""}"
2026-09-08T21:57:42+00:00,stable_eur_dislocation,Coinbase:USDC-EUR-USDT,USDC/USDT,USDC->EUR->USDT,Coinbase,-0.697382,-30.697382,NO,"{""buffer_bps"":30.0,""note"":""Two-leg stablecoin conversion via EUR; issuer, venue and fee risks remain."",""usdc_eur"":{""ask"":0.8604,""bid"":0.8603,""last"":0.8604},""usdt_eur"":{""ask"":0.86036,""bid"":0.86035,""last"":0.86035}}"
2026-09-08T21:57:42+00:00,stable_eur_dislocation,Coinbase:USDT-EUR-USDC,USDT/USDC,USDT->EUR->USDC,Coinbase,-0.581125,-30.581125,NO,"{""buffer_bps"":30.0,""note"":""Two-leg stablecoin conversion via EUR; issuer, venue and fee risks remain."",""usdc_eur"":{""ask"":0.8604,""bid"":0.8603,""last"":0.8604},""usdt_eur"":{""ask"":0.86036,""bid"":0.86035,""last"":0.86035}}"
2026-09-08T21:57:42+00:00,stable_eur_dislocation,Kraken:USDC-EUR-USDT,USDC/USDT,USDC->EUR->USDT,Kraken,-1.162250,-51.162250,NO,"{""buffer_bps"":50.0,""note"":""Two-leg stablecoin conversion via EUR; issuer, venue and fee risks remain."",""usdc_eur"":{""ask"":0.8604,""bid"":0.8603,""last"":0.8603},""usdt_eur"":{""ask"":0.8604,""bid"":0.8603,""last"":0.8604}}"
2026-09-08T21:57:42+00:00,stable_eur_dislocation,Kraken:USDT-EUR-USDC,USDT/USDC,USDT->EUR->USDC,Kraken,-1.162250,-51.162250,NO,"{""buffer_bps"":50.0,""note"":""Two-leg stablecoin conversion via EUR; issuer, venue and fee risks remain."",""usdc_eur"":{""ask"":0.8604,""bid"":0.8603,""last"":0.8603},""usdt_eur"":{""ask"":0.8604,""bid"":0.8603,""last"":0.8604}}"
2026-09-08T22:12:28+00:00,eu_cross_spot,BTC:buy Coinbase / sell Kraken,BTC,buy Coinbase / sell Kraken,Coinbase<->Kraken,-0.736000,-150.736000,NO,"{""buffer_bps"":150.0,""buy_ask"":67527.17,""coinbase_taker_bps"":60.0,""kraken_taker_bps"":80.0,""note"":""Assumes prefunded balances on both venues; rebalancing and account-specific fees can erase the edge."",""sell_bid"":67522.2}"
2026-09-08T22:12:28+00:00,eu_cross_spot,BTC:buy Kraken / sell Coinbase,BTC,buy Kraken / sell Coinbase,Coinbase<->Kraken,-0.128846,-150.128846,NO,"{""buffer_bps"":150.0,""buy_ask"":67522.3,""coinbase_taker_bps"":60.0,""kraken_taker_bps"":80.0,""note"":""Assumes prefunded balances on both venues; rebalancing and account-specific fees can erase the edge."",""sell_bid"":67521.43}"
2026-09-08T22:12:28+00:00,eu_cross_spot,ETH:buy Coinbase / sell Kraken,ETH,buy Coinbase / sell Kraken,Coinbase<->Kraken,-0.561593,-150.561593,NO,"{""buffer_bps"":150.0,""buy_ask"":2136.78,""coinbase_taker_bps"":60.0,""kraken_taker_bps"":80.0,""note"":""Assumes prefunded balances on both venues; rebalancing and account-specific fees can erase the edge."",""sell_bid"":2136.66}"
2026-09-08T22:12:28+00:00,eu_cross_spot,ETH:buy Kraken / sell Coinbase,ETH,buy Kraken / sell Coinbase,Coinbase<->Kraken,-0.936023,-150.936023,NO,"{""buffer_bps"":150.0,""buy_ask"":2136.7,""coinbase_taker_bps"":60.0,""kraken_taker_bps"":80.0,""note"":""Assumes prefunded balances on both venues; rebalancing and account-specific fees can erase the edge."",""sell_bid"":2136.5}"
2026-09-08T22:12:28+00:00,eu_cross_spot,SOL:buy Coinbase / sell Kraken,SOL,buy Coinbase / sell Kraken,Coinbase<->Kraken,-1.125113,-151.125113,NO,"{""buffer_bps"":150.0,""buy_ask"":88.88,""coinbase_taker_bps"":60.0,""kraken_taker_bps"":80.0,""note"":""Assumes prefunded balances on both venues; rebalancing and account-specific fees can erase the edge."",""sell_bid"":88.87}"
2026-09-08T22:12:28+00:00,eu_cross_spot,SOL:buy Kraken / sell Coinbase,SOL,buy Kraken / sell Coinbase,Coinbase<->Kraken,-1.125113,-151.125113,NO,"{""buffer_bps"":150.0,""buy_ask"":88.88,""coinbase_taker_bps"":60.0,""kraken_taker_bps"":80.0,""note"":""Assumes prefunded balances on both venues; rebalancing and account-specific fees can erase the edge."",""sell_bid"":88.87}"
2026-09-08T22:12:28+00:00,eur_triangle,Coinbase:BTC:EUR-USDT-BTC-EUR,BTC,EUR->USDT->BTC->EUR,Coinbase,-1.709889,-190.601455,NO,"{""extra_buffer_bps"":10.0,""fee_bps_per_leg_assumption"":60.0,""note"":""Top-of-book paper cycle. Exact Coinbase fee tier and available size must be validated.""}"
2026-09-08T22:12:28+00:00,eur_triangle,Coinbase:BTC:EUR-BTC-USDT-EUR,BTC,EUR->BTC->USDT->EUR,Coinbase,-0.710241,-189.619693,NO,"{""extra_buffer_bps"":10.0,""fee_bps_per_leg_assumption"":60.0,""note"":""Top-of-book paper cycle. Exact Coinbase fee tier and available size must be validated.""}"
2026-09-08T22:12:28+00:00,eur_triangle,Kraken:BTC:EUR-USDT-BTC-EUR,BTC,EUR->USDT->BTC->EUR,Kraken,-1.288761,-249.343198,NO,"{""extra_buffer_bps"":10.0,""fee_bps_per_leg_assumption"":80.0,""note"":""Top-of-book paper cycle. Exact Kraken fee tier and available size must be validated.""}"
2026-09-08T22:12:28+00:00,eur_triangle,Kraken:BTC:EUR-BTC-USDT-EUR,BTC,EUR->BTC->USDT->EUR,Kraken,-0.143102,-248.224815,NO,"{""extra_buffer_bps"":10.0,""fee_bps_per_leg_assumption"":80.0,""note"":""Top-of-book paper cycle. Exact Kraken fee tier and available size must be validated.""}"
2026-09-08T22:12:28+00:00,eur_triangle,Coinbase:ETH:EUR-USDT-ETH-EUR,ETH,EUR->USDT->ETH->EUR,Coinbase,-2.001722,-190.888067,NO,"{""extra_buffer_bps"":10.0,""fee_bps_per_leg_assumption"":60.0,""note"":""Top-of-book paper cycle. Exact Coinbase fee tier and available size must be validated.""}"
2026-09-08T22:12:28+00:00,eur_triangle,Coinbase:ETH:EUR-ETH-USDT-EUR,ETH,EUR->ETH->USDT->EUR,Coinbase,-3.366021,-192.227955,NO,"{""extra_buffer_bps"":10.0,""fee_bps_per_leg_assumption"":60.0,""note"":""Top-of-book paper cycle. Exact Coinbase fee tier and available size must be validated.""}"
2026-09-08T22:12:28+00:00,eur_triangle,Kraken:ETH:EUR-USDT-ETH-EUR,ETH,EUR->USDT->ETH->EUR,Kraken,-0.952929,-249.015361,NO,"{""extra_buffer_bps"":10.0,""fee_bps_per_leg_assumption"":80.0,""note"":""Top-of-book paper cycle. Exact Kraken fee tier and available size must be validated.""}"
2026-09-08T22:12:28+00:00,eur_triangle,Kraken:ETH:EUR-ETH-USDT-EUR,ETH,EUR->ETH->USDT->EUR,Kraken,-0.436804,-248.511525,NO,"{""extra_buffer_bps"":10.0,""fee_bps_per_leg_assumption"":80.0,""note"":""Top-of-book paper cycle. Exact Kraken fee tier and available size must be validated.""}"
2026-09-08T22:12:28+00:00,eur_triangle,Coinbase:SOL:EUR-USDT-SOL-EUR,SOL,EUR->USDT->SOL->EUR,Coinbase,-1.551644,-190.446042,NO,"{""extra_buffer_bps"":10.0,""fee_bps_per_leg_assumption"":60.0,""note"":""Top-of-book paper cycle. Exact Coinbase fee tier and available size must be validated.""}"
2026-09-08T22:12:28+00:00,eur_triangle,Coinbase:SOL:EUR-SOL-USDT-EUR,SOL,EUR->SOL->USDT->EUR,Coinbase,-1.741832,-190.632826,NO,"{""extra_buffer_bps"":10.0,""fee_bps_per_leg_assumption"":60.0,""note"":""Top-of-book paper cycle. Exact Coinbase fee tier and available size must be validated.""}"
2026-09-08T22:12:28+00:00,eur_triangle,Kraken:SOL:EUR-USDT-SOL-EUR,SOL,EUR->USDT->SOL->EUR,Kraken,-1.048613,-249.108767,NO,"{""extra_buffer_bps"":10.0,""fee_bps_per_leg_assumption"":80.0,""note"":""Top-of-book paper cycle. Exact Kraken fee tier and available size must be validated.""}"
2026-09-08T22:12:28+00:00,eur_triangle,Kraken:SOL:EUR-SOL-USDT-EUR,SOL,EUR->SOL->USDT->EUR,Kraken,-2.206683,-250.239265,NO,"{""extra_buffer_bps"":10.0,""fee_bps_per_leg_assumption"":80.0,""note"":""Top-of-book paper cycle. Exact Kraken fee tier and available size must be validated.""}"
2026-09-08T22:12:28+00:00,stable_eur_dislocation,Coinbase:USDC-EUR-USDT,USDC/USDT,USDC->EUR->USDT,Coinbase,-0.697382,-30.697382,NO,"{""buffer_bps"":30.0,""note"":""Two-leg stablecoin conversion via EUR; issuer, venue and fee risks remain."",""usdc_eur"":{""ask"":0.8604,""bid"":0.8603,""last"":0.8604},""usdt_eur"":{""ask"":0.86036,""bid"":0.86034,""last"":0.86035}}"
2026-09-08T22:12:28+00:00,stable_eur_dislocation,Coinbase:USDT-EUR-USDC,USDT/USDC,USDT->EUR->USDC,Coinbase,-0.697350,-30.697350,NO,"{""buffer_bps"":30.0,""note"":""Two-leg stablecoin conversion via EUR; issuer, venue and fee risks remain."",""usdc_eur"":{""ask"":0.8604,""bid"":0.8603,""last"":0.8604},""usdt_eur"":{""ask"":0.86036,""bid"":0.86034,""last"":0.86035}}"
2026-09-08T22:12:28+00:00,stable_eur_dislocation,Kraken:USDC-EUR-USDT,USDC/USDT,USDC->EUR->USDT,Kraken,-1.162250,-51.162250,NO,"{""buffer_bps"":50.0,""note"":""Two-leg stablecoin conversion via EUR; issuer, venue and fee risks remain."",""usdc_eur"":{""ask"":0.8604,""bid"":0.8603,""last"":0.8604},""usdt_eur"":{""ask"":0.8604,""bid"":0.8603,""last"":0.8603}}"
2026-09-08T22:12:28+00:00,stable_eur_dislocation,Kraken:USDT-EUR-USDC,USDT/USDC,USDT->EUR->USDC,Kraken,-1.162250,-51.162250,NO,"{""buffer_bps"":50.0,""note"":""Two-leg stablecoin conversion via EUR; issuer, venue and fee risks remain."",""usdc_eur"":{""ask"":0.8604,""bid"":0.8603,""last"":0.8604},""usdt_eur"":{""ask"":0.8604,""bid"":0.8603,""last"":0.8603}}"
2026-09-08T22:27:19+00:00,eu_cross_spot,BTC:buy Coinbase / sell Kraken,BTC,buy Coinbase / sell Kraken,Coinbase<->Kraken,-1.333477,-151.333477,NO,"{""buffer_bps"":150.0,""buy_ask"":67567.71,""coinbase_taker_bps"":60.0,""kraken_taker_bps"":80.0,""note"":""Assumes prefunded balances on both venues; rebalancing and account-specific fees can erase the edge."",""sell_bid"":67558.7}"
2026-09-08T22:27:19+00:00,eu_cross_spot,BTC:buy Kraken / sell Coinbase,BTC,buy Kraken / sell Coinbase,Coinbase<->Kraken,-0.338964,-150.338964,NO,"{""buffer_bps"":150.0,""buy_ask"":67558.8,""coinbase_taker_bps"":60.0,""kraken_taker_bps"":80.0,""note"":""Assumes prefunded balances on both venues; rebalancing and account-specific fees can erase the edge."",""sell_bid"":67556.51}"
2026-09-08T22:27:19+00:00,eu_cross_spot,ETH:buy Coinbase / sell Kraken,ETH,buy Coinbase / sell Kraken,Coinbase<->Kraken,-1.028951,-151.028951,NO,"{""buffer_bps"":150.0,""buy_ask"":2138.1,""coinbase_taker_bps"":60.0,""kraken_taker_bps"":80.0,""note"":""Assumes prefunded balances on both venues; rebalancing and account-specific fees can erase the edge."",""sell_bid"":2137.88}"
2026-09-08T22:27:19+00:00,eu_cross_spot,ETH:buy Kraken / sell Coinbase,ETH,buy Kraken / sell Coinbase,Coinbase<->Kraken,-0.280651,-150.280651,NO,"{""buffer_bps"":150.0,""buy_ask"":2137.89,""coinbase_taker_bps"":60.0,""kraken_taker_bps"":80.0,""note"":""Assumes prefunded balances on both venues; rebalancing and account-specific fees can erase the edge."",""sell_bid"":2137.83}"
2026-09-08T22:27:19+00:00,eu_cross_spot,SOL:buy Coinbase / sell Kraken,SOL,buy Coinbase / sell Kraken,Coinbase<->Kraken,-2.249213,-152.249213,NO,"{""buffer_bps"":150.0,""buy_ask"":88.92,""coinbase_taker_bps"":60.0,""kraken_taker_bps"":80.0,""note"":""Assumes prefunded balances on both venues; rebalancing and account-specific fees can erase the edge."",""sell_bid"":88.9}"
2026-09-08T22:27:19+00:00,eu_cross_spot,SOL:buy Kraken / sell Coinbase,SOL,buy Kraken / sell Coinbase,Coinbase<->Kraken,-1.124733,-151.124733,NO,"{""buffer_bps"":150.0,""buy_ask"":88.91,""coinbase_taker_bps"":60.0,""kraken_taker_bps"":80.0,""note"":""Assumes prefunded balances on both venues; rebalancing and account-specific fees can erase the edge."",""sell_bid"":88.9}"
2026-09-08T22:27:19+00:00,eur_triangle,Coinbase:BTC:EUR-USDT-BTC-EUR,BTC,EUR->USDT->BTC->EUR,Coinbase,-1.259124,-190.158755,NO,"{""extra_buffer_bps"":10.0,""fee_bps_per_leg_assumption"":60.0,""note"":""Top-of-book paper cycle. Exact Coinbase fee tier and available size must be validated.""}"
2026-09-08T22:27:19+00:00,eur_triangle,Coinbase:BTC:EUR-BTC-USDT-EUR,BTC,EUR->BTC->USDT->EUR,Coinbase,-2.841263,-191.712587,NO,"{""extra_buffer_bps"":10.0,""fee_bps_per_leg_assumption"":60.0,""note"":""Top-of-book paper cycle. Exact Coinbase fee tier and available size must be validated.""}"
2026-09-08T22:27:19+00:00,eur_triangle,Kraken:BTC:EUR-USDT-BTC-EUR,BTC,EUR->USDT->BTC->EUR,Kraken,-0.364948,-248.441379,NO,"{""extra_buffer_bps"":10.0,""fee_bps_per_leg_assumption"":80.0,""note"":""Top-of-book paper cycle. Exact Kraken fee tier and available size must be validated.""}"
2026-09-08T22:27:19+00:00,eur_triangle,Kraken:BTC:EUR-BTC-USDT-EUR,BTC,EUR->BTC->USDT->EUR,Kraken,-0.825000,-248.890478,NO,"{""extra_buffer_bps"":10.0,""fee_bps_per_leg_assumption"":80.0,""note"":""Top-of-book paper cycle. Exact Kraken fee tier and available size must be validated.""}"
2026-09-08T22:27:19+00:00,eur_triangle,Coinbase:ETH:EUR-USDT-ETH-EUR,ETH,EUR->USDT->ETH->EUR,Coinbase,-1.243830,-190.143735,NO,"{""extra_buffer_bps"":10.0,""fee_bps_per_leg_assumption"":60.0,""note"":""Top-of-book paper cycle. Exact Coinbase fee tier and available size must be validated.""}"
2026-09-08T22:27:19+00:00,eur_triangle,Coinbase:ETH:EUR-ETH-USDT-EUR,ETH,EUR->ETH->USDT->EUR,Coinbase,-3.711687,-192.567437,NO,"{""extra_buffer_bps"":10.0,""fee_bps_per_leg_assumption"":60.0,""note"":""Top-of-book paper cycle. Exact Coinbase fee tier and available size must be validated.""}"
2026-09-08T22:27:19+00:00,eur_triangle,Kraken:ETH:EUR-USDT-ETH-EUR,ETH,EUR->USDT->ETH->EUR,Kraken,-0.844574,-248.909586,NO,"{""extra_buffer_bps"":10.0,""fee_bps_per_leg_assumption"":80.0,""note"":""Top-of-book paper cycle. Exact Kraken fee tier and available size must be validated.""}"
2026-09-08T22:27:19+00:00,eur_triangle,Kraken:ETH:EUR-ETH-USDT-EUR,ETH,EUR->ETH->USDT->EUR,Kraken,-0.525556,-248.598163,NO,"{""extra_buffer_bps"":10.0,""fee_bps_per_leg_assumption"":80.0,""note"":""Top-of-book paper cycle. Exact Kraken fee tier and available size must be validated.""}"
2026-09-08T22:27:19+00:00,eur_triangle,Coinbase:SOL:EUR-USDT-SOL-EUR,SOL,EUR->USDT->SOL->EUR,Coinbase,-1.233987,-190.134068,NO,"{""extra_buffer_bps"":10.0,""fee_bps_per_leg_assumption"":60.0,""note"":""Top-of-book paper cycle. Exact Coinbase fee tier and available size must be validated.""}"
2026-09-08T22:27:19+00:00,eur_triangle,Coinbase:SOL:EUR-SOL-USDT-EUR,SOL,EUR->SOL->USDT->EUR,Coinbase,-3.182737,-192.047951,NO,"{""extra_buffer_bps"":10.0,""fee_bps_per_leg_assumption"":60.0,""note"":""Top-of-book paper cycle. Exact Coinbase fee tier and available size must be validated.""}"
2026-09-08T22:27:19+00:00,eur_triangle,Kraken:SOL:EUR-USDT-SOL-EUR,SOL,EUR->USDT->SOL->EUR,Kraken,-2.317573,-250.347515,NO,"{""extra_buffer_bps"":10.0,""fee_bps_per_leg_assumption"":80.0,""note"":""Top-of-book paper cycle. Exact Kraken fee tier and available size must be validated.""}"
2026-09-08T22:27:19+00:00,eur_triangle,Kraken:SOL:EUR-SOL-USDT-EUR,SOL,EUR->SOL->USDT->EUR,Kraken,-1.904398,-249.944177,NO,"{""extra_buffer_bps"":10.0,""fee_bps_per_leg_assumption"":80.0,""note"":""Top-of-book paper cycle. Exact Kraken fee tier and available size must be validated.""}"
2026-09-08T22:27:19+00:00,stable_eur_dislocation,Coinbase:USDC-EUR-USDT,USDC/USDT,USDC->EUR->USDT,Coinbase,0.116240,-29.883760,NO,"{""buffer_bps"":30.0,""note"":""Two-leg stablecoin conversion via EUR; issuer, venue and fee risks remain."",""usdc_eur"":{""ask"":0.8604,""bid"":0.8603,""last"":0.8604},""usdt_eur"":{""ask"":0.86029,""bid"":0.86027,""last"":0.86029}}"
2026-09-08T22:27:19+00:00,stable_eur_dislocation,Coinbase:USDT-EUR-USDC,USDT/USDC,USDT->EUR->USDC,Coinbase,-1.510925,-31.510925,NO,"{""buffer_bps"":30.0,""note"":""Two-leg stablecoin conversion via EUR; issuer, venue and fee risks remain."",""usdc_eur"":{""ask"":0.8604,""bid"":0.8603,""last"":0.8604},""usdt_eur"":{""ask"":0.86029,""bid"":0.86027,""last"":0.86029}}"
2026-09-08T22:27:19+00:00,stable_eur_dislocation,Kraken:USDC-EUR-USDT,USDC/USDT,USDC->EUR->USDT,Kraken,0.000000,-50.000000,NO,"{""buffer_bps"":50.0,""note"":""Two-leg stablecoin conversion via EUR; issuer, venue and fee risks remain."",""usdc_eur"":{""ask"":0.8604,""bid"":0.8603,""last"":0.8604},""usdt_eur"":{""ask"":0.8603,""bid"":0.8602,""last"":0.8602}}"
2026-09-08T22:27:19+00:00,stable_eur_dislocation,Kraken:USDT-EUR-USDC,USDT/USDC,USDT->EUR->USDC,Kraken,-2.324500,-52.324500,NO,"{""buffer_bps"":50.0,""note"":""Two-leg stablecoin conversion via EUR; issuer, venue and fee risks remain."",""usdc_eur"":{""ask"":0.8604,""bid"":0.8603,""last"":0.8604},""usdt_eur"":{""ask"":0.8603,""bid"":0.8602,""last"":0.8602}}"
2026-09-08T23:52:26+00:00,eu_cross_spot,BTC:buy Coinbase / sell Kraken,BTC,buy Coinbase / sell Kraken,Coinbase<->Kraken,-0.905444,-150.905444,NO,"{""buffer_bps"":150.0,""buy_ask"":67480.71,""coinbase_taker_bps"":60.0,""kraken_taker_bps"":80.0,""note"":""Assumes prefunded balances on both venues; rebalancing and account-specific fees can erase the edge."",""sell_bid"":67474.6}"
2026-09-08T23:52:26+00:00,eu_cross_spot,BTC:buy Kraken / sell Coinbase,BTC,buy Kraken / sell Coinbase,Coinbase<->Kraken,0.071138,-149.928862,NO,"{""buffer_bps"":150.0,""buy_ask"":67474.7,""coinbase_taker_bps"":60.0,""kraken_taker_bps"":80.0,""note"":""Assumes prefunded balances on both venues; rebalancing and account-specific fees can erase the edge."",""sell_bid"":67475.18}"
2026-09-08T23:52:26+00:00,eu_cross_spot,ETH:buy Coinbase / sell Kraken,ETH,buy Coinbase / sell Kraken,Coinbase<->Kraken,-0.420854,-150.420854,NO,"{""buffer_bps"":150.0,""buy_ask"":2138.51,""coinbase_taker_bps"":60.0,""kraken_taker_bps"":80.0,""note"":""Assumes prefunded balances on both venues; rebalancing and account-specific fees can erase the edge."",""sell_bid"":2138.42}"
2026-09-08T23:52:26+00:00,eu_cross_spot,ETH:buy Kraken / sell Coinbase,ETH,buy Kraken / sell Coinbase,Coinbase<->Kraken,-0.701449,-150.701449,NO,"{""buffer_bps"":150.0,""buy_ask"":2138.43,""coinbase_taker_bps"":60.0,""kraken_taker_bps"":80.0,""note"":""Assumes prefunded balances on both venues; rebalancing and account-specific fees can erase the edge."",""sell_bid"":2138.28}"
2026-09-08T23:52:26+00:00,eu_cross_spot,SOL:buy Coinbase / sell Kraken,SOL,buy Coinbase / sell Kraken,Coinbase<->Kraken,-2.248454,-152.248454,NO,"{""buffer_bps"":150.0,""buy_ask"":88.95,""coinbase_taker_bps"":60.0,""kraken_taker_bps"":80.0,""note"":""Assumes prefunded balances on both venues; rebalancing and account-specific fees can erase the edge."",""sell_bid"":88.93}"
2026-09-08T23:52:26+00:00,eu_cross_spot,SOL:buy Kraken / sell Coinbase,SOL,buy Kraken / sell Coinbase,Coinbase<->Kraken,0.000000,-150.000000,NO,"{""buffer_bps"":150.0,""buy_ask"":88.94,""coinbase_taker_bps"":60.0,""kraken_taker_bps"":80.0,""note"":""Assumes prefunded balances on both venues; rebalancing and account-specific fees can erase the edge."",""sell_bid"":88.94}"
2026-09-08T23:52:26+00:00,eur_triangle,Coinbase:BTC:EUR-USDT-BTC-EUR,BTC,EUR->USDT->BTC->EUR,Coinbase,-1.582660,-190.476503,NO,"{""extra_buffer_bps"":10.0,""fee_bps_per_leg_assumption"":60.0,""note"":""Top-of-book paper cycle. Exact Coinbase fee tier and available size must be validated.""}"
2026-09-08T23:52:26+00:00,eur_triangle,Coinbase:BTC:EUR-BTC-USDT-EUR,BTC,EUR->BTC->USDT->EUR,Coinbase,-2.097985,-190.982607,NO,"{""extra_buffer_bps"":10.0,""fee_bps_per_leg_assumption"":60.0,""note"":""Top-of-book paper cycle. Exact Coinbase fee tier and available size must be validated.""}"
2026-09-08T23:52:26+00:00,eur_triangle,Kraken:BTC:EUR-USDT-BTC-EUR,BTC,EUR->USDT->BTC->EUR,Kraken,-0.383051,-248.459051,NO,"{""extra_buffer_bps"":10.0,""fee_bps_per_leg_assumption"":80.0,""note"":""Top-of-book paper cycle. Exact Kraken fee tier and available size must be validated.""}"
2026-09-08T23:52:26+00:00,eur_triangle,Kraken:BTC:EUR-BTC-USDT-EUR,BTC,EUR->BTC->USDT->EUR,Kraken,-0.883547,-248.947632,NO,"{""extra_buffer_bps"":10.0,""fee_bps_per_leg_assumption"":80.0,""note"":""Top-of-book paper cycle. Exact Kraken fee tier and available size must be validated.""}"
2026-09-08T23:52:26+00:00,eur_triangle,Coinbase:ETH:EUR-USDT-ETH-EUR,ETH,EUR->USDT->ETH->EUR,Coinbase,-1.780621,-190.670922,NO,"{""extra_buffer_bps"":10.0,""fee_bps_per_leg_assumption"":60.0,""note"":""Top-of-book paper cycle. Exact Coinbase fee tier and available size must be validated.""}"
2026-09-08T23:52:26+00:00,eur_triangle,Coinbase:ETH:EUR-ETH-USDT-EUR,ETH,EUR->ETH->USDT->EUR,Coinbase,-3.223497,-192.087981,NO,"{""extra_buffer_bps"":10.0,""fee_bps_per_leg_assumption"":60.0,""note"":""Top-of-book paper cycle. Exact Coinbase fee tier and available size must be validated.""}"
2026-09-08T23:52:26+00:00,eur_triangle,Kraken:ETH:EUR-USDT-ETH-EUR,ETH,EUR->USDT->ETH->EUR,Kraken,-0.535965,-248.608325,NO,"{""extra_buffer_bps"":10.0,""fee_bps_per_leg_assumption"":80.0,""note"":""Top-of-book paper cycle. Exact Kraken fee tier and available size must be validated.""}"
2026-09-08T23:52:26+00:00,eur_triangle,Kraken:ETH:EUR-ETH-USDT-EUR,ETH,EUR->ETH->USDT->EUR,Kraken,-0.794012,-248.860228,NO,"{""extra_buffer_bps"":10.0,""fee_bps_per_leg_assumption"":80.0,""note"":""Top-of-book paper cycle. Exact Kraken fee tier and available size must be validated.""}"
2026-09-08T23:52:26+00:00,eur_triangle,Coinbase:SOL:EUR-USDT-SOL-EUR,SOL,EUR->USDT->SOL->EUR,Coinbase,-3.775154,-192.629768,NO,"{""extra_buffer_bps"":10.0,""fee_bps_per_leg_assumption"":60.0,""note"":""Top-of-book paper cycle. Exact Coinbase fee tier and available size must be validated.""}"
2026-09-08T23:52:26+00:00,eur_triangle,Coinbase:SOL:EUR-SOL-USDT-EUR,SOL,EUR->SOL->USDT->EUR,Coinbase,1.336031,-187.610033,NO,"{""extra_buffer_bps"":10.0,""fee_bps_per_leg_assumption"":60.0,""note"":""Top-of-book paper cycle. Exact Coinbase fee tier and available size must be validated.""}"
2026-09-08T23:52:26+00:00,eur_triangle,Kraken:SOL:EUR-USDT-SOL-EUR,SOL,EUR->USDT->SOL->EUR,Kraken,-3.584007,-251.583797,NO,"{""extra_buffer_bps"":10.0,""fee_bps_per_leg_assumption"":80.0,""note"":""Top-of-book paper cycle. Exact Kraken fee tier and available size must be validated.""}"
2026-09-08T23:52:26+00:00,eur_triangle,Kraken:SOL:EUR-SOL-USDT-EUR,SOL,EUR->SOL->USDT->EUR,Kraken,0.330672,-247.762320,NO,"{""extra_buffer_bps"":10.0,""fee_bps_per_leg_assumption"":80.0,""note"":""Top-of-book paper cycle. Exact Kraken fee tier and available size must be validated.""}"
2026-09-08T23:52:26+00:00,stable_eur_dislocation,Coinbase:USDC-EUR-USDT,USDC/USDT,USDC->EUR->USDT,Coinbase,-0.348744,-30.348744,NO,"{""buffer_bps"":30.0,""note"":""Two-leg stablecoin conversion via EUR; issuer, venue and fee risks remain."",""usdc_eur"":{""ask"":0.8603,""bid"":0.8602,""last"":0.8603},""usdt_eur"":{""ask"":0.86023,""bid"":0.8602,""last"":0.8602}}"
2026-09-08T23:52:26+00:00,stable_eur_dislocation,Coinbase:USDT-EUR-USDC,USDT/USDC,USDT->EUR->USDC,Coinbase,-1.162385,-31.162385,NO,"{""buffer_bps"":30.0,""note"":""Two-leg stablecoin conversion via EUR; issuer, venue and fee risks remain."",""usdc_eur"":{""ask"":0.8603,""bid"":0.8602,""last"":0.8603},""usdt_eur"":{""ask"":0.86023,""bid"":0.8602,""last"":0.8602}}"
2026-09-08T23:52:26+00:00,stable_eur_dislocation,Kraken:USDC-EUR-USDT,USDC/USDT,USDC->EUR->USDT,Kraken,-1.162520,-51.162520,NO,"{""buffer_bps"":50.0,""note"":""Two-leg stablecoin conversion via EUR; issuer, venue and fee risks remain."",""usdc_eur"":{""ask"":0.8602,""bid"":0.8601,""last"":0.8602},""usdt_eur"":{""ask"":0.8602,""bid"":0.8601,""last"":0.8601}}"
2026-09-08T23:52:26+00:00,stable_eur_dislocation,Kraken:USDT-EUR-USDC,USDT/USDC,USDT->EUR->USDC,Kraken,-1.162520,-51.162520,NO,"{""buffer_bps"":50.0,""note"":""Two-leg stablecoin conversion via EUR; issuer, venue and fee risks remain."",""usdc_eur"":{""ask"":0.8602,""bid"":0.8601,""last"":0.8602},""usdt_eur"":{""ask"":0.8602,""bid"":0.8601,""last"":0.8601}}"
2026-09-09T00:22:54+00:00,eu_cross_spot,BTC:buy Coinbase / sell Kraken,BTC,buy Coinbase / sell Kraken,Coinbase<->Kraken,-0.226207,-150.226207,NO,"{""buffer_bps"":150.0,""buy_ask"":67637.03,""coinbase_taker_bps"":60.0,""kraken_taker_bps"":80.0,""note"":""Assumes prefunded balances on both venues; rebalancing and account-specific fees can erase the edge."",""sell_bid"":67635.5}"
2026-09-09T00:22:54+00:00,eu_cross_spot,BTC:buy Kraken / sell Coinbase,BTC,buy Kraken / sell Coinbase,Coinbase<->Kraken,-0.783611,-150.783611,NO,"{""buffer_bps"":150.0,""buy_ask"":67635.6,""coinbase_taker_bps"":60.0,""kraken_taker_bps"":80.0,""note"":""Assumes prefunded balances on both venues; rebalancing and account-specific fees can erase the edge."",""sell_bid"":67630.3}"
2026-09-09T00:22:54+00:00,eu_cross_spot,ETH:buy Coinbase / sell Kraken,ETH,buy Coinbase / sell Kraken,Coinbase<->Kraken,0.326668,-149.673332,NO,"{""buffer_bps"":150.0,""buy_ask"":2142.85,""coinbase_taker_bps"":60.0,""kraken_taker_bps"":80.0,""note"":""Assumes prefunded balances on both venues; rebalancing and account-specific fees can erase the edge."",""sell_bid"":2142.92}"
2026-09-09T00:22:54+00:00,eu_cross_spot,ETH:buy Kraken / sell Coinbase,ETH,buy Kraken / sell Coinbase,Coinbase<->Kraken,-1.913268,-151.913268,NO,"{""buffer_bps"":150.0,""buy_ask"":2142.93,""coinbase_taker_bps"":60.0,""kraken_taker_bps"":80.0,""note"":""Assumes prefunded balances on both venues; rebalancing and account-specific fees can erase the edge."",""sell_bid"":2142.52}"
2026-09-09T00:22:54+00:00,eu_cross_spot,SOL:buy Coinbase / sell Kraken,SOL,buy Coinbase / sell Kraken,Coinbase<->Kraken,0.000000,-150.000000,NO,"{""buffer_bps"":150.0,""buy_ask"":89.16,""coinbase_taker_bps"":60.0,""kraken_taker_bps"":80.0,""note"":""Assumes prefunded balances on both venues; rebalancing and account-specific fees can erase the edge."",""sell_bid"":89.16}"
2026-09-09T00:22:54+00:00,eu_cross_spot,SOL:buy Kraken / sell Coinbase,SOL,buy Kraken / sell Coinbase,Coinbase<->Kraken,-2.242907,-152.242907,NO,"{""buffer_bps"":150.0,""buy_ask"":89.17,""coinbase_taker_bps"":60.0,""kraken_taker_bps"":80.0,""note"":""Assumes prefunded balances on both venues; rebalancing and account-specific fees can erase the edge."",""sell_bid"":89.15}"
2026-09-09T00:22:54+00:00,eur_triangle,Coinbase:BTC:EUR-USDT-BTC-EUR,BTC,EUR->USDT->BTC->EUR,Coinbase,-1.045692,-189.949142,NO,"{""extra_buffer_bps"":10.0,""fee_bps_per_leg_assumption"":60.0,""note"":""Top-of-book paper cycle. Exact Coinbase fee tier and available size must be validated.""}"
2026-09-09T00:22:54+00:00,eur_triangle,Coinbase:BTC:EUR-BTC-USDT-EUR,BTC,EUR->BTC->USDT->EUR,Coinbase,-3.067325,-191.934603,NO,"{""extra_buffer_bps"":10.0,""fee_bps_per_leg_assumption"":60.0,""note"":""Top-of-book paper cycle. Exact Coinbase fee tier and available size must be validated.""}"
2026-09-09T00:22:54+00:00,eur_triangle,Kraken:BTC:EUR-USDT-BTC-EUR,BTC,EUR->USDT->BTC->EUR,Kraken,-0.542881,-248.615076,NO,"{""extra_buffer_bps"":10.0,""fee_bps_per_leg_assumption"":80.0,""note"":""Top-of-book paper cycle. Exact Kraken fee tier and available size must be validated.""}"
2026-09-09T00:22:54+00:00,eur_triangle,Kraken:BTC:EUR-BTC-USDT-EUR,BTC,EUR->BTC->USDT->EUR,Kraken,-0.647442,-248.717147,NO,"{""extra_buffer_bps"":10.0,""fee_bps_per_leg_assumption"":80.0,""note"":""Top-of-book paper cycle. Exact Kraken fee tier and available size must be validated.""}"
2026-09-09T00:22:54+00:00,eur_triangle,Coinbase:ETH:EUR-USDT-ETH-EUR,ETH,EUR->USDT->ETH->EUR,Coinbase,-1.223518,-190.123787,NO,"{""extra_buffer_bps"":10.0,""fee_bps_per_leg_assumption"":60.0,""note"":""Top-of-book paper cycle. Exact Coinbase fee tier and available size must be validated.""}"
2026-09-09T00:22:54+00:00,eur_triangle,Coinbase:ETH:EUR-ETH-USDT-EUR,ETH,EUR->ETH->USDT->EUR,Coinbase,-3.081373,-191.948400,NO,"{""extra_buffer_bps"":10.0,""fee_bps_per_leg_assumption"":60.0,""note"":""Top-of-book paper cycle. Exact Coinbase fee tier and available size must be validated.""}"
2026-09-09T00:22:54+00:00,eur_triangle,Kraken:ETH:EUR-USDT-ETH-EUR,ETH,EUR->USDT->ETH->EUR,Kraken,-0.491828,-248.565238,NO,"{""extra_buffer_bps"":10.0,""fee_bps_per_leg_assumption"":80.0,""note"":""Top-of-book paper cycle. Exact Kraken fee tier and available size must be validated.""}"
2026-09-09T00:22:54+00:00,eur_triangle,Kraken:ETH:EUR-ETH-USDT-EUR,ETH,EUR->ETH->USDT->EUR,Kraken,-0.958421,-249.020723,NO,"{""extra_buffer_bps"":10.0,""fee_bps_per_leg_assumption"":80.0,""note"":""Top-of-book paper cycle. Exact Kraken fee tier and available size must be validated.""}"
2026-09-09T00:22:54+00:00,eur_triangle,Coinbase:SOL:EUR-USDT-SOL-EUR,SOL,EUR->USDT->SOL->EUR,Coinbase,-1.810295,-190.700065,NO,"{""extra_buffer_bps"":10.0,""fee_bps_per_leg_assumption"":60.0,""note"":""Top-of-book paper cycle. Exact Coinbase fee tier and available size must be validated.""}"
2026-09-09T00:22:54+00:00,eur_triangle,Coinbase:SOL:EUR-SOL-USDT-EUR,SOL,EUR->SOL->USDT->EUR,Coinbase,-1.356393,-190.254284,NO,"{""extra_buffer_bps"":10.0,""fee_bps_per_leg_assumption"":60.0,""note"":""Top-of-book paper cycle. Exact Coinbase fee tier and available size must be validated.""}"
2026-09-09T00:22:54+00:00,eur_triangle,Kraken:SOL:EUR-USDT-SOL-EUR,SOL,EUR->USDT->SOL->EUR,Kraken,-1.502690,-249.552033,NO,"{""extra_buffer_bps"":10.0,""fee_bps_per_leg_assumption"":80.0,""note"":""Top-of-book paper cycle. Exact Kraken fee tier and available size must be validated.""}"
2026-09-09T00:22:54+00:00,eur_triangle,Kraken:SOL:EUR-SOL-USDT-EUR,SOL,EUR->SOL->USDT->EUR,Kraken,-1.745879,-249.789432,NO,"{""extra_buffer_bps"":10.0,""fee_bps_per_leg_assumption"":80.0,""note"":""Top-of-book paper cycle. Exact Kraken fee tier and available size must be validated.""}"
2026-09-09T00:22:54+00:00,stable_eur_dislocation,Coinbase:USDC-EUR-USDT,USDC/USDT,USDC->EUR->USDT,Coinbase,-0.348866,-30.348866,NO,"{""buffer_bps"":30.0,""note"":""Two-leg stablecoin conversion via EUR; issuer, venue and fee risks remain."",""usdc_eur"":{""ask"":0.86,""bid"":0.8599,""last"":0.86},""usdt_eur"":{""ask"":0.85993,""bid"":0.85992,""last"":0.85993}}"
2026-09-09T00:22:54+00:00,stable_eur_dislocation,Coinbase:USDT-EUR-USDC,USDT/USDC,USDT->EUR->USDC,Coinbase,-0.930233,-30.930233,NO,"{""buffer_bps"":30.0,""note"":""Two-leg stablecoin conversion via EUR; issuer, venue and fee risks remain."",""usdc_eur"":{""ask"":0.86,""bid"":0.8599,""last"":0.86},""usdt_eur"":{""ask"":0.85993,""bid"":0.85992,""last"":0.85993}}"
2026-09-09T00:22:54+00:00,stable_eur_dislocation,Kraken:USDC-EUR-USDT,USDC/USDT,USDC->EUR->USDT,Kraken,-1.162791,-51.162791,NO,"{""buffer_bps"":50.0,""note"":""Two-leg stablecoin conversion via EUR; issuer, venue and fee risks remain."",""usdc_eur"":{""ask"":0.86,""bid"":0.8599,""last"":0.86},""usdt_eur"":{""ask"":0.86,""bid"":0.8599,""last"":0.8599}}"
2026-09-09T00:22:54+00:00,stable_eur_dislocation,Kraken:USDT-EUR-USDC,USDT/USDC,USDT->EUR->USDC,Kraken,-1.162791,-51.162791,NO,"{""buffer_bps"":50.0,""note"":""Two-leg stablecoin conversion via EUR; issuer, venue and fee risks remain."",""usdc_eur"":{""ask"":0.86,""bid"":0.8599,""last"":0.86},""usdt_eur"":{""ask"":0.86,""bid"":0.8599,""last"":0.8599}}"
2026-09-09T00:30:33+00:00,eu_cross_spot,BTC:buy Coinbase / sell Kraken,BTC,buy Coinbase / sell Kraken,Coinbase<->Kraken,-0.733520,-150.733520,NO,"{""buffer_bps"":150.0,""buy_ask"":67619.16,""coinbase_taker_bps"":60.0,""kraken_taker_bps"":80.0,""note"":""Assumes prefunded balances on both venues; rebalancing and account-specific fees can erase the edge."",""sell_bid"":67614.2}"
2026-09-09T00:30:33+00:00,eu_cross_spot,BTC:buy Kraken / sell Coinbase,BTC,buy Kraken / sell Coinbase,Coinbase<->Kraken,-0.420015,-150.420015,NO,"{""buffer_bps"":150.0,""buy_ask"":67616.6,""coinbase_taker_bps"":60.0,""kraken_taker_bps"":80.0,""note"":""Assumes prefunded balances on both venues; rebalancing and account-specific fees can erase the edge."",""sell_bid"":67613.76}"
2026-09-09T00:30:33+00:00,eu_cross_spot,ETH:buy Coinbase / sell Kraken,ETH,buy Coinbase / sell Kraken,Coinbase<->Kraken,-1.446962,-151.446962,NO,"{""buffer_bps"":150.0,""buy_ask"":2142.42,""coinbase_taker_bps"":60.0,""kraken_taker_bps"":80.0,""note"":""Assumes prefunded balances on both venues; rebalancing and account-specific fees can erase the edge."",""sell_bid"":2142.11}"
2026-09-09T00:30:33+00:00,eu_cross_spot,ETH:buy Kraken / sell Coinbase,ETH,buy Kraken / sell Coinbase,Coinbase<->Kraken,-0.186726,-150.186726,NO,"{""buffer_bps"":150.0,""buy_ask"":2142.18,""coinbase_taker_bps"":60.0,""kraken_taker_bps"":80.0,""note"":""Assumes prefunded balances on both venues; rebalancing and account-specific fees can erase the edge."",""sell_bid"":2142.14}"
2026-09-09T00:30:33+00:00,eu_cross_spot,SOL:buy Coinbase / sell Kraken,SOL,buy Coinbase / sell Kraken,Coinbase<->Kraken,0.000000,-150.000000,NO,"{""buffer_bps"":150.0,""buy_ask"":89.13,""coinbase_taker_bps"":60.0,""kraken_taker_bps"":80.0,""note"":""Assumes prefunded balances on both venues; rebalancing and account-specific fees can erase the edge."",""sell_bid"":89.13}"
2026-09-09T00:30:33+00:00,eu_cross_spot,SOL:buy Kraken / sell Coinbase,SOL,buy Kraken / sell Coinbase,Coinbase<->Kraken,-2.243662,-152.243662,NO,"{""buffer_bps"":150.0,""buy_ask"":89.14,""coinbase_taker_bps"":60.0,""kraken_taker_bps"":80.0,""note"":""Assumes prefunded balances on both venues; rebalancing and account-specific fees can erase the edge."",""sell_bid"":89.12}"
2026-09-09T00:30:33+00:00,eur_triangle,Coinbase:BTC:EUR-USDT-BTC-EUR,BTC,EUR->USDT->BTC->EUR,Coinbase,-1.447565,-190.343825,NO,"{""extra_buffer_bps"":10.0,""fee_bps_per_leg_assumption"":60.0,""note"":""Top-of-book paper cycle. Exact Coinbase fee tier and available size must be validated.""}"
2026-09-09T00:30:33+00:00,eur_triangle,Coinbase:BTC:EUR-BTC-USDT-EUR,BTC,EUR->BTC->USDT->EUR,Coinbase,-0.951329,-189.856468,NO,"{""extra_buffer_bps"":10.0,""fee_bps_per_leg_assumption"":60.0,""note"":""Top-of-book paper cycle. Exact Coinbase fee tier and available size must be validated.""}"
2026-09-09T00:30:33+00:00,eur_triangle,Kraken:BTC:EUR-USDT-BTC-EUR,BTC,EUR->USDT->BTC->EUR,Kraken,-1.289208,-249.343634,NO,"{""extra_buffer_bps"":10.0,""fee_bps_per_leg_assumption"":80.0,""note"":""Top-of-book paper cycle. Exact Kraken fee tier and available size must be validated.""}"
2026-09-09T00:30:33+00:00,eur_triangle,Kraken:BTC:EUR-BTC-USDT-EUR,BTC,EUR->BTC->USDT->EUR,Kraken,-0.584598,-248.655799,NO,"{""extra_buffer_bps"":10.0,""fee_bps_per_leg_assumption"":80.0,""note"":""Top-of-book paper cycle. Exact Kraken fee tier and available size must be validated.""}"
2026-09-09T00:30:33+00:00,eur_triangle,Coinbase:ETH:EUR-USDT-ETH-EUR,ETH,EUR->USDT->ETH->EUR,Coinbase,1.101102,-187.840759,NO,"{""extra_buffer_bps"":10.0,""fee_bps_per_leg_assumption"":60.0,""note"":""Top-of-book paper cycle. Exact Coinbase fee tier and available size must be validated.""}"
2026-09-09T00:30:33+00:00,eur_triangle,Coinbase:ETH:EUR-ETH-USDT-EUR,ETH,EUR->ETH->USDT->EUR,Coinbase,-5.373846,-194.199856,NO,"{""extra_buffer_bps"":10.0,""fee_bps_per_leg_assumption"":60.0,""note"":""Top-of-book paper cycle. Exact Coinbase fee tier and available size must be validated.""}"
2026-09-09T00:30:33+00:00,eur_triangle,Kraken:ETH:EUR-USDT-ETH-EUR,ETH,EUR->USDT->ETH->EUR,Kraken,0.464050,-247.632118,NO,"{""extra_buffer_bps"":10.0,""fee_bps_per_leg_assumption"":80.0,""note"":""Top-of-book paper cycle. Exact Kraken fee tier and available size must be validated.""}"
2026-09-09T00:30:33+00:00,eur_triangle,Kraken:ETH:EUR-ETH-USDT-EUR,ETH,EUR->ETH->USDT->EUR,Kraken,-2.395037,-250.423135,NO,"{""extra_buffer_bps"":10.0,""fee_bps_per_leg_assumption"":80.0,""note"":""Top-of-book paper cycle. Exact Kraken fee tier and available size must be validated.""}"
2026-09-09T00:30:33+00:00,eur_triangle,Coinbase:SOL:EUR-USDT-SOL-EUR,SOL,EUR->USDT->SOL->EUR,Coinbase,-1.433928,-190.330432,NO,"{""extra_buffer_bps"":10.0,""fee_bps_per_leg_assumption"":60.0,""note"":""Top-of-book paper cycle. Exact Coinbase fee tier and available size must be validated.""}"
2026-09-09T00:30:33+00:00,eur_triangle,Coinbase:SOL:EUR-SOL-USDT-EUR,SOL,EUR->SOL->USDT->EUR,Coinbase,-1.733883,-190.625020,NO,"{""extra_buffer_bps"":10.0,""fee_bps_per_leg_assumption"":60.0,""note"":""Top-of-book paper cycle. Exact Coinbase fee tier and available size must be validated.""}"
2026-09-09T00:30:33+00:00,eur_triangle,Kraken:SOL:EUR-USDT-SOL-EUR,SOL,EUR->USDT->SOL->EUR,Kraken,-1.009659,-249.070741,NO,"{""extra_buffer_bps"":10.0,""fee_bps_per_leg_assumption"":80.0,""note"":""Top-of-book paper cycle. Exact Kraken fee tier and available size must be validated.""}"
2026-09-09T00:30:33+00:00,eur_triangle,Kraken:SOL:EUR-SOL-USDT-EUR,SOL,EUR->SOL->USDT->EUR,Kraken,-2.239623,-250.271421,NO,"{""extra_buffer_bps"":10.0,""fee_bps_per_leg_assumption"":80.0,""note"":""Top-of-book paper cycle. Exact Kraken fee tier and available size must be validated.""}"
2026-09-09T00:30:33+00:00,stable_eur_dislocation,Coinbase:USDC-EUR-USDT,USDC/USDT,USDC->EUR->USDT,Coinbase,-0.465149,-30.465149,NO,"{""buffer_bps"":30.0,""note"":""Two-leg stablecoin conversion via EUR; issuer, venue and fee risks remain."",""usdc_eur"":{""ask"":0.86,""bid"":0.8599,""last"":0.8599},""usdt_eur"":{""ask"":0.85994,""bid"":0.85993,""last"":0.85993}}"
2026-09-09T00:30:33+00:00,stable_eur_dislocation,Coinbase:USDT-EUR-USDC,USDT/USDC,USDT->EUR->USDC,Coinbase,-0.813953,-30.813953,NO,"{""buffer_bps"":30.0,""note"":""Two-leg stablecoin conversion via EUR; issuer, venue and fee risks remain."",""usdc_eur"":{""ask"":0.86,""bid"":0.8599,""last"":0.8599},""usdt_eur"":{""ask"":0.85994,""bid"":0.85993,""last"":0.85993}}"
2026-09-09T00:30:33+00:00,stable_eur_dislocation,Kraken:USDC-EUR-USDT,USDC/USDT,USDC->EUR->USDT,Kraken,-1.162791,-51.162791,NO,"{""buffer_bps"":50.0,""note"":""Two-leg stablecoin conversion via EUR; issuer, venue and fee risks remain."",""usdc_eur"":{""ask"":0.86,""bid"":0.8599,""last"":0.86},""usdt_eur"":{""ask"":0.86,""bid"":0.8599,""last"":0.86}}"
2026-09-09T00:30:33+00:00,stable_eur_dislocation,Kraken:USDT-EUR-USDC,USDT/USDC,USDT->EUR->USDC,Kraken,-1.162791,-51.162791,NO,"{""buffer_bps"":50.0,""note"":""Two-leg stablecoin conversion via EUR; issuer, venue and fee risks remain."",""usdc_eur"":{""ask"":0.86,""bid"":0.8599,""last"":0.86},""usdt_eur"":{""ask"":0.86,""bid"":0.8599,""last"":0.86}}"
2026-09-09T01:48:42+00:00,eu_cross_spot,BTC:buy Coinbase / sell Kraken,BTC,buy Coinbase / sell Kraken,Coinbase<->Kraken,-0.479122,-150.479122,NO,"{""buffer_bps"":150.0,""buy_ask"":67832.35,""coinbase_taker_bps"":60.0,""kraken_taker_bps"":80.0,""note"":""Assumes prefunded balances on both venues; rebalancing and account-specific fees can erase the edge."",""sell_bid"":67829.1}"
2026-09-09T01:48:42+00:00,eu_cross_spot,BTC:buy Kraken / sell Coinbase,BTC,buy Kraken / sell Coinbase,Coinbase<->Kraken,-0.374461,-150.374461,NO,"{""buffer_bps"":150.0,""buy_ask"":67830.9,""coinbase_taker_bps"":60.0,""kraken_taker_bps"":80.0,""note"":""Assumes prefunded balances on both venues; rebalancing and account-specific fees can erase the edge."",""sell_bid"":67828.36}"
2026-09-09T01:48:42+00:00,eu_cross_spot,ETH:buy Coinbase / sell Kraken,ETH,buy Coinbase / sell Kraken,Coinbase<->Kraken,-0.558651,-150.558651,NO,"{""buffer_bps"":150.0,""buy_ask"":2148.03,""coinbase_taker_bps"":60.0,""kraken_taker_bps"":80.0,""note"":""Assumes prefunded balances on both venues; rebalancing and account-specific fees can erase the edge."",""sell_bid"":2147.91}"
2026-09-09T01:48:42+00:00,eu_cross_spot,ETH:buy Kraken / sell Coinbase,ETH,buy Kraken / sell Coinbase,Coinbase<->Kraken,-1.303569,-151.303569,NO,"{""buffer_bps"":150.0,""buy_ask"":2147.95,""coinbase_taker_bps"":60.0,""kraken_taker_bps"":80.0,""note"":""Assumes prefunded balances on both venues; rebalancing and account-specific fees can erase the edge."",""sell_bid"":2147.67}"
2026-09-09T01:48:42+00:00,eu_cross_spot,SOL:buy Coinbase / sell Kraken,SOL,buy Coinbase / sell Kraken,Coinbase<->Kraken,-2.240394,-152.240394,NO,"{""buffer_bps"":150.0,""buy_ask"":89.27,""coinbase_taker_bps"":60.0,""kraken_taker_bps"":80.0,""note"":""Assumes prefunded balances on both venues; rebalancing and account-specific fees can erase the edge."",""sell_bid"":89.25}"
2026-09-09T01:48:42+00:00,eu_cross_spot,SOL:buy Kraken / sell Coinbase,SOL,buy Kraken / sell Coinbase,Coinbase<->Kraken,-1.120323,-151.120323,NO,"{""buffer_bps"":150.0,""buy_ask"":89.26,""coinbase_taker_bps"":60.0,""kraken_taker_bps"":80.0,""note"":""Assumes prefunded balances on both venues; rebalancing and account-specific fees can erase the edge."",""sell_bid"":89.25}"
2026-09-09T01:48:42+00:00,eur_triangle,Coinbase:BTC:EUR-USDT-BTC-EUR,BTC,EUR->USDT->BTC->EUR,Coinbase,0.080121,-188.843472,NO,"{""extra_buffer_bps"":10.0,""fee_bps_per_leg_assumption"":60.0,""note"":""Top-of-book paper cycle. Exact Coinbase fee tier and available size must be validated.""}"
2026-09-09T01:48:42+00:00,eur_triangle,Coinbase:BTC:EUR-BTC-USDT-EUR,BTC,EUR->BTC->USDT->EUR,Coinbase,-2.635262,-191.510271,NO,"{""extra_buffer_bps"":10.0,""fee_bps_per_leg_assumption"":60.0,""note"":""Top-of-book paper cycle. Exact Coinbase fee tier and available size must be validated.""}"
2026-09-09T01:48:42+00:00,eur_triangle,Kraken:BTC:EUR-USDT-BTC-EUR,BTC,EUR->USDT->BTC->EUR,Kraken,-1.068016,-249.127708,NO,"{""extra_buffer_bps"":10.0,""fee_bps_per_leg_assumption"":80.0,""note"":""Top-of-book paper cycle. Exact Kraken fee tier and available size must be validated.""}"
2026-09-09T01:48:42+00:00,eur_triangle,Kraken:BTC:EUR-BTC-USDT-EUR,BTC,EUR->BTC->USDT->EUR,Kraken,-0.626263,-248.696473,NO,"{""extra_buffer_bps"":10.0,""fee_bps_per_leg_assumption"":80.0,""note"":""Top-of-book paper cycle. Exact Kraken fee tier and available size must be validated.""}"
2026-09-09T01:48:42+00:00,eur_triangle,Coinbase:ETH:EUR-USDT-ETH-EUR,ETH,EUR->USDT->ETH->EUR,Coinbase,-1.310789,-190.209496,NO,"{""extra_buffer_bps"":10.0,""fee_bps_per_leg_assumption"":60.0,""note"":""Top-of-book paper cycle. Exact Coinbase fee tier and available size must be validated.""}"
2026-09-09T01:48:42+00:00,eur_triangle,Coinbase:ETH:EUR-ETH-USDT-EUR,ETH,EUR->ETH->USDT->EUR,Coinbase,-5.442196,-194.266983,NO,"{""extra_buffer_bps"":10.0,""fee_bps_per_leg_assumption"":60.0,""note"":""Top-of-book paper cycle. Exact Coinbase fee tier and available size must be validated.""}"
2026-09-09T01:48:42+00:00,eur_triangle,Kraken:ETH:EUR-USDT-ETH-EUR,ETH,EUR->USDT->ETH->EUR,Kraken,-1.643975,-249.689954,NO,"{""extra_buffer_bps"":10.0,""fee_bps_per_leg_assumption"":80.0,""note"":""Top-of-book paper cycle. Exact Kraken fee tier and available size must be validated.""}"
2026-09-09T01:48:42+00:00,eur_triangle,Kraken:ETH:EUR-ETH-USDT-EUR,ETH,EUR->ETH->USDT->EUR,Kraken,-0.225331,-248.305086,NO,"{""extra_buffer_bps"":10.0,""fee_bps_per_leg_assumption"":80.0,""note"":""Top-of-book paper cycle. Exact Kraken fee tier and available size must be validated.""}"
2026-09-09T01:48:42+00:00,eur_triangle,Coinbase:SOL:EUR-USDT-SOL-EUR,SOL,EUR->USDT->SOL->EUR,Coinbase,-1.285639,-190.184796,NO,"{""extra_buffer_bps"":10.0,""fee_bps_per_leg_assumption"":60.0,""note"":""Top-of-book paper cycle. Exact Coinbase fee tier and available size must be validated.""}"
2026-09-09T01:48:42+00:00,eur_triangle,Coinbase:SOL:EUR-SOL-USDT-EUR,SOL,EUR->SOL->USDT->EUR,Coinbase,-3.114148,-191.980589,NO,"{""extra_buffer_bps"":10.0,""fee_bps_per_leg_assumption"":60.0,""note"":""Top-of-book paper cycle. Exact Coinbase fee tier and available size must be validated.""}"
2026-09-09T01:48:42+00:00,eur_triangle,Kraken:SOL:EUR-USDT-SOL-EUR,SOL,EUR->USDT->SOL->EUR,Kraken,-2.215643,-250.248012,NO,"{""extra_buffer_bps"":10.0,""fee_bps_per_leg_assumption"":80.0,""note"":""Top-of-book paper cycle. Exact Kraken fee tier and available size must be validated.""}"
2026-09-09T01:48:42+00:00,eur_triangle,Kraken:SOL:EUR-SOL-USDT-EUR,SOL,EUR->SOL->USDT->EUR,Kraken,-1.030697,-249.091277,NO,"{""extra_buffer_bps"":10.0,""fee_bps_per_leg_assumption"":80.0,""note"":""Top-of-book paper cycle. Exact Kraken fee tier and available size must be validated.""}"
2026-09-09T01:48:42+00:00,stable_eur_dislocation,Coinbase:USDC-EUR-USDT,USDC/USDT,USDC->EUR->USDT,Coinbase,-0.232553,-30.232553,NO,"{""buffer_bps"":30.0,""note"":""Two-leg stablecoin conversion via EUR; issuer, venue and fee risks remain."",""usdc_eur"":{""ask"":0.8601,""bid"":0.86,""last"":0.86},""usdt_eur"":{""ask"":0.86002,""bid"":0.86,""last"":0.86}}"
2026-09-09T01:48:42+00:00,stable_eur_dislocation,Coinbase:USDT-EUR-USDC,USDT/USDC,USDT->EUR->USDC,Coinbase,-1.162656,-31.162656,NO,"{""buffer_bps"":30.0,""note"":""Two-leg stablecoin conversion via EUR; issuer, venue and fee risks remain."",""usdc_eur"":{""ask"":0.8601,""bid"":0.86,""last"":0.86},""usdt_eur"":{""ask"":0.86002,""bid"":0.86,""last"":0.86}}"
2026-09-09T01:48:42+00:00,stable_eur_dislocation,Kraken:USDC-EUR-USDT,USDC/USDT,USDC->EUR->USDT,Kraken,-1.162656,-51.162656,NO,"{""buffer_bps"":50.0,""note"":""Two-leg stablecoin conversion via EUR; issuer, venue and fee risks remain."",""usdc_eur"":{""ask"":0.8601,""bid"":0.86,""last"":0.8601},""usdt_eur"":{""ask"":0.8601,""bid"":0.86,""last"":0.86}}"
2026-09-09T01:48:42+00:00,stable_eur_dislocation,Kraken:USDT-EUR-USDC,USDT/USDC,USDT->EUR->USDC,Kraken,-1.162656,-51.162656,NO,"{""buffer_bps"":50.0,""note"":""Two-leg stablecoin conversion via EUR; issuer, venue and fee risks remain."",""usdc_eur"":{""ask"":0.8601,""bid"":0.86,""last"":0.8601},""usdt_eur"":{""ask"":0.8601,""bid"":0.86,""last"":0.86}}"
2026-09-09T04:13:08+00:00,eu_cross_spot,BTC:buy Coinbase / sell Kraken,BTC,buy Coinbase / sell Kraken,Coinbase<->Kraken,-0.180041,-150.180041,NO,"{""buffer_bps"":150.0,""buy_ask"":67762.42,""coinbase_taker_bps"":60.0,""kraken_taker_bps"":80.0,""note"":""Assumes prefunded balances on both venues; rebalancing and account-specific fees can erase the edge."",""sell_bid"":67761.2}"
2026-09-09T04:13:08+00:00,eu_cross_spot,BTC:buy Kraken / sell Coinbase,BTC,buy Kraken / sell Coinbase,Coinbase<->Kraken,-0.721647,-150.721647,NO,"{""buffer_bps"":150.0,""buy_ask"":67761.7,""coinbase_taker_bps"":60.0,""kraken_taker_bps"":80.0,""note"":""Assumes prefunded balances on both venues; rebalancing and account-specific fees can erase the edge."",""sell_bid"":67756.81}"
2026-09-09T04:13:08+00:00,eu_cross_spot,ETH:buy Coinbase / sell Kraken,ETH,buy Coinbase / sell Kraken,Coinbase<->Kraken,-1.630698,-151.630698,NO,"{""buffer_bps"":150.0,""buy_ask"":2146.32,""coinbase_taker_bps"":60.0,""kraken_taker_bps"":80.0,""note"":""Assumes prefunded balances on both venues; rebalancing and account-specific fees can erase the edge."",""sell_bid"":2145.97}"
2026-09-09T04:13:08+00:00,eu_cross_spot,ETH:buy Kraken / sell Coinbase,ETH,buy Kraken / sell Coinbase,Coinbase<->Kraken,-0.559164,-150.559164,NO,"{""buffer_bps"":150.0,""buy_ask"":2146.06,""coinbase_taker_bps"":60.0,""kraken_taker_bps"":80.0,""note"":""Assumes prefunded balances on both venues; rebalancing and account-specific fees can erase the edge."",""sell_bid"":2145.94}"
2026-09-09T04:13:08+00:00,eu_cross_spot,SOL:buy Coinbase / sell Kraken,SOL,buy Coinbase / sell Kraken,Coinbase<->Kraken,-1.122586,-151.122586,NO,"{""buffer_bps"":150.0,""buy_ask"":89.08,""coinbase_taker_bps"":60.0,""kraken_taker_bps"":80.0,""note"":""Assumes prefunded balances on both venues; rebalancing and account-specific fees can erase the edge."",""sell_bid"":89.07}"
2026-09-09T04:13:08+00:00,eu_cross_spot,SOL:buy Kraken / sell Coinbase,SOL,buy Kraken / sell Coinbase,Coinbase<->Kraken,-1.122586,-151.122586,NO,"{""buffer_bps"":150.0,""buy_ask"":89.08,""coinbase_taker_bps"":60.0,""kraken_taker_bps"":80.0,""note"":""Assumes prefunded balances on both venues; rebalancing and account-specific fees can erase the edge."",""sell_bid"":89.07}"
2026-09-09T04:13:08+00:00,eur_triangle,Coinbase:BTC:EUR-USDT-BTC-EUR,BTC,EUR->USDT->BTC->EUR,Coinbase,-1.927297,-190.814973,NO,"{""extra_buffer_bps"":10.0,""fee_bps_per_leg_assumption"":60.0,""note"":""Top-of-book paper cycle. Exact Coinbase fee tier and available size must be validated.""}"
2026-09-09T04:13:08+00:00,eur_triangle,Coinbase:BTC:EUR-BTC-USDT-EUR,BTC,EUR->BTC->USDT->EUR,Coinbase,-2.075247,-190.960277,NO,"{""extra_buffer_bps"":10.0,""fee_bps_per_leg_assumption"":60.0,""note"":""Top-of-book paper cycle. Exact Coinbase fee tier and available size must be validated.""}"
2026-09-09T04:13:08+00:00,eur_triangle,Kraken:BTC:EUR-USDT-BTC-EUR,BTC,EUR->USDT->BTC->EUR,Kraken,-0.081729,-248.164903,NO,"{""extra_buffer_bps"":10.0,""fee_bps_per_leg_assumption"":80.0,""note"":""Top-of-book paper cycle. Exact Kraken fee tier and available size must be validated.""}"
2026-09-09T04:13:08+00:00,eur_triangle,Kraken:BTC:EUR-BTC-USDT-EUR,BTC,EUR->BTC->USDT->EUR,Kraken,-1.167674,-249.224994,NO,"{""extra_buffer_bps"":10.0,""fee_bps_per_leg_assumption"":80.0,""note"":""Top-of-book paper cycle. Exact Kraken fee tier and available size must be validated.""}"
2026-09-09T04:13:08+00:00,eur_triangle,Coinbase:ETH:EUR-USDT-ETH-EUR,ETH,EUR->USDT->ETH->EUR,Coinbase,-3.007418,-191.875769,NO,"{""extra_buffer_bps"":10.0,""fee_bps_per_leg_assumption"":60.0,""note"":""Top-of-book paper cycle. Exact Coinbase fee tier and available size must be validated.""}"
2026-09-09T04:13:08+00:00,eur_triangle,Coinbase:ETH:EUR-ETH-USDT-EUR,ETH,EUR->ETH->USDT->EUR,Coinbase,-2.516918,-191.394045,NO,"{""extra_buffer_bps"":10.0,""fee_bps_per_leg_assumption"":60.0,""note"":""Top-of-book paper cycle. Exact Coinbase fee tier and available size must be validated.""}"
2026-09-09T04:13:08+00:00,eur_triangle,Kraken:ETH:EUR-USDT-ETH-EUR,ETH,EUR->USDT->ETH->EUR,Kraken,-0.864886,-248.929414,NO,"{""extra_buffer_bps"":10.0,""fee_bps_per_leg_assumption"":80.0,""note"":""Top-of-book paper cycle. Exact Kraken fee tier and available size must be validated.""}"
2026-09-09T04:13:08+00:00,eur_triangle,Kraken:ETH:EUR-ETH-USDT-EUR,ETH,EUR->ETH->USDT->EUR,Kraken,-0.957811,-249.020127,NO,"{""extra_buffer_bps"":10.0,""fee_bps_per_leg_assumption"":80.0,""note"":""Top-of-book paper cycle. Exact Kraken fee tier and available size must be validated.""}"
2026-09-09T04:13:08+00:00,eur_triangle,Coinbase:SOL:EUR-USDT-SOL-EUR,SOL,EUR->USDT->SOL->EUR,Coinbase,-0.790439,-189.698457,NO,"{""extra_buffer_bps"":10.0,""fee_bps_per_leg_assumption"":60.0,""note"":""Top-of-book paper cycle. Exact Coinbase fee tier and available size must be validated.""}"
2026-09-09T04:13:08+00:00,eur_triangle,Coinbase:SOL:EUR-SOL-USDT-EUR,SOL,EUR->SOL->USDT->EUR,Coinbase,-2.611596,-191.487029,NO,"{""extra_buffer_bps"":10.0,""fee_bps_per_leg_assumption"":60.0,""note"":""Top-of-book paper cycle. Exact Coinbase fee tier and available size must be validated.""}"
2026-09-09T04:13:08+00:00,eur_triangle,Kraken:SOL:EUR-USDT-SOL-EUR,SOL,EUR->USDT->SOL->EUR,Kraken,-0.790439,-248.856740,NO,"{""extra_buffer_bps"":10.0,""fee_bps_per_leg_assumption"":80.0,""note"":""Top-of-book paper cycle. Exact Kraken fee tier and available size must be validated.""}"
2026-09-09T04:13:08+00:00,eur_triangle,Kraken:SOL:EUR-SOL-USDT-EUR,SOL,EUR->SOL->USDT->EUR,Kraken,-2.460260,-250.486805,NO,"{""extra_buffer_bps"":10.0,""fee_bps_per_leg_assumption"":80.0,""note"":""Top-of-book paper cycle. Exact Kraken fee tier and available size must be validated.""}"
2026-09-09T04:13:08+00:00,stable_eur_dislocation,Coinbase:USDC-EUR-USDT,USDC/USDT,USDC->EUR->USDT,Coinbase,0.000000,-30.000000,NO,"{""buffer_bps"":30.0,""note"":""Two-leg stablecoin conversion via EUR; issuer, venue and fee risks remain."",""usdc_eur"":{""ask"":0.86,""bid"":0.8599,""last"":0.86},""usdt_eur"":{""ask"":0.8599,""bid"":0.85987,""last"":0.8599}}"
2026-09-09T04:13:08+00:00,stable_eur_dislocation,Coinbase:USDT-EUR-USDC,USDT/USDC,USDT->EUR->USDC,Coinbase,-1.511628,-31.511628,NO,"{""buffer_bps"":30.0,""note"":""Two-leg stablecoin conversion via EUR; issuer, venue and fee risks remain."",""usdc_eur"":{""ask"":0.86,""bid"":0.8599,""last"":0.86},""usdt_eur"":{""ask"":0.8599,""bid"":0.85987,""last"":0.8599}}"
2026-09-09T04:13:08+00:00,stable_eur_dislocation,Kraken:USDC-EUR-USDT,USDC/USDT,USDC->EUR->USDT,Kraken,0.000000,-50.000000,NO,"{""buffer_bps"":50.0,""note"":""Two-leg stablecoin conversion via EUR; issuer, venue and fee risks remain."",""usdc_eur"":{""ask"":0.86,""bid"":0.8599,""last"":0.8599},""usdt_eur"":{""ask"":0.8599,""bid"":0.8598,""last"":0.8598}}"
2026-09-09T04:13:08+00:00,stable_eur_dislocation,Kraken:USDT-EUR-USDC,USDT/USDC,USDT->EUR->USDC,Kraken,-2.325581,-52.325581,NO,"{""buffer_bps"":50.0,""note"":""Two-leg stablecoin conversion via EUR; issuer, venue and fee risks remain."",""usdc_eur"":{""ask"":0.86,""bid"":0.8599,""last"":0.8599},""usdt_eur"":{""ask"":0.8599,""bid"":0.8598,""last"":0.8598}}"
2026-09-09T04:49:28+00:00,eu_cross_spot,BTC:buy Coinbase / sell Kraken,BTC,buy Coinbase / sell Kraken,Coinbase<->Kraken,-1.766054,-151.766054,NO,"{""buffer_bps"":150.0,""buy_ask"":68061.32,""coinbase_taker_bps"":60.0,""kraken_taker_bps"":80.0,""note"":""Assumes prefunded balances on both venues; rebalancing and account-specific fees can erase the edge."",""sell_bid"":68049.3}"
2026-09-09T04:49:28+00:00,eu_cross_spot,BTC:buy Kraken / sell Coinbase,BTC,buy Kraken / sell Coinbase,Coinbase<->Kraken,0.427631,-149.572369,NO,"{""buffer_bps"":150.0,""buy_ask"":68049.4,""coinbase_taker_bps"":60.0,""kraken_taker_bps"":80.0,""note"":""Assumes prefunded balances on both venues; rebalancing and account-specific fees can erase the edge."",""sell_bid"":68052.31}"
2026-09-09T04:49:28+00:00,eu_cross_spot,ETH:buy Coinbase / sell Kraken,ETH,buy Coinbase / sell Kraken,Coinbase<->Kraken,0.973854,-149.026146,NO,"{""buffer_bps"":150.0,""buy_ask"":2156.38,""coinbase_taker_bps"":60.0,""kraken_taker_bps"":80.0,""note"":""Assumes prefunded balances on both venues; rebalancing and account-specific fees can erase the edge."",""sell_bid"":2156.59}"
2026-09-09T04:49:28+00:00,eu_cross_spot,ETH:buy Kraken / sell Coinbase,ETH,buy Kraken / sell Coinbase,Coinbase<->Kraken,-1.112858,-151.112858,NO,"{""buffer_bps"":150.0,""buy_ask"":2156.61,""coinbase_taker_bps"":60.0,""kraken_taker_bps"":80.0,""note"":""Assumes prefunded balances on both venues; rebalancing and account-specific fees can erase the edge."",""sell_bid"":2156.37}"
2026-09-09T04:49:28+00:00,eu_cross_spot,SOL:buy Coinbase / sell Kraken,SOL,buy Coinbase / sell Kraken,Coinbase<->Kraken,1.115698,-148.884302,NO,"{""buffer_bps"":150.0,""buy_ask"":89.63,""coinbase_taker_bps"":60.0,""kraken_taker_bps"":80.0,""note"":""Assumes prefunded balances on both venues; rebalancing and account-specific fees can erase the edge."",""sell_bid"":89.64}"
2026-09-09T04:49:28+00:00,eu_cross_spot,SOL:buy Kraken / sell Coinbase,SOL,buy Kraken / sell Coinbase,Coinbase<->Kraken,-3.346347,-153.346347,NO,"{""buffer_bps"":150.0,""buy_ask"":89.65,""coinbase_taker_bps"":60.0,""kraken_taker_bps"":80.0,""note"":""Assumes prefunded balances on both venues; rebalancing and account-specific fees can erase the edge."",""sell_bid"":89.62}"
2026-09-09T04:49:28+00:00,eur_triangle,Coinbase:BTC:EUR-USDT-BTC-EUR,BTC,EUR->USDT->BTC->EUR,Coinbase,-0.263930,-189.181368,NO,"{""extra_buffer_bps"":10.0,""fee_bps_per_leg_assumption"":60.0,""note"":""Top-of-book paper cycle. Exact Coinbase fee tier and available size must be validated.""}"
2026-09-09T04:49:28+00:00,eur_triangle,Coinbase:BTC:EUR-BTC-USDT-EUR,BTC,EUR->BTC->USDT->EUR,Coinbase,-3.746975,-192.602093,NO,"{""extra_buffer_bps"":10.0,""fee_bps_per_leg_assumption"":60.0,""note"":""Top-of-book paper cycle. Exact Coinbase fee tier and available size must be validated.""}"
2026-09-09T04:49:28+00:00,eur_triangle,Kraken:BTC:EUR-USDT-BTC-EUR,BTC,EUR->USDT->BTC->EUR,Kraken,-0.695007,-248.763580,NO,"{""extra_buffer_bps"":10.0,""fee_bps_per_leg_assumption"":80.0,""note"":""Top-of-book paper cycle. Exact Kraken fee tier and available size must be validated.""}"
2026-09-09T04:49:28+00:00,eur_triangle,Kraken:BTC:EUR-BTC-USDT-EUR,BTC,EUR->BTC->USDT->EUR,Kraken,-0.495415,-248.568740,NO,"{""extra_buffer_bps"":10.0,""fee_bps_per_leg_assumption"":80.0,""note"":""Top-of-book paper cycle. Exact Kraken fee tier and available size must be validated.""}"
2026-09-09T04:49:28+00:00,eur_triangle,Coinbase:ETH:EUR-USDT-ETH-EUR,ETH,EUR->USDT->ETH->EUR,Coinbase,-2.795932,-191.668067,NO,"{""extra_buffer_bps"":10.0,""fee_bps_per_leg_assumption"":60.0,""note"":""Top-of-book paper cycle. Exact Coinbase fee tier and available size must be validated.""}"
2026-09-09T04:49:28+00:00,eur_triangle,Coinbase:ETH:EUR-ETH-USDT-EUR,ETH,EUR->ETH->USDT->EUR,Coinbase,-1.107261,-190.009609,NO,"{""extra_buffer_bps"":10.0,""fee_bps_per_leg_assumption"":60.0,""note"":""Top-of-book paper cycle. Exact Coinbase fee tier and available size must be validated.""}"
2026-09-09T04:49:28+00:00,eur_triangle,Kraken:ETH:EUR-USDT-ETH-EUR,ETH,EUR->USDT->ETH->EUR,Kraken,0.143942,-247.944605,NO,"{""extra_buffer_bps"":10.0,""fee_bps_per_leg_assumption"":80.0,""note"":""Top-of-book paper cycle. Exact Kraken fee tier and available size must be validated.""}"
2026-09-09T04:49:28+00:00,eur_triangle,Kraken:ETH:EUR-ETH-USDT-EUR,ETH,EUR->ETH->USDT->EUR,Kraken,-1.439574,-249.490420,NO,"{""extra_buffer_bps"":10.0,""fee_bps_per_leg_assumption"":80.0,""note"":""Top-of-book paper cycle. Exact Kraken fee tier and available size must be validated.""}"
2026-09-09T04:49:28+00:00,eur_triangle,Coinbase:SOL:EUR-USDT-SOL-EUR,SOL,EUR->USDT->SOL->EUR,Coinbase,-3.263898,-192.127659,NO,"{""extra_buffer_bps"":10.0,""fee_bps_per_leg_assumption"":60.0,""note"":""Top-of-book paper cycle. Exact Coinbase fee tier and available size must be validated.""}"
2026-09-09T04:49:28+00:00,eur_triangle,Coinbase:SOL:EUR-SOL-USDT-EUR,SOL,EUR->SOL->USDT->EUR,Coinbase,-2.036985,-190.922699,NO,"{""extra_buffer_bps"":10.0,""fee_bps_per_leg_assumption"":60.0,""note"":""Top-of-book paper cycle. Exact Coinbase fee tier and available size must be validated.""}"
2026-09-09T04:49:28+00:00,eur_triangle,Kraken:SOL:EUR-USDT-SOL-EUR,SOL,EUR->USDT->SOL->EUR,Kraken,-1.265569,-249.320558,NO,"{""extra_buffer_bps"":10.0,""fee_bps_per_leg_assumption"":80.0,""note"":""Top-of-book paper cycle. Exact Kraken fee tier and available size must be validated.""}"
2026-09-09T04:49:28+00:00,eur_triangle,Kraken:SOL:EUR-SOL-USDT-EUR,SOL,EUR->SOL->USDT->EUR,Kraken,-1.971891,-250.010063,NO,"{""extra_buffer_bps"":10.0,""fee_bps_per_leg_assumption"":80.0,""note"":""Top-of-book paper cycle. Exact Kraken fee tier and available size must be validated.""}"
2026-09-09T04:49:28+00:00,stable_eur_dislocation,Coinbase:USDC-EUR-USDT,USDC/USDT,USDC->EUR->USDT,Coinbase,0.232618,-29.767382,NO,"{""buffer_bps"":30.0,""note"":""Two-leg stablecoin conversion via EUR; issuer, venue and fee risks remain."",""usdc_eur"":{""ask"":0.8599,""bid"":0.8598,""last"":0.8598},""usdt_eur"":{""ask"":0.85978,""bid"":0.85975,""last"":0.8598}}"
2026-09-09T04:49:28+00:00,stable_eur_dislocation,Coinbase:USDT-EUR-USDC,USDT/USDC,USDT->EUR->USDC,Coinbase,-1.744389,-31.744389,NO,"{""buffer_bps"":30.0,""note"":""Two-leg stablecoin conversion via EUR; issuer, venue and fee risks remain."",""usdc_eur"":{""ask"":0.8599,""bid"":0.8598,""last"":0.8598},""usdt_eur"":{""ask"":0.85978,""bid"":0.85975,""last"":0.8598}}"
2026-09-09T04:49:28+00:00,stable_eur_dislocation,Kraken:USDC-EUR-USDT,USDC/USDT,USDC->EUR->USDT,Kraken,0.000000,-50.000000,NO,"{""buffer_bps"":50.0,""note"":""Two-leg stablecoin conversion via EUR; issuer, venue and fee risks remain."",""usdc_eur"":{""ask"":0.8599,""bid"":0.8598,""last"":0.8599},""usdt_eur"":{""ask"":0.8598,""bid"":0.8597,""last"":0.8598}}"
2026-09-09T04:49:28+00:00,stable_eur_dislocation,Kraken:USDT-EUR-USDC,USDT/USDC,USDT->EUR->USDC,Kraken,-2.325852,-52.325852,NO,"{""buffer_bps"":50.0,""note"":""Two-leg stablecoin conversion via EUR; issuer, venue and fee risks remain."",""usdc_eur"":{""ask"":0.8599,""bid"":0.8598,""last"":0.8599},""usdt_eur"":{""ask"":0.8598,""bid"":0.8597,""last"":0.8598}}"
2026-09-09T05:20:01+00:00,eu_cross_spot,BTC:buy Coinbase / sell Kraken,BTC,buy Coinbase / sell Kraken,Coinbase<->Kraken,-0.167199,-150.167199,NO,"{""buffer_bps"":150.0,""buy_ask"":68182.14,""coinbase_taker_bps"":60.0,""kraken_taker_bps"":80.0,""note"":""Assumes prefunded balances on both venues; rebalancing and account-specific fees can erase the edge."",""sell_bid"":68181.0}"
2026-09-09T05:20:01+00:00,eu_cross_spot,BTC:buy Kraken / sell Coinbase,BTC,buy Kraken / sell Coinbase,Coinbase<->Kraken,-0.830142,-150.830142,NO,"{""buffer_bps"":150.0,""buy_ask"":68181.1,""coinbase_taker_bps"":60.0,""kraken_taker_bps"":80.0,""note"":""Assumes prefunded balances on both venues; rebalancing and account-specific fees can erase the edge."",""sell_bid"":68175.44}"
2026-09-09T05:20:01+00:00,eu_cross_spot,ETH:buy Coinbase / sell Kraken,ETH,buy Coinbase / sell Kraken,Coinbase<->Kraken,-0.556553,-150.556553,NO,"{""buffer_bps"":150.0,""buy_ask"":2156.13,""coinbase_taker_bps"":60.0,""kraken_taker_bps"":80.0,""note"":""Assumes prefunded balances on both venues; rebalancing and account-specific fees can erase the edge."",""sell_bid"":2156.01}"
2026-09-09T05:20:01+00:00,eu_cross_spot,ETH:buy Kraken / sell Coinbase,ETH,buy Kraken / sell Coinbase,Coinbase<->Kraken,-1.066766,-151.066766,NO,"{""buffer_bps"":150.0,""buy_ask"":2156.05,""coinbase_taker_bps"":60.0,""kraken_taker_bps"":80.0,""note"":""Assumes prefunded balances on both venues; rebalancing and account-specific fees can erase the edge."",""sell_bid"":2155.82}"
2026-09-09T05:20:01+00:00,eu_cross_spot,SOL:buy Coinbase / sell Kraken,SOL,buy Coinbase / sell Kraken,Coinbase<->Kraken,0.000000,-150.000000,NO,"{""buffer_bps"":150.0,""buy_ask"":89.9,""coinbase_taker_bps"":60.0,""kraken_taker_bps"":80.0,""note"":""Assumes prefunded balances on both venues; rebalancing and account-specific fees can erase the edge."",""sell_bid"":89.9}"
2026-09-09T05:20:01+00:00,eu_cross_spot,SOL:buy Kraken / sell Coinbase,SOL,buy Kraken / sell Coinbase,Coinbase<->Kraken,-2.224447,-152.224447,NO,"{""buffer_bps"":150.0,""buy_ask"":89.91,""coinbase_taker_bps"":60.0,""kraken_taker_bps"":80.0,""note"":""Assumes prefunded balances on both venues; rebalancing and account-specific fees can erase the edge."",""sell_bid"":89.89}"
2026-09-09T05:20:01+00:00,eur_triangle,Coinbase:BTC:EUR-USDT-BTC-EUR,BTC,EUR->USDT->BTC->EUR,Coinbase,1.685914,-187.266411,NO,"{""extra_buffer_bps"":10.0,""fee_bps_per_leg_assumption"":60.0,""note"":""Top-of-book paper cycle. Exact Coinbase fee tier and available size must be validated.""}"
2026-09-09T05:20:01+00:00,eur_triangle,Coinbase:BTC:EUR-BTC-USDT-EUR,BTC,EUR->BTC->USDT->EUR,Coinbase,-2.785696,-191.658013,NO,"{""extra_buffer_bps"":10.0,""fee_bps_per_leg_assumption"":60.0,""note"":""Top-of-book paper cycle. Exact Coinbase fee tier and available size must be validated.""}"
2026-09-09T05:20:01+00:00,eur_triangle,Kraken:BTC:EUR-USDT-BTC-EUR,BTC,EUR->USDT->BTC->EUR,Kraken,-0.274304,-248.352893,NO,"{""extra_buffer_bps"":10.0,""fee_bps_per_leg_assumption"":80.0,""note"":""Top-of-book paper cycle. Exact Kraken fee tier and available size must be validated.""}"
2026-09-09T05:20:01+00:00,eur_triangle,Kraken:BTC:EUR-BTC-USDT-EUR,BTC,EUR->BTC->USDT->EUR,Kraken,-0.916324,-248.979628,NO,"{""extra_buffer_bps"":10.0,""fee_bps_per_leg_assumption"":80.0,""note"":""Top-of-book paper cycle. Exact Kraken fee tier and available size must be validated.""}"
2026-09-09T05:20:01+00:00,eur_triangle,Coinbase:ETH:EUR-USDT-ETH-EUR,ETH,EUR->USDT->ETH->EUR,Coinbase,-2.950354,-191.819726,NO,"{""extra_buffer_bps"":10.0,""fee_bps_per_leg_assumption"":60.0,""note"":""Top-of-book paper cycle. Exact Coinbase fee tier and available size must be validated.""}"
2026-09-09T05:20:01+00:00,eur_triangle,Coinbase:ETH:EUR-ETH-USDT-EUR,ETH,EUR->ETH->USDT->EUR,Coinbase,-3.108057,-191.974607,NO,"{""extra_buffer_bps"":10.0,""fee_bps_per_leg_assumption"":60.0,""note"":""Top-of-book paper cycle. Exact Coinbase fee tier and available size must be validated.""}"
2026-09-09T05:20:01+00:00,eur_triangle,Kraken:ETH:EUR-USDT-ETH-EUR,ETH,EUR->USDT->ETH->EUR,Kraken,-0.378926,-248.455025,NO,"{""extra_buffer_bps"":10.0,""fee_bps_per_leg_assumption"":80.0,""note"":""Top-of-book paper cycle. Exact Kraken fee tier and available size must be validated.""}"
2026-09-09T05:20:01+00:00,eur_triangle,Kraken:ETH:EUR-ETH-USDT-EUR,ETH,EUR->ETH->USDT->EUR,Kraken,-1.009810,-249.070888,NO,"{""extra_buffer_bps"":10.0,""fee_bps_per_leg_assumption"":80.0,""note"":""Top-of-book paper cycle. Exact Kraken fee tier and available size must be validated.""}"
2026-09-09T05:20:01+00:00,eur_triangle,Coinbase:SOL:EUR-USDT-SOL-EUR,SOL,EUR->USDT->SOL->EUR,Coinbase,-3.061194,-191.928583,NO,"{""extra_buffer_bps"":10.0,""fee_bps_per_leg_assumption"":60.0,""note"":""Top-of-book paper cycle. Exact Coinbase fee tier and available size must be validated.""}"
2026-09-09T05:20:01+00:00,eur_triangle,Coinbase:SOL:EUR-SOL-USDT-EUR,SOL,EUR->SOL->USDT->EUR,Coinbase,-0.079132,-188.999877,NO,"{""extra_buffer_bps"":10.0,""fee_bps_per_leg_assumption"":60.0,""note"":""Top-of-book paper cycle. Exact Coinbase fee tier and available size must be validated.""}"
2026-09-09T05:20:01+00:00,eur_triangle,Kraken:SOL:EUR-USDT-SOL-EUR,SOL,EUR->USDT->SOL->EUR,Kraken,-1.574835,-249.622461,NO,"{""extra_buffer_bps"":10.0,""fee_bps_per_leg_assumption"":80.0,""note"":""Top-of-book paper cycle. Exact Kraken fee tier and available size must be validated.""}"
2026-09-09T05:20:01+00:00,eur_triangle,Kraken:SOL:EUR-SOL-USDT-EUR,SOL,EUR->SOL->USDT->EUR,Kraken,-2.612613,-250.635530,NO,"{""extra_buffer_bps"":10.0,""fee_bps_per_leg_assumption"":80.0,""note"":""Top-of-book paper cycle. Exact Kraken fee tier and available size must be validated.""}"
2026-09-09T05:20:01+00:00,stable_eur_dislocation,Coinbase:USDC-EUR-USDT,USDC/USDT,USDC->EUR->USDT,Coinbase,0.581700,-29.418300,NO,"{""buffer_bps"":30.0,""note"":""Two-leg stablecoin conversion via EUR; issuer, venue and fee risks remain."",""usdc_eur"":{""ask"":0.8597,""bid"":0.8596,""last"":0.8597},""usdt_eur"":{""ask"":0.85955,""bid"":0.85954,""last"":0.85956}}"
2026-09-09T05:20:01+00:00,stable_eur_dislocation,Coinbase:USDT-EUR-USDC,USDT/USDC,USDT->EUR->USDC,Coinbase,-1.861114,-31.861114,NO,"{""buffer_bps"":30.0,""note"":""Two-leg stablecoin conversion via EUR; issuer, venue and fee risks remain."",""usdc_eur"":{""ask"":0.8597,""bid"":0.8596,""last"":0.8597},""usdt_eur"":{""ask"":0.85955,""bid"":0.85954,""last"":0.85956}}"
2026-09-09T05:20:01+00:00,stable_eur_dislocation,Kraken:USDC-EUR-USDT,USDC/USDT,USDC->EUR->USDT,Kraken,0.000000,-50.000000,NO,"{""buffer_bps"":50.0,""note"":""Two-leg stablecoin conversion via EUR; issuer, venue and fee risks remain."",""usdc_eur"":{""ask"":0.8597,""bid"":0.8596,""last"":0.8597},""usdt_eur"":{""ask"":0.8596,""bid"":0.8595,""last"":0.8595}}"
2026-09-09T05:20:01+00:00,stable_eur_dislocation,Kraken:USDT-EUR-USDC,USDT/USDC,USDT->EUR->USDC,Kraken,-2.326393,-52.326393,NO,"{""buffer_bps"":50.0,""note"":""Two-leg stablecoin conversion via EUR; issuer, venue and fee risks remain."",""usdc_eur"":{""ask"":0.8597,""bid"":0.8596,""last"":0.8597},""usdt_eur"":{""ask"":0.8596,""bid"":0.8595,""last"":0.8595}}"
2026-09-09T06:50:19+00:00,eu_cross_spot,BTC:buy Coinbase / sell Kraken,BTC,buy Coinbase / sell Kraken,Coinbase<->Kraken,-0.789261,-150.789261,NO,"{""buffer_bps"":150.0,""buy_ask"":68038.37,""coinbase_taker_bps"":60.0,""kraken_taker_bps"":80.0,""note"":""Assumes prefunded balances on both venues; rebalancing and account-specific fees can erase the edge."",""sell_bid"":68033.0}"
2026-09-09T06:50:19+00:00,eu_cross_spot,BTC:buy Kraken / sell Coinbase,BTC,buy Kraken / sell Coinbase,Coinbase<->Kraken,-0.257228,-150.257228,NO,"{""buffer_bps"":150.0,""buy_ask"":68033.1,""coinbase_taker_bps"":60.0,""kraken_taker_bps"":80.0,""note"":""Assumes prefunded balances on both venues; rebalancing and account-specific fees can erase the edge."",""sell_bid"":68031.35}"
2026-09-09T06:50:19+00:00,eu_cross_spot,ETH:buy Coinbase / sell Kraken,ETH,buy Coinbase / sell Kraken,Coinbase<->Kraken,-1.675299,-151.675299,NO,"{""buffer_bps"":150.0,""buy_ask"":2148.87,""coinbase_taker_bps"":60.0,""kraken_taker_bps"":80.0,""note"":""Assumes prefunded balances on both venues; rebalancing and account-specific fees can erase the edge."",""sell_bid"":2148.51}"
2026-09-09T06:50:19+00:00,eu_cross_spot,ETH:buy Kraken / sell Coinbase,ETH,buy Kraken / sell Coinbase,Coinbase<->Kraken,0.279262,-149.720738,NO,"{""buffer_bps"":150.0,""buy_ask"":2148.52,""coinbase_taker_bps"":60.0,""kraken_taker_bps"":80.0,""note"":""Assumes prefunded balances on both venues; rebalancing and account-specific fees can erase the edge."",""sell_bid"":2148.58}"
2026-09-09T06:50:19+00:00,eu_cross_spot,SOL:buy Coinbase / sell Kraken,SOL,buy Coinbase / sell Kraken,Coinbase<->Kraken,-2.224199,-152.224199,NO,"{""buffer_bps"":150.0,""buy_ask"":89.92,""coinbase_taker_bps"":60.0,""kraken_taker_bps"":80.0,""note"":""Assumes prefunded balances on both venues; rebalancing and account-specific fees can erase the edge."",""sell_bid"":89.9}"
2026-09-09T06:50:19+00:00,eu_cross_spot,SOL:buy Kraken / sell Coinbase,SOL,buy Kraken / sell Coinbase,Coinbase<->Kraken,0.000000,-150.000000,NO,"{""buffer_bps"":150.0,""buy_ask"":89.91,""coinbase_taker_bps"":60.0,""kraken_taker_bps"":80.0,""note"":""Assumes prefunded balances on both venues; rebalancing and account-specific fees can erase the edge."",""sell_bid"":89.91}"
2026-09-09T06:50:19+00:00,eur_triangle,Coinbase:BTC:EUR-USDT-BTC-EUR,BTC,EUR->USDT->BTC->EUR,Coinbase,-2.419996,-191.298857,NO,"{""extra_buffer_bps"":10.0,""fee_bps_per_leg_assumption"":60.0,""note"":""Top-of-book paper cycle. Exact Coinbase fee tier and available size must be validated.""}"
2026-09-09T06:50:19+00:00,eur_triangle,Coinbase:BTC:EUR-BTC-USDT-EUR,BTC,EUR->BTC->USDT->EUR,Coinbase,0.257442,-188.669325,NO,"{""extra_buffer_bps"":10.0,""fee_bps_per_leg_assumption"":60.0,""note"":""Top-of-book paper cycle. Exact Coinbase fee tier and available size must be validated.""}"
2026-09-09T06:50:19+00:00,eur_triangle,Kraken:BTC:EUR-USDT-BTC-EUR,BTC,EUR->USDT->BTC->EUR,Kraken,0.098815,-247.988658,NO,"{""extra_buffer_bps"":10.0,""fee_bps_per_leg_assumption"":80.0,""note"":""Top-of-book paper cycle. Exact Kraken fee tier and available size must be validated.""}"
2026-09-09T06:50:19+00:00,eur_triangle,Kraken:BTC:EUR-BTC-USDT-EUR,BTC,EUR->BTC->USDT->EUR,Kraken,-1.403529,-249.455233,NO,"{""extra_buffer_bps"":10.0,""fee_bps_per_leg_assumption"":80.0,""note"":""Top-of-book paper cycle. Exact Kraken fee tier and available size must be validated.""}"
2026-09-09T06:50:19+00:00,eur_triangle,Coinbase:ETH:EUR-USDT-ETH-EUR,ETH,EUR->USDT->ETH->EUR,Coinbase,-1.449046,-190.345279,NO,"{""extra_buffer_bps"":10.0,""fee_bps_per_leg_assumption"":60.0,""note"":""Top-of-book paper cycle. Exact Coinbase fee tier and available size must be validated.""}"
2026-09-09T06:50:19+00:00,eur_triangle,Coinbase:ETH:EUR-ETH-USDT-EUR,ETH,EUR->ETH->USDT->EUR,Coinbase,-3.165157,-192.030685,NO,"{""extra_buffer_bps"":10.0,""fee_bps_per_leg_assumption"":60.0,""note"":""Top-of-book paper cycle. Exact Coinbase fee tier and available size must be validated.""}"
2026-09-09T06:50:19+00:00,eur_triangle,Kraken:ETH:EUR-USDT-ETH-EUR,ETH,EUR->USDT->ETH->EUR,Kraken,-0.829543,-248.894913,NO,"{""extra_buffer_bps"":10.0,""fee_bps_per_leg_assumption"":80.0,""note"":""Top-of-book paper cycle. Exact Kraken fee tier and available size must be validated.""}"
2026-09-09T06:50:19+00:00,eur_triangle,Kraken:ETH:EUR-ETH-USDT-EUR,ETH,EUR->ETH->USDT->EUR,Kraken,-0.540726,-248.612972,NO,"{""extra_buffer_bps"":10.0,""fee_bps_per_leg_assumption"":80.0,""note"":""Top-of-book paper cycle. Exact Kraken fee tier and available size must be validated.""}"
2026-09-09T06:50:19+00:00,eur_triangle,Coinbase:SOL:EUR-USDT-SOL-EUR,SOL,EUR->USDT->SOL->EUR,Coinbase,-1.260835,-190.160436,NO,"{""extra_buffer_bps"":10.0,""fee_bps_per_leg_assumption"":60.0,""note"":""Top-of-book paper cycle. Exact Coinbase fee tier and available size must be validated.""}"
2026-09-09T06:50:19+00:00,eur_triangle,Coinbase:SOL:EUR-SOL-USDT-EUR,SOL,EUR->SOL->USDT->EUR,Coinbase,-2.227980,-191.110277,NO,"{""extra_buffer_bps"":10.0,""fee_bps_per_leg_assumption"":60.0,""note"":""Top-of-book paper cycle. Exact Coinbase fee tier and available size must be validated.""}"
2026-09-09T06:50:19+00:00,eur_triangle,Kraken:SOL:EUR-USDT-SOL-EUR,SOL,EUR->USDT->SOL->EUR,Kraken,-1.907534,-249.947238,NO,"{""extra_buffer_bps"":10.0,""fee_bps_per_leg_assumption"":80.0,""note"":""Top-of-book paper cycle. Exact Kraken fee tier and available size must be validated.""}"
2026-09-09T06:50:19+00:00,eur_triangle,Kraken:SOL:EUR-SOL-USDT-EUR,SOL,EUR->SOL->USDT->EUR,Kraken,-1.323991,-249.377588,NO,"{""extra_buffer_bps"":10.0,""fee_bps_per_leg_assumption"":80.0,""note"":""Top-of-book paper cycle. Exact Kraken fee tier and available size must be validated.""}"
2026-09-09T06:50:19+00:00,stable_eur_dislocation,Coinbase:USDC-EUR-USDT,USDC/USDT,USDC->EUR->USDT,Coinbase,0.698210,-29.301790,NO,"{""buffer_bps"":30.0,""note"":""Two-leg stablecoin conversion via EUR; issuer, venue and fee risks remain."",""usdc_eur"":{""ask"":0.8595,""bid"":0.8594,""last"":0.8594},""usdt_eur"":{""ask"":0.85934,""bid"":0.8593,""last"":0.8593}}"
2026-09-09T06:50:19+00:00,stable_eur_dislocation,Coinbase:USDT-EUR-USDC,USDT/USDC,USDT->EUR->USDC,Coinbase,-2.326934,-32.326934,NO,"{""buffer_bps"":30.0,""note"":""Two-leg stablecoin conversion via EUR; issuer, venue and fee risks remain."",""usdc_eur"":{""ask"":0.8595,""bid"":0.8594,""last"":0.8594},""usdt_eur"":{""ask"":0.85934,""bid"":0.8593,""last"":0.8593}}"
2026-09-09T06:50:19+00:00,stable_eur_dislocation,Kraken:USDC-EUR-USDT,USDC/USDT,USDC->EUR->USDT,Kraken,1.163738,-48.836262,NO,"{""buffer_bps"":50.0,""note"":""Two-leg stablecoin conversion via EUR; issuer, venue and fee risks remain."",""usdc_eur"":{""ask"":0.8595,""bid"":0.8594,""last"":0.8594},""usdt_eur"":{""ask"":0.8593,""bid"":0.8592,""last"":0.8592}}"
2026-09-09T06:50:19+00:00,stable_eur_dislocation,Kraken:USDT-EUR-USDC,USDT/USDC,USDT->EUR->USDC,Kraken,-3.490401,-53.490401,NO,"{""buffer_bps"":50.0,""note"":""Two-leg stablecoin conversion via EUR; issuer, venue and fee risks remain."",""usdc_eur"":{""ask"":0.8595,""bid"":0.8594,""last"":0.8594},""usdt_eur"":{""ask"":0.8593,""bid"":0.8592,""last"":0.8592}}"
2026-09-09T08:33:09+00:00,eu_cross_spot,BTC:buy Coinbase / sell Kraken,BTC,buy Coinbase / sell Kraken,Coinbase<->Kraken,-1.917358,-151.917358,NO,"{""buffer_bps"":150.0,""buy_ask"":68479.63,""coinbase_taker_bps"":60.0,""kraken_taker_bps"":80.0,""note"":""Assumes prefunded balances on both venues; rebalancing and account-specific fees can erase the edge."",""sell_bid"":68466.5}"
2026-09-09T08:33:09+00:00,eu_cross_spot,BTC:buy Kraken / sell Coinbase,BTC,buy Kraken / sell Coinbase,Coinbase<->Kraken,1.026778,-148.973222,NO,"{""buffer_bps"":150.0,""buy_ask"":68466.6,""coinbase_taker_bps"":60.0,""kraken_taker_bps"":80.0,""note"":""Assumes prefunded balances on both venues; rebalancing and account-specific fees can erase the edge."",""sell_bid"":68473.63}"
2026-09-09T08:33:09+00:00,eu_cross_spot,ETH:buy Coinbase / sell Kraken,ETH,buy Coinbase / sell Kraken,Coinbase<->Kraken,-1.569120,-151.569120,NO,"{""buffer_bps"":150.0,""buy_ask"":2166.82,""coinbase_taker_bps"":60.0,""kraken_taker_bps"":80.0,""note"":""Assumes prefunded balances on both venues; rebalancing and account-specific fees can erase the edge."",""sell_bid"":2166.48}"
2026-09-09T08:33:09+00:00,eu_cross_spot,ETH:buy Kraken / sell Coinbase,ETH,buy Kraken / sell Coinbase,Coinbase<->Kraken,1.477044,-148.522956,NO,"{""buffer_bps"":150.0,""buy_ask"":2166.49,""coinbase_taker_bps"":60.0,""kraken_taker_bps"":80.0,""note"":""Assumes prefunded balances on both venues; rebalancing and account-specific fees can erase the edge."",""sell_bid"":2166.81}"
2026-09-09T08:33:09+00:00,eu_cross_spot,SOL:buy Coinbase / sell Kraken,SOL,buy Coinbase / sell Kraken,Coinbase<->Kraken,-4.433607,-154.433607,NO,"{""buffer_bps"":150.0,""buy_ask"":90.22,""coinbase_taker_bps"":60.0,""kraken_taker_bps"":80.0,""note"":""Assumes prefunded balances on both venues; rebalancing and account-specific fees can erase the edge."",""sell_bid"":90.18}"
2026-09-09T08:33:09+00:00,eu_cross_spot,SOL:buy Kraken / sell Coinbase,SOL,buy Kraken / sell Coinbase,Coinbase<->Kraken,1.108770,-148.891230,NO,"{""buffer_bps"":150.0,""buy_ask"":90.19,""coinbase_taker_bps"":60.0,""kraken_taker_bps"":80.0,""note"":""Assumes prefunded balances on both venues; rebalancing and account-specific fees can erase the edge."",""sell_bid"":90.2}"
2026-09-09T08:33:09+00:00,eur_triangle,Coinbase:BTC:EUR-USDT-BTC-EUR,BTC,EUR->USDT->BTC->EUR,Coinbase,-2.189078,-191.072071,NO,"{""extra_buffer_bps"":10.0,""fee_bps_per_leg_assumption"":60.0,""note"":""Top-of-book paper cycle. Exact Coinbase fee tier and available size must be validated.""}"
2026-09-09T08:33:09+00:00,eur_triangle,Coinbase:BTC:EUR-BTC-USDT-EUR,BTC,EUR->BTC->USDT->EUR,Coinbase,0.845413,-188.091873,NO,"{""extra_buffer_bps"":10.0,""fee_bps_per_leg_assumption"":60.0,""note"":""Top-of-book paper cycle. Exact Coinbase fee tier and available size must be validated.""}"
2026-09-09T08:33:09+00:00,eur_triangle,Kraken:BTC:EUR-USDT-BTC-EUR,BTC,EUR->USDT->BTC->EUR,Kraken,0.203673,-247.886296,NO,"{""extra_buffer_bps"":10.0,""fee_bps_per_leg_assumption"":80.0,""note"":""Top-of-book paper cycle. Exact Kraken fee tier and available size must be validated.""}"
2026-09-09T08:33:09+00:00,eur_triangle,Kraken:BTC:EUR-BTC-USDT-EUR,BTC,EUR->BTC->USDT->EUR,Kraken,-1.394268,-249.446193,NO,"{""extra_buffer_bps"":10.0,""fee_bps_per_leg_assumption"":80.0,""note"":""Top-of-book paper cycle. Exact Kraken fee tier and available size must be validated.""}"
2026-09-09T08:33:09+00:00,eur_triangle,Coinbase:ETH:EUR-USDT-ETH-EUR,ETH,EUR->USDT->ETH->EUR,Coinbase,-4.204495,-193.051427,NO,"{""extra_buffer_bps"":10.0,""fee_bps_per_leg_assumption"":60.0,""note"":""Top-of-book paper cycle. Exact Coinbase fee tier and available size must be validated.""}"
2026-09-09T08:33:09+00:00,eur_triangle,Coinbase:ETH:EUR-ETH-USDT-EUR,ETH,EUR->ETH->USDT->EUR,Coinbase,-1.271298,-190.170712,NO,"{""extra_buffer_bps"":10.0,""fee_bps_per_leg_assumption"":60.0,""note"":""Top-of-book paper cycle. Exact Coinbase fee tier and available size must be validated.""}"
2026-09-09T08:33:09+00:00,eur_triangle,Kraken:ETH:EUR-USDT-ETH-EUR,ETH,EUR->USDT->ETH->EUR,Kraken,-3.298596,-251.305181,NO,"{""extra_buffer_bps"":10.0,""fee_bps_per_leg_assumption"":80.0,""note"":""Top-of-book paper cycle. Exact Kraken fee tier and available size must be validated.""}"
2026-09-09T08:33:09+00:00,eur_triangle,Kraken:ETH:EUR-ETH-USDT-EUR,ETH,EUR->ETH->USDT->EUR,Kraken,2.049998,-246.083929,NO,"{""extra_buffer_bps"":10.0,""fee_bps_per_leg_assumption"":80.0,""note"":""Top-of-book paper cycle. Exact Kraken fee tier and available size must be validated.""}"
2026-09-09T08:33:09+00:00,eur_triangle,Coinbase:SOL:EUR-USDT-SOL-EUR,SOL,EUR->USDT->SOL->EUR,Coinbase,-0.988993,-189.893458,NO,"{""extra_buffer_bps"":10.0,""fee_bps_per_leg_assumption"":60.0,""note"":""Top-of-book paper cycle. Exact Coinbase fee tier and available size must be validated.""}"
2026-09-09T08:33:09+00:00,eur_triangle,Coinbase:SOL:EUR-SOL-USDT-EUR,SOL,EUR->SOL->USDT->EUR,Coinbase,-3.249501,-192.113520,NO,"{""extra_buffer_bps"":10.0,""fee_bps_per_leg_assumption"":60.0,""note"":""Top-of-book paper cycle. Exact Coinbase fee tier and available size must be validated.""}"
2026-09-09T08:33:09+00:00,eur_triangle,Kraken:SOL:EUR-USDT-SOL-EUR,SOL,EUR->USDT->SOL->EUR,Kraken,-2.718821,-250.739210,NO,"{""extra_buffer_bps"":10.0,""fee_bps_per_leg_assumption"":80.0,""note"":""Top-of-book paper cycle. Exact Kraken fee tier and available size must be validated.""}"
2026-09-09T08:33:09+00:00,eur_triangle,Kraken:SOL:EUR-SOL-USDT-EUR,SOL,EUR->SOL->USDT->EUR,Kraken,-0.506043,-248.579115,NO,"{""extra_buffer_bps"":10.0,""fee_bps_per_leg_assumption"":80.0,""note"":""Top-of-book paper cycle. Exact Kraken fee tier and available size must be validated.""}"
2026-09-09T08:33:09+00:00,stable_eur_dislocation,Coinbase:USDC-EUR-USDT,USDC/USDT,USDC->EUR->USDT,Coinbase,-0.698113,-30.698113,NO,"{""buffer_bps"":30.0,""note"":""Two-leg stablecoin conversion via EUR; issuer, venue and fee risks remain."",""usdc_eur"":{""ask"":0.8595,""bid"":0.8594,""last"":0.8594},""usdt_eur"":{""ask"":0.85946,""bid"":0.85945,""last"":0.85945}}"
2026-09-09T08:33:09+00:00,stable_eur_dislocation,Coinbase:USDT-EUR-USDC,USDT/USDC,USDT->EUR->USDC,Coinbase,-0.581734,-30.581734,NO,"{""buffer_bps"":30.0,""note"":""Two-leg stablecoin conversion via EUR; issuer, venue and fee risks remain."",""usdc_eur"":{""ask"":0.8595,""bid"":0.8594,""last"":0.8594},""usdt_eur"":{""ask"":0.85946,""bid"":0.85945,""last"":0.85945}}"
2026-09-09T08:33:09+00:00,stable_eur_dislocation,Kraken:USDC-EUR-USDT,USDC/USDT,USDC->EUR->USDT,Kraken,-1.163467,-51.163467,NO,"{""buffer_bps"":50.0,""note"":""Two-leg stablecoin conversion via EUR; issuer, venue and fee risks remain."",""usdc_eur"":{""ask"":0.8595,""bid"":0.8594,""last"":0.8594},""usdt_eur"":{""ask"":0.8595,""bid"":0.8594,""last"":0.8594}}"
2026-09-09T08:33:09+00:00,stable_eur_dislocation,Kraken:USDT-EUR-USDC,USDT/USDC,USDT->EUR->USDC,Kraken,-1.163467,-51.163467,NO,"{""buffer_bps"":50.0,""note"":""Two-leg stablecoin conversion via EUR; issuer, venue and fee risks remain."",""usdc_eur"":{""ask"":0.8595,""bid"":0.8594,""last"":0.8594},""usdt_eur"":{""ask"":0.8595,""bid"":0.8594,""last"":0.8594}}"
2026-09-09T09:22:32+00:00,eu_cross_spot,BTC:buy Coinbase / sell Kraken,BTC,buy Coinbase / sell Kraken,Coinbase<->Kraken,-0.096591,-150.096591,NO,"{""buffer_bps"":150.0,""buy_ask"":68329.06,""coinbase_taker_bps"":60.0,""kraken_taker_bps"":80.0,""note"":""Assumes prefunded balances on both venues; rebalancing and account-specific fees can erase the edge."",""sell_bid"":68328.4}"
2026-09-09T09:22:32+00:00,eu_cross_spot,BTC:buy Kraken / sell Coinbase,BTC,buy Kraken / sell Coinbase,Coinbase<->Kraken,-0.684926,-150.684926,NO,"{""buffer_bps"":150.0,""buy_ask"":68328.5,""coinbase_taker_bps"":60.0,""kraken_taker_bps"":80.0,""note"":""Assumes prefunded balances on both venues; rebalancing and account-specific fees can erase the edge."",""sell_bid"":68323.82}"
2026-09-09T09:22:32+00:00,eu_cross_spot,ETH:buy Coinbase / sell Kraken,ETH,buy Coinbase / sell Kraken,Coinbase<->Kraken,-0.648680,-150.648680,NO,"{""buffer_bps"":150.0,""buy_ask"":2158.23,""coinbase_taker_bps"":60.0,""kraken_taker_bps"":80.0,""note"":""Assumes prefunded balances on both venues; rebalancing and account-specific fees can erase the edge."",""sell_bid"":2158.09}"
2026-09-09T09:22:32+00:00,eu_cross_spot,ETH:buy Kraken / sell Coinbase,ETH,buy Kraken / sell Coinbase,Coinbase<->Kraken,-0.602382,-150.602382,NO,"{""buffer_bps"":150.0,""buy_ask"":2158.1,""coinbase_taker_bps"":60.0,""kraken_taker_bps"":80.0,""note"":""Assumes prefunded balances on both venues; rebalancing and account-specific fees can erase the edge."",""sell_bid"":2157.97}"
2026-09-09T09:22:32+00:00,eu_cross_spot,SOL:buy Coinbase / sell Kraken,SOL,buy Coinbase / sell Kraken,Coinbase<->Kraken,-2.227916,-152.227916,NO,"{""buffer_bps"":150.0,""buy_ask"":89.77,""coinbase_taker_bps"":60.0,""kraken_taker_bps"":80.0,""note"":""Assumes prefunded balances on both venues; rebalancing and account-specific fees can erase the edge."",""sell_bid"":89.75}"
2026-09-09T09:22:32+00:00,eu_cross_spot,SOL:buy Kraken / sell Coinbase,SOL,buy Kraken / sell Coinbase,Coinbase<->Kraken,-1.114082,-151.114082,NO,"{""buffer_bps"":150.0,""buy_ask"":89.76,""coinbase_taker_bps"":60.0,""kraken_taker_bps"":80.0,""note"":""Assumes prefunded balances on both venues; rebalancing and account-specific fees can erase the edge."",""sell_bid"":89.75}"
2026-09-09T09:22:32+00:00,eur_triangle,Coinbase:BTC:EUR-USDT-BTC-EUR,BTC,EUR->USDT->BTC->EUR,Coinbase,-0.983253,-189.887820,NO,"{""extra_buffer_bps"":10.0,""fee_bps_per_leg_assumption"":60.0,""note"":""Top-of-book paper cycle. Exact Coinbase fee tier and available size must be validated.""}"
2026-09-09T09:22:32+00:00,eur_triangle,Coinbase:BTC:EUR-BTC-USDT-EUR,BTC,EUR->BTC->USDT->EUR,Coinbase,-1.033505,-189.937174,NO,"{""extra_buffer_bps"":10.0,""fee_bps_per_leg_assumption"":60.0,""note"":""Top-of-book paper cycle. Exact Coinbase fee tier and available size must be validated.""}"
2026-09-09T09:22:32+00:00,eur_triangle,Kraken:BTC:EUR-USDT-BTC-EUR,BTC,EUR->USDT->BTC->EUR,Kraken,-0.081371,-248.164554,NO,"{""extra_buffer_bps"":10.0,""fee_bps_per_leg_assumption"":80.0,""note"":""Top-of-book paper cycle. Exact Kraken fee tier and available size must be validated.""}"
2026-09-09T09:22:32+00:00,eur_triangle,Kraken:BTC:EUR-BTC-USDT-EUR,BTC,EUR->BTC->USDT->EUR,Kraken,-1.222272,-249.278291,NO,"{""extra_buffer_bps"":10.0,""fee_bps_per_leg_assumption"":80.0,""note"":""Top-of-book paper cycle. Exact Kraken fee tier and available size must be validated.""}"
2026-09-09T09:22:32+00:00,eur_triangle,Coinbase:ETH:EUR-USDT-ETH-EUR,ETH,EUR->USDT->ETH->EUR,Coinbase,-2.105084,-190.989579,NO,"{""extra_buffer_bps"":10.0,""fee_bps_per_leg_assumption"":60.0,""note"":""Top-of-book paper cycle. Exact Coinbase fee tier and available size must be validated.""}"
2026-09-09T09:22:32+00:00,eur_triangle,Coinbase:ETH:EUR-ETH-USDT-EUR,ETH,EUR->ETH->USDT->EUR,Coinbase,-1.964171,-190.851187,NO,"{""extra_buffer_bps"":10.0,""fee_bps_per_leg_assumption"":60.0,""note"":""Top-of-book paper cycle. Exact Coinbase fee tier and available size must be validated.""}"
2026-09-09T09:22:32+00:00,eur_triangle,Kraken:ETH:EUR-USDT-ETH-EUR,ETH,EUR->USDT->ETH->EUR,Kraken,-0.467429,-248.541420,NO,"{""extra_buffer_bps"":10.0,""fee_bps_per_leg_assumption"":80.0,""note"":""Top-of-book paper cycle. Exact Kraken fee tier and available size must be validated.""}"
2026-09-09T09:22:32+00:00,eur_triangle,Kraken:ETH:EUR-ETH-USDT-EUR,ETH,EUR->ETH->USDT->EUR,Kraken,-0.901460,-248.965117,NO,"{""extra_buffer_bps"":10.0,""fee_bps_per_leg_assumption"":80.0,""note"":""Top-of-book paper cycle. Exact Kraken fee tier and available size must be validated.""}"
2026-09-09T09:22:32+00:00,eur_triangle,Coinbase:SOL:EUR-USDT-SOL-EUR,SOL,EUR->USDT->SOL->EUR,Coinbase,-1.023717,-189.927560,NO,"{""extra_buffer_bps"":10.0,""fee_bps_per_leg_assumption"":60.0,""note"":""Top-of-book paper cycle. Exact Coinbase fee tier and available size must be validated.""}"
2026-09-09T09:22:32+00:00,eur_triangle,Coinbase:SOL:EUR-SOL-USDT-EUR,SOL,EUR->SOL->USDT->EUR,Coinbase,-2.278267,-191.159663,NO,"{""extra_buffer_bps"":10.0,""fee_bps_per_leg_assumption"":60.0,""note"":""Top-of-book paper cycle. Exact Coinbase fee tier and available size must be validated.""}"
2026-09-09T09:22:32+00:00,eur_triangle,Kraken:SOL:EUR-USDT-SOL-EUR,SOL,EUR->USDT->SOL->EUR,Kraken,-2.213883,-250.246294,NO,"{""extra_buffer_bps"":10.0,""fee_bps_per_leg_assumption"":80.0,""note"":""Top-of-book paper cycle. Exact Kraken fee tier and available size must be validated.""}"
2026-09-09T09:22:32+00:00,eur_triangle,Kraken:SOL:EUR-SOL-USDT-EUR,SOL,EUR->SOL->USDT->EUR,Kraken,-1.020945,-249.081758,NO,"{""extra_buffer_bps"":10.0,""fee_bps_per_leg_assumption"":80.0,""note"":""Top-of-book paper cycle. Exact Kraken fee tier and available size must be validated.""}"
2026-09-09T09:22:32+00:00,stable_eur_dislocation,Coinbase:USDC-EUR-USDT,USDC/USDT,USDC->EUR->USDT,Coinbase,0.232645,-29.767355,NO,"{""buffer_bps"":30.0,""note"":""Two-leg stablecoin conversion via EUR; issuer, venue and fee risks remain."",""usdc_eur"":{""ask"":0.8598,""bid"":0.8597,""last"":0.8598},""usdt_eur"":{""ask"":0.85968,""bid"":0.85967,""last"":0.85968}}"
2026-09-09T09:22:32+00:00,stable_eur_dislocation,Coinbase:USDT-EUR-USDC,USDT/USDC,USDT->EUR->USDC,Coinbase,-1.511980,-31.511980,NO,"{""buffer_bps"":30.0,""note"":""Two-leg stablecoin conversion via EUR; issuer, venue and fee risks remain."",""usdc_eur"":{""ask"":0.8598,""bid"":0.8597,""last"":0.8598},""usdt_eur"":{""ask"":0.85968,""bid"":0.85967,""last"":0.85968}}"
2026-09-09T09:22:32+00:00,stable_eur_dislocation,Kraken:USDC-EUR-USDT,USDC/USDT,USDC->EUR->USDT,Kraken,0.000000,-50.000000,NO,"{""buffer_bps"":50.0,""note"":""Two-leg stablecoin conversion via EUR; issuer, venue and fee risks remain."",""usdc_eur"":{""ask"":0.8598,""bid"":0.8597,""last"":0.8598},""usdt_eur"":{""ask"":0.8597,""bid"":0.8596,""last"":0.8596}}"
2026-09-09T09:22:32+00:00,stable_eur_dislocation,Kraken:USDT-EUR-USDC,USDT/USDC,USDT->EUR->USDC,Kraken,-2.326122,-52.326122,NO,"{""buffer_bps"":50.0,""note"":""Two-leg stablecoin conversion via EUR; issuer, venue and fee risks remain."",""usdc_eur"":{""ask"":0.8598,""bid"":0.8597,""last"":0.8598},""usdt_eur"":{""ask"":0.8597,""bid"":0.8596,""last"":0.8596}}"
2026-09-09T10:00:32+00:00,eu_cross_spot,BTC:buy Coinbase / sell Kraken,BTC,buy Coinbase / sell Kraken,Coinbase<->Kraken,-0.522279,-150.522279,NO,"{""buffer_bps"":150.0,""buy_ask"":67971.35,""coinbase_taker_bps"":60.0,""kraken_taker_bps"":80.0,""note"":""Assumes prefunded balances on both venues; rebalancing and account-specific fees can erase the edge."",""sell_bid"":67967.8}"
2026-09-09T10:00:32+00:00,eu_cross_spot,BTC:buy Kraken / sell Coinbase,BTC,buy Kraken / sell Coinbase,Coinbase<->Kraken,-0.876808,-150.876808,NO,"{""buffer_bps"":150.0,""buy_ask"":67973.8,""coinbase_taker_bps"":60.0,""kraken_taker_bps"":80.0,""note"":""Assumes prefunded balances on both venues; rebalancing and account-specific fees can erase the edge."",""sell_bid"":67967.84}"
2026-09-09T10:00:32+00:00,eu_cross_spot,ETH:buy Coinbase / sell Kraken,ETH,buy Coinbase / sell Kraken,Coinbase<->Kraken,-0.839482,-150.839482,NO,"{""buffer_bps"":150.0,""buy_ask"":2144.18,""coinbase_taker_bps"":60.0,""kraken_taker_bps"":80.0,""note"":""Assumes prefunded balances on both venues; rebalancing and account-specific fees can erase the edge."",""sell_bid"":2144.0}"
2026-09-09T10:00:32+00:00,eu_cross_spot,ETH:buy Kraken / sell Coinbase,ETH,buy Kraken / sell Coinbase,Coinbase<->Kraken,-0.746265,-150.746265,NO,"{""buffer_bps"":150.0,""buy_ask"":2144.01,""coinbase_taker_bps"":60.0,""kraken_taker_bps"":80.0,""note"":""Assumes prefunded balances on both venues; rebalancing and account-specific fees can erase the edge."",""sell_bid"":2143.85}"
2026-09-09T10:00:32+00:00,eu_cross_spot,SOL:buy Coinbase / sell Kraken,SOL,buy Coinbase / sell Kraken,Coinbase<->Kraken,-2.243662,-152.243662,NO,"{""buffer_bps"":150.0,""buy_ask"":89.14,""coinbase_taker_bps"":60.0,""kraken_taker_bps"":80.0,""note"":""Assumes prefunded balances on both venues; rebalancing and account-specific fees can erase the edge."",""sell_bid"":89.12}"
2026-09-09T10:00:32+00:00,eu_cross_spot,SOL:buy Kraken / sell Coinbase,SOL,buy Kraken / sell Coinbase,Coinbase<->Kraken,0.000000,-150.000000,NO,"{""buffer_bps"":150.0,""buy_ask"":89.13,""coinbase_taker_bps"":60.0,""kraken_taker_bps"":80.0,""note"":""Assumes prefunded balances on both venues; rebalancing and account-specific fees can erase the edge."",""sell_bid"":89.13}"
2026-09-09T10:00:32+00:00,eur_triangle,Coinbase:BTC:EUR-USDT-BTC-EUR,BTC,EUR->USDT->BTC->EUR,Coinbase,-1.894847,-190.783104,NO,"{""extra_buffer_bps"":10.0,""fee_bps_per_leg_assumption"":60.0,""note"":""Top-of-book paper cycle. Exact Coinbase fee tier and available size must be validated.""}"
2026-09-09T10:00:32+00:00,eur_triangle,Coinbase:BTC:EUR-BTC-USDT-EUR,BTC,EUR->BTC->USDT->EUR,Coinbase,0.705722,-188.229065,NO,"{""extra_buffer_bps"":10.0,""fee_bps_per_leg_assumption"":60.0,""note"":""Top-of-book paper cycle. Exact Coinbase fee tier and available size must be validated.""}"
2026-09-09T10:00:32+00:00,eur_triangle,Kraken:BTC:EUR-USDT-BTC-EUR,BTC,EUR->USDT->BTC->EUR,Kraken,-0.267926,-248.346667,NO,"{""extra_buffer_bps"":10.0,""fee_bps_per_leg_assumption"":80.0,""note"":""Top-of-book paper cycle. Exact Kraken fee tier and available size must be validated.""}"
2026-09-09T10:00:32+00:00,eur_triangle,Kraken:BTC:EUR-BTC-USDT-EUR,BTC,EUR->BTC->USDT->EUR,Kraken,-1.827588,-249.869196,NO,"{""extra_buffer_bps"":10.0,""fee_bps_per_leg_assumption"":80.0,""note"":""Top-of-book paper cycle. Exact Kraken fee tier and available size must be validated.""}"
2026-09-09T10:00:32+00:00,eur_triangle,Coinbase:ETH:EUR-USDT-ETH-EUR,ETH,EUR->USDT->ETH->EUR,Coinbase,-2.106194,-190.990669,NO,"{""extra_buffer_bps"":10.0,""fee_bps_per_leg_assumption"":60.0,""note"":""Top-of-book paper cycle. Exact Coinbase fee tier and available size must be validated.""}"
2026-09-09T10:00:32+00:00,eur_triangle,Coinbase:ETH:EUR-ETH-USDT-EUR,ETH,EUR->ETH->USDT->EUR,Coinbase,-2.554447,-191.430903,NO,"{""extra_buffer_bps"":10.0,""fee_bps_per_leg_assumption"":60.0,""note"":""Top-of-book paper cycle. Exact Coinbase fee tier and available size must be validated.""}"
2026-09-09T10:00:32+00:00,eur_triangle,Kraken:ETH:EUR-USDT-ETH-EUR,ETH,EUR->USDT->ETH->EUR,Kraken,0.498644,-247.598348,NO,"{""extra_buffer_bps"":10.0,""fee_bps_per_leg_assumption"":80.0,""note"":""Top-of-book paper cycle. Exact Kraken fee tier and available size must be validated.""}"
2026-09-09T10:00:32+00:00,eur_triangle,Kraken:ETH:EUR-ETH-USDT-EUR,ETH,EUR->ETH->USDT->EUR,Kraken,-2.389583,-250.417811,NO,"{""extra_buffer_bps"":10.0,""fee_bps_per_leg_assumption"":80.0,""note"":""Top-of-book paper cycle. Exact Kraken fee tier and available size must be validated.""}"
2026-09-09T10:00:32+00:00,eur_triangle,Coinbase:SOL:EUR-USDT-SOL-EUR,SOL,EUR->USDT->SOL->EUR,Coinbase,-1.415709,-190.312539,NO,"{""extra_buffer_bps"":10.0,""fee_bps_per_leg_assumption"":60.0,""note"":""Top-of-book paper cycle. Exact Coinbase fee tier and available size must be validated.""}"
2026-09-09T10:00:32+00:00,eur_triangle,Coinbase:SOL:EUR-SOL-USDT-EUR,SOL,EUR->SOL->USDT->EUR,Coinbase,-0.903781,-189.809770,NO,"{""extra_buffer_bps"":10.0,""fee_bps_per_leg_assumption"":60.0,""note"":""Top-of-book paper cycle. Exact Coinbase fee tier and available size must be validated.""}"
2026-09-09T10:00:32+00:00,eur_triangle,Kraken:SOL:EUR-USDT-SOL-EUR,SOL,EUR->USDT->SOL->EUR,Kraken,-0.991374,-249.052891,NO,"{""extra_buffer_bps"":10.0,""fee_bps_per_leg_assumption"":80.0,""note"":""Top-of-book paper cycle. Exact Kraken fee tier and available size must be validated.""}"
2026-09-09T10:00:32+00:00,eur_triangle,Kraken:SOL:EUR-SOL-USDT-EUR,SOL,EUR->SOL->USDT->EUR,Kraken,-2.258050,-250.289409,NO,"{""extra_buffer_bps"":10.0,""fee_bps_per_leg_assumption"":80.0,""note"":""Top-of-book paper cycle. Exact Kraken fee tier and available size must be validated.""}"
2026-09-09T10:00:32+00:00,stable_eur_dislocation,Coinbase:USDC-EUR-USDT,USDC/USDT,USDC->EUR->USDT,Coinbase,0.581091,-29.418909,NO,"{""buffer_bps"":30.0,""note"":""Two-leg stablecoin conversion via EUR; issuer, venue and fee risks remain."",""usdc_eur"":{""ask"":0.8606,""bid"":0.8605,""last"":0.8605},""usdt_eur"":{""ask"":0.86045,""bid"":0.86043,""last"":0.86042}}"
2026-09-09T10:00:32+00:00,stable_eur_dislocation,Coinbase:USDT-EUR-USDC,USDT/USDC,USDT->EUR->USDC,Coinbase,-1.975366,-31.975366,NO,"{""buffer_bps"":30.0,""note"":""Two-leg stablecoin conversion via EUR; issuer, venue and fee risks remain."",""usdc_eur"":{""ask"":0.8606,""bid"":0.8605,""last"":0.8605},""usdt_eur"":{""ask"":0.86045,""bid"":0.86043,""last"":0.86042}}"
2026-09-09T10:00:32+00:00,stable_eur_dislocation,Kraken:USDC-EUR-USDT,USDC/USDT,USDC->EUR->USDT,Kraken,1.162250,-48.837750,NO,"{""buffer_bps"":50.0,""note"":""Two-leg stablecoin conversion via EUR; issuer, venue and fee risks remain."",""usdc_eur"":{""ask"":0.8606,""bid"":0.8605,""last"":0.8605},""usdt_eur"":{""ask"":0.8604,""bid"":0.8603,""last"":0.8604}}"
2026-09-09T10:00:32+00:00,stable_eur_dislocation,Kraken:USDT-EUR-USDC,USDT/USDC,USDT->EUR->USDC,Kraken,-3.485940,-53.485940,NO,"{""buffer_bps"":50.0,""note"":""Two-leg stablecoin conversion via EUR; issuer, venue and fee risks remain."",""usdc_eur"":{""ask"":0.8606,""bid"":0.8605,""last"":0.8605},""usdt_eur"":{""ask"":0.8604,""bid"":0.8603,""last"":0.8604}}"
2026-09-09T12:07:54+00:00,eu_cross_spot,BTC:buy Coinbase / sell Kraken,BTC,buy Coinbase / sell Kraken,Coinbase<->Kraken,-2.808896,-152.808896,NO,"{""buffer_bps"":150.0,""buy_ask"":68176.25,""coinbase_taker_bps"":60.0,""kraken_taker_bps"":80.0,""note"":""Assumes prefunded balances on both venues; rebalancing and account-specific fees can erase the edge."",""sell_bid"":68157.1}"
2026-09-09T12:07:54+00:00,eu_cross_spot,BTC:buy Kraken / sell Coinbase,BTC,buy Kraken / sell Coinbase,Coinbase<->Kraken,1.735693,-148.264307,NO,"{""buffer_bps"":150.0,""buy_ask"":68157.2,""coinbase_taker_bps"":60.0,""kraken_taker_bps"":80.0,""note"":""Assumes prefunded balances on both venues; rebalancing and account-specific fees can erase the edge."",""sell_bid"":68169.03}"
2026-09-09T12:07:54+00:00,eu_cross_spot,ETH:buy Coinbase / sell Kraken,ETH,buy Coinbase / sell Kraken,Coinbase<->Kraken,-0.372264,-150.372264,NO,"{""buffer_bps"":150.0,""buy_ask"":2149.01,""coinbase_taker_bps"":60.0,""kraken_taker_bps"":80.0,""note"":""Assumes prefunded balances on both venues; rebalancing and account-specific fees can erase the edge."",""sell_bid"":2148.93}"
2026-09-09T12:07:54+00:00,eu_cross_spot,ETH:buy Kraken / sell Coinbase,ETH,buy Kraken / sell Coinbase,Coinbase<->Kraken,-1.070295,-151.070295,NO,"{""buffer_bps"":150.0,""buy_ask"":2148.94,""coinbase_taker_bps"":60.0,""kraken_taker_bps"":80.0,""note"":""Assumes prefunded balances on both venues; rebalancing and account-specific fees can erase the edge."",""sell_bid"":2148.71}"
2026-09-09T12:07:54+00:00,eu_cross_spot,SOL:buy Coinbase / sell Kraken,SOL,buy Coinbase / sell Kraken,Coinbase<->Kraken,-2.233639,-152.233639,NO,"{""buffer_bps"":150.0,""buy_ask"":89.54,""coinbase_taker_bps"":60.0,""kraken_taker_bps"":80.0,""note"":""Assumes prefunded balances on both venues; rebalancing and account-specific fees can erase the edge."",""sell_bid"":89.52}"
2026-09-09T12:07:54+00:00,eu_cross_spot,SOL:buy Kraken / sell Coinbase,SOL,buy Kraken / sell Coinbase,Coinbase<->Kraken,-1.116944,-151.116944,NO,"{""buffer_bps"":150.0,""buy_ask"":89.53,""coinbase_taker_bps"":60.0,""kraken_taker_bps"":80.0,""note"":""Assumes prefunded balances on both venues; rebalancing and account-specific fees can erase the edge."",""sell_bid"":89.52}"
2026-09-09T12:07:54+00:00,eur_triangle,Coinbase:BTC:EUR-USDT-BTC-EUR,BTC,EUR->USDT->BTC->EUR,Coinbase,-2.232952,-191.115159,NO,"{""extra_buffer_bps"":10.0,""fee_bps_per_leg_assumption"":60.0,""note"":""Top-of-book paper cycle. Exact Coinbase fee tier and available size must be validated.""}"
2026-09-09T12:07:54+00:00,eur_triangle,Coinbase:BTC:EUR-BTC-USDT-EUR,BTC,EUR->BTC->USDT->EUR,Coinbase,-2.120094,-191.004321,NO,"{""extra_buffer_bps"":10.0,""fee_bps_per_leg_assumption"":60.0,""note"":""Top-of-book paper cycle. Exact Coinbase fee tier and available size must be validated.""}"
2026-09-09T12:07:54+00:00,eur_triangle,Kraken:BTC:EUR-USDT-BTC-EUR,BTC,EUR->USDT->BTC->EUR,Kraken,0.178158,-247.911204,NO,"{""extra_buffer_bps"":10.0,""fee_bps_per_leg_assumption"":80.0,""note"":""Top-of-book paper cycle. Exact Kraken fee tier and available size must be validated.""}"
2026-09-09T12:07:54+00:00,eur_triangle,Kraken:BTC:EUR-BTC-USDT-EUR,BTC,EUR->BTC->USDT->EUR,Kraken,-1.370221,-249.422718,NO,"{""extra_buffer_bps"":10.0,""fee_bps_per_leg_assumption"":80.0,""note"":""Top-of-book paper cycle. Exact Kraken fee tier and available size must be validated.""}"
2026-09-09T12:07:54+00:00,eur_triangle,Coinbase:ETH:EUR-USDT-ETH-EUR,ETH,EUR->USDT->ETH->EUR,Coinbase,-1.039953,-189.943506,NO,"{""extra_buffer_bps"":10.0,""fee_bps_per_leg_assumption"":60.0,""note"":""Top-of-book paper cycle. Exact Coinbase fee tier and available size must be validated.""}"
2026-09-09T12:07:54+00:00,eur_triangle,Coinbase:ETH:EUR-ETH-USDT-EUR,ETH,EUR->ETH->USDT->EUR,Coinbase,-4.224470,-193.071045,NO,"{""extra_buffer_bps"":10.0,""fee_bps_per_leg_assumption"":60.0,""note"":""Top-of-book paper cycle. Exact Coinbase fee tier and available size must be validated.""}"
2026-09-09T12:07:54+00:00,eur_triangle,Kraken:ETH:EUR-USDT-ETH-EUR,ETH,EUR->USDT->ETH->EUR,Kraken,0.406405,-247.688391,NO,"{""extra_buffer_bps"":10.0,""fee_bps_per_leg_assumption"":80.0,""note"":""Top-of-book paper cycle. Exact Kraken fee tier and available size must be validated.""}"
2026-09-09T12:07:54+00:00,eur_triangle,Kraken:ETH:EUR-ETH-USDT-EUR,ETH,EUR->ETH->USDT->EUR,Kraken,-1.657636,-249.703290,NO,"{""extra_buffer_bps"":10.0,""fee_bps_per_leg_assumption"":80.0,""note"":""Top-of-book paper cycle. Exact Kraken fee tier and available size must be validated.""}"
2026-09-09T12:07:54+00:00,eur_triangle,Coinbase:SOL:EUR-USDT-SOL-EUR,SOL,EUR->USDT->SOL->EUR,Coinbase,-0.112655,-189.032799,NO,"{""extra_buffer_bps"":10.0,""fee_bps_per_leg_assumption"":60.0,""note"":""Top-of-book paper cycle. Exact Coinbase fee tier and available size must be validated.""}"
2026-09-09T12:07:54+00:00,eur_triangle,Coinbase:SOL:EUR-SOL-USDT-EUR,SOL,EUR->SOL->USDT->EUR,Coinbase,-3.312732,-192.175620,NO,"{""extra_buffer_bps"":10.0,""fee_bps_per_leg_assumption"":60.0,""note"":""Top-of-book paper cycle. Exact Coinbase fee tier and available size must be validated.""}"
2026-09-09T12:07:54+00:00,eur_triangle,Kraken:SOL:EUR-USDT-SOL-EUR,SOL,EUR->USDT->SOL->EUR,Kraken,-0.489252,-248.562724,NO,"{""extra_buffer_bps"":10.0,""fee_bps_per_leg_assumption"":80.0,""note"":""Top-of-book paper cycle. Exact Kraken fee tier and available size must be validated.""}"
2026-09-09T12:07:54+00:00,eur_triangle,Kraken:SOL:EUR-SOL-USDT-EUR,SOL,EUR->SOL->USDT->EUR,Kraken,-2.751257,-250.770873,NO,"{""extra_buffer_bps"":10.0,""fee_bps_per_leg_assumption"":80.0,""note"":""Top-of-book paper cycle. Exact Kraken fee tier and available size must be validated.""}"
2026-09-09T12:07:54+00:00,stable_eur_dislocation,Coinbase:USDC-EUR-USDT,USDC/USDT,USDC->EUR->USDT,Coinbase,1.747132,-28.252868,NO,"{""buffer_bps"":30.0,""note"":""Two-leg stablecoin conversion via EUR; issuer, venue and fee risks remain."",""usdc_eur"":{""ask"":0.8588,""bid"":0.8587,""last"":0.8588},""usdt_eur"":{""ask"":0.85855,""bid"":0.85853,""last"":0.85855}}"
2026-09-09T12:07:54+00:00,stable_eur_dislocation,Coinbase:USDT-EUR-USDC,USDT/USDC,USDT->EUR->USDC,Coinbase,-3.143922,-33.143922,NO,"{""buffer_bps"":30.0,""note"":""Two-leg stablecoin conversion via EUR; issuer, venue and fee risks remain."",""usdc_eur"":{""ask"":0.8588,""bid"":0.8587,""last"":0.8588},""usdt_eur"":{""ask"":0.85855,""bid"":0.85853,""last"":0.85855}}"
2026-09-09T12:07:54+00:00,stable_eur_dislocation,Kraken:USDC-EUR-USDT,USDC/USDT,USDC->EUR->USDT,Kraken,2.329645,-47.670355,NO,"{""buffer_bps"":50.0,""note"":""Two-leg stablecoin conversion via EUR; issuer, venue and fee risks remain."",""usdc_eur"":{""ask"":0.8588,""bid"":0.8587,""last"":0.8587},""usdt_eur"":{""ask"":0.8585,""bid"":0.8584,""last"":0.8584}}"
2026-09-09T12:07:54+00:00,stable_eur_dislocation,Kraken:USDT-EUR-USDC,USDT/USDC,USDT->EUR->USDC,Kraken,-4.657662,-54.657662,NO,"{""buffer_bps"":50.0,""note"":""Two-leg stablecoin conversion via EUR; issuer, venue and fee risks remain."",""usdc_eur"":{""ask"":0.8588,""bid"":0.8587,""last"":0.8587},""usdt_eur"":{""ask"":0.8585,""bid"":0.8584,""last"":0.8584}}"
2026-09-09T13:54:10+00:00,eu_cross_spot,BTC:buy Coinbase / sell Kraken,BTC,buy Coinbase / sell Kraken,Coinbase<->Kraken,0.600931,-149.399069,NO,"{""buffer_bps"":150.0,""buy_ask"":68061.01,""coinbase_taker_bps"":60.0,""kraken_taker_bps"":80.0,""note"":""Assumes prefunded balances on both venues; rebalancing and account-specific fees can erase the edge."",""sell_bid"":68065.1}"
2026-09-09T13:54:10+00:00,eu_cross_spot,BTC:buy Kraken / sell Coinbase,BTC,buy Kraken / sell Coinbase,Coinbase<->Kraken,-2.829640,-152.829640,NO,"{""buffer_bps"":150.0,""buy_ask"":68065.2,""coinbase_taker_bps"":60.0,""kraken_taker_bps"":80.0,""note"":""Assumes prefunded balances on both venues; rebalancing and account-specific fees can erase the edge."",""sell_bid"":68045.94}"
2026-09-09T13:54:10+00:00,eu_cross_spot,ETH:buy Coinbase / sell Kraken,ETH,buy Coinbase / sell Kraken,Coinbase<->Kraken,1.531671,-148.468329,NO,"{""buffer_bps"":150.0,""buy_ask"":2154.51,""coinbase_taker_bps"":60.0,""kraken_taker_bps"":80.0,""note"":""Assumes prefunded balances on both venues; rebalancing and account-specific fees can erase the edge."",""sell_bid"":2154.84}"
2026-09-09T13:54:10+00:00,eu_cross_spot,ETH:buy Kraken / sell Coinbase,ETH,buy Kraken / sell Coinbase,Coinbase<->Kraken,-3.666148,-153.666148,NO,"{""buffer_bps"":150.0,""buy_ask"":2154.85,""coinbase_taker_bps"":60.0,""kraken_taker_bps"":80.0,""note"":""Assumes prefunded balances on both venues; rebalancing and account-specific fees can erase the edge."",""sell_bid"":2154.06}"
2026-09-09T13:54:10+00:00,eu_cross_spot,SOL:buy Coinbase / sell Kraken,SOL,buy Coinbase / sell Kraken,Coinbase<->Kraken,-1.120197,-151.120197,NO,"{""buffer_bps"":150.0,""buy_ask"":89.27,""coinbase_taker_bps"":60.0,""kraken_taker_bps"":80.0,""note"":""Assumes prefunded balances on both venues; rebalancing and account-specific fees can erase the edge."",""sell_bid"":89.26}"
2026-09-09T13:54:10+00:00,eu_cross_spot,SOL:buy Kraken / sell Coinbase,SOL,buy Kraken / sell Coinbase,Coinbase<->Kraken,-1.120197,-151.120197,NO,"{""buffer_bps"":150.0,""buy_ask"":89.27,""coinbase_taker_bps"":60.0,""kraken_taker_bps"":80.0,""note"":""Assumes prefunded balances on both venues; rebalancing and account-specific fees can erase the edge."",""sell_bid"":89.26}"
2026-09-09T13:54:10+00:00,eur_triangle,Coinbase:BTC:EUR-USDT-BTC-EUR,BTC,EUR->USDT->BTC->EUR,Coinbase,-3.805183,-192.659260,NO,"{""extra_buffer_bps"":10.0,""fee_bps_per_leg_assumption"":60.0,""note"":""Top-of-book paper cycle. Exact Coinbase fee tier and available size must be validated.""}"
2026-09-09T13:54:10+00:00,eur_triangle,Coinbase:BTC:EUR-BTC-USDT-EUR,BTC,EUR->BTC->USDT->EUR,Coinbase,-3.543999,-192.402749,NO,"{""extra_buffer_bps"":10.0,""fee_bps_per_leg_assumption"":60.0,""note"":""Top-of-book paper cycle. Exact Coinbase fee tier and available size must be validated.""}"
2026-09-09T13:54:10+00:00,eur_triangle,Kraken:BTC:EUR-USDT-BTC-EUR,BTC,EUR->USDT->BTC->EUR,Kraken,0.893880,-247.212522,NO,"{""extra_buffer_bps"":10.0,""fee_bps_per_leg_assumption"":80.0,""note"":""Top-of-book paper cycle. Exact Kraken fee tier and available size must be validated.""}"
2026-09-09T13:54:10+00:00,eur_triangle,Kraken:BTC:EUR-BTC-USDT-EUR,BTC,EUR->BTC->USDT->EUR,Kraken,-2.098165,-250.133331,NO,"{""extra_buffer_bps"":10.0,""fee_bps_per_leg_assumption"":80.0,""note"":""Top-of-book paper cycle. Exact Kraken fee tier and available size must be validated.""}"
2026-09-09T13:54:10+00:00,eur_triangle,Coinbase:ETH:EUR-USDT-ETH-EUR,ETH,EUR->USDT->ETH->EUR,Coinbase,-3.339145,-192.201561,NO,"{""extra_buffer_bps"":10.0,""fee_bps_per_leg_assumption"":60.0,""note"":""Top-of-book paper cycle. Exact Coinbase fee tier and available size must be validated.""}"
2026-09-09T13:54:10+00:00,eur_triangle,Coinbase:ETH:EUR-ETH-USDT-EUR,ETH,EUR->ETH->USDT->EUR,Coinbase,-1.692130,-190.584014,NO,"{""extra_buffer_bps"":10.0,""fee_bps_per_leg_assumption"":60.0,""note"":""Top-of-book paper cycle. Exact Coinbase fee tier and available size must be validated.""}"
2026-09-09T13:54:10+00:00,eur_triangle,Kraken:ETH:EUR-USDT-ETH-EUR,ETH,EUR->USDT->ETH->EUR,Kraken,1.678829,-246.446262,NO,"{""extra_buffer_bps"":10.0,""fee_bps_per_leg_assumption"":80.0,""note"":""Top-of-book paper cycle. Exact Kraken fee tier and available size must be validated.""}"
2026-09-09T13:54:10+00:00,eur_triangle,Kraken:ETH:EUR-ETH-USDT-EUR,ETH,EUR->ETH->USDT->EUR,Kraken,-2.929141,-250.944523,NO,"{""extra_buffer_bps"":10.0,""fee_bps_per_leg_assumption"":80.0,""note"":""Top-of-book paper cycle. Exact Kraken fee tier and available size must be validated.""}"
2026-09-09T13:54:10+00:00,eur_triangle,Coinbase:SOL:EUR-USDT-SOL-EUR,SOL,EUR->USDT->SOL->EUR,Coinbase,-0.092482,-189.012987,NO,"{""extra_buffer_bps"":10.0,""fee_bps_per_leg_assumption"":60.0,""note"":""Top-of-book paper cycle. Exact Coinbase fee tier and available size must be validated.""}"
2026-09-09T13:54:10+00:00,eur_triangle,Coinbase:SOL:EUR-SOL-USDT-EUR,SOL,EUR->SOL->USDT->EUR,Coinbase,-3.184373,-192.049558,NO,"{""extra_buffer_bps"":10.0,""fee_bps_per_leg_assumption"":60.0,""note"":""Top-of-book paper cycle. Exact Coinbase fee tier and available size must be validated.""}"
2026-09-09T13:54:10+00:00,eur_triangle,Kraken:SOL:EUR-USDT-SOL-EUR,SOL,EUR->USDT->SOL->EUR,Kraken,-2.132527,-250.166875,NO,"{""extra_buffer_bps"":10.0,""fee_bps_per_leg_assumption"":80.0,""note"":""Top-of-book paper cycle. Exact Kraken fee tier and available size must be validated.""}"
2026-09-09T13:54:10+00:00,eur_triangle,Kraken:SOL:EUR-SOL-USDT-EUR,SOL,EUR->SOL->USDT->EUR,Kraken,-1.113924,-249.172523,NO,"{""extra_buffer_bps"":10.0,""fee_bps_per_leg_assumption"":80.0,""note"":""Top-of-book paper cycle. Exact Kraken fee tier and available size must be validated.""}"
2026-09-09T13:54:10+00:00,stable_eur_dislocation,Coinbase:USDC-EUR-USDT,USDC/USDT,USDC->EUR->USDT,Coinbase,0.116456,-29.883544,NO,"{""buffer_bps"":30.0,""note"":""Two-leg stablecoin conversion via EUR; issuer, venue and fee risks remain."",""usdc_eur"":{""ask"":0.8588,""bid"":0.8587,""last"":0.8588},""usdt_eur"":{""ask"":0.85869,""bid"":0.85867,""last"":0.85868}}"
2026-09-09T13:54:10+00:00,stable_eur_dislocation,Coinbase:USDT-EUR-USDC,USDT/USDC,USDT->EUR->USDC,Coinbase,-1.513740,-31.513740,NO,"{""buffer_bps"":30.0,""note"":""Two-leg stablecoin conversion via EUR; issuer, venue and fee risks remain."",""usdc_eur"":{""ask"":0.8588,""bid"":0.8587,""last"":0.8588},""usdt_eur"":{""ask"":0.85869,""bid"":0.85867,""last"":0.85868}}"
2026-09-09T13:54:10+00:00,stable_eur_dislocation,Kraken:USDC-EUR-USDT,USDC/USDT,USDC->EUR->USDT,Kraken,0.000000,-50.000000,NO,"{""buffer_bps"":50.0,""note"":""Two-leg stablecoin conversion via EUR; issuer, venue and fee risks remain."",""usdc_eur"":{""ask"":0.8588,""bid"":0.8587,""last"":0.8588},""usdt_eur"":{""ask"":0.8587,""bid"":0.8586,""last"":0.8587}}"
2026-09-09T13:54:10+00:00,stable_eur_dislocation,Kraken:USDT-EUR-USDC,USDT/USDC,USDT->EUR->USDC,Kraken,-2.328831,-52.328831,NO,"{""buffer_bps"":50.0,""note"":""Two-leg stablecoin conversion via EUR; issuer, venue and fee risks remain."",""usdc_eur"":{""ask"":0.8588,""bid"":0.8587,""last"":0.8588},""usdt_eur"":{""ask"":0.8587,""bid"":0.8586,""last"":0.8587}}"
2026-09-09T14:37:53+00:00,eu_cross_spot,BTC:buy Coinbase / sell Kraken,BTC,buy Coinbase / sell Kraken,Coinbase<->Kraken,1.846915,-148.153085,NO,"{""buffer_bps"":150.0,""buy_ask"":68059.43,""coinbase_taker_bps"":60.0,""kraken_taker_bps"":80.0,""note"":""Assumes prefunded balances on both venues; rebalancing and account-specific fees can erase the edge."",""sell_bid"":68072.0}"
2026-09-09T14:37:53+00:00,eu_cross_spot,BTC:buy Kraken / sell Coinbase,BTC,buy Kraken / sell Coinbase,Coinbase<->Kraken,-2.819070,-152.819070,NO,"{""buffer_bps"":150.0,""buy_ask"":68072.1,""coinbase_taker_bps"":60.0,""kraken_taker_bps"":80.0,""note"":""Assumes prefunded balances on both venues; rebalancing and account-specific fees can erase the edge."",""sell_bid"":68052.91}"
2026-09-09T14:37:53+00:00,eu_cross_spot,ETH:buy Coinbase / sell Kraken,ETH,buy Coinbase / sell Kraken,Coinbase<->Kraken,0.371269,-149.628731,NO,"{""buffer_bps"":150.0,""buy_ask"":2154.77,""coinbase_taker_bps"":60.0,""kraken_taker_bps"":80.0,""note"":""Assumes prefunded balances on both venues; rebalancing and account-specific fees can erase the edge."",""sell_bid"":2154.85}"
2026-09-09T14:37:53+00:00,eu_cross_spot,ETH:buy Kraken / sell Coinbase,ETH,buy Kraken / sell Coinbase,Coinbase<->Kraken,-3.016437,-153.016437,NO,"{""buffer_bps"":150.0,""buy_ask"":2154.86,""coinbase_taker_bps"":60.0,""kraken_taker_bps"":80.0,""note"":""Assumes prefunded balances on both venues; rebalancing and account-specific fees can erase the edge."",""sell_bid"":2154.21}"
2026-09-09T14:37:53+00:00,eu_cross_spot,SOL:buy Coinbase / sell Kraken,SOL,buy Coinbase / sell Kraken,Coinbase<->Kraken,-1.120323,-151.120323,NO,"{""buffer_bps"":150.0,""buy_ask"":89.26,""coinbase_taker_bps"":60.0,""kraken_taker_bps"":80.0,""note"":""Assumes prefunded balances on both venues; rebalancing and account-specific fees can erase the edge."",""sell_bid"":89.25}"
2026-09-09T14:37:53+00:00,eu_cross_spot,SOL:buy Kraken / sell Coinbase,SOL,buy Kraken / sell Coinbase,Coinbase<->Kraken,-2.240645,-152.240645,NO,"{""buffer_bps"":150.0,""buy_ask"":89.26,""coinbase_taker_bps"":60.0,""kraken_taker_bps"":80.0,""note"":""Assumes prefunded balances on both venues; rebalancing and account-specific fees can erase the edge."",""sell_bid"":89.24}"
2026-09-09T14:37:53+00:00,eur_triangle,Coinbase:BTC:EUR-USDT-BTC-EUR,BTC,EUR->USDT->BTC->EUR,Coinbase,-1.174370,-190.075518,NO,"{""extra_buffer_bps"":10.0,""fee_bps_per_leg_assumption"":60.0,""note"":""Top-of-book paper cycle. Exact Coinbase fee tier and available size must be validated.""}"
2026-09-09T14:37:53+00:00,eur_triangle,Coinbase:BTC:EUR-BTC-USDT-EUR,BTC,EUR->BTC->USDT->EUR,Coinbase,-2.598745,-191.474407,NO,"{""extra_buffer_bps"":10.0,""fee_bps_per_leg_assumption"":60.0,""note"":""Top-of-book paper cycle. Exact Coinbase fee tier and available size must be validated.""}"
2026-09-09T14:37:53+00:00,eur_triangle,Kraken:BTC:EUR-USDT-BTC-EUR,BTC,EUR->USDT->BTC->EUR,Kraken,1.970803,-246.161238,NO,"{""extra_buffer_bps"":10.0,""fee_bps_per_leg_assumption"":80.0,""note"":""Top-of-book paper cycle. Exact Kraken fee tier and available size must be validated.""}"
2026-09-09T14:37:53+00:00,eur_triangle,Kraken:BTC:EUR-BTC-USDT-EUR,BTC,EUR->BTC->USDT->EUR,Kraken,-3.641333,-251.639759,NO,"{""extra_buffer_bps"":10.0,""fee_bps_per_leg_assumption"":80.0,""note"":""Top-of-book paper cycle. Exact Kraken fee tier and available size must be validated.""}"
2026-09-09T14:37:53+00:00,eur_triangle,Coinbase:ETH:EUR-USDT-ETH-EUR,ETH,EUR->USDT->ETH->EUR,Coinbase,-2.802376,-191.674395,NO,"{""extra_buffer_bps"":10.0,""fee_bps_per_leg_assumption"":60.0,""note"":""Top-of-book paper cycle. Exact Coinbase fee tier and available size must be validated.""}"
2026-09-09T14:37:53+00:00,eur_triangle,Coinbase:ETH:EUR-ETH-USDT-EUR,ETH,EUR->ETH->USDT->EUR,Coinbase,-2.742275,-191.615370,NO,"{""extra_buffer_bps"":10.0,""fee_bps_per_leg_assumption"":60.0,""note"":""Top-of-book paper cycle. Exact Coinbase fee tier and available size must be validated.""}"
2026-09-09T14:37:53+00:00,eur_triangle,Kraken:ETH:EUR-USDT-ETH-EUR,ETH,EUR->USDT->ETH->EUR,Kraken,2.761799,-245.389075,NO,"{""extra_buffer_bps"":10.0,""fee_bps_per_leg_assumption"":80.0,""note"":""Top-of-book paper cycle. Exact Kraken fee tier and available size must be validated.""}"
2026-09-09T14:37:53+00:00,eur_triangle,Kraken:ETH:EUR-ETH-USDT-EUR,ETH,EUR->ETH->USDT->EUR,Kraken,-4.449793,-252.428970,NO,"{""extra_buffer_bps"":10.0,""fee_bps_per_leg_assumption"":80.0,""note"":""Top-of-book paper cycle. Exact Kraken fee tier and available size must be validated.""}"
2026-09-09T14:37:53+00:00,eur_triangle,Coinbase:SOL:EUR-USDT-SOL-EUR,SOL,EUR->USDT->SOL->EUR,Coinbase,-2.333106,-191.213522,NO,"{""extra_buffer_bps"":10.0,""fee_bps_per_leg_assumption"":60.0,""note"":""Top-of-book paper cycle. Exact Coinbase fee tier and available size must be validated.""}"
2026-09-09T14:37:53+00:00,eur_triangle,Coinbase:SOL:EUR-SOL-USDT-EUR,SOL,EUR->SOL->USDT->EUR,Coinbase,-1.947972,-190.835279,NO,"{""extra_buffer_bps"":10.0,""fee_bps_per_leg_assumption"":60.0,""note"":""Top-of-book paper cycle. Exact Coinbase fee tier and available size must be validated.""}"
2026-09-09T14:37:53+00:00,eur_triangle,Kraken:SOL:EUR-USDT-SOL-EUR,SOL,EUR->USDT->SOL->EUR,Kraken,-2.291016,-250.321590,NO,"{""extra_buffer_bps"":10.0,""fee_bps_per_leg_assumption"":80.0,""note"":""Top-of-book paper cycle. Exact Kraken fee tier and available size must be validated.""}"
2026-09-09T14:37:53+00:00,eur_triangle,Kraken:SOL:EUR-SOL-USDT-EUR,SOL,EUR->SOL->USDT->EUR,Kraken,-0.955635,-249.018003,NO,"{""extra_buffer_bps"":10.0,""fee_bps_per_leg_assumption"":80.0,""note"":""Top-of-book paper cycle. Exact Kraken fee tier and available size must be validated.""}"
2026-09-09T14:37:53+00:00,stable_eur_dislocation,Coinbase:USDC-EUR-USDT,USDC/USDT,USDC->EUR->USDT,Coinbase,1.281021,-28.718979,NO,"{""buffer_bps"":30.0,""note"":""Two-leg stablecoin conversion via EUR; issuer, venue and fee risks remain."",""usdc_eur"":{""ask"":0.8589,""bid"":0.8588,""last"":0.8589},""usdt_eur"":{""ask"":0.85869,""bid"":0.85868,""last"":0.85874}}"
2026-09-09T14:37:53+00:00,stable_eur_dislocation,Coinbase:USDT-EUR-USDC,USDT/USDC,USDT->EUR->USDC,Coinbase,-2.561416,-32.561416,NO,"{""buffer_bps"":30.0,""note"":""Two-leg stablecoin conversion via EUR; issuer, venue and fee risks remain."",""usdc_eur"":{""ask"":0.8589,""bid"":0.8588,""last"":0.8589},""usdt_eur"":{""ask"":0.85869,""bid"":0.85868,""last"":0.85874}}"
2026-09-09T14:37:53+00:00,stable_eur_dislocation,Kraken:USDC-EUR-USDT,USDC/USDT,USDC->EUR->USDT,Kraken,1.164551,-48.835449,NO,"{""buffer_bps"":50.0,""note"":""Two-leg stablecoin conversion via EUR; issuer, venue and fee risks remain."",""usdc_eur"":{""ask"":0.8589,""bid"":0.8588,""last"":0.8589},""usdt_eur"":{""ask"":0.8587,""bid"":0.8586,""last"":0.8587}}"
2026-09-09T14:37:53+00:00,stable_eur_dislocation,Kraken:USDT-EUR-USDC,USDT/USDC,USDT->EUR->USDC,Kraken,-3.492840,-53.492840,NO,"{""buffer_bps"":50.0,""note"":""Two-leg stablecoin conversion via EUR; issuer, venue and fee risks remain."",""usdc_eur"":{""ask"":0.8589,""bid"":0.8588,""last"":0.8589},""usdt_eur"":{""ask"":0.8587,""bid"":0.8586,""last"":0.8587}}"
2026-09-09T16:41:47+00:00,eu_cross_spot,BTC:buy Coinbase / sell Kraken,BTC,buy Coinbase / sell Kraken,Coinbase<->Kraken,-1.194309,-151.194309,NO,"{""buffer_bps"":150.0,""buy_ask"":67737.89,""coinbase_taker_bps"":60.0,""kraken_taker_bps"":80.0,""note"":""Assumes prefunded balances on both venues; rebalancing and account-specific fees can erase the edge."",""sell_bid"":67729.8}"
2026-09-09T16:41:47+00:00,eu_cross_spot,BTC:buy Kraken / sell Coinbase,BTC,buy Kraken / sell Coinbase,Coinbase<->Kraken,-0.377971,-150.377971,NO,"{""buffer_bps"":150.0,""buy_ask"":67730.0,""coinbase_taker_bps"":60.0,""kraken_taker_bps"":80.0,""note"":""Assumes prefunded balances on both venues; rebalancing and account-specific fees can erase the edge."",""sell_bid"":67727.44}"
2026-09-09T16:41:47+00:00,eu_cross_spot,ETH:buy Coinbase / sell Kraken,ETH,buy Coinbase / sell Kraken,Coinbase<->Kraken,-0.139672,-150.139672,NO,"{""buffer_bps"":150.0,""buy_ask"":2147.89,""coinbase_taker_bps"":60.0,""kraken_taker_bps"":80.0,""note"":""Assumes prefunded balances on both venues; rebalancing and account-specific fees can erase the edge."",""sell_bid"":2147.86}"
2026-09-09T16:41:47+00:00,eu_cross_spot,ETH:buy Kraken / sell Coinbase,ETH,buy Kraken / sell Coinbase,Coinbase<->Kraken,-1.163944,-151.163944,NO,"{""buffer_bps"":150.0,""buy_ask"":2147.87,""coinbase_taker_bps"":60.0,""kraken_taker_bps"":80.0,""note"":""Assumes prefunded balances on both venues; rebalancing and account-specific fees can erase the edge."",""sell_bid"":2147.62}"
2026-09-09T16:41:47+00:00,eu_cross_spot,SOL:buy Coinbase / sell Kraken,SOL,buy Coinbase / sell Kraken,Coinbase<->Kraken,-2.250478,-152.250478,NO,"{""buffer_bps"":150.0,""buy_ask"":88.87,""coinbase_taker_bps"":60.0,""kraken_taker_bps"":80.0,""note"":""Assumes prefunded balances on both venues; rebalancing and account-specific fees can erase the edge."",""sell_bid"":88.85}"
2026-09-09T16:41:47+00:00,eu_cross_spot,SOL:buy Kraken / sell Coinbase,SOL,buy Kraken / sell Coinbase,Coinbase<->Kraken,-1.125366,-151.125366,NO,"{""buffer_bps"":150.0,""buy_ask"":88.86,""coinbase_taker_bps"":60.0,""kraken_taker_bps"":80.0,""note"":""Assumes prefunded balances on both venues; rebalancing and account-specific fees can erase the edge."",""sell_bid"":88.85}"
2026-09-09T16:41:47+00:00,eur_triangle,Coinbase:BTC:EUR-USDT-BTC-EUR,BTC,EUR->USDT->BTC->EUR,Coinbase,-2.144413,-191.028205,NO,"{""extra_buffer_bps"":10.0,""fee_bps_per_leg_assumption"":60.0,""note"":""Top-of-book paper cycle. Exact Coinbase fee tier and available size must be validated.""}"
2026-09-09T16:41:47+00:00,eur_triangle,Coinbase:BTC:EUR-BTC-USDT-EUR,BTC,EUR->BTC->USDT->EUR,Coinbase,-0.808616,-189.716308,NO,"{""extra_buffer_bps"":10.0,""fee_bps_per_leg_assumption"":60.0,""note"":""Top-of-book paper cycle. Exact Coinbase fee tier and available size must be validated.""}"
2026-09-09T16:41:47+00:00,eur_triangle,Kraken:BTC:EUR-USDT-BTC-EUR,BTC,EUR->USDT->BTC->EUR,Kraken,-0.258442,-248.337409,NO,"{""extra_buffer_bps"":10.0,""fee_bps_per_leg_assumption"":80.0,""note"":""Top-of-book paper cycle. Exact Kraken fee tier and available size must be validated.""}"
2026-09-09T16:41:47+00:00,eur_triangle,Kraken:BTC:EUR-BTC-USDT-EUR,BTC,EUR->BTC->USDT->EUR,Kraken,-0.946995,-249.009569,NO,"{""extra_buffer_bps"":10.0,""fee_bps_per_leg_assumption"":80.0,""note"":""Top-of-book paper cycle. Exact Kraken fee tier and available size must be validated.""}"
2026-09-09T16:41:47+00:00,eur_triangle,Coinbase:ETH:EUR-USDT-ETH-EUR,ETH,EUR->USDT->ETH->EUR,Coinbase,-2.490330,-191.367932,NO,"{""extra_buffer_bps"":10.0,""fee_bps_per_leg_assumption"":60.0,""note"":""Top-of-book paper cycle. Exact Coinbase fee tier and available size must be validated.""}"
2026-09-09T16:41:47+00:00,eur_triangle,Coinbase:ETH:EUR-ETH-USDT-EUR,ETH,EUR->ETH->USDT->EUR,Coinbase,-2.761536,-191.634286,NO,"{""extra_buffer_bps"":10.0,""fee_bps_per_leg_assumption"":60.0,""note"":""Top-of-book paper cycle. Exact Coinbase fee tier and available size must be validated.""}"
2026-09-09T16:41:47+00:00,eur_triangle,Kraken:ETH:EUR-USDT-ETH-EUR,ETH,EUR->USDT->ETH->EUR,Kraken,0.372883,-247.721115,NO,"{""extra_buffer_bps"":10.0,""fee_bps_per_leg_assumption"":80.0,""note"":""Top-of-book paper cycle. Exact Kraken fee tier and available size must be validated.""}"
2026-09-09T16:41:47+00:00,eur_triangle,Kraken:ETH:EUR-ETH-USDT-EUR,ETH,EUR->ETH->USDT->EUR,Kraken,-1.622594,-249.669082,NO,"{""extra_buffer_bps"":10.0,""fee_bps_per_leg_assumption"":80.0,""note"":""Top-of-book paper cycle. Exact Kraken fee tier and available size must be validated.""}"
2026-09-09T16:41:47+00:00,eur_triangle,Coinbase:SOL:EUR-USDT-SOL-EUR,SOL,EUR->USDT->SOL->EUR,Coinbase,-2.399402,-191.278631,NO,"{""extra_buffer_bps"":10.0,""fee_bps_per_leg_assumption"":60.0,""note"":""Top-of-book paper cycle. Exact Coinbase fee tier and available size must be validated.""}"
2026-09-09T16:41:47+00:00,eur_triangle,Coinbase:SOL:EUR-SOL-USDT-EUR,SOL,EUR->SOL->USDT->EUR,Coinbase,-2.018454,-190.904499,NO,"{""extra_buffer_bps"":10.0,""fee_bps_per_leg_assumption"":60.0,""note"":""Top-of-book paper cycle. Exact Coinbase fee tier and available size must be validated.""}"
2026-09-09T16:41:47+00:00,eur_triangle,Kraken:SOL:EUR-USDT-SOL-EUR,SOL,EUR->USDT->SOL->EUR,Kraken,-0.966930,-249.029028,NO,"{""extra_buffer_bps"":10.0,""fee_bps_per_leg_assumption"":80.0,""note"":""Top-of-book paper cycle. Exact Kraken fee tier and available size must be validated.""}"
2026-09-09T16:41:47+00:00,eur_triangle,Kraken:SOL:EUR-SOL-USDT-EUR,SOL,EUR->SOL->USDT->EUR,Kraken,-2.288994,-250.319616,NO,"{""extra_buffer_bps"":10.0,""fee_bps_per_leg_assumption"":80.0,""note"":""Top-of-book paper cycle. Exact Kraken fee tier and available size must be validated.""}"
2026-09-09T16:41:47+00:00,stable_eur_dislocation,Coinbase:USDC-EUR-USDT,USDC/USDT,USDC->EUR->USDT,Coinbase,0.697885,-29.302115,NO,"{""buffer_bps"":30.0,""note"":""Two-leg stablecoin conversion via EUR; issuer, venue and fee risks remain."",""usdc_eur"":{""ask"":0.8599,""bid"":0.8598,""last"":0.8598},""usdt_eur"":{""ask"":0.85974,""bid"":0.85972,""last"":0.85971}}"
2026-09-09T16:41:47+00:00,stable_eur_dislocation,Coinbase:USDT-EUR-USDC,USDT/USDC,USDT->EUR->USDC,Coinbase,-2.093267,-32.093267,NO,"{""buffer_bps"":30.0,""note"":""Two-leg stablecoin conversion via EUR; issuer, venue and fee risks remain."",""usdc_eur"":{""ask"":0.8599,""bid"":0.8598,""last"":0.8598},""usdt_eur"":{""ask"":0.85974,""bid"":0.85972,""last"":0.85971}}"
2026-09-09T16:41:47+00:00,stable_eur_dislocation,Kraken:USDC-EUR-USDT,USDC/USDT,USDC->EUR->USDT,Kraken,0.000000,-50.000000,NO,"{""buffer_bps"":50.0,""note"":""Two-leg stablecoin conversion via EUR; issuer, venue and fee risks remain."",""usdc_eur"":{""ask"":0.8598,""bid"":0.8597,""last"":0.8598},""usdt_eur"":{""ask"":0.8597,""bid"":0.8596,""last"":0.8596}}"
2026-09-09T16:41:47+00:00,stable_eur_dislocation,Kraken:USDT-EUR-USDC,USDT/USDC,USDT->EUR->USDC,Kraken,-2.326122,-52.326122,NO,"{""buffer_bps"":50.0,""note"":""Two-leg stablecoin conversion via EUR; issuer, venue and fee risks remain."",""usdc_eur"":{""ask"":0.8598,""bid"":0.8597,""last"":0.8598},""usdt_eur"":{""ask"":0.8597,""bid"":0.8596,""last"":0.8596}}"
2026-09-09T17:28:37+00:00,eu_cross_spot,BTC:buy Coinbase / sell Kraken,BTC,buy Coinbase / sell Kraken,Coinbase<->Kraken,-1.022449,-151.022449,NO,"{""buffer_bps"":150.0,""buy_ask"":67778.43,""coinbase_taker_bps"":60.0,""kraken_taker_bps"":80.0,""note"":""Assumes prefunded balances on both venues; rebalancing and account-specific fees can erase the edge."",""sell_bid"":67771.5}"
2026-09-09T17:28:37+00:00,eu_cross_spot,BTC:buy Kraken / sell Coinbase,BTC,buy Kraken / sell Coinbase,Coinbase<->Kraken,-0.571036,-150.571036,NO,"{""buffer_bps"":150.0,""buy_ask"":67771.6,""coinbase_taker_bps"":60.0,""kraken_taker_bps"":80.0,""note"":""Assumes prefunded balances on both venues; rebalancing and account-specific fees can erase the edge."",""sell_bid"":67767.73}"
2026-09-09T17:28:37+00:00,eu_cross_spot,ETH:buy Coinbase / sell Kraken,ETH,buy Coinbase / sell Kraken,Coinbase<->Kraken,0.279625,-149.720375,NO,"{""buffer_bps"":150.0,""buy_ask"":2145.73,""coinbase_taker_bps"":60.0,""kraken_taker_bps"":80.0,""note"":""Assumes prefunded balances on both venues; rebalancing and account-specific fees can erase the edge."",""sell_bid"":2145.79}"
2026-09-09T17:28:37+00:00,eu_cross_spot,ETH:buy Kraken / sell Coinbase,ETH,buy Kraken / sell Coinbase,Coinbase<->Kraken,-1.584491,-151.584491,NO,"{""buffer_bps"":150.0,""buy_ask"":2145.8,""coinbase_taker_bps"":60.0,""kraken_taker_bps"":80.0,""note"":""Assumes prefunded balances on both venues; rebalancing and account-specific fees can erase the edge."",""sell_bid"":2145.46}"
2026-09-09T17:28:37+00:00,eu_cross_spot,SOL:buy Coinbase / sell Kraken,SOL,buy Coinbase / sell Kraken,Coinbase<->Kraken,-2.243913,-152.243913,NO,"{""buffer_bps"":150.0,""buy_ask"":89.13,""coinbase_taker_bps"":60.0,""kraken_taker_bps"":80.0,""note"":""Assumes prefunded balances on both venues; rebalancing and account-specific fees can erase the edge."",""sell_bid"":89.11}"
2026-09-09T17:28:37+00:00,eu_cross_spot,SOL:buy Kraken / sell Coinbase,SOL,buy Kraken / sell Coinbase,Coinbase<->Kraken,-1.122083,-151.122083,NO,"{""buffer_bps"":150.0,""buy_ask"":89.12,""coinbase_taker_bps"":60.0,""kraken_taker_bps"":80.0,""note"":""Assumes prefunded balances on both venues; rebalancing and account-specific fees can erase the edge."",""sell_bid"":89.11}"
2026-09-09T17:28:37+00:00,eur_triangle,Coinbase:BTC:EUR-USDT-BTC-EUR,BTC,EUR->USDT->BTC->EUR,Coinbase,-0.565395,-189.477439,NO,"{""extra_buffer_bps"":10.0,""fee_bps_per_leg_assumption"":60.0,""note"":""Top-of-book paper cycle. Exact Coinbase fee tier and available size must be validated.""}"
2026-09-09T17:28:37+00:00,eur_triangle,Coinbase:BTC:EUR-BTC-USDT-EUR,BTC,EUR->BTC->USDT->EUR,Coinbase,-2.406257,-191.285364,NO,"{""extra_buffer_bps"":10.0,""fee_bps_per_leg_assumption"":60.0,""note"":""Top-of-book paper cycle. Exact Coinbase fee tier and available size must be validated.""}"
2026-09-09T17:28:37+00:00,eur_triangle,Kraken:BTC:EUR-USDT-BTC-EUR,BTC,EUR->USDT->BTC->EUR,Kraken,-0.613027,-248.683552,NO,"{""extra_buffer_bps"":10.0,""fee_bps_per_leg_assumption"":80.0,""note"":""Top-of-book paper cycle. Exact Kraken fee tier and available size must be validated.""}"
2026-09-09T17:28:37+00:00,eur_triangle,Kraken:BTC:EUR-BTC-USDT-EUR,BTC,EUR->BTC->USDT->EUR,Kraken,-1.947388,-249.986144,NO,"{""extra_buffer_bps"":10.0,""fee_bps_per_leg_assumption"":80.0,""note"":""Top-of-book paper cycle. Exact Kraken fee tier and available size must be validated.""}"
2026-09-09T17:28:37+00:00,eur_triangle,Coinbase:ETH:EUR-USDT-ETH-EUR,ETH,EUR->USDT->ETH->EUR,Coinbase,-1.218769,-190.119122,NO,"{""extra_buffer_bps"":10.0,""fee_bps_per_leg_assumption"":60.0,""note"":""Top-of-book paper cycle. Exact Coinbase fee tier and available size must be validated.""}"
2026-09-09T17:28:37+00:00,eur_triangle,Coinbase:ETH:EUR-ETH-USDT-EUR,ETH,EUR->ETH->USDT->EUR,Coinbase,-3.279270,-192.142757,NO,"{""extra_buffer_bps"":10.0,""fee_bps_per_leg_assumption"":60.0,""note"":""Top-of-book paper cycle. Exact Coinbase fee tier and available size must be validated.""}"
2026-09-09T17:28:37+00:00,eur_triangle,Kraken:ETH:EUR-USDT-ETH-EUR,ETH,EUR->USDT->ETH->EUR,Kraken,-0.291507,-248.369686,NO,"{""extra_buffer_bps"":10.0,""fee_bps_per_leg_assumption"":80.0,""note"":""Top-of-book paper cycle. Exact Kraken fee tier and available size must be validated.""}"
2026-09-09T17:28:37+00:00,eur_triangle,Kraken:ETH:EUR-ETH-USDT-EUR,ETH,EUR->ETH->USDT->EUR,Kraken,-0.958896,-249.021187,NO,"{""extra_buffer_bps"":10.0,""fee_bps_per_leg_assumption"":80.0,""note"":""Top-of-book paper cycle. Exact Kraken fee tier and available size must be validated.""}"
2026-09-09T17:28:37+00:00,eur_triangle,Coinbase:SOL:EUR-USDT-SOL-EUR,SOL,EUR->USDT->SOL->EUR,Coinbase,-0.931167,-189.836666,NO,"{""extra_buffer_bps"":10.0,""fee_bps_per_leg_assumption"":60.0,""note"":""Top-of-book paper cycle. Exact Coinbase fee tier and available size must be validated.""}"
2026-09-09T17:28:37+00:00,eur_triangle,Coinbase:SOL:EUR-SOL-USDT-EUR,SOL,EUR->SOL->USDT->EUR,Coinbase,-3.357231,-192.219323,NO,"{""extra_buffer_bps"":10.0,""fee_bps_per_leg_assumption"":60.0,""note"":""Top-of-book paper cycle. Exact Coinbase fee tier and available size must be validated.""}"
2026-09-09T17:28:37+00:00,eur_triangle,Kraken:SOL:EUR-USDT-SOL-EUR,SOL,EUR->USDT->SOL->EUR,Kraken,-1.862070,-249.902857,NO,"{""extra_buffer_bps"":10.0,""fee_bps_per_leg_assumption"":80.0,""note"":""Top-of-book paper cycle. Exact Kraken fee tier and available size must be validated.""}"
2026-09-09T17:28:37+00:00,eur_triangle,Kraken:SOL:EUR-SOL-USDT-EUR,SOL,EUR->SOL->USDT->EUR,Kraken,-1.387792,-249.439870,NO,"{""extra_buffer_bps"":10.0,""fee_bps_per_leg_assumption"":80.0,""note"":""Top-of-book paper cycle. Exact Kraken fee tier and available size must be validated.""}"
2026-09-09T17:28:37+00:00,stable_eur_dislocation,Coinbase:USDC-EUR-USDT,USDC/USDT,USDC->EUR->USDT,Coinbase,-0.232769,-30.232769,NO,"{""buffer_bps"":30.0,""note"":""Two-leg stablecoin conversion via EUR; issuer, venue and fee risks remain."",""usdc_eur"":{""ask"":0.8593,""bid"":0.8592,""last"":0.8592},""usdt_eur"":{""ask"":0.85922,""bid"":0.85921,""last"":0.85922}}"
2026-09-09T17:28:37+00:00,stable_eur_dislocation,Coinbase:USDT-EUR-USDC,USDT/USDC,USDT->EUR->USDC,Coinbase,-1.047364,-31.047364,NO,"{""buffer_bps"":30.0,""note"":""Two-leg stablecoin conversion via EUR; issuer, venue and fee risks remain."",""usdc_eur"":{""ask"":0.8593,""bid"":0.8592,""last"":0.8592},""usdt_eur"":{""ask"":0.85922,""bid"":0.85921,""last"":0.85922}}"
2026-09-09T17:28:37+00:00,stable_eur_dislocation,Kraken:USDC-EUR-USDT,USDC/USDT,USDC->EUR->USDT,Kraken,-1.163738,-51.163738,NO,"{""buffer_bps"":50.0,""note"":""Two-leg stablecoin conversion via EUR; issuer, venue and fee risks remain."",""usdc_eur"":{""ask"":0.8593,""bid"":0.8592,""last"":0.8593},""usdt_eur"":{""ask"":0.8593,""bid"":0.8592,""last"":0.8593}}"
2026-09-09T17:28:37+00:00,stable_eur_dislocation,Kraken:USDT-EUR-USDC,USDT/USDC,USDT->EUR->USDC,Kraken,-1.163738,-51.163738,NO,"{""buffer_bps"":50.0,""note"":""Two-leg stablecoin conversion via EUR; issuer, venue and fee risks remain."",""usdc_eur"":{""ask"":0.8593,""bid"":0.8592,""last"":0.8593},""usdt_eur"":{""ask"":0.8593,""bid"":0.8592,""last"":0.8593}}"
2026-09-09T18:01:47+00:00,eu_cross_spot,BTC:buy Coinbase / sell Kraken,BTC,buy Coinbase / sell Kraken,Coinbase<->Kraken,-1.252485,-151.252485,NO,"{""buffer_bps"":150.0,""buy_ask"":67705.38,""coinbase_taker_bps"":60.0,""kraken_taker_bps"":80.0,""note"":""Assumes prefunded balances on both venues; rebalancing and account-specific fees can erase the edge."",""sell_bid"":67696.9}"
2026-09-09T18:01:47+00:00,eu_cross_spot,BTC:buy Kraken / sell Coinbase,BTC,buy Kraken / sell Coinbase,Coinbase<->Kraken,-0.302800,-150.302800,NO,"{""buffer_bps"":150.0,""buy_ask"":67701.5,""coinbase_taker_bps"":60.0,""kraken_taker_bps"":80.0,""note"":""Assumes prefunded balances on both venues; rebalancing and account-specific fees can erase the edge."",""sell_bid"":67699.45}"
2026-09-09T18:01:47+00:00,eu_cross_spot,ETH:buy Coinbase / sell Kraken,ETH,buy Coinbase / sell Kraken,Coinbase<->Kraken,-0.466398,-150.466398,NO,"{""buffer_bps"":150.0,""buy_ask"":2144.09,""coinbase_taker_bps"":60.0,""kraken_taker_bps"":80.0,""note"":""Assumes prefunded balances on both venues; rebalancing and account-specific fees can erase the edge."",""sell_bid"":2143.99}"
2026-09-09T18:01:47+00:00,eu_cross_spot,ETH:buy Kraken / sell Coinbase,ETH,buy Kraken / sell Coinbase,Coinbase<->Kraken,-0.699627,-150.699627,NO,"{""buffer_bps"":150.0,""buy_ask"":2144.0,""coinbase_taker_bps"":60.0,""kraken_taker_bps"":80.0,""note"":""Assumes prefunded balances on both venues; rebalancing and account-specific fees can erase the edge."",""sell_bid"":2143.85}"
2026-09-09T18:01:47+00:00,eu_cross_spot,SOL:buy Coinbase / sell Kraken,SOL,buy Coinbase / sell Kraken,Coinbase<->Kraken,0.000000,-150.000000,NO,"{""buffer_bps"":150.0,""buy_ask"":89.04,""coinbase_taker_bps"":60.0,""kraken_taker_bps"":80.0,""note"":""Assumes prefunded balances on both venues; rebalancing and account-specific fees can erase the edge."",""sell_bid"":89.04}"
2026-09-09T18:01:47+00:00,eu_cross_spot,SOL:buy Kraken / sell Coinbase,SOL,buy Kraken / sell Coinbase,Coinbase<->Kraken,-3.368894,-153.368894,NO,"{""buffer_bps"":150.0,""buy_ask"":89.05,""coinbase_taker_bps"":60.0,""kraken_taker_bps"":80.0,""note"":""Assumes prefunded balances on both venues; rebalancing and account-specific fees can erase the edge."",""sell_bid"":89.02}"
2026-09-09T18:01:47+00:00,eur_triangle,Coinbase:BTC:EUR-USDT-BTC-EUR,BTC,EUR->USDT->BTC->EUR,Coinbase,-2.412115,-191.291117,NO,"{""extra_buffer_bps"":10.0,""fee_bps_per_leg_assumption"":60.0,""note"":""Top-of-book paper cycle. Exact Coinbase fee tier and available size must be validated.""}"
2026-09-09T18:01:47+00:00,eur_triangle,Coinbase:BTC:EUR-BTC-USDT-EUR,BTC,EUR->BTC->USDT->EUR,Coinbase,0.054914,-188.868228,NO,"{""extra_buffer_bps"":10.0,""fee_bps_per_leg_assumption"":60.0,""note"":""Top-of-book paper cycle. Exact Coinbase fee tier and available size must be validated.""}"
2026-09-09T18:01:47+00:00,eur_triangle,Kraken:BTC:EUR-USDT-BTC-EUR,BTC,EUR->USDT->BTC->EUR,Kraken,0.145978,-247.942618,NO,"{""extra_buffer_bps"":10.0,""fee_bps_per_leg_assumption"":80.0,""note"":""Top-of-book paper cycle. Exact Kraken fee tier and available size must be validated.""}"
2026-09-09T18:01:47+00:00,eur_triangle,Kraken:BTC:EUR-BTC-USDT-EUR,BTC,EUR->BTC->USDT->EUR,Kraken,-2.001752,-250.039213,NO,"{""extra_buffer_bps"":10.0,""fee_bps_per_leg_assumption"":80.0,""note"":""Top-of-book paper cycle. Exact Kraken fee tier and available size must be validated.""}"
2026-09-09T18:01:47+00:00,eur_triangle,Coinbase:ETH:EUR-USDT-ETH-EUR,ETH,EUR->USDT->ETH->EUR,Coinbase,-0.491813,-189.405174,NO,"{""extra_buffer_bps"":10.0,""fee_bps_per_leg_assumption"":60.0,""note"":""Top-of-book paper cycle. Exact Coinbase fee tier and available size must be validated.""}"
2026-09-09T18:01:47+00:00,eur_triangle,Coinbase:ETH:EUR-ETH-USDT-EUR,ETH,EUR->ETH->USDT->EUR,Coinbase,-3.585752,-192.443755,NO,"{""extra_buffer_bps"":10.0,""fee_bps_per_leg_assumption"":60.0,""note"":""Top-of-book paper cycle. Exact Coinbase fee tier and available size must be validated.""}"
2026-09-09T18:01:47+00:00,eur_triangle,Kraken:ETH:EUR-USDT-ETH-EUR,ETH,EUR->USDT->ETH->EUR,Kraken,1.533181,-246.588442,NO,"{""extra_buffer_bps"":10.0,""fee_bps_per_leg_assumption"":80.0,""note"":""Top-of-book paper cycle. Exact Kraken fee tier and available size must be validated.""}"
2026-09-09T18:01:47+00:00,eur_triangle,Kraken:ETH:EUR-ETH-USDT-EUR,ETH,EUR->ETH->USDT->EUR,Kraken,-2.783209,-250.802065,NO,"{""extra_buffer_bps"":10.0,""fee_bps_per_leg_assumption"":80.0,""note"":""Top-of-book paper cycle. Exact Kraken fee tier and available size must be validated.""}"
2026-09-09T18:01:47+00:00,eur_triangle,Coinbase:SOL:EUR-USDT-SOL-EUR,SOL,EUR->USDT->SOL->EUR,Coinbase,-2.286806,-191.168050,NO,"{""extra_buffer_bps"":10.0,""fee_bps_per_leg_assumption"":60.0,""note"":""Top-of-book paper cycle. Exact Coinbase fee tier and available size must be validated.""}"
2026-09-09T18:01:47+00:00,eur_triangle,Coinbase:SOL:EUR-SOL-USDT-EUR,SOL,EUR->SOL->USDT->EUR,Coinbase,-1.157233,-190.058687,NO,"{""extra_buffer_bps"":10.0,""fee_bps_per_leg_assumption"":60.0,""note"":""Top-of-book paper cycle. Exact Coinbase fee tier and available size must be validated.""}"
2026-09-09T18:01:47+00:00,eur_triangle,Kraken:SOL:EUR-USDT-SOL-EUR,SOL,EUR->USDT->SOL->EUR,Kraken,0.890353,-247.215965,NO,"{""extra_buffer_bps"":10.0,""fee_bps_per_leg_assumption"":80.0,""note"":""Top-of-book paper cycle. Exact Kraken fee tier and available size must be validated.""}"
2026-09-09T18:01:47+00:00,eur_triangle,Kraken:SOL:EUR-SOL-USDT-EUR,SOL,EUR->SOL->USDT->EUR,Kraken,-4.141494,-252.128011,NO,"{""extra_buffer_bps"":10.0,""fee_bps_per_leg_assumption"":80.0,""note"":""Top-of-book paper cycle. Exact Kraken fee tier and available size must be validated.""}"
2026-09-09T18:01:47+00:00,stable_eur_dislocation,Coinbase:USDC-EUR-USDT,USDC/USDT,USDC->EUR->USDT,Coinbase,0.232726,-29.767274,NO,"{""buffer_bps"":30.0,""note"":""Two-leg stablecoin conversion via EUR; issuer, venue and fee risks remain."",""usdc_eur"":{""ask"":0.8595,""bid"":0.8594,""last"":0.8595},""usdt_eur"":{""ask"":0.85938,""bid"":0.85936,""last"":0.85933}}"
2026-09-09T18:01:47+00:00,stable_eur_dislocation,Coinbase:USDT-EUR-USDC,USDT/USDC,USDT->EUR->USDC,Coinbase,-1.628854,-31.628854,NO,"{""buffer_bps"":30.0,""note"":""Two-leg stablecoin conversion via EUR; issuer, venue and fee risks remain."",""usdc_eur"":{""ask"":0.8595,""bid"":0.8594,""last"":0.8595},""usdt_eur"":{""ask"":0.85938,""bid"":0.85936,""last"":0.85933}}"
2026-09-09T18:01:47+00:00,stable_eur_dislocation,Kraken:USDC-EUR-USDT,USDC/USDT,USDC->EUR->USDT,Kraken,1.163738,-48.836262,NO,"{""buffer_bps"":50.0,""note"":""Two-leg stablecoin conversion via EUR; issuer, venue and fee risks remain."",""usdc_eur"":{""ask"":0.8595,""bid"":0.8594,""last"":0.8594},""usdt_eur"":{""ask"":0.8593,""bid"":0.8592,""last"":0.8593}}"
2026-09-09T18:01:47+00:00,stable_eur_dislocation,Kraken:USDT-EUR-USDC,USDT/USDC,USDT->EUR->USDC,Kraken,-3.490401,-53.490401,NO,"{""buffer_bps"":50.0,""note"":""Two-leg stablecoin conversion via EUR; issuer, venue and fee risks remain."",""usdc_eur"":{""ask"":0.8595,""bid"":0.8594,""last"":0.8594},""usdt_eur"":{""ask"":0.8593,""bid"":0.8592,""last"":0.8593}}"
2026-09-09T19:37:37+00:00,eu_cross_spot,BTC:buy Coinbase / sell Kraken,BTC,buy Coinbase / sell Kraken,Coinbase<->Kraken,0.966443,-149.033557,NO,"{""buffer_bps"":150.0,""buy_ask"":67463.88,""coinbase_taker_bps"":60.0,""kraken_taker_bps"":80.0,""note"":""Assumes prefunded balances on both venues; rebalancing and account-specific fees can erase the edge."",""sell_bid"":67470.4}"
2026-09-09T19:37:37+00:00,eu_cross_spot,BTC:buy Kraken / sell Coinbase,BTC,buy Kraken / sell Coinbase,Coinbase<->Kraken,-1.753359,-151.753359,NO,"{""buffer_bps"":150.0,""buy_ask"":67470.5,""coinbase_taker_bps"":60.0,""kraken_taker_bps"":80.0,""note"":""Assumes prefunded balances on both venues; rebalancing and account-specific fees can erase the edge."",""sell_bid"":67458.67}"
2026-09-09T19:37:37+00:00,eu_cross_spot,ETH:buy Coinbase / sell Kraken,ETH,buy Coinbase / sell Kraken,Coinbase<->Kraken,-1.502778,-151.502778,NO,"{""buffer_bps"":150.0,""buy_ask"":2129.39,""coinbase_taker_bps"":60.0,""kraken_taker_bps"":80.0,""note"":""Assumes prefunded balances on both venues; rebalancing and account-specific fees can erase the edge."",""sell_bid"":2129.07}"
2026-09-09T19:37:37+00:00,eu_cross_spot,ETH:buy Kraken / sell Coinbase,ETH,buy Kraken / sell Coinbase,Coinbase<->Kraken,-0.187875,-150.187875,NO,"{""buffer_bps"":150.0,""buy_ask"":2129.08,""coinbase_taker_bps"":60.0,""kraken_taker_bps"":80.0,""note"":""Assumes prefunded balances on both venues; rebalancing and account-specific fees can erase the edge."",""sell_bid"":2129.04}"
2026-09-09T19:37:37+00:00,eu_cross_spot,SOL:buy Coinbase / sell Kraken,SOL,buy Coinbase / sell Kraken,Coinbase<->Kraken,-1.129688,-151.129688,NO,"{""buffer_bps"":150.0,""buy_ask"":88.52,""coinbase_taker_bps"":60.0,""kraken_taker_bps"":80.0,""note"":""Assumes prefunded balances on both venues; rebalancing and account-specific fees can erase the edge."",""sell_bid"":88.51}"
2026-09-09T19:37:37+00:00,eu_cross_spot,SOL:buy Kraken / sell Coinbase,SOL,buy Kraken / sell Coinbase,Coinbase<->Kraken,-1.129688,-151.129688,NO,"{""buffer_bps"":150.0,""buy_ask"":88.52,""coinbase_taker_bps"":60.0,""kraken_taker_bps"":80.0,""note"":""Assumes prefunded balances on both venues; rebalancing and account-specific fees can erase the edge."",""sell_bid"":88.51}"
2026-09-09T19:37:37+00:00,eur_triangle,Coinbase:BTC:EUR-USDT-BTC-EUR,BTC,EUR->USDT->BTC->EUR,Coinbase,0.416421,-188.513190,NO,"{""extra_buffer_bps"":10.0,""fee_bps_per_leg_assumption"":60.0,""note"":""Top-of-book paper cycle. Exact Coinbase fee tier and available size must be validated.""}"
2026-09-09T19:37:37+00:00,eur_triangle,Coinbase:BTC:EUR-BTC-USDT-EUR,BTC,EUR->BTC->USDT->EUR,Coinbase,-3.189595,-192.054686,NO,"{""extra_buffer_bps"":10.0,""fee_bps_per_leg_assumption"":60.0,""note"":""Top-of-book paper cycle. Exact Coinbase fee tier and available size must be validated.""}"
2026-09-09T19:37:37+00:00,eur_triangle,Kraken:BTC:EUR-USDT-BTC-EUR,BTC,EUR->USDT->BTC->EUR,Kraken,0.616012,-247.483775,NO,"{""extra_buffer_bps"":10.0,""fee_bps_per_leg_assumption"":80.0,""note"":""Top-of-book paper cycle. Exact Kraken fee tier and available size must be validated.""}"
2026-09-09T19:37:37+00:00,eur_triangle,Kraken:BTC:EUR-BTC-USDT-EUR,BTC,EUR->BTC->USDT->EUR,Kraken,-2.150273,-250.184198,NO,"{""extra_buffer_bps"":10.0,""fee_bps_per_leg_assumption"":80.0,""note"":""Top-of-book paper cycle. Exact Kraken fee tier and available size must be validated.""}"
2026-09-09T19:37:37+00:00,eur_triangle,Coinbase:ETH:EUR-USDT-ETH-EUR,ETH,EUR->USDT->ETH->EUR,Coinbase,-4.042785,-192.892611,NO,"{""extra_buffer_bps"":10.0,""fee_bps_per_leg_assumption"":60.0,""note"":""Top-of-book paper cycle. Exact Coinbase fee tier and available size must be validated.""}"
2026-09-09T19:37:37+00:00,eur_triangle,Coinbase:ETH:EUR-ETH-USDT-EUR,ETH,EUR->ETH->USDT->EUR,Coinbase,-0.008680,-188.930685,NO,"{""extra_buffer_bps"":10.0,""fee_bps_per_leg_assumption"":60.0,""note"":""Top-of-book paper cycle. Exact Coinbase fee tier and available size must be validated.""}"
2026-09-09T19:37:37+00:00,eur_triangle,Kraken:ETH:EUR-USDT-ETH-EUR,ETH,EUR->USDT->ETH->EUR,Kraken,-0.626305,-248.696513,NO,"{""extra_buffer_bps"":10.0,""fee_bps_per_leg_assumption"":80.0,""note"":""Top-of-book paper cycle. Exact Kraken fee tier and available size must be validated.""}"
2026-09-09T19:37:37+00:00,eur_triangle,Kraken:ETH:EUR-ETH-USDT-EUR,ETH,EUR->ETH->USDT->EUR,Kraken,-0.825709,-248.891170,NO,"{""extra_buffer_bps"":10.0,""fee_bps_per_leg_assumption"":80.0,""note"":""Top-of-book paper cycle. Exact Kraken fee tier and available size must be validated.""}"
2026-09-09T19:37:37+00:00,eur_triangle,Coinbase:SOL:EUR-USDT-SOL-EUR,SOL,EUR->USDT->SOL->EUR,Coinbase,-2.153383,-191.037014,NO,"{""extra_buffer_bps"":10.0,""fee_bps_per_leg_assumption"":60.0,""note"":""Top-of-book paper cycle. Exact Coinbase fee tier and available size must be validated.""}"
2026-09-09T19:37:37+00:00,eur_triangle,Coinbase:SOL:EUR-SOL-USDT-EUR,SOL,EUR->SOL->USDT->EUR,Coinbase,-1.268120,-190.167591,NO,"{""extra_buffer_bps"":10.0,""fee_bps_per_leg_assumption"":60.0,""note"":""Top-of-book paper cycle. Exact Coinbase fee tier and available size must be validated.""}"
2026-09-09T19:37:37+00:00,eur_triangle,Kraken:SOL:EUR-USDT-SOL-EUR,SOL,EUR->USDT->SOL->EUR,Kraken,-2.269624,-250.300707,NO,"{""extra_buffer_bps"":10.0,""fee_bps_per_leg_assumption"":80.0,""note"":""Top-of-book paper cycle. Exact Kraken fee tier and available size must be validated.""}"
2026-09-09T19:37:37+00:00,eur_triangle,Kraken:SOL:EUR-SOL-USDT-EUR,SOL,EUR->SOL->USDT->EUR,Kraken,-0.994126,-249.055577,NO,"{""extra_buffer_bps"":10.0,""fee_bps_per_leg_assumption"":80.0,""note"":""Top-of-book paper cycle. Exact Kraken fee tier and available size must be validated.""}"
2026-09-09T19:37:37+00:00,stable_eur_dislocation,Coinbase:USDC-EUR-USDT,USDC/USDT,USDC->EUR->USDT,Coinbase,0.116267,-29.883733,NO,"{""buffer_bps"":30.0,""note"":""Two-leg stablecoin conversion via EUR; issuer, venue and fee risks remain."",""usdc_eur"":{""ask"":0.8602,""bid"":0.8601,""last"":0.8602},""usdt_eur"":{""ask"":0.86009,""bid"":0.86006,""last"":0.86006}}"
2026-09-09T19:37:37+00:00,stable_eur_dislocation,Coinbase:USDT-EUR-USDC,USDT/USDC,USDT->EUR->USDC,Coinbase,-1.627528,-31.627528,NO,"{""buffer_bps"":30.0,""note"":""Two-leg stablecoin conversion via EUR; issuer, venue and fee risks remain."",""usdc_eur"":{""ask"":0.8602,""bid"":0.8601,""last"":0.8602},""usdt_eur"":{""ask"":0.86009,""bid"":0.86006,""last"":0.86006}}"
2026-09-09T19:37:37+00:00,stable_eur_dislocation,Kraken:USDC-EUR-USDT,USDC/USDT,USDC->EUR->USDT,Kraken,0.000000,-50.000000,NO,"{""buffer_bps"":50.0,""note"":""Two-leg stablecoin conversion via EUR; issuer, venue and fee risks remain."",""usdc_eur"":{""ask"":0.8602,""bid"":0.8601,""last"":0.8601},""usdt_eur"":{""ask"":0.8601,""bid"":0.86,""last"":0.8601}}"
2026-09-09T19:37:37+00:00,stable_eur_dislocation,Kraken:USDT-EUR-USDC,USDT/USDC,USDT->EUR->USDC,Kraken,-2.325041,-52.325041,NO,"{""buffer_bps"":50.0,""note"":""Two-leg stablecoin conversion via EUR; issuer, venue and fee risks remain."",""usdc_eur"":{""ask"":0.8602,""bid"":0.8601,""last"":0.8601},""usdt_eur"":{""ask"":0.8601,""bid"":0.86,""last"":0.8601}}"
2026-09-09T20:06:24+00:00,eu_cross_spot,BTC:buy Coinbase / sell Kraken,BTC,buy Coinbase / sell Kraken,Coinbase<->Kraken,-1.252367,-151.252367,NO,"{""buffer_bps"":150.0,""buy_ask"":67312.53,""coinbase_taker_bps"":60.0,""kraken_taker_bps"":80.0,""note"":""Assumes prefunded balances on both venues; rebalancing and account-specific fees can erase the edge."",""sell_bid"":67304.1}"
2026-09-09T20:06:24+00:00,eu_cross_spot,BTC:buy Kraken / sell Coinbase,BTC,buy Kraken / sell Coinbase,Coinbase<->Kraken,0.007429,-149.992571,NO,"{""buffer_bps"":150.0,""buy_ask"":67304.2,""coinbase_taker_bps"":60.0,""kraken_taker_bps"":80.0,""note"":""Assumes prefunded balances on both venues; rebalancing and account-specific fees can erase the edge."",""sell_bid"":67304.25}"
2026-09-09T20:06:24+00:00,eu_cross_spot,ETH:buy Coinbase / sell Kraken,ETH,buy Coinbase / sell Kraken,Coinbase<->Kraken,-2.921607,-152.921607,NO,"{""buffer_bps"":150.0,""buy_ask"":2122.12,""coinbase_taker_bps"":60.0,""kraken_taker_bps"":80.0,""note"":""Assumes prefunded balances on both venues; rebalancing and account-specific fees can erase the edge."",""sell_bid"":2121.5}"
2026-09-09T20:06:24+00:00,eu_cross_spot,ETH:buy Kraken / sell Coinbase,ETH,buy Kraken / sell Coinbase,Coinbase<->Kraken,-0.659907,-150.659907,NO,"{""buffer_bps"":150.0,""buy_ask"":2121.51,""coinbase_taker_bps"":60.0,""kraken_taker_bps"":80.0,""note"":""Assumes prefunded balances on both venues; rebalancing and account-specific fees can erase the edge."",""sell_bid"":2121.37}"
2026-09-09T20:06:24+00:00,eu_cross_spot,SOL:buy Coinbase / sell Kraken,SOL,buy Coinbase / sell Kraken,Coinbase<->Kraken,-2.271437,-152.271437,NO,"{""buffer_bps"":150.0,""buy_ask"":88.05,""coinbase_taker_bps"":60.0,""kraken_taker_bps"":80.0,""note"":""Assumes prefunded balances on both venues; rebalancing and account-specific fees can erase the edge."",""sell_bid"":88.03}"
2026-09-09T20:06:24+00:00,eu_cross_spot,SOL:buy Kraken / sell Coinbase,SOL,buy Kraken / sell Coinbase,Coinbase<->Kraken,-1.135847,-151.135847,NO,"{""buffer_bps"":150.0,""buy_ask"":88.04,""coinbase_taker_bps"":60.0,""kraken_taker_bps"":80.0,""note"":""Assumes prefunded balances on both venues; rebalancing and account-specific fees can erase the edge."",""sell_bid"":88.03}"
2026-09-09T20:06:24+00:00,eur_triangle,Coinbase:BTC:EUR-USDT-BTC-EUR,BTC,EUR->USDT->BTC->EUR,Coinbase,-0.624030,-189.535025,NO,"{""extra_buffer_bps"":10.0,""fee_bps_per_leg_assumption"":60.0,""note"":""Top-of-book paper cycle. Exact Coinbase fee tier and available size must be validated.""}"
2026-09-09T20:06:24+00:00,eur_triangle,Coinbase:BTC:EUR-BTC-USDT-EUR,BTC,EUR->BTC->USDT->EUR,Coinbase,-3.658207,-192.514913,NO,"{""extra_buffer_bps"":10.0,""fee_bps_per_leg_assumption"":60.0,""note"":""Top-of-book paper cycle. Exact Coinbase fee tier and available size must be validated.""}"
2026-09-09T20:06:24+00:00,eur_triangle,Kraken:BTC:EUR-USDT-BTC-EUR,BTC,EUR->USDT->BTC->EUR,Kraken,-0.717884,-248.785912,NO,"{""extra_buffer_bps"":10.0,""fee_bps_per_leg_assumption"":80.0,""note"":""Top-of-book paper cycle. Exact Kraken fee tier and available size must be validated.""}"
2026-09-09T20:06:24+00:00,eur_triangle,Kraken:BTC:EUR-BTC-USDT-EUR,BTC,EUR->BTC->USDT->EUR,Kraken,-0.587559,-248.658690,NO,"{""extra_buffer_bps"":10.0,""fee_bps_per_leg_assumption"":80.0,""note"":""Top-of-book paper cycle. Exact Kraken fee tier and available size must be validated.""}"
2026-09-09T20:06:24+00:00,eur_triangle,Coinbase:ETH:EUR-USDT-ETH-EUR,ETH,EUR->USDT->ETH->EUR,Coinbase,-1.270048,-190.169484,NO,"{""extra_buffer_bps"":10.0,""fee_bps_per_leg_assumption"":60.0,""note"":""Top-of-book paper cycle. Exact Coinbase fee tier and available size must be validated.""}"
2026-09-09T20:06:24+00:00,eur_triangle,Coinbase:ETH:EUR-ETH-USDT-EUR,ETH,EUR->ETH->USDT->EUR,Coinbase,-5.409305,-194.234681,NO,"{""extra_buffer_bps"":10.0,""fee_bps_per_leg_assumption"":60.0,""note"":""Top-of-book paper cycle. Exact Coinbase fee tier and available size must be validated.""}"
2026-09-09T20:06:24+00:00,eur_triangle,Kraken:ETH:EUR-USDT-ETH-EUR,ETH,EUR->USDT->ETH->EUR,Kraken,-0.808796,-248.874660,NO,"{""extra_buffer_bps"":10.0,""fee_bps_per_leg_assumption"":80.0,""note"":""Top-of-book paper cycle. Exact Kraken fee tier and available size must be validated.""}"
2026-09-09T20:06:24+00:00,eur_triangle,Kraken:ETH:EUR-ETH-USDT-EUR,ETH,EUR->ETH->USDT->EUR,Kraken,-0.603820,-248.674564,NO,"{""extra_buffer_bps"":10.0,""fee_bps_per_leg_assumption"":80.0,""note"":""Top-of-book paper cycle. Exact Kraken fee tier and available size must be validated.""}"
2026-09-09T20:06:24+00:00,eur_triangle,Coinbase:SOL:EUR-USDT-SOL-EUR,SOL,EUR->USDT->SOL->EUR,Coinbase,-2.652051,-191.526760,NO,"{""extra_buffer_bps"":10.0,""fee_bps_per_leg_assumption"":60.0,""note"":""Top-of-book paper cycle. Exact Coinbase fee tier and available size must be validated.""}"
2026-09-09T20:06:24+00:00,eur_triangle,Coinbase:SOL:EUR-SOL-USDT-EUR,SOL,EUR->SOL->USDT->EUR,Coinbase,-2.898126,-191.768432,NO,"{""extra_buffer_bps"":10.0,""fee_bps_per_leg_assumption"":60.0,""note"":""Top-of-book paper cycle. Exact Coinbase fee tier and available size must be validated.""}"
2026-09-09T20:06:24+00:00,eur_triangle,Kraken:SOL:EUR-USDT-SOL-EUR,SOL,EUR->USDT->SOL->EUR,Kraken,0.045439,-248.040763,NO,"{""extra_buffer_bps"":10.0,""fee_bps_per_leg_assumption"":80.0,""note"":""Top-of-book paper cycle. Exact Kraken fee tier and available size must be validated.""}"
2026-09-09T20:06:24+00:00,eur_triangle,Kraken:SOL:EUR-SOL-USDT-EUR,SOL,EUR->SOL->USDT->EUR,Kraken,-3.320650,-251.326710,NO,"{""extra_buffer_bps"":10.0,""fee_bps_per_leg_assumption"":80.0,""note"":""Top-of-book paper cycle. Exact Kraken fee tier and available size must be validated.""}"
2026-09-09T20:06:24+00:00,stable_eur_dislocation,Coinbase:USDC-EUR-USDT,USDC/USDT,USDC->EUR->USDT,Coinbase,0.232564,-29.767436,NO,"{""buffer_bps"":30.0,""note"":""Two-leg stablecoin conversion via EUR; issuer, venue and fee risks remain."",""usdc_eur"":{""ask"":0.8601,""bid"":0.86,""last"":0.8601},""usdt_eur"":{""ask"":0.85998,""bid"":0.85995,""last"":0.85998}}"
2026-09-09T20:06:24+00:00,stable_eur_dislocation,Coinbase:USDT-EUR-USDC,USDT/USDC,USDT->EUR->USDC,Coinbase,-1.743983,-31.743983,NO,"{""buffer_bps"":30.0,""note"":""Two-leg stablecoin conversion via EUR; issuer, venue and fee risks remain."",""usdc_eur"":{""ask"":0.8601,""bid"":0.86,""last"":0.8601},""usdt_eur"":{""ask"":0.85998,""bid"":0.85995,""last"":0.85998}}"
2026-09-09T20:06:24+00:00,stable_eur_dislocation,Kraken:USDC-EUR-USDT,USDC/USDT,USDC->EUR->USDT,Kraken,0.000000,-50.000000,NO,"{""buffer_bps"":50.0,""note"":""Two-leg stablecoin conversion via EUR; issuer, venue and fee risks remain."",""usdc_eur"":{""ask"":0.8601,""bid"":0.86,""last"":0.8601},""usdt_eur"":{""ask"":0.86,""bid"":0.8599,""last"":0.8599}}"
2026-09-09T20:06:24+00:00,stable_eur_dislocation,Kraken:USDT-EUR-USDC,USDT/USDC,USDT->EUR->USDC,Kraken,-2.325311,-52.325311,NO,"{""buffer_bps"":50.0,""note"":""Two-leg stablecoin conversion via EUR; issuer, venue and fee risks remain."",""usdc_eur"":{""ask"":0.8601,""bid"":0.86,""last"":0.8601},""usdt_eur"":{""ask"":0.86,""bid"":0.8599,""last"":0.8599}}"
2026-09-09T20:57:36+00:00,eu_cross_spot,BTC:buy Coinbase / sell Kraken,BTC,buy Coinbase / sell Kraken,Coinbase<->Kraken,-1.030964,-151.030964,NO,"{""buffer_bps"":150.0,""buy_ask"":67315.64,""coinbase_taker_bps"":60.0,""kraken_taker_bps"":80.0,""note"":""Assumes prefunded balances on both venues; rebalancing and account-specific fees can erase the edge."",""sell_bid"":67308.7}"
2026-09-09T20:57:36+00:00,eu_cross_spot,BTC:buy Kraken / sell Coinbase,BTC,buy Kraken / sell Coinbase,Coinbase<->Kraken,-0.454621,-150.454621,NO,"{""buffer_bps"":150.0,""buy_ask"":67308.8,""coinbase_taker_bps"":60.0,""kraken_taker_bps"":80.0,""note"":""Assumes prefunded balances on both venues; rebalancing and account-specific fees can erase the edge."",""sell_bid"":67305.74}"
2026-09-09T20:57:36+00:00,eu_cross_spot,ETH:buy Coinbase / sell Kraken,ETH,buy Coinbase / sell Kraken,Coinbase<->Kraken,-1.129965,-151.129965,NO,"{""buffer_bps"":150.0,""buy_ask"":2123.96,""coinbase_taker_bps"":60.0,""kraken_taker_bps"":80.0,""note"":""Assumes prefunded balances on both venues; rebalancing and account-specific fees can erase the edge."",""sell_bid"":2123.72}"
2026-09-09T20:57:36+00:00,eu_cross_spot,ETH:buy Kraken / sell Coinbase,ETH,buy Kraken / sell Coinbase,Coinbase<->Kraken,-0.706304,-150.706304,NO,"{""buffer_bps"":150.0,""buy_ask"":2123.73,""coinbase_taker_bps"":60.0,""kraken_taker_bps"":80.0,""note"":""Assumes prefunded balances on both venues; rebalancing and account-specific fees can erase the edge."",""sell_bid"":2123.58}"
2026-09-09T20:57:36+00:00,eu_cross_spot,SOL:buy Coinbase / sell Kraken,SOL,buy Coinbase / sell Kraken,Coinbase<->Kraken,-2.268345,-152.268345,NO,"{""buffer_bps"":150.0,""buy_ask"":88.17,""coinbase_taker_bps"":60.0,""kraken_taker_bps"":80.0,""note"":""Assumes prefunded balances on both venues; rebalancing and account-specific fees can erase the edge."",""sell_bid"":88.15}"
2026-09-09T20:57:36+00:00,eu_cross_spot,SOL:buy Kraken / sell Coinbase,SOL,buy Kraken / sell Coinbase,Coinbase<->Kraken,-1.134301,-151.134301,NO,"{""buffer_bps"":150.0,""buy_ask"":88.16,""coinbase_taker_bps"":60.0,""kraken_taker_bps"":80.0,""note"":""Assumes prefunded balances on both venues; rebalancing and account-specific fees can erase the edge."",""sell_bid"":88.15}"
2026-09-09T20:57:36+00:00,eur_triangle,Coinbase:BTC:EUR-USDT-BTC-EUR,BTC,EUR->USDT->BTC->EUR,Coinbase,-2.190774,-191.073737,NO,"{""extra_buffer_bps"":10.0,""fee_bps_per_leg_assumption"":60.0,""note"":""Top-of-book paper cycle. Exact Coinbase fee tier and available size must be validated.""}"
2026-09-09T20:57:36+00:00,eur_triangle,Coinbase:BTC:EUR-BTC-USDT-EUR,BTC,EUR->BTC->USDT->EUR,Coinbase,-1.586662,-190.480433,NO,"{""extra_buffer_bps"":10.0,""fee_bps_per_leg_assumption"":60.0,""note"":""Top-of-book paper cycle. Exact Coinbase fee tier and available size must be validated.""}"
2026-09-09T20:57:36+00:00,eur_triangle,Kraken:BTC:EUR-USDT-BTC-EUR,BTC,EUR->USDT->BTC->EUR,Kraken,-1.425904,-249.477075,NO,"{""extra_buffer_bps"":10.0,""fee_bps_per_leg_assumption"":80.0,""note"":""Top-of-book paper cycle. Exact Kraken fee tier and available size must be validated.""}"
2026-09-09T20:57:36+00:00,eur_triangle,Kraken:BTC:EUR-BTC-USDT-EUR,BTC,EUR->BTC->USDT->EUR,Kraken,-1.221707,-249.277740,NO,"{""extra_buffer_bps"":10.0,""fee_bps_per_leg_assumption"":80.0,""note"":""Top-of-book paper cycle. Exact Kraken fee tier and available size must be validated.""}"
2026-09-09T20:57:36+00:00,eur_triangle,Coinbase:ETH:EUR-USDT-ETH-EUR,ETH,EUR->USDT->ETH->EUR,Coinbase,-2.278462,-191.159856,NO,"{""extra_buffer_bps"":10.0,""fee_bps_per_leg_assumption"":60.0,""note"":""Top-of-book paper cycle. Exact Coinbase fee tier and available size must be validated.""}"
2026-09-09T20:57:36+00:00,eur_triangle,Coinbase:ETH:EUR-ETH-USDT-EUR,ETH,EUR->ETH->USDT->EUR,Coinbase,-3.659196,-192.515884,NO,"{""extra_buffer_bps"":10.0,""fee_bps_per_leg_assumption"":60.0,""note"":""Top-of-book paper cycle. Exact Coinbase fee tier and available size must be validated.""}"
2026-09-09T20:57:36+00:00,eur_triangle,Kraken:ETH:EUR-USDT-ETH-EUR,ETH,EUR->USDT->ETH->EUR,Kraken,-0.865171,-248.929693,NO,"{""extra_buffer_bps"":10.0,""fee_bps_per_leg_assumption"":80.0,""note"":""Top-of-book paper cycle. Exact Kraken fee tier and available size must be validated.""}"
2026-09-09T20:57:36+00:00,eur_triangle,Kraken:ETH:EUR-ETH-USDT-EUR,ETH,EUR->ETH->USDT->EUR,Kraken,-1.831965,-249.873469,NO,"{""extra_buffer_bps"":10.0,""fee_bps_per_leg_assumption"":80.0,""note"":""Top-of-book paper cycle. Exact Kraken fee tier and available size must be validated.""}"
2026-09-09T20:57:36+00:00,eur_triangle,Coinbase:SOL:EUR-USDT-SOL-EUR,SOL,EUR->USDT->SOL->EUR,Coinbase,-1.969266,-190.856192,NO,"{""extra_buffer_bps"":10.0,""fee_bps_per_leg_assumption"":60.0,""note"":""Top-of-book paper cycle. Exact Coinbase fee tier and available size must be validated.""}"
2026-09-09T20:57:36+00:00,eur_triangle,Coinbase:SOL:EUR-SOL-USDT-EUR,SOL,EUR->SOL->USDT->EUR,Coinbase,-1.739435,-190.630473,NO,"{""extra_buffer_bps"":10.0,""fee_bps_per_leg_assumption"":60.0,""note"":""Top-of-book paper cycle. Exact Coinbase fee tier and available size must be validated.""}"
2026-09-09T20:57:36+00:00,eur_triangle,Kraken:SOL:EUR-USDT-SOL-EUR,SOL,EUR->USDT->SOL->EUR,Kraken,-2.550682,-250.575074,NO,"{""extra_buffer_bps"":10.0,""fee_bps_per_leg_assumption"":80.0,""note"":""Top-of-book paper cycle. Exact Kraken fee tier and available size must be validated.""}"
2026-09-09T20:57:36+00:00,eur_triangle,Kraken:SOL:EUR-SOL-USDT-EUR,SOL,EUR->SOL->USDT->EUR,Kraken,-1.884755,-249.925002,NO,"{""extra_buffer_bps"":10.0,""fee_bps_per_leg_assumption"":80.0,""note"":""Top-of-book paper cycle. Exact Kraken fee tier and available size must be validated.""}"
2026-09-09T20:57:36+00:00,stable_eur_dislocation,Coinbase:USDC-EUR-USDT,USDC/USDT,USDC->EUR->USDT,Coinbase,0.581564,-29.418436,NO,"{""buffer_bps"":30.0,""note"":""Two-leg stablecoin conversion via EUR; issuer, venue and fee risks remain."",""usdc_eur"":{""ask"":0.8599,""bid"":0.8598,""last"":0.8598},""usdt_eur"":{""ask"":0.85975,""bid"":0.85971,""last"":0.85974}}"
2026-09-09T20:57:36+00:00,stable_eur_dislocation,Coinbase:USDT-EUR-USDC,USDT/USDC,USDT->EUR->USDC,Coinbase,-2.209559,-32.209559,NO,"{""buffer_bps"":30.0,""note"":""Two-leg stablecoin conversion via EUR; issuer, venue and fee risks remain."",""usdc_eur"":{""ask"":0.8599,""bid"":0.8598,""last"":0.8598},""usdt_eur"":{""ask"":0.85975,""bid"":0.85971,""last"":0.85974}}"
2026-09-09T20:57:36+00:00,stable_eur_dislocation,Kraken:USDC-EUR-USDT,USDC/USDT,USDC->EUR->USDT,Kraken,0.000000,-50.000000,NO,"{""buffer_bps"":50.0,""note"":""Two-leg stablecoin conversion via EUR; issuer, venue and fee risks remain."",""usdc_eur"":{""ask"":0.8599,""bid"":0.8598,""last"":0.8599},""usdt_eur"":{""ask"":0.8598,""bid"":0.8596,""last"":0.8596}}"
2026-09-09T20:57:36+00:00,stable_eur_dislocation,Kraken:USDT-EUR-USDC,USDT/USDC,USDT->EUR->USDC,Kraken,-3.488778,-53.488778,NO,"{""buffer_bps"":50.0,""note"":""Two-leg stablecoin conversion via EUR; issuer, venue and fee risks remain."",""usdc_eur"":{""ask"":0.8599,""bid"":0.8598,""last"":0.8599},""usdt_eur"":{""ask"":0.8598,""bid"":0.8596,""last"":0.8596}}"
2026-09-09T22:22:52+00:00,eu_cross_spot,BTC:buy Coinbase / sell Kraken,BTC,buy Coinbase / sell Kraken,Coinbase<->Kraken,0.983152,-149.016848,NO,"{""buffer_bps"":150.0,""buy_ask"":67029.31,""coinbase_taker_bps"":60.0,""kraken_taker_bps"":80.0,""note"":""Assumes prefunded balances on both venues; rebalancing and account-specific fees can erase the edge."",""sell_bid"":67035.9}"
2026-09-09T22:22:52+00:00,eu_cross_spot,BTC:buy Kraken / sell Coinbase,BTC,buy Kraken / sell Coinbase,Coinbase<->Kraken,-2.586527,-152.586527,NO,"{""buffer_bps"":150.0,""buy_ask"":67039.7,""coinbase_taker_bps"":60.0,""kraken_taker_bps"":80.0,""note"":""Assumes prefunded balances on both venues; rebalancing and account-specific fees can erase the edge."",""sell_bid"":67022.36}"
2026-09-09T22:22:52+00:00,eu_cross_spot,ETH:buy Coinbase / sell Kraken,ETH,buy Coinbase / sell Kraken,Coinbase<->Kraken,-0.569271,-150.569271,NO,"{""buffer_bps"":150.0,""buy_ask"":2107.96,""coinbase_taker_bps"":60.0,""kraken_taker_bps"":80.0,""note"":""Assumes prefunded balances on both venues; rebalancing and account-specific fees can erase the edge."",""sell_bid"":2107.84}"
2026-09-09T22:22:52+00:00,eu_cross_spot,ETH:buy Kraken / sell Coinbase,ETH,buy Kraken / sell Coinbase,Coinbase<->Kraken,-1.375796,-151.375796,NO,"{""buffer_bps"":150.0,""buy_ask"":2107.87,""coinbase_taker_bps"":60.0,""kraken_taker_bps"":80.0,""note"":""Assumes prefunded balances on both venues; rebalancing and account-specific fees can erase the edge."",""sell_bid"":2107.58}"
2026-09-09T22:22:52+00:00,eu_cross_spot,SOL:buy Coinbase / sell Kraken,SOL,buy Coinbase / sell Kraken,Coinbase<->Kraken,-2.293578,-152.293578,NO,"{""buffer_bps"":150.0,""buy_ask"":87.2,""coinbase_taker_bps"":60.0,""kraken_taker_bps"":80.0,""note"":""Assumes prefunded balances on both venues; rebalancing and account-specific fees can erase the edge."",""sell_bid"":87.18}"
2026-09-09T22:22:52+00:00,eu_cross_spot,SOL:buy Kraken / sell Coinbase,SOL,buy Kraken / sell Coinbase,Coinbase<->Kraken,-1.146921,-151.146921,NO,"{""buffer_bps"":150.0,""buy_ask"":87.19,""coinbase_taker_bps"":60.0,""kraken_taker_bps"":80.0,""note"":""Assumes prefunded balances on both venues; rebalancing and account-specific fees can erase the edge."",""sell_bid"":87.18}"
2026-09-09T22:22:52+00:00,eur_triangle,Coinbase:BTC:EUR-USDT-BTC-EUR,BTC,EUR->USDT->BTC->EUR,Coinbase,-2.631238,-191.506319,NO,"{""extra_buffer_bps"":10.0,""fee_bps_per_leg_assumption"":60.0,""note"":""Top-of-book paper cycle. Exact Coinbase fee tier and available size must be validated.""}"
2026-09-09T22:22:52+00:00,eur_triangle,Coinbase:BTC:EUR-BTC-USDT-EUR,BTC,EUR->BTC->USDT->EUR,Coinbase,0.270303,-188.656693,NO,"{""extra_buffer_bps"":10.0,""fee_bps_per_leg_assumption"":60.0,""note"":""Top-of-book paper cycle. Exact Coinbase fee tier and available size must be validated.""}"
2026-09-09T22:22:52+00:00,eur_triangle,Kraken:BTC:EUR-USDT-BTC-EUR,BTC,EUR->USDT->BTC->EUR,Kraken,0.838719,-247.266369,NO,"{""extra_buffer_bps"":10.0,""fee_bps_per_leg_assumption"":80.0,""note"":""Top-of-book paper cycle. Exact Kraken fee tier and available size must be validated.""}"
2026-09-09T22:22:52+00:00,eur_triangle,Kraken:BTC:EUR-BTC-USDT-EUR,BTC,EUR->BTC->USDT->EUR,Kraken,-2.581687,-250.605341,NO,"{""extra_buffer_bps"":10.0,""fee_bps_per_leg_assumption"":80.0,""note"":""Top-of-book paper cycle. Exact Kraken fee tier and available size must be validated.""}"
2026-09-09T22:22:52+00:00,eur_triangle,Coinbase:ETH:EUR-USDT-ETH-EUR,ETH,EUR->USDT->ETH->EUR,Coinbase,-1.818606,-190.708227,NO,"{""extra_buffer_bps"":10.0,""fee_bps_per_leg_assumption"":60.0,""note"":""Top-of-book paper cycle. Exact Coinbase fee tier and available size must be validated.""}"
2026-09-09T22:22:52+00:00,eur_triangle,Coinbase:ETH:EUR-ETH-USDT-EUR,ETH,EUR->ETH->USDT->EUR,Coinbase,-4.974656,-193.807808,NO,"{""extra_buffer_bps"":10.0,""fee_bps_per_leg_assumption"":60.0,""note"":""Top-of-book paper cycle. Exact Coinbase fee tier and available size must be validated.""}"
2026-09-09T22:22:52+00:00,eur_triangle,Kraken:ETH:EUR-USDT-ETH-EUR,ETH,EUR->USDT->ETH->EUR,Kraken,-0.212327,-248.292391,NO,"{""extra_buffer_bps"":10.0,""fee_bps_per_leg_assumption"":80.0,""note"":""Top-of-book paper cycle. Exact Kraken fee tier and available size must be validated.""}"
2026-09-09T22:22:52+00:00,eur_triangle,Kraken:ETH:EUR-ETH-USDT-EUR,ETH,EUR->ETH->USDT->EUR,Kraken,-1.134373,-249.192485,NO,"{""extra_buffer_bps"":10.0,""fee_bps_per_leg_assumption"":80.0,""note"":""Top-of-book paper cycle. Exact Kraken fee tier and available size must be validated.""}"
2026-09-09T22:22:52+00:00,eur_triangle,Coinbase:SOL:EUR-USDT-SOL-EUR,SOL,EUR->USDT->SOL->EUR,Coinbase,-2.557650,-191.434048,NO,"{""extra_buffer_bps"":10.0,""fee_bps_per_leg_assumption"":60.0,""note"":""Top-of-book paper cycle. Exact Coinbase fee tier and available size must be validated.""}"
2026-09-09T22:22:52+00:00,eur_triangle,Coinbase:SOL:EUR-SOL-USDT-EUR,SOL,EUR->SOL->USDT->EUR,Coinbase,-2.172305,-191.055598,NO,"{""extra_buffer_bps"":10.0,""fee_bps_per_leg_assumption"":60.0,""note"":""Top-of-book paper cycle. Exact Coinbase fee tier and available size must be validated.""}"
2026-09-09T22:22:52+00:00,eur_triangle,Kraken:SOL:EUR-USDT-SOL-EUR,SOL,EUR->USDT->SOL->EUR,Kraken,-1.688634,-249.733550,NO,"{""extra_buffer_bps"":10.0,""fee_bps_per_leg_assumption"":80.0,""note"":""Top-of-book paper cycle. Exact Kraken fee tier and available size must be validated.""}"
2026-09-09T22:22:52+00:00,eur_triangle,Kraken:SOL:EUR-SOL-USDT-EUR,SOL,EUR->SOL->USDT->EUR,Kraken,-1.607409,-249.654259,NO,"{""extra_buffer_bps"":10.0,""fee_bps_per_leg_assumption"":80.0,""note"":""Top-of-book paper cycle. Exact Kraken fee tier and available size must be validated.""}"
2026-09-09T22:22:52+00:00,stable_eur_dislocation,Coinbase:USDC-EUR-USDT,USDC/USDT,USDC->EUR->USDT,Coinbase,1.279978,-28.720022,NO,"{""buffer_bps"":30.0,""note"":""Two-leg stablecoin conversion via EUR; issuer, venue and fee risks remain."",""usdc_eur"":{""ask"":0.8596,""bid"":0.8595,""last"":0.8596},""usdt_eur"":{""ask"":0.85939,""bid"":0.85935,""last"":0.85937}}"
2026-09-09T22:22:52+00:00,stable_eur_dislocation,Coinbase:USDT-EUR-USDC,USDT/USDC,USDT->EUR->USDC,Coinbase,-2.908329,-32.908329,NO,"{""buffer_bps"":30.0,""note"":""Two-leg stablecoin conversion via EUR; issuer, venue and fee risks remain."",""usdc_eur"":{""ask"":0.8596,""bid"":0.8595,""last"":0.8596},""usdt_eur"":{""ask"":0.85939,""bid"":0.85935,""last"":0.85937}}"
2026-09-09T22:22:52+00:00,stable_eur_dislocation,Kraken:USDC-EUR-USDT,USDC/USDT,USDC->EUR->USDT,Kraken,0.000000,-50.000000,NO,"{""buffer_bps"":50.0,""note"":""Two-leg stablecoin conversion via EUR; issuer, venue and fee risks remain."",""usdc_eur"":{""ask"":0.8595,""bid"":0.8594,""last"":0.8595},""usdt_eur"":{""ask"":0.8594,""bid"":0.8593,""last"":0.8593}}"
2026-09-09T22:22:52+00:00,stable_eur_dislocation,Kraken:USDT-EUR-USDC,USDT/USDC,USDT->EUR->USDC,Kraken,-2.326934,-52.326934,NO,"{""buffer_bps"":50.0,""note"":""Two-leg stablecoin conversion via EUR; issuer, venue and fee risks remain."",""usdc_eur"":{""ask"":0.8595,""bid"":0.8594,""last"":0.8595},""usdt_eur"":{""ask"":0.8594,""bid"":0.8593,""last"":0.8593}}"
