timestamp_utc,symbol,direction,binance_rate,binance_interval_hours,bybit_rate,bybit_interval_hours,spread_bps_per_hour,spread_bps_per_8h,rough_annualized_pct,breakeven_8h_periods,candidate
2026-09-06T11:49:51+00:00,BTCUSDT,short Bitget / long Gate,0.0000670000,8.0000,-0.0000090000,8.0000,0.095000,0.760000,8.3220,39.474,NO
2026-09-06T11:49:51+00:00,ETHUSDT,short Bitget / long Gate,0.0000960000,8.0000,0.0000190000,8.0000,0.096250,0.770000,8.4315,38.961,NO
2026-09-06T11:49:51+00:00,SOLUSDT,flat,0.0001000000,8.0000,0.0001000000,8.0000,0.000000,0.000000,0.0000,,NO
2026-09-06T13:36:34+00:00,BTCUSDT,short Bitget / long Gate,0.0000550000,8.0000,-0.0000110000,8.0000,0.082500,0.660000,7.2270,45.455,NO
2026-09-06T13:36:34+00:00,ETHUSDT,short Bitget / long Gate,0.0000960000,8.0000,0.0000230000,8.0000,0.091250,0.730000,7.9935,41.096,NO
2026-09-06T13:36:34+00:00,SOLUSDT,flat,0.0001000000,8.0000,0.0001000000,8.0000,0.000000,0.000000,0.0000,,NO
2026-09-06T14:11:57+00:00,BTCUSDT,short Bitget / long Gate,0.0000580000,8.0000,-0.0000090000,8.0000,0.083750,0.670000,7.3365,44.776,NO
2026-09-06T14:11:57+00:00,ETHUSDT,short Bitget / long Gate,0.0000920000,8.0000,0.0000250000,8.0000,0.083750,0.670000,7.3365,44.776,NO
2026-09-06T14:11:57+00:00,SOLUSDT,flat,0.0001000000,8.0000,0.0001000000,8.0000,0.000000,0.000000,0.0000,,NO
2026-09-06T14:19:02+00:00,BTCUSDT,short Bitget / long Gate,0.0000570000,8.0000,-0.0000070000,8.0000,0.080000,0.640000,7.0080,46.875,NO
2026-09-06T14:19:02+00:00,ETHUSDT,short Bitget / long Gate,0.0000890000,8.0000,0.0000260000,8.0000,0.078750,0.630000,6.8985,47.619,NO
2026-09-06T14:19:02+00:00,SOLUSDT,flat,0.0001000000,8.0000,0.0001000000,8.0000,0.000000,0.000000,0.0000,,NO
2026-09-06T14:51:47+00:00,BTCUSDT,short Bitget / long Gate,0.0000610000,8.0000,0.0000030000,8.0000,0.072500,0.580000,6.3510,51.724,NO
2026-09-06T14:51:47+00:00,ETHUSDT,short Bitget / long Gate,0.0000780000,8.0000,0.0000310000,8.0000,0.058750,0.470000,5.1465,63.830,NO
2026-09-06T14:51:47+00:00,SOLUSDT,flat,0.0001000000,8.0000,0.0001000000,8.0000,0.000000,0.000000,0.0000,,NO
2026-09-06T15:14:15+00:00,BTCUSDT,short Bitget / long Gate,0.0000610000,8.0000,0.0000040000,8.0000,0.071250,0.570000,6.2415,52.632,NO
2026-09-06T15:14:15+00:00,ETHUSDT,short Bitget / long Gate,0.0000690000,8.0000,0.0000370000,8.0000,0.040000,0.320000,3.5040,93.750,NO
2026-09-06T15:14:15+00:00,SOLUSDT,flat,0.0001000000,8.0000,0.0001000000,8.0000,0.000000,0.000000,0.0000,,NO
2026-09-06T15:17:31+00:00,BTCUSDT,short Bitget / long Gate,0.0000610000,8.0000,0.0000050000,8.0000,0.070000,0.560000,6.1320,53.571,NO
2026-09-06T15:17:31+00:00,ETHUSDT,short Bitget / long Gate,0.0000680000,8.0000,0.0000370000,8.0000,0.038750,0.310000,3.3945,96.774,NO
2026-09-06T15:17:31+00:00,SOLUSDT,flat,0.0001000000,8.0000,0.0001000000,8.0000,0.000000,0.000000,0.0000,,NO
2026-09-06T15:22:48+00:00,BTCUSDT,short Bitget / long Gate,0.0000610000,8.0000,0.0000070000,8.0000,0.067500,0.540000,5.9130,55.556,NO
2026-09-06T15:22:48+00:00,ETHUSDT,short Bitget / long Gate,0.0000670000,8.0000,0.0000390000,8.0000,0.035000,0.280000,3.0660,107.143,NO
2026-09-06T15:22:48+00:00,SOLUSDT,flat,0.0001000000,8.0000,0.0001000000,8.0000,0.000000,0.000000,0.0000,,NO
2026-09-06T15:30:51+00:00,BTCUSDT,short Bitget / long Gate,0.0000620000,8.0000,0.0000070000,8.0000,0.068750,0.550000,6.0225,54.545,NO
2026-09-06T15:30:51+00:00,ETHUSDT,short Bitget / long Gate,0.0000640000,8.0000,0.0000410000,8.0000,0.028750,0.230000,2.5185,130.435,NO
2026-09-06T15:30:51+00:00,SOLUSDT,flat,0.0001000000,8.0000,0.0001000000,8.0000,0.000000,0.000000,0.0000,,NO
2026-09-06T17:08:58+00:00,BTCUSDT,short Bitget / long Gate,0.0000570000,8.0000,-0.0000110000,8.0000,0.085000,0.680000,7.4460,44.118,NO
2026-09-06T17:08:58+00:00,ETHUSDT,short Bitget / long Gate,0.0000700000,8.0000,0.0000450000,8.0000,0.031250,0.250000,2.7375,120.000,NO
2026-09-06T17:08:58+00:00,SOLUSDT,short Bitget / long Gate,0.0001000000,8.0000,0.0000470000,8.0000,0.066250,0.530000,5.8035,56.604,NO
2026-09-06T18:05:51+00:00,ETHUSDT,short Bitget / long Gate,0.0000850000,8.0000,0.0000650000,8.0000,0.025000,0.200000,2.1900,150.000,NO
2026-09-06T18:05:51+00:00,BTCUSDT,short Bitget / long Gate,0.0000550000,8.0000,0.0000160000,8.0000,0.048750,0.390000,4.2705,76.923,NO
2026-09-06T18:05:51+00:00,ZECUSDT,long Bitget / short Gate,-0.0000650000,8.0000,0.0001000000,8.0000,-0.206250,-1.650000,18.0675,18.182,NO
2026-09-06T18:05:51+00:00,SOLUSDT,short Bitget / long Gate,0.0001000000,8.0000,0.0000700000,8.0000,0.037500,0.300000,3.2850,100.000,NO
2026-09-06T18:05:51+00:00,DOGEUSDT,short Bitget / long Gate,0.0000830000,8.0000,0.0000790000,8.0000,0.005000,0.040000,0.4380,750.000,NO
2026-09-06T18:05:51+00:00,XRPUSDT,short Bitget / long Gate,0.0001000000,8.0000,0.0000570000,8.0000,0.053750,0.430000,4.7085,69.767,NO
2026-09-06T18:05:51+00:00,ARBUSDT,short Bitget / long Gate,0.0001000000,8.0000,-0.0000640000,8.0000,0.205000,1.640000,17.9580,18.293,NO
2026-09-06T18:05:51+00:00,HYPEUSDT,flat,0.0000500000,4.0000,0.0000500000,4.0000,0.000000,0.000000,0.0000,,NO
2026-09-06T18:05:51+00:00,UNIUSDT,flat,0.0001000000,8.0000,0.0001000000,8.0000,0.000000,0.000000,0.0000,,NO
2026-09-06T18:05:51+00:00,PONSUSDT,long Bitget / short Gate,0.0006340000,4.0000,0.0019530000,4.0000,-3.297500,-26.380000,288.8610,1.137,YES
2026-09-06T18:05:51+00:00,MARSCOINUSDT,long Bitget / short Gate,0.0001240000,4.0000,0.0001480000,4.0000,-0.060000,-0.480000,5.2560,62.500,NO
2026-09-06T18:05:51+00:00,ADAUSDT,long Bitget / short Gate,0.0000350000,8.0000,0.0001000000,8.0000,-0.081250,-0.650000,7.1175,46.154,NO
2026-09-06T18:05:51+00:00,ENAUSDT,short Bitget / long Gate,0.0000500000,4.0000,-0.0000370000,4.0000,0.217500,1.740000,19.0530,17.241,NO
2026-09-06T18:05:51+00:00,USELESSUSDT,short Bitget / long Gate,0.0005250000,4.0000,0.0000500000,4.0000,1.187500,9.500000,104.0250,3.158,YES
2026-09-06T18:05:51+00:00,SNDKUSDT,flat,0.0000000000,8.0000,0.0000000000,8.0000,0.000000,0.000000,0.0000,,NO
2026-09-06T18:05:51+00:00,TRUMPUSDT,short Bitget / long Gate,0.0000500000,4.0000,-0.0003140000,4.0000,0.910000,7.280000,79.7160,4.121,YES
2026-09-06T18:05:51+00:00,BNBUSDT,flat,0.0001000000,8.0000,0.0001000000,8.0000,0.000000,0.000000,0.0000,,NO
2026-09-06T18:05:51+00:00,UAIUSDT,long Bitget / short Gate,0.0000500000,4.0000,0.0008590000,8.0000,-0.948750,-7.590000,83.1105,3.953,YES
2026-09-06T18:05:51+00:00,MUUSDT,flat,0.0000000000,8.0000,0.0000000000,8.0000,0.000000,0.000000,0.0000,,NO
2026-09-06T18:05:51+00:00,SUIUSDT,flat,0.0001000000,8.0000,0.0001000000,8.0000,0.000000,0.000000,0.0000,,NO
2026-09-06T18:05:51+00:00,DASHUSDT,short Bitget / long Gate,0.0001000000,8.0000,0.0000030000,8.0000,0.121250,0.970000,10.6215,30.928,NO
2026-09-06T18:05:51+00:00,XAUUSDT,flat,0.0000000000,4.0000,0.0000000000,4.0000,0.000000,0.000000,0.0000,,NO
2026-09-06T18:05:51+00:00,TAOUSDT,short Bitget / long Gate,0.0000500000,4.0000,0.0000400000,4.0000,0.025000,0.200000,2.1900,150.000,NO
2026-09-06T18:05:51+00:00,AKEUSDT,short Bitget / long Gate,-0.0014230000,4.0000,-0.0018490000,4.0000,1.065000,8.520000,93.2940,3.521,YES
2026-09-06T18:05:51+00:00,FLOCKUSDT,short Bitget / long Gate,-0.0001370000,4.0000,-0.0009050000,8.0000,0.788750,6.310000,69.0945,4.754,YES
2026-09-06T18:05:51+00:00,NEARUSDT,short Bitget / long Gate,0.0001000000,8.0000,-0.0000390000,8.0000,0.173750,1.390000,15.2205,21.583,NO
2026-09-06T18:05:51+00:00,SOXLUSDT,long Bitget / short Gate,0.0002670000,8.0000,0.0011060000,8.0000,-1.048750,-8.390000,91.8705,3.576,YES
2026-09-06T18:05:51+00:00,PEPEUSDT,flat,0.0001000000,8.0000,0.0001000000,8.0000,0.000000,0.000000,0.0000,,NO
2026-09-06T18:05:51+00:00,WLDUSDT,short Bitget / long Gate,0.0001000000,8.0000,-0.0000430000,8.0000,0.178750,1.430000,15.6585,20.979,NO
2026-09-06T18:05:51+00:00,PUMPUSDT,flat,0.0000500000,4.0000,0.0000500000,4.0000,0.000000,0.000000,0.0000,,NO
2026-09-06T18:05:51+00:00,LINKUSDT,short Bitget / long Gate,0.0001000000,8.0000,0.0000930000,8.0000,0.008750,0.070000,0.7665,428.571,NO
2026-09-06T18:05:51+00:00,LTCUSDT,short Bitget / long Gate,0.0001000000,8.0000,0.0000520000,8.0000,0.060000,0.480000,5.2560,62.500,NO
2026-09-06T18:05:51+00:00,RAYUSDT,long Bitget / short Gate,-0.0002820000,4.0000,-0.0002400000,4.0000,-0.105000,-0.840000,9.1980,35.714,NO
2026-09-06T18:05:51+00:00,SPCXUSDT,flat,0.0000000000,8.0000,0.0000000000,8.0000,0.000000,0.000000,0.0000,,NO
2026-09-06T18:05:51+00:00,ONDOUSDT,flat,0.0000500000,4.0000,0.0000500000,4.0000,0.000000,0.000000,0.0000,,NO
2026-09-06T18:05:51+00:00,FILUSDT,short Bitget / long Gate,-0.0000760000,8.0000,-0.0001500000,8.0000,0.092500,0.740000,8.1030,40.541,NO
2026-09-06T18:05:51+00:00,CLUSDT,flat,0.0000000000,4.0000,0.0000000000,8.0000,0.000000,0.000000,0.0000,,NO
2026-09-06T18:05:51+00:00,ASTERUSDT,short Bitget / long Gate,0.0000500000,4.0000,0.0000230000,4.0000,0.067500,0.540000,5.9130,55.556,NO
2026-09-06T18:05:51+00:00,SKHYNIXUSDT,flat,0.0000000000,4.0000,0.0000000000,4.0000,0.000000,0.000000,0.0000,,NO
2026-09-06T18:23:15+00:00,ETHUSDT,short Bitget / long Gate,0.0000880000,8.0000,0.0000600000,8.0000,0.035000,0.280000,3.0660,107.143,NO
2026-09-06T18:23:15+00:00,BTCUSDT,short Bitget / long Gate,0.0000590000,8.0000,0.0000190000,8.0000,0.050000,0.400000,4.3800,75.000,NO
2026-09-06T18:23:15+00:00,ZECUSDT,long Bitget / short Gate,-0.0000530000,8.0000,0.0001000000,8.0000,-0.191250,-1.530000,16.7535,19.608,NO
2026-09-06T18:23:15+00:00,SOLUSDT,short Bitget / long Gate,0.0001000000,8.0000,0.0000590000,8.0000,0.051250,0.410000,4.4895,73.171,NO
2026-09-06T18:23:15+00:00,DOGEUSDT,long Bitget / short Gate,0.0000810000,8.0000,0.0000910000,8.0000,-0.012500,-0.100000,1.0950,300.000,NO
2026-09-06T18:23:15+00:00,XRPUSDT,short Bitget / long Gate,0.0001000000,8.0000,0.0000590000,8.0000,0.051250,0.410000,4.4895,73.171,NO
2026-09-06T18:23:15+00:00,ARBUSDT,short Bitget / long Gate,0.0001000000,8.0000,-0.0000540000,8.0000,0.192500,1.540000,16.8630,19.481,NO
2026-09-06T18:23:15+00:00,HYPEUSDT,flat,0.0000500000,4.0000,0.0000500000,4.0000,0.000000,0.000000,0.0000,,NO
2026-09-06T18:23:15+00:00,UNIUSDT,flat,0.0001000000,8.0000,0.0001000000,8.0000,0.000000,0.000000,0.0000,,NO
2026-09-06T18:23:15+00:00,PONSUSDT,long Bitget / short Gate,0.0006190000,4.0000,0.0018920000,4.0000,-3.182500,-25.460000,278.7870,1.178,YES
2026-09-06T18:23:15+00:00,MARSCOINUSDT,short Bitget / long Gate,0.0001190000,4.0000,0.0000590000,4.0000,0.150000,1.200000,13.1400,25.000,NO
2026-09-06T18:23:15+00:00,ADAUSDT,long Bitget / short Gate,0.0000310000,8.0000,0.0000950000,8.0000,-0.080000,-0.640000,7.0080,46.875,NO
2026-09-06T18:23:15+00:00,ENAUSDT,short Bitget / long Gate,0.0000500000,4.0000,-0.0000300000,4.0000,0.200000,1.600000,17.5200,18.750,NO
2026-09-06T18:23:15+00:00,USELESSUSDT,short Bitget / long Gate,0.0005440000,4.0000,0.0000950000,4.0000,1.122500,8.980000,98.3310,3.341,YES
2026-09-06T18:23:15+00:00,SNDKUSDT,flat,0.0000000000,8.0000,0.0000000000,8.0000,0.000000,0.000000,0.0000,,NO
2026-09-06T18:23:15+00:00,TRUMPUSDT,short Bitget / long Gate,0.0000500000,4.0000,-0.0002930000,4.0000,0.857500,6.860000,75.1170,4.373,YES
2026-09-06T18:23:15+00:00,BNBUSDT,flat,0.0001000000,8.0000,0.0001000000,8.0000,0.000000,0.000000,0.0000,,NO
2026-09-06T18:23:15+00:00,UAIUSDT,long Bitget / short Gate,0.0000500000,4.0000,0.0009230000,8.0000,-1.028750,-8.230000,90.1185,3.645,YES
2026-09-06T18:23:15+00:00,MUUSDT,flat,0.0000000000,8.0000,0.0000000000,8.0000,0.000000,0.000000,0.0000,,NO
2026-09-06T18:23:15+00:00,SUIUSDT,flat,0.0001000000,8.0000,0.0001000000,8.0000,0.000000,0.000000,0.0000,,NO
2026-09-06T18:23:15+00:00,DASHUSDT,short Bitget / long Gate,0.0001000000,8.0000,0.0000290000,8.0000,0.088750,0.710000,7.7745,42.254,NO
2026-09-06T18:23:15+00:00,XAUUSDT,flat,0.0000000000,4.0000,0.0000000000,4.0000,0.000000,0.000000,0.0000,,NO
2026-09-06T18:23:15+00:00,TAOUSDT,flat,0.0000500000,4.0000,0.0000500000,4.0000,0.000000,0.000000,0.0000,,NO
2026-09-06T18:23:15+00:00,NEARUSDT,short Bitget / long Gate,0.0001000000,8.0000,-0.0000750000,8.0000,0.218750,1.750000,19.1625,17.143,NO
2026-09-06T18:23:15+00:00,FLOCKUSDT,short Bitget / long Gate,-0.0000730000,4.0000,-0.0005910000,8.0000,0.556250,4.450000,48.7275,6.742,YES
2026-09-06T18:23:15+00:00,SOXLUSDT,long Bitget / short Gate,0.0002230000,8.0000,0.0009960000,8.0000,-0.966250,-7.730000,84.6435,3.881,YES
2026-09-06T18:23:15+00:00,AKEUSDT,short Bitget / long Gate,-0.0014230000,4.0000,-0.0019560000,4.0000,1.332500,10.660000,116.7270,2.814,YES
2026-09-06T18:23:15+00:00,PEPEUSDT,flat,0.0001000000,8.0000,0.0001000000,8.0000,0.000000,0.000000,0.0000,,NO
2026-09-06T18:23:15+00:00,WLDUSDT,short Bitget / long Gate,0.0001000000,8.0000,-0.0000310000,8.0000,0.163750,1.310000,14.3445,22.901,NO
2026-09-06T18:23:15+00:00,PUMPUSDT,flat,0.0000500000,4.0000,0.0000500000,4.0000,0.000000,0.000000,0.0000,,NO
2026-09-06T18:23:15+00:00,LINKUSDT,flat,0.0001000000,8.0000,0.0001000000,8.0000,0.000000,0.000000,0.0000,,NO
2026-09-06T18:23:15+00:00,LTCUSDT,short Bitget / long Gate,0.0001000000,8.0000,0.0000540000,8.0000,0.057500,0.460000,5.0370,65.217,NO
2026-09-06T18:23:15+00:00,RAYUSDT,long Bitget / short Gate,-0.0003160000,4.0000,-0.0002120000,4.0000,-0.260000,-2.080000,22.7760,14.423,YES
2026-09-06T18:23:15+00:00,SPCXUSDT,flat,0.0000000000,8.0000,0.0000000000,8.0000,0.000000,0.000000,0.0000,,NO
2026-09-06T18:23:15+00:00,ONDOUSDT,flat,0.0000500000,4.0000,0.0000500000,4.0000,0.000000,0.000000,0.0000,,NO
2026-09-06T18:23:15+00:00,FILUSDT,short Bitget / long Gate,-0.0000800000,8.0000,-0.0001130000,8.0000,0.041250,0.330000,3.6135,90.909,NO
2026-09-06T18:23:15+00:00,CLUSDT,flat,0.0000000000,4.0000,0.0000000000,8.0000,0.000000,0.000000,0.0000,,NO
2026-09-06T18:23:15+00:00,ASTERUSDT,short Bitget / long Gate,0.0000500000,4.0000,0.0000280000,4.0000,0.055000,0.440000,4.8180,68.182,NO
2026-09-06T18:23:15+00:00,SKHYNIXUSDT,flat,0.0000000000,4.0000,0.0000000000,4.0000,0.000000,0.000000,0.0000,,NO
2026-09-06T18:56:21+00:00,ETHUSDT,short Bitget / long Gate,0.0001000000,8.0000,0.0000750000,8.0000,0.031250,0.250000,2.7375,120.000,NO
2026-09-06T18:56:21+00:00,BTCUSDT,short Bitget / long Gate,0.0000660000,8.0000,0.0000230000,8.0000,0.053750,0.430000,4.7085,69.767,NO
2026-09-06T18:56:21+00:00,ZECUSDT,long Bitget / short Gate,-0.0000480000,8.0000,0.0001000000,8.0000,-0.185000,-1.480000,16.2060,20.270,NO
2026-09-06T18:56:21+00:00,SOLUSDT,short Bitget / long Gate,0.0001000000,8.0000,0.0000460000,8.0000,0.067500,0.540000,5.9130,55.556,NO
2026-09-06T18:56:21+00:00,DOGEUSDT,short Bitget / long Gate,0.0000770000,8.0000,0.0000760000,8.0000,0.001250,0.010000,0.1095,3000.000,NO
2026-09-06T18:56:21+00:00,XRPUSDT,short Bitget / long Gate,0.0001000000,8.0000,0.0000610000,8.0000,0.048750,0.390000,4.2705,76.923,NO
2026-09-06T18:56:21+00:00,ARBUSDT,short Bitget / long Gate,0.0001000000,8.0000,-0.0000750000,8.0000,0.218750,1.750000,19.1625,17.143,NO
2026-09-06T18:56:21+00:00,HYPEUSDT,flat,0.0000500000,4.0000,0.0000500000,4.0000,0.000000,0.000000,0.0000,,NO
2026-09-06T18:56:21+00:00,UNIUSDT,flat,0.0001000000,8.0000,0.0001000000,8.0000,0.000000,0.000000,0.0000,,NO
2026-09-06T18:56:21+00:00,PONSUSDT,long Bitget / short Gate,0.0006120000,4.0000,0.0019080000,4.0000,-3.240000,-25.920000,283.8240,1.157,YES
2026-09-06T18:56:21+00:00,MARSCOINUSDT,long Bitget / short Gate,0.0001970000,4.0000,0.0002550000,4.0000,-0.145000,-1.160000,12.7020,25.862,NO
2026-09-06T18:56:21+00:00,ADAUSDT,long Bitget / short Gate,0.0000300000,8.0000,0.0001000000,8.0000,-0.087500,-0.700000,7.6650,42.857,NO
2026-09-06T18:56:21+00:00,ENAUSDT,short Bitget / long Gate,0.0000500000,4.0000,-0.0000260000,4.0000,0.190000,1.520000,16.6440,19.737,NO
2026-09-06T18:56:21+00:00,USELESSUSDT,short Bitget / long Gate,0.0006030000,4.0000,0.0000890000,4.0000,1.285000,10.280000,112.5660,2.918,YES
2026-09-06T18:56:21+00:00,SNDKUSDT,flat,0.0000000000,8.0000,0.0000000000,8.0000,0.000000,0.000000,0.0000,,NO
2026-09-06T18:56:21+00:00,TRUMPUSDT,short Bitget / long Gate,0.0000500000,4.0000,-0.0002970000,4.0000,0.867500,6.940000,75.9930,4.323,YES
2026-09-06T18:56:21+00:00,UAIUSDT,long Bitget / short Gate,0.0000500000,4.0000,0.0006050000,8.0000,-0.631250,-5.050000,55.2975,5.941,YES
2026-09-06T18:56:21+00:00,MUUSDT,flat,0.0000000000,8.0000,0.0000000000,8.0000,0.000000,0.000000,0.0000,,NO
2026-09-06T18:56:21+00:00,BNBUSDT,flat,0.0001000000,8.0000,0.0001000000,8.0000,0.000000,0.000000,0.0000,,NO
2026-09-06T18:56:21+00:00,SUIUSDT,flat,0.0001000000,8.0000,0.0001000000,8.0000,0.000000,0.000000,0.0000,,NO
2026-09-06T18:56:21+00:00,DASHUSDT,short Bitget / long Gate,0.0001000000,8.0000,0.0000250000,8.0000,0.093750,0.750000,8.2125,40.000,NO
2026-09-06T18:56:21+00:00,XAUUSDT,flat,0.0000000000,4.0000,0.0000000000,4.0000,0.000000,0.000000,0.0000,,NO
2026-09-06T18:56:21+00:00,TAOUSDT,flat,0.0000500000,4.0000,0.0000500000,4.0000,0.000000,0.000000,0.0000,,NO
2026-09-06T18:56:21+00:00,NEARUSDT,short Bitget / long Gate,0.0001000000,8.0000,-0.0000120000,8.0000,0.140000,1.120000,12.2640,26.786,NO
2026-09-06T18:56:21+00:00,FLOCKUSDT,short Bitget / long Gate,0.0000330000,4.0000,-0.0001030000,8.0000,0.211250,1.690000,18.5055,17.751,NO
2026-09-06T18:56:21+00:00,SOXLUSDT,long Bitget / short Gate,0.0001760000,8.0000,0.0007730000,8.0000,-0.746250,-5.970000,65.3715,5.025,YES
2026-09-06T18:56:21+00:00,AKEUSDT,short Bitget / long Gate,-0.0017700000,4.0000,-0.0024950000,4.0000,1.812500,14.500000,158.7750,2.069,YES
2026-09-06T18:56:21+00:00,PEPEUSDT,flat,0.0001000000,8.0000,0.0001000000,8.0000,0.000000,0.000000,0.0000,,NO
2026-09-06T18:56:21+00:00,PUMPUSDT,flat,0.0000500000,4.0000,0.0000500000,4.0000,0.000000,0.000000,0.0000,,NO
2026-09-06T18:56:21+00:00,WLDUSDT,short Bitget / long Gate,0.0001000000,8.0000,-0.0000610000,8.0000,0.201250,1.610000,17.6295,18.634,NO
2026-09-06T18:56:21+00:00,LINKUSDT,flat,0.0001000000,8.0000,0.0001000000,8.0000,0.000000,0.000000,0.0000,,NO
2026-09-06T18:56:21+00:00,LTCUSDT,short Bitget / long Gate,0.0001000000,8.0000,0.0000150000,8.0000,0.106250,0.850000,9.3075,35.294,NO
2026-09-06T18:56:21+00:00,RAYUSDT,long Bitget / short Gate,-0.0004040000,4.0000,-0.0003330000,4.0000,-0.177500,-1.420000,15.5490,21.127,NO
2026-09-06T18:56:21+00:00,SPCXUSDT,flat,0.0000000000,8.0000,0.0000000000,8.0000,0.000000,0.000000,0.0000,,NO
2026-09-06T18:56:21+00:00,ONDOUSDT,flat,0.0000500000,4.0000,0.0000500000,4.0000,0.000000,0.000000,0.0000,,NO
2026-09-06T18:56:21+00:00,FILUSDT,long Bitget / short Gate,-0.0000780000,8.0000,-0.0000510000,8.0000,-0.033750,-0.270000,2.9565,111.111,NO
2026-09-06T18:56:21+00:00,ASTERUSDT,short Bitget / long Gate,0.0000500000,4.0000,0.0000150000,4.0000,0.087500,0.700000,7.6650,42.857,NO
2026-09-06T18:56:21+00:00,CLUSDT,flat,0.0000000000,4.0000,0.0000000000,8.0000,0.000000,0.000000,0.0000,,NO
2026-09-06T18:56:21+00:00,SKHYNIXUSDT,flat,0.0000000000,4.0000,0.0000000000,4.0000,0.000000,0.000000,0.0000,,NO
2026-09-06T19:08:48+00:00,ETHUSDT,short Bitget / long Gate,0.0001000000,8.0000,0.0000750000,8.0000,0.031250,0.250000,2.7375,120.000,NO
2026-09-06T19:08:48+00:00,BTCUSDT,short Bitget / long Gate,0.0000670000,8.0000,0.0000160000,8.0000,0.063750,0.510000,5.5845,58.824,NO
2026-09-06T19:08:48+00:00,ZECUSDT,long Bitget / short Gate,-0.0000510000,8.0000,0.0001000000,8.0000,-0.188750,-1.510000,16.5345,19.868,NO
2026-09-06T19:08:48+00:00,SOLUSDT,short Bitget / long Gate,0.0000930000,8.0000,0.0000410000,8.0000,0.065000,0.520000,5.6940,57.692,NO
2026-09-06T19:08:48+00:00,DOGEUSDT,long Bitget / short Gate,0.0000760000,8.0000,0.0000810000,8.0000,-0.006250,-0.050000,0.5475,600.000,NO
2026-09-06T19:08:48+00:00,XRPUSDT,short Bitget / long Gate,0.0001000000,8.0000,0.0000580000,8.0000,0.052500,0.420000,4.5990,71.429,NO
2026-09-06T19:08:48+00:00,ARBUSDT,short Bitget / long Gate,0.0001000000,8.0000,-0.0000220000,8.0000,0.152500,1.220000,13.3590,24.590,NO
2026-09-06T19:08:48+00:00,HYPEUSDT,flat,0.0000500000,4.0000,0.0000500000,4.0000,0.000000,0.000000,0.0000,,NO
2026-09-06T19:08:48+00:00,UNIUSDT,flat,0.0001000000,8.0000,0.0001000000,8.0000,0.000000,0.000000,0.0000,,NO
2026-09-06T19:08:48+00:00,PONSUSDT,long Bitget / short Gate,0.0005970000,4.0000,0.0019270000,4.0000,-3.325000,-26.600000,291.2700,1.128,YES
2026-09-06T19:08:48+00:00,ADAUSDT,long Bitget / short Gate,0.0000270000,8.0000,0.0000860000,8.0000,-0.073750,-0.590000,6.4605,50.847,NO
2026-09-06T19:08:48+00:00,MARSCOINUSDT,long Bitget / short Gate,0.0002200000,4.0000,0.0003630000,4.0000,-0.357500,-2.860000,31.3170,10.490,YES
2026-09-06T19:08:48+00:00,ENAUSDT,short Bitget / long Gate,0.0000500000,4.0000,-0.0000250000,4.0000,0.187500,1.500000,16.4250,20.000,NO
2026-09-06T19:08:48+00:00,USELESSUSDT,short Bitget / long Gate,0.0005860000,4.0000,0.0000700000,4.0000,1.290000,10.320000,113.0040,2.907,YES
2026-09-06T19:08:48+00:00,SNDKUSDT,flat,0.0000000000,8.0000,0.0000000000,8.0000,0.000000,0.000000,0.0000,,NO
2026-09-06T19:08:48+00:00,TRUMPUSDT,short Bitget / long Gate,0.0000500000,4.0000,-0.0002940000,4.0000,0.860000,6.880000,75.3360,4.360,YES
2026-09-06T19:08:48+00:00,MUUSDT,flat,0.0000000000,8.0000,0.0000000000,8.0000,0.000000,0.000000,0.0000,,NO
2026-09-06T19:08:48+00:00,UAIUSDT,long Bitget / short Gate,0.0000500000,4.0000,0.0005680000,8.0000,-0.585000,-4.680000,51.2460,6.410,YES
2026-09-06T19:08:48+00:00,BNBUSDT,flat,0.0001000000,8.0000,0.0001000000,8.0000,0.000000,0.000000,0.0000,,NO
2026-09-06T19:08:48+00:00,SUIUSDT,flat,0.0001000000,8.0000,0.0001000000,8.0000,0.000000,0.000000,0.0000,,NO
2026-09-06T19:08:48+00:00,DASHUSDT,short Bitget / long Gate,0.0001000000,8.0000,0.0000170000,8.0000,0.103750,0.830000,9.0885,36.145,NO
2026-09-06T19:08:48+00:00,XAUUSDT,flat,0.0000000000,4.0000,0.0000000000,4.0000,0.000000,0.000000,0.0000,,NO
2026-09-06T19:08:48+00:00,TAOUSDT,flat,0.0000500000,4.0000,0.0000500000,4.0000,0.000000,0.000000,0.0000,,NO
2026-09-06T19:08:48+00:00,NEARUSDT,short Bitget / long Gate,0.0001000000,8.0000,0.0000120000,8.0000,0.110000,0.880000,9.6360,34.091,NO
2026-09-06T19:08:48+00:00,SOXLUSDT,long Bitget / short Gate,0.0002810000,8.0000,0.0008100000,8.0000,-0.661250,-5.290000,57.9255,5.671,YES
2026-09-06T19:08:48+00:00,FLOCKUSDT,short Bitget / long Gate,0.0000500000,4.0000,-0.0000570000,8.0000,0.196250,1.570000,17.1915,19.108,NO
2026-09-06T19:08:48+00:00,AKEUSDT,short Bitget / long Gate,-0.0018100000,4.0000,-0.0025310000,4.0000,1.802500,14.420000,157.8990,2.080,YES
2026-09-06T19:08:48+00:00,PEPEUSDT,flat,0.0001000000,8.0000,0.0001000000,8.0000,0.000000,0.000000,0.0000,,NO
2026-09-06T19:08:48+00:00,WLDUSDT,short Bitget / long Gate,0.0001000000,8.0000,-0.0000900000,8.0000,0.237500,1.900000,20.8050,15.789,NO
2026-09-06T19:08:48+00:00,PUMPUSDT,flat,0.0000500000,4.0000,0.0000500000,4.0000,0.000000,0.000000,0.0000,,NO
2026-09-06T19:08:48+00:00,LINKUSDT,flat,0.0001000000,8.0000,0.0001000000,8.0000,0.000000,0.000000,0.0000,,NO
2026-09-06T19:08:48+00:00,RAYUSDT,long Bitget / short Gate,-0.0004290000,4.0000,-0.0003460000,4.0000,-0.207500,-1.660000,18.1770,18.072,NO
2026-09-06T19:08:48+00:00,LTCUSDT,short Bitget / long Gate,0.0001000000,8.0000,0.0000040000,8.0000,0.120000,0.960000,10.5120,31.250,NO
2026-09-06T19:08:48+00:00,SPCXUSDT,flat,0.0000000000,8.0000,0.0000000000,8.0000,0.000000,0.000000,0.0000,,NO
2026-09-06T19:08:48+00:00,ONDOUSDT,flat,0.0000500000,4.0000,0.0000500000,4.0000,0.000000,0.000000,0.0000,,NO
2026-09-06T19:08:48+00:00,FILUSDT,long Bitget / short Gate,-0.0000770000,8.0000,-0.0000330000,8.0000,-0.055000,-0.440000,4.8180,68.182,NO
2026-09-06T19:08:48+00:00,CLUSDT,flat,0.0000000000,4.0000,0.0000000000,8.0000,0.000000,0.000000,0.0000,,NO
2026-09-06T19:08:48+00:00,ASTERUSDT,short Bitget / long Gate,0.0000500000,4.0000,-0.0000040000,4.0000,0.135000,1.080000,11.8260,27.778,NO
2026-09-06T19:08:48+00:00,SKHYNIXUSDT,flat,0.0000000000,4.0000,0.0000000000,4.0000,0.000000,0.000000,0.0000,,NO
2026-09-06T20:25:45+00:00,ETHUSDT,short Bitget / long Gate,0.0001000000,8.0000,0.0000930000,8.0000,0.008750,0.070000,0.7665,428.571,NO
2026-09-06T20:25:45+00:00,BTCUSDT,short Bitget / long Gate,0.0000700000,8.0000,0.0000240000,8.0000,0.057500,0.460000,5.0370,65.217,NO
2026-09-06T20:25:45+00:00,ZECUSDT,long Bitget / short Gate,-0.0000510000,8.0000,0.0000860000,8.0000,-0.171250,-1.370000,15.0015,21.898,NO
2026-09-06T20:25:45+00:00,SOLUSDT,short Bitget / long Gate,0.0000720000,8.0000,0.0000630000,8.0000,0.011250,0.090000,0.9855,333.333,NO
2026-09-06T20:25:45+00:00,DOGEUSDT,long Bitget / short Gate,0.0000720000,8.0000,0.0000930000,8.0000,-0.026250,-0.210000,2.2995,142.857,NO
2026-09-06T20:25:45+00:00,XRPUSDT,short Bitget / long Gate,0.0001000000,8.0000,0.0000700000,8.0000,0.037500,0.300000,3.2850,100.000,NO
2026-09-06T20:25:45+00:00,HYPEUSDT,flat,0.0000500000,4.0000,0.0000500000,4.0000,0.000000,0.000000,0.0000,,NO
2026-09-06T20:25:45+00:00,ARBUSDT,short Bitget / long Gate,0.0001000000,8.0000,0.0000080000,8.0000,0.115000,0.920000,10.0740,32.609,NO
2026-09-06T20:25:45+00:00,PONSUSDT,long Bitget / short Gate,0.0005030000,4.0000,0.0006250000,4.0000,-0.305000,-2.440000,26.7180,12.295,YES
2026-09-06T20:25:45+00:00,UNIUSDT,flat,0.0001000000,8.0000,0.0001000000,8.0000,0.000000,0.000000,0.0000,,NO
2026-09-06T20:25:45+00:00,MARSCOINUSDT,short Bitget / long Gate,0.0002800000,4.0000,0.0002130000,4.0000,0.167500,1.340000,14.6730,22.388,NO
2026-09-06T20:25:45+00:00,ADAUSDT,long Bitget / short Gate,-0.0000020000,8.0000,0.0000900000,8.0000,-0.115000,-0.920000,10.0740,32.609,NO
2026-09-06T20:25:45+00:00,ENAUSDT,short Bitget / long Gate,0.0000500000,4.0000,-0.0001020000,4.0000,0.380000,3.040000,33.2880,9.868,YES
2026-09-06T20:25:45+00:00,SNDKUSDT,flat,0.0000000000,8.0000,0.0000000000,8.0000,0.000000,0.000000,0.0000,,NO
2026-09-06T20:25:45+00:00,USELESSUSDT,long Bitget / short Gate,0.0005820000,4.0000,0.0008580000,4.0000,-0.690000,-5.520000,60.4440,5.435,YES
2026-09-06T20:25:45+00:00,MUUSDT,flat,0.0000000000,8.0000,0.0000000000,8.0000,0.000000,0.000000,0.0000,,NO
2026-09-06T20:25:45+00:00,TRUMPUSDT,short Bitget / long Gate,0.0000500000,4.0000,-0.0001730000,4.0000,0.557500,4.460000,48.8370,6.726,YES
2026-09-06T20:25:45+00:00,UAIUSDT,long Bitget / short Gate,0.0000500000,4.0000,0.0003800000,8.0000,-0.350000,-2.800000,30.6600,10.714,YES
2026-09-06T20:25:45+00:00,TAOUSDT,flat,0.0000500000,4.0000,0.0000500000,4.0000,0.000000,0.000000,0.0000,,NO
2026-09-06T20:25:45+00:00,SUIUSDT,flat,0.0001000000,8.0000,0.0001000000,8.0000,0.000000,0.000000,0.0000,,NO
2026-09-06T20:25:45+00:00,XAUUSDT,flat,0.0000000000,4.0000,0.0000000000,4.0000,0.000000,0.000000,0.0000,,NO
2026-09-06T20:25:45+00:00,BNBUSDT,flat,0.0001000000,8.0000,0.0001000000,8.0000,0.000000,0.000000,0.0000,,NO
2026-09-06T20:25:45+00:00,DASHUSDT,short Bitget / long Gate,0.0001000000,8.0000,0.0000450000,8.0000,0.068750,0.550000,6.0225,54.545,NO
2026-09-06T20:25:45+00:00,SOXLUSDT,long Bitget / short Gate,0.0001720000,8.0000,0.0006700000,8.0000,-0.622500,-4.980000,54.5310,6.024,YES
2026-09-06T20:25:45+00:00,NEARUSDT,short Bitget / long Gate,0.0001000000,8.0000,0.0000490000,8.0000,0.063750,0.510000,5.5845,58.824,NO
2026-09-06T20:25:45+00:00,FLOCKUSDT,short Bitget / long Gate,0.0000500000,4.0000,-0.0000900000,8.0000,0.237500,1.900000,20.8050,15.789,NO
2026-09-06T20:25:45+00:00,AKEUSDT,short Bitget / long Gate,-0.0018820000,4.0000,-0.0033510000,4.0000,3.672500,29.380000,321.7110,1.021,YES
2026-09-06T20:25:45+00:00,PEPEUSDT,flat,0.0001000000,8.0000,0.0001000000,8.0000,0.000000,0.000000,0.0000,,NO
2026-09-06T20:25:45+00:00,RAYUSDT,long Bitget / short Gate,-0.0002060000,4.0000,0.0000500000,4.0000,-0.640000,-5.120000,56.0640,5.859,YES
2026-09-06T20:25:45+00:00,PUMPUSDT,flat,0.0000500000,4.0000,0.0000500000,4.0000,0.000000,0.000000,0.0000,,NO
2026-09-06T20:25:45+00:00,WLDUSDT,short Bitget / long Gate,0.0001000000,8.0000,-0.0000060000,8.0000,0.132500,1.060000,11.6070,28.302,NO
2026-09-06T20:25:45+00:00,LINKUSDT,flat,0.0001000000,8.0000,0.0001000000,8.0000,0.000000,0.000000,0.0000,,NO
2026-09-06T20:25:45+00:00,LTCUSDT,short Bitget / long Gate,0.0001000000,8.0000,-0.0000370000,8.0000,0.171250,1.370000,15.0015,21.898,NO
2026-09-06T20:25:45+00:00,SPCXUSDT,flat,0.0000000000,8.0000,0.0000000000,8.0000,0.000000,0.000000,0.0000,,NO
2026-09-06T20:25:45+00:00,ONDOUSDT,flat,0.0000500000,4.0000,0.0000500000,4.0000,0.000000,0.000000,0.0000,,NO
2026-09-06T20:25:45+00:00,FILUSDT,long Bitget / short Gate,-0.0000550000,8.0000,0.0000060000,8.0000,-0.076250,-0.610000,6.6795,49.180,NO
2026-09-06T20:25:45+00:00,SKHYNIXUSDT,flat,0.0000000000,4.0000,0.0000000000,4.0000,0.000000,0.000000,0.0000,,NO
2026-09-06T20:25:45+00:00,ASTERUSDT,flat,0.0000500000,4.0000,0.0000500000,4.0000,0.000000,0.000000,0.0000,,NO
2026-09-06T20:25:45+00:00,BCHUSDT,short Bitget / long Gate,0.0001000000,8.0000,0.0000120000,8.0000,0.110000,0.880000,9.6360,34.091,NO
2026-09-06T21:11:35+00:00,ETHUSDT,short Bitget / long Gate,0.0001000000,8.0000,0.0000940000,8.0000,0.007500,0.060000,0.6570,500.000,NO
2026-09-06T21:11:35+00:00,BTCUSDT,short Bitget / long Gate,0.0000650000,8.0000,0.0000140000,8.0000,0.063750,0.510000,5.5845,58.824,NO
2026-09-06T21:11:35+00:00,ZECUSDT,long Bitget / short Gate,-0.0000360000,8.0000,0.0001000000,8.0000,-0.170000,-1.360000,14.8920,22.059,NO
2026-09-06T21:11:35+00:00,SOLUSDT,long Bitget / short Gate,0.0000730000,8.0000,0.0000810000,8.0000,-0.010000,-0.080000,0.8760,375.000,NO
2026-09-06T21:11:35+00:00,DOGEUSDT,long Bitget / short Gate,0.0000610000,8.0000,0.0000910000,8.0000,-0.037500,-0.300000,3.2850,100.000,NO
2026-09-06T21:11:35+00:00,XRPUSDT,short Bitget / long Gate,0.0001000000,8.0000,0.0000760000,8.0000,0.030000,0.240000,2.6280,125.000,NO
2026-09-06T21:11:35+00:00,HYPEUSDT,flat,0.0000500000,4.0000,0.0000500000,4.0000,0.000000,0.000000,0.0000,,NO
2026-09-06T21:11:35+00:00,ARBUSDT,short Bitget / long Gate,0.0001000000,8.0000,-0.0000330000,8.0000,0.166250,1.330000,14.5635,22.556,NO
2026-09-06T21:11:35+00:00,PONSUSDT,long Bitget / short Gate,0.0003630000,4.0000,0.0013170000,4.0000,-2.385000,-19.080000,208.9260,1.572,YES
2026-09-06T21:11:35+00:00,UNIUSDT,flat,0.0001000000,8.0000,0.0001000000,8.0000,0.000000,0.000000,0.0000,,NO
2026-09-06T21:11:35+00:00,ADAUSDT,long Bitget / short Gate,0.0000160000,8.0000,0.0001000000,8.0000,-0.105000,-0.840000,9.1980,35.714,NO
2026-09-06T21:11:35+00:00,MARSCOINUSDT,short Bitget / long Gate,0.0003290000,4.0000,0.0003270000,4.0000,0.005000,0.040000,0.4380,750.000,NO
2026-09-06T21:11:35+00:00,SNDKUSDT,flat,0.0000000000,8.0000,0.0000000000,8.0000,0.000000,0.000000,0.0000,,NO
2026-09-06T21:11:35+00:00,ENAUSDT,short Bitget / long Gate,0.0000500000,4.0000,-0.0000270000,4.0000,0.192500,1.540000,16.8630,19.481,NO
2026-09-06T21:11:35+00:00,MUUSDT,flat,0.0000000000,8.0000,0.0000000000,8.0000,0.000000,0.000000,0.0000,,NO
2026-09-06T21:11:35+00:00,USELESSUSDT,short Bitget / long Gate,0.0006610000,4.0000,0.0006120000,4.0000,0.122500,0.980000,10.7310,30.612,NO
2026-09-06T21:11:35+00:00,TRUMPUSDT,short Bitget / long Gate,0.0000500000,4.0000,-0.0001360000,4.0000,0.465000,3.720000,40.7340,8.065,YES
2026-09-06T21:11:35+00:00,TAOUSDT,flat,0.0000500000,4.0000,0.0000500000,4.0000,0.000000,0.000000,0.0000,,NO
2026-09-06T21:11:35+00:00,SUIUSDT,flat,0.0001000000,8.0000,0.0001000000,8.0000,0.000000,0.000000,0.0000,,NO
2026-09-06T21:11:35+00:00,UAIUSDT,long Bitget / short Gate,0.0000500000,4.0000,0.0003970000,8.0000,-0.371250,-2.970000,32.5215,10.101,YES
2026-09-06T21:11:35+00:00,XAUUSDT,long Bitget / short Gate,0.0000000000,4.0000,0.0000190000,4.0000,-0.047500,-0.380000,4.1610,78.947,NO
2026-09-06T21:11:35+00:00,DASHUSDT,short Bitget / long Gate,0.0001000000,8.0000,0.0000690000,8.0000,0.038750,0.310000,3.3945,96.774,NO
2026-09-06T21:11:35+00:00,BNBUSDT,flat,0.0001000000,8.0000,0.0001000000,8.0000,0.000000,0.000000,0.0000,,NO
2026-09-06T21:11:35+00:00,SOXLUSDT,long Bitget / short Gate,0.0000980000,8.0000,0.0004740000,8.0000,-0.470000,-3.760000,41.1720,7.979,YES
2026-09-06T21:11:35+00:00,NEARUSDT,short Bitget / long Gate,0.0001000000,8.0000,0.0000540000,8.0000,0.057500,0.460000,5.0370,65.217,NO
2026-09-06T21:11:35+00:00,FLOCKUSDT,short Bitget / long Gate,0.0000500000,4.0000,-0.0001740000,8.0000,0.342500,2.740000,30.0030,10.949,YES
2026-09-06T21:11:35+00:00,AKEUSDT,short Bitget / long Gate,-0.0023060000,4.0000,-0.0036280000,4.0000,3.305000,26.440000,289.5180,1.135,YES
2026-09-06T21:11:35+00:00,LINKUSDT,flat,0.0001000000,8.0000,0.0001000000,8.0000,0.000000,0.000000,0.0000,,NO
2026-09-06T21:11:35+00:00,PEPEUSDT,flat,0.0001000000,8.0000,0.0001000000,8.0000,0.000000,0.000000,0.0000,,NO
2026-09-06T21:11:35+00:00,RAYUSDT,long Bitget / short Gate,-0.0000470000,4.0000,0.0000290000,4.0000,-0.190000,-1.520000,16.6440,19.737,NO
2026-09-06T21:11:35+00:00,PUMPUSDT,flat,0.0000500000,4.0000,0.0000500000,4.0000,0.000000,0.000000,0.0000,,NO
2026-09-06T21:11:35+00:00,WLDUSDT,short Bitget / long Gate,0.0001000000,8.0000,-0.0000090000,8.0000,0.136250,1.090000,11.9355,27.523,NO
2026-09-06T21:11:35+00:00,LTCUSDT,short Bitget / long Gate,0.0001000000,8.0000,-0.0000390000,8.0000,0.173750,1.390000,15.2205,21.583,NO
2026-09-06T21:11:35+00:00,SPCXUSDT,flat,0.0000000000,8.0000,0.0000000000,8.0000,0.000000,0.000000,0.0000,,NO
2026-09-06T21:11:35+00:00,ONDOUSDT,flat,0.0000500000,4.0000,0.0000500000,4.0000,0.000000,0.000000,0.0000,,NO
2026-09-06T21:11:35+00:00,FILUSDT,short Bitget / long Gate,-0.0000440000,8.0000,-0.0000620000,8.0000,0.022500,0.180000,1.9710,166.667,NO
2026-09-06T21:11:35+00:00,SKHYNIXUSDT,flat,0.0000000000,4.0000,0.0000000000,4.0000,0.000000,0.000000,0.0000,,NO
2026-09-06T21:11:35+00:00,ASTERUSDT,flat,0.0000500000,4.0000,0.0000500000,4.0000,0.000000,0.000000,0.0000,,NO
2026-09-06T21:11:35+00:00,BCHUSDT,short Bitget / long Gate,0.0001000000,8.0000,0.0000300000,8.0000,0.087500,0.700000,7.6650,42.857,NO
2026-09-06T21:18:51+00:00,ETHUSDT,short Bitget / long Gate,0.0001000000,8.0000,0.0000950000,8.0000,0.006250,0.050000,0.5475,600.000,NO
2026-09-06T21:18:51+00:00,BTCUSDT,short Bitget / long Gate,0.0000650000,8.0000,0.0000130000,8.0000,0.065000,0.520000,5.6940,57.692,NO
2026-09-06T21:18:51+00:00,ZECUSDT,long Bitget / short Gate,-0.0000410000,8.0000,0.0001000000,8.0000,-0.176250,-1.410000,15.4395,21.277,NO
2026-09-06T21:18:51+00:00,SOLUSDT,long Bitget / short Gate,0.0000760000,8.0000,0.0000890000,8.0000,-0.016250,-0.130000,1.4235,230.769,NO
2026-09-06T21:18:51+00:00,DOGEUSDT,long Bitget / short Gate,0.0000610000,8.0000,0.0000950000,8.0000,-0.042500,-0.340000,3.7230,88.235,NO
2026-09-06T21:18:51+00:00,XRPUSDT,short Bitget / long Gate,0.0001000000,8.0000,0.0000720000,8.0000,0.035000,0.280000,3.0660,107.143,NO
2026-09-06T21:18:51+00:00,HYPEUSDT,flat,0.0000500000,4.0000,0.0000500000,4.0000,0.000000,0.000000,0.0000,,NO
2026-09-06T21:18:51+00:00,ARBUSDT,short Bitget / long Gate,0.0001000000,8.0000,-0.0000530000,8.0000,0.191250,1.530000,16.7535,19.608,NO
2026-09-06T21:18:51+00:00,PONSUSDT,long Bitget / short Gate,0.0003320000,4.0000,0.0012970000,4.0000,-2.412500,-19.300000,211.3350,1.554,YES
2026-09-06T21:18:51+00:00,UNIUSDT,flat,0.0001000000,8.0000,0.0001000000,8.0000,0.000000,0.000000,0.0000,,NO
2026-09-06T21:18:51+00:00,ADAUSDT,long Bitget / short Gate,0.0000290000,8.0000,0.0001000000,8.0000,-0.088750,-0.710000,7.7745,42.254,NO
2026-09-06T21:18:51+00:00,MARSCOINUSDT,long Bitget / short Gate,0.0003430000,4.0000,0.0004620000,4.0000,-0.297500,-2.380000,26.0610,12.605,YES
2026-09-06T21:18:51+00:00,SNDKUSDT,flat,0.0000000000,8.0000,0.0000000000,8.0000,0.000000,0.000000,0.0000,,NO
2026-09-06T21:18:51+00:00,ENAUSDT,short Bitget / long Gate,0.0000500000,4.0000,-0.0000230000,4.0000,0.182500,1.460000,15.9870,20.548,NO
2026-09-06T21:18:51+00:00,MUUSDT,flat,0.0000000000,8.0000,0.0000000000,8.0000,0.000000,0.000000,0.0000,,NO
2026-09-06T21:18:51+00:00,USELESSUSDT,short Bitget / long Gate,0.0006650000,4.0000,0.0005760000,4.0000,0.222500,1.780000,19.4910,16.854,NO
2026-09-06T21:18:51+00:00,SUIUSDT,flat,0.0001000000,8.0000,0.0001000000,8.0000,0.000000,0.000000,0.0000,,NO
2026-09-06T21:18:51+00:00,TAOUSDT,flat,0.0000500000,4.0000,0.0000500000,4.0000,0.000000,0.000000,0.0000,,NO
2026-09-06T21:18:51+00:00,TRUMPUSDT,short Bitget / long Gate,0.0000500000,4.0000,-0.0001280000,4.0000,0.445000,3.560000,38.9820,8.427,YES
2026-09-06T21:18:51+00:00,UAIUSDT,long Bitget / short Gate,0.0000500000,4.0000,0.0003810000,8.0000,-0.351250,-2.810000,30.7695,10.676,YES
2026-09-06T21:18:51+00:00,XAUUSDT,long Bitget / short Gate,0.0000000000,4.0000,0.0000210000,4.0000,-0.052500,-0.420000,4.5990,71.429,NO
2026-09-06T21:18:51+00:00,DASHUSDT,short Bitget / long Gate,0.0001000000,8.0000,0.0000750000,8.0000,0.031250,0.250000,2.7375,120.000,NO
2026-09-06T21:18:51+00:00,BNBUSDT,flat,0.0001000000,8.0000,0.0001000000,8.0000,0.000000,0.000000,0.0000,,NO
2026-09-06T21:18:51+00:00,SOXLUSDT,long Bitget / short Gate,0.0000800000,8.0000,0.0004610000,8.0000,-0.476250,-3.810000,41.7195,7.874,YES
2026-09-06T21:18:51+00:00,NEARUSDT,short Bitget / long Gate,0.0001000000,8.0000,0.0000480000,8.0000,0.065000,0.520000,5.6940,57.692,NO
2026-09-06T21:18:51+00:00,FLOCKUSDT,short Bitget / long Gate,0.0000500000,4.0000,-0.0001920000,8.0000,0.365000,2.920000,31.9740,10.274,YES
2026-09-06T21:18:51+00:00,AKEUSDT,short Bitget / long Gate,-0.0023160000,4.0000,-0.0034910000,4.0000,2.937500,23.500000,257.3250,1.277,YES
2026-09-06T21:18:51+00:00,LINKUSDT,flat,0.0001000000,8.0000,0.0001000000,8.0000,0.000000,0.000000,0.0000,,NO
2026-09-06T21:18:51+00:00,PEPEUSDT,flat,0.0001000000,8.0000,0.0001000000,8.0000,0.000000,0.000000,0.0000,,NO
2026-09-06T21:18:51+00:00,RAYUSDT,long Bitget / short Gate,-0.0000180000,4.0000,0.0000500000,4.0000,-0.170000,-1.360000,14.8920,22.059,NO
2026-09-06T21:18:51+00:00,PUMPUSDT,flat,0.0000500000,4.0000,0.0000500000,4.0000,0.000000,0.000000,0.0000,,NO
2026-09-06T21:18:51+00:00,WLDUSDT,short Bitget / long Gate,0.0001000000,8.0000,0.0000030000,8.0000,0.121250,0.970000,10.6215,30.928,NO
2026-09-06T21:18:51+00:00,LTCUSDT,short Bitget / long Gate,0.0001000000,8.0000,-0.0000400000,8.0000,0.175000,1.400000,15.3300,21.429,NO
2026-09-06T21:18:51+00:00,SPCXUSDT,flat,0.0000000000,8.0000,0.0000000000,8.0000,0.000000,0.000000,0.0000,,NO
2026-09-06T21:18:51+00:00,ONDOUSDT,flat,0.0000500000,4.0000,0.0000500000,4.0000,0.000000,0.000000,0.0000,,NO
2026-09-06T21:18:51+00:00,FILUSDT,short Bitget / long Gate,-0.0000380000,8.0000,-0.0000580000,8.0000,0.025000,0.200000,2.1900,150.000,NO
2026-09-06T21:18:51+00:00,SKHYNIXUSDT,flat,0.0000000000,4.0000,0.0000000000,4.0000,0.000000,0.000000,0.0000,,NO
2026-09-06T21:18:51+00:00,ASTERUSDT,flat,0.0000500000,4.0000,0.0000500000,4.0000,0.000000,0.000000,0.0000,,NO
2026-09-06T21:18:51+00:00,BCHUSDT,short Bitget / long Gate,0.0001000000,8.0000,0.0000370000,8.0000,0.078750,0.630000,6.8985,47.619,NO
2026-09-06T22:22:47+00:00,ETHUSDT,short Bitget / long Gate,0.0001000000,8.0000,0.0000910000,8.0000,0.011250,0.090000,0.9855,333.333,NO
2026-09-06T22:22:47+00:00,BTCUSDT,short Bitget / long Gate,0.0000600000,8.0000,0.0000070000,8.0000,0.066250,0.530000,5.8035,56.604,NO
2026-09-06T22:22:47+00:00,ZECUSDT,long Bitget / short Gate,-0.0000320000,8.0000,0.0001000000,8.0000,-0.165000,-1.320000,14.4540,22.727,NO
2026-09-06T22:22:47+00:00,SOLUSDT,long Bitget / short Gate,0.0000810000,8.0000,0.0000930000,8.0000,-0.015000,-0.120000,1.3140,250.000,NO
2026-09-06T22:22:47+00:00,DOGEUSDT,long Bitget / short Gate,0.0000660000,8.0000,0.0000830000,8.0000,-0.021250,-0.170000,1.8615,176.471,NO
2026-09-06T22:22:47+00:00,XRPUSDT,short Bitget / long Gate,0.0000860000,8.0000,0.0000680000,8.0000,0.022500,0.180000,1.9710,166.667,NO
2026-09-06T22:22:47+00:00,HYPEUSDT,flat,0.0000500000,4.0000,0.0000500000,4.0000,0.000000,0.000000,0.0000,,NO
2026-09-06T22:22:47+00:00,ARBUSDT,short Bitget / long Gate,0.0001000000,8.0000,-0.0000310000,8.0000,0.163750,1.310000,14.3445,22.901,NO
2026-09-06T22:22:47+00:00,PONSUSDT,long Bitget / short Gate,0.0002180000,4.0000,0.0010760000,4.0000,-2.145000,-17.160000,187.9020,1.748,YES
2026-09-06T22:22:47+00:00,UNIUSDT,flat,0.0001000000,8.0000,0.0001000000,8.0000,0.000000,0.000000,0.0000,,NO
2026-09-06T22:22:47+00:00,ADAUSDT,long Bitget / short Gate,0.0000060000,8.0000,0.0001000000,8.0000,-0.117500,-0.940000,10.2930,31.915,NO
2026-09-06T22:22:47+00:00,MARSCOINUSDT,short Bitget / long Gate,0.0002970000,4.0000,0.0002470000,4.0000,0.125000,1.000000,10.9500,30.000,NO
2026-09-06T22:22:47+00:00,SNDKUSDT,flat,0.0000000000,8.0000,0.0000000000,8.0000,0.000000,0.000000,0.0000,,NO
2026-09-06T22:22:47+00:00,ENAUSDT,short Bitget / long Gate,0.0000500000,4.0000,-0.0000520000,4.0000,0.255000,2.040000,22.3380,14.706,YES
2026-09-06T22:22:47+00:00,MUUSDT,flat,0.0000000000,8.0000,0.0000000000,8.0000,0.000000,0.000000,0.0000,,NO
2026-09-06T22:22:47+00:00,XAUUSDT,flat,0.0000000000,4.0000,0.0000000000,4.0000,0.000000,0.000000,0.0000,,NO
2026-09-06T22:22:47+00:00,SUIUSDT,flat,0.0001000000,8.0000,0.0001000000,8.0000,0.000000,0.000000,0.0000,,NO
2026-09-06T22:22:47+00:00,USELESSUSDT,long Bitget / short Gate,0.0007450000,4.0000,0.0007700000,4.0000,-0.062500,-0.500000,5.4750,60.000,NO
2026-09-06T22:22:47+00:00,TAOUSDT,flat,0.0000500000,4.0000,0.0000500000,4.0000,0.000000,0.000000,0.0000,,NO
2026-09-06T22:22:47+00:00,TRUMPUSDT,short Bitget / long Gate,0.0000500000,4.0000,-0.0001460000,4.0000,0.490000,3.920000,42.9240,7.653,YES
2026-09-06T22:22:47+00:00,UAIUSDT,long Bitget / short Gate,0.0000500000,4.0000,0.0002300000,8.0000,-0.162500,-1.300000,14.2350,23.077,NO
2026-09-06T22:22:47+00:00,SOXLUSDT,long Bitget / short Gate,0.0000000000,8.0000,0.0002930000,8.0000,-0.366250,-2.930000,32.0835,10.239,YES
2026-09-06T22:22:47+00:00,BNBUSDT,flat,0.0001000000,8.0000,0.0001000000,8.0000,0.000000,0.000000,0.0000,,NO
2026-09-06T22:22:47+00:00,DASHUSDT,flat,0.0001000000,8.0000,0.0001000000,8.0000,0.000000,0.000000,0.0000,,NO
2026-09-06T22:22:47+00:00,NEARUSDT,short Bitget / long Gate,0.0001000000,8.0000,0.0000480000,8.0000,0.065000,0.520000,5.6940,57.692,NO
2026-09-06T22:22:47+00:00,FLOCKUSDT,short Bitget / long Gate,0.0000500000,4.0000,-0.0000050000,8.0000,0.131250,1.050000,11.4975,28.571,NO
2026-09-06T22:22:47+00:00,LINKUSDT,flat,0.0001000000,8.0000,0.0001000000,8.0000,0.000000,0.000000,0.0000,,NO
2026-09-06T22:22:47+00:00,AKEUSDT,short Bitget / long Gate,-0.0024400000,4.0000,-0.0030660000,4.0000,1.565000,12.520000,137.0940,2.396,YES
2026-09-06T22:22:47+00:00,PEPEUSDT,flat,0.0001000000,8.0000,0.0001000000,8.0000,0.000000,0.000000,0.0000,,NO
2026-09-06T22:22:47+00:00,RAYUSDT,flat,0.0000500000,4.0000,0.0000500000,4.0000,0.000000,0.000000,0.0000,,NO
2026-09-06T22:22:47+00:00,PUMPUSDT,flat,0.0000500000,4.0000,0.0000500000,4.0000,0.000000,0.000000,0.0000,,NO
2026-09-06T22:22:47+00:00,WLDUSDT,short Bitget / long Gate,0.0001000000,8.0000,0.0000030000,8.0000,0.121250,0.970000,10.6215,30.928,NO
2026-09-06T22:22:47+00:00,XAGUSDT,long Bitget / short Gate,0.0000000000,4.0000,0.0000130000,4.0000,-0.032500,-0.260000,2.8470,115.385,NO
2026-09-06T22:22:47+00:00,SPCXUSDT,flat,0.0000000000,8.0000,0.0000000000,8.0000,0.000000,0.000000,0.0000,,NO
2026-09-06T22:22:47+00:00,LTCUSDT,short Bitget / long Gate,0.0001000000,8.0000,-0.0000060000,8.0000,0.132500,1.060000,11.6070,28.302,NO
2026-09-06T22:22:47+00:00,ONDOUSDT,flat,0.0000500000,4.0000,0.0000500000,4.0000,0.000000,0.000000,0.0000,,NO
2026-09-06T22:22:47+00:00,FILUSDT,short Bitget / long Gate,-0.0000110000,8.0000,-0.0000840000,8.0000,0.091250,0.730000,7.9935,41.096,NO
2026-09-06T22:22:47+00:00,SKHYNIXUSDT,flat,0.0000000000,4.0000,0.0000000000,4.0000,0.000000,0.000000,0.0000,,NO
2026-09-06T22:22:47+00:00,ASTERUSDT,short Bitget / long Gate,0.0000500000,4.0000,-0.0000210000,4.0000,0.177500,1.420000,15.5490,21.127,NO
2026-09-06T22:55:45+00:00,ETHUSDT,short Bitget / long Gate,0.0001000000,8.0000,0.0000830000,8.0000,0.021250,0.170000,1.8615,176.471,NO
2026-09-06T22:55:45+00:00,BTCUSDT,short Bitget / long Gate,0.0000610000,8.0000,0.0000020000,8.0000,0.073750,0.590000,6.4605,50.847,NO
2026-09-06T22:55:45+00:00,ZECUSDT,long Bitget / short Gate,-0.0000440000,8.0000,0.0001000000,8.0000,-0.180000,-1.440000,15.7680,20.833,NO
2026-09-06T22:55:45+00:00,SOLUSDT,long Bitget / short Gate,0.0000840000,8.0000,0.0000870000,8.0000,-0.003750,-0.030000,0.3285,1000.000,NO
2026-09-06T22:55:45+00:00,DOGEUSDT,long Bitget / short Gate,0.0000680000,8.0000,0.0000850000,8.0000,-0.021250,-0.170000,1.8615,176.471,NO
2026-09-06T22:55:45+00:00,XRPUSDT,short Bitget / long Gate,0.0000810000,8.0000,0.0000560000,8.0000,0.031250,0.250000,2.7375,120.000,NO
2026-09-06T22:55:45+00:00,HYPEUSDT,flat,0.0000500000,4.0000,0.0000500000,4.0000,0.000000,0.000000,0.0000,,NO
2026-09-06T22:55:45+00:00,ARBUSDT,short Bitget / long Gate,0.0001000000,8.0000,-0.0000990000,8.0000,0.248750,1.990000,21.7905,15.075,NO
2026-09-06T22:55:45+00:00,PONSUSDT,short Bitget / long Gate,0.0001250000,4.0000,0.0000500000,4.0000,0.187500,1.500000,16.4250,20.000,NO
2026-09-06T22:55:45+00:00,UNIUSDT,flat,0.0001000000,8.0000,0.0001000000,8.0000,0.000000,0.000000,0.0000,,NO
2026-09-06T22:55:45+00:00,ADAUSDT,long Bitget / short Gate,0.0000210000,8.0000,0.0001000000,8.0000,-0.098750,-0.790000,8.6505,37.975,NO
2026-09-06T22:55:45+00:00,MARSCOINUSDT,short Bitget / long Gate,0.0001920000,4.0000,0.0001720000,4.0000,0.050000,0.400000,4.3800,75.000,NO
2026-09-06T22:55:45+00:00,SNDKUSDT,flat,0.0000000000,8.0000,0.0000000000,8.0000,0.000000,0.000000,0.0000,,NO
2026-09-06T22:55:45+00:00,ENAUSDT,short Bitget / long Gate,0.0000500000,4.0000,-0.0000300000,4.0000,0.200000,1.600000,17.5200,18.750,NO
2026-09-06T22:55:45+00:00,XAUUSDT,flat,0.0000000000,4.0000,0.0000000000,4.0000,0.000000,0.000000,0.0000,,NO
2026-09-06T22:55:45+00:00,MUUSDT,flat,0.0000000000,8.0000,0.0000000000,8.0000,0.000000,0.000000,0.0000,,NO
2026-09-06T22:55:45+00:00,SUIUSDT,flat,0.0001000000,8.0000,0.0001000000,8.0000,0.000000,0.000000,0.0000,,NO
2026-09-06T22:55:45+00:00,USELESSUSDT,short Bitget / long Gate,0.0006860000,4.0000,0.0005550000,4.0000,0.327500,2.620000,28.6890,11.450,YES
2026-09-06T22:55:45+00:00,TAOUSDT,flat,0.0000500000,4.0000,0.0000500000,4.0000,0.000000,0.000000,0.0000,,NO
2026-09-06T22:55:45+00:00,TRUMPUSDT,short Bitget / long Gate,0.0000500000,4.0000,-0.0001890000,4.0000,0.597500,4.780000,52.3410,6.276,YES
2026-09-06T22:55:45+00:00,UAIUSDT,long Bitget / short Gate,0.0000500000,4.0000,0.0002220000,8.0000,-0.152500,-1.220000,13.3590,24.590,NO
2026-09-06T22:55:45+00:00,BNBUSDT,flat,0.0001000000,8.0000,0.0001000000,8.0000,0.000000,0.000000,0.0000,,NO
2026-09-06T22:55:45+00:00,SOXLUSDT,long Bitget / short Gate,0.0000000000,8.0000,0.0002280000,8.0000,-0.285000,-2.280000,24.9660,13.158,YES
2026-09-06T22:55:45+00:00,DASHUSDT,flat,0.0001000000,8.0000,0.0001000000,8.0000,0.000000,0.000000,0.0000,,NO
2026-09-06T22:55:45+00:00,NEARUSDT,short Bitget / long Gate,0.0001000000,8.0000,0.0000390000,8.0000,0.076250,0.610000,6.6795,49.180,NO
2026-09-06T22:55:45+00:00,LINKUSDT,flat,0.0001000000,8.0000,0.0001000000,8.0000,0.000000,0.000000,0.0000,,NO
2026-09-06T22:55:45+00:00,FLOCKUSDT,flat,0.0000500000,4.0000,0.0001000000,8.0000,0.000000,0.000000,0.0000,,NO
2026-09-06T22:55:45+00:00,AKEUSDT,short Bitget / long Gate,-0.0021520000,4.0000,-0.0026100000,4.0000,1.145000,9.160000,100.3020,3.275,YES
2026-09-06T22:55:45+00:00,PEPEUSDT,flat,0.0001000000,8.0000,0.0001000000,8.0000,0.000000,0.000000,0.0000,,NO
2026-09-06T22:55:45+00:00,RAYUSDT,flat,0.0000500000,4.0000,0.0000500000,4.0000,0.000000,0.000000,0.0000,,NO
2026-09-06T22:55:45+00:00,XAGUSDT,long Bitget / short Gate,0.0000000000,4.0000,0.0000160000,4.0000,-0.040000,-0.320000,3.5040,93.750,NO
2026-09-06T22:55:45+00:00,PUMPUSDT,flat,0.0000500000,4.0000,0.0000500000,4.0000,0.000000,0.000000,0.0000,,NO
2026-09-06T22:55:45+00:00,WLDUSDT,short Bitget / long Gate,0.0001000000,8.0000,0.0000100000,8.0000,0.112500,0.900000,9.8550,33.333,NO
2026-09-06T22:55:45+00:00,SPCXUSDT,flat,0.0000000000,8.0000,0.0000000000,8.0000,0.000000,0.000000,0.0000,,NO
2026-09-06T22:55:45+00:00,LTCUSDT,short Bitget / long Gate,0.0000990000,8.0000,0.0000030000,8.0000,0.120000,0.960000,10.5120,31.250,NO
2026-09-06T22:55:45+00:00,ONDOUSDT,flat,0.0000500000,4.0000,0.0000500000,4.0000,0.000000,0.000000,0.0000,,NO
2026-09-06T22:55:45+00:00,FILUSDT,short Bitget / long Gate,-0.0000010000,8.0000,-0.0000930000,8.0000,0.115000,0.920000,10.0740,32.609,NO
2026-09-06T22:55:45+00:00,SKHYNIXUSDT,flat,0.0000000000,4.0000,0.0000000000,4.0000,0.000000,0.000000,0.0000,,NO
2026-09-06T22:55:45+00:00,CLUSDT,flat,0.0000000000,4.0000,0.0000000000,8.0000,0.000000,0.000000,0.0000,,NO
2026-09-07T00:40:27+00:00,ETHUSDT,short Bitget / long Gate,0.0001000000,8.0000,0.0000470000,8.0000,0.066250,0.530000,5.8035,56.604,NO
2026-09-07T00:40:27+00:00,BTCUSDT,short Bitget / long Gate,0.0000540000,8.0000,-0.0000210000,8.0000,0.093750,0.750000,8.2125,40.000,NO
2026-09-07T00:40:27+00:00,ZECUSDT,long Bitget / short Gate,-0.0000640000,8.0000,0.0001000000,8.0000,-0.205000,-1.640000,17.9580,18.293,NO
2026-09-07T00:40:27+00:00,SOLUSDT,flat,0.0001000000,8.0000,0.0001000000,8.0000,0.000000,0.000000,0.0000,,NO
2026-09-07T00:40:27+00:00,DOGEUSDT,flat,0.0001000000,8.0000,0.0001000000,8.0000,0.000000,0.000000,0.0000,,NO
2026-09-07T00:40:27+00:00,HYPEUSDT,flat,0.0000500000,4.0000,0.0000500000,4.0000,0.000000,0.000000,0.0000,,NO
2026-09-07T00:40:27+00:00,XRPUSDT,long Bitget / short Gate,0.0000940000,8.0000,0.0001000000,8.0000,-0.007500,-0.060000,0.6570,500.000,NO
2026-09-07T00:40:27+00:00,PONSUSDT,long Bitget / short Gate,0.0001550000,4.0000,0.0006400000,4.0000,-1.212500,-9.700000,106.2150,3.093,YES
2026-09-07T00:40:27+00:00,ARBUSDT,short Bitget / long Gate,0.0001000000,8.0000,0.0000190000,8.0000,0.101250,0.810000,8.8695,37.037,NO
2026-09-07T00:40:27+00:00,UNIUSDT,flat,0.0001000000,8.0000,0.0001000000,8.0000,0.000000,0.000000,0.0000,,NO
2026-09-07T00:40:27+00:00,ADAUSDT,long Bitget / short Gate,0.0000740000,8.0000,0.0001000000,8.0000,-0.032500,-0.260000,2.8470,115.385,NO
2026-09-07T00:40:27+00:00,MARSCOINUSDT,short Bitget / long Gate,0.0000960000,4.0000,0.0000500000,4.0000,0.115000,0.920000,10.0740,32.609,NO
2026-09-07T00:40:27+00:00,SNDKUSDT,long Bitget / short Gate,0.0000000000,8.0000,0.0000350000,8.0000,-0.043750,-0.350000,3.8325,85.714,NO
2026-09-07T00:40:27+00:00,XAUUSDT,flat,0.0000000000,4.0000,0.0000000000,4.0000,0.000000,0.000000,0.0000,,NO
2026-09-07T00:40:27+00:00,MUUSDT,flat,0.0000000000,8.0000,0.0000000000,8.0000,0.000000,0.000000,0.0000,,NO
2026-09-07T00:40:27+00:00,SUIUSDT,flat,0.0001000000,8.0000,0.0001000000,8.0000,0.000000,0.000000,0.0000,,NO
2026-09-07T00:40:27+00:00,ENAUSDT,flat,0.0000500000,4.0000,0.0000500000,4.0000,0.000000,0.000000,0.0000,,NO
2026-09-07T00:40:27+00:00,USELESSUSDT,short Bitget / long Gate,0.0005410000,4.0000,0.0001180000,4.0000,1.057500,8.460000,92.6370,3.546,YES
2026-09-07T00:40:27+00:00,TAOUSDT,flat,0.0000500000,4.0000,0.0000500000,4.0000,0.000000,0.000000,0.0000,,NO
2026-09-07T00:40:27+00:00,TRUMPUSDT,short Bitget / long Gate,0.0000500000,4.0000,-0.0001720000,4.0000,0.555000,4.440000,48.6180,6.757,YES
2026-09-07T00:40:27+00:00,SOXLUSDT,long Bitget / short Gate,0.0000000000,8.0000,0.0002270000,8.0000,-0.283750,-2.270000,24.8565,13.216,YES
2026-09-07T00:40:27+00:00,UAIUSDT,flat,0.0000500000,4.0000,0.0001000000,8.0000,0.000000,0.000000,0.0000,,NO
2026-09-07T00:40:27+00:00,BNBUSDT,flat,0.0001000000,8.0000,0.0001000000,8.0000,0.000000,0.000000,0.0000,,NO
2026-09-07T00:40:27+00:00,DASHUSDT,short Bitget / long Gate,0.0001000000,8.0000,-0.0001540000,8.0000,0.317500,2.540000,27.8130,11.811,YES
2026-09-07T00:40:27+00:00,NEARUSDT,short Bitget / long Gate,0.0001000000,8.0000,-0.0000250000,8.0000,0.156250,1.250000,13.6875,24.000,NO
2026-09-07T00:40:27+00:00,LINKUSDT,short Bitget / long Gate,0.0001000000,8.0000,0.0000330000,8.0000,0.083750,0.670000,7.3365,44.776,NO
2026-09-07T00:40:27+00:00,SKHYNIXUSDT,short Bitget / long Gate,0.0000090000,4.0000,0.0000000000,4.0000,0.022500,0.180000,1.9710,166.667,NO
2026-09-07T00:40:27+00:00,FLOCKUSDT,flat,0.0000500000,4.0000,0.0001000000,8.0000,0.000000,0.000000,0.0000,,NO
2026-09-07T00:40:27+00:00,XAGUSDT,long Bitget / short Gate,0.0000000000,4.0000,0.0000220000,4.0000,-0.055000,-0.440000,4.8180,68.182,NO
2026-09-07T00:40:27+00:00,AKEUSDT,short Bitget / long Gate,-0.0028230000,4.0000,-0.0037460000,4.0000,2.307500,18.460000,202.1370,1.625,YES
2026-09-07T00:40:27+00:00,PEPEUSDT,flat,0.0001000000,8.0000,0.0001000000,8.0000,0.000000,0.000000,0.0000,,NO
2026-09-07T00:40:27+00:00,RAYUSDT,short Bitget / long Gate,-0.0002470000,4.0000,-0.0006600000,4.0000,1.032500,8.260000,90.4470,3.632,YES
2026-09-07T00:40:27+00:00,WLDUSDT,short Bitget / long Gate,0.0001000000,8.0000,0.0000750000,8.0000,0.031250,0.250000,2.7375,120.000,NO
2026-09-07T00:40:27+00:00,PUMPUSDT,flat,0.0000500000,4.0000,0.0000500000,4.0000,0.000000,0.000000,0.0000,,NO
2026-09-07T00:40:27+00:00,SPCXUSDT,flat,0.0000000000,8.0000,0.0000000000,8.0000,0.000000,0.000000,0.0000,,NO
2026-09-07T00:40:27+00:00,ONDOUSDT,flat,0.0000500000,4.0000,0.0000500000,4.0000,0.000000,0.000000,0.0000,,NO
2026-09-07T00:40:27+00:00,LTCUSDT,flat,0.0001000000,8.0000,0.0001000000,8.0000,0.000000,0.000000,0.0000,,NO
2026-09-07T00:40:27+00:00,CLUSDT,short Bitget / long Gate,0.0000000000,4.0000,-0.0003870000,8.0000,0.483750,3.870000,42.3765,7.752,YES
2026-09-07T00:40:27+00:00,FILUSDT,long Bitget / short Gate,0.0000420000,8.0000,0.0001000000,8.0000,-0.072500,-0.580000,6.3510,51.724,NO
2026-09-07T01:05:08+00:00,ETHUSDT,short Bitget / long Gate,0.0001000000,8.0000,0.0000490000,8.0000,0.063750,0.510000,5.5845,58.824,NO
2026-09-07T01:05:08+00:00,BTCUSDT,short Bitget / long Gate,0.0000510000,8.0000,0.0000010000,8.0000,0.062500,0.500000,5.4750,60.000,NO
2026-09-07T01:05:08+00:00,ZECUSDT,long Bitget / short Gate,-0.0000510000,8.0000,0.0001000000,8.0000,-0.188750,-1.510000,16.5345,19.868,NO
2026-09-07T01:05:08+00:00,SOLUSDT,short Bitget / long Gate,0.0000980000,8.0000,0.0000640000,8.0000,0.042500,0.340000,3.7230,88.235,NO
2026-09-07T01:05:08+00:00,DOGEUSDT,flat,0.0001000000,8.0000,0.0001000000,8.0000,0.000000,0.000000,0.0000,,NO
2026-09-07T01:05:08+00:00,HYPEUSDT,flat,0.0000500000,4.0000,0.0000500000,4.0000,0.000000,0.000000,0.0000,,NO
2026-09-07T01:05:08+00:00,XRPUSDT,flat,0.0001000000,8.0000,0.0001000000,8.0000,0.000000,0.000000,0.0000,,NO
2026-09-07T01:05:08+00:00,PONSUSDT,short Bitget / long Gate,0.0001840000,4.0000,0.0000500000,4.0000,0.335000,2.680000,29.3460,11.194,YES
2026-09-07T01:05:08+00:00,UNIUSDT,flat,0.0001000000,8.0000,0.0001000000,8.0000,0.000000,0.000000,0.0000,,NO
2026-09-07T01:05:08+00:00,ARBUSDT,short Bitget / long Gate,0.0001000000,8.0000,-0.0000690000,8.0000,0.211250,1.690000,18.5055,17.751,NO
2026-09-07T01:05:08+00:00,ADAUSDT,flat,0.0001000000,8.0000,0.0001000000,8.0000,0.000000,0.000000,0.0000,,NO
2026-09-07T01:05:08+00:00,MARSCOINUSDT,long Bitget / short Gate,0.0000900000,4.0000,0.0000990000,4.0000,-0.022500,-0.180000,1.9710,166.667,NO
2026-09-07T01:05:08+00:00,SNDKUSDT,flat,0.0000000000,8.0000,0.0000000000,8.0000,0.000000,0.000000,0.0000,,NO
2026-09-07T01:05:08+00:00,XAUUSDT,flat,0.0000000000,4.0000,0.0000000000,4.0000,0.000000,0.000000,0.0000,,NO
2026-09-07T01:05:08+00:00,MUUSDT,flat,0.0000000000,8.0000,0.0000000000,8.0000,0.000000,0.000000,0.0000,,NO
2026-09-07T01:05:08+00:00,SUIUSDT,flat,0.0001000000,8.0000,0.0001000000,8.0000,0.000000,0.000000,0.0000,,NO
2026-09-07T01:05:08+00:00,TAOUSDT,flat,0.0000500000,4.0000,0.0000500000,4.0000,0.000000,0.000000,0.0000,,NO
2026-09-07T01:05:08+00:00,USELESSUSDT,short Bitget / long Gate,0.0004930000,4.0000,0.0001820000,4.0000,0.777500,6.220000,68.1090,4.823,YES
2026-09-07T01:05:08+00:00,ENAUSDT,flat,0.0000500000,4.0000,0.0000500000,4.0000,0.000000,0.000000,0.0000,,NO
2026-09-07T01:05:08+00:00,SOXLUSDT,long Bitget / short Gate,0.0000000000,8.0000,0.0001350000,8.0000,-0.168750,-1.350000,14.7825,22.222,NO
2026-09-07T01:05:08+00:00,TRUMPUSDT,short Bitget / long Gate,0.0000500000,4.0000,-0.0002130000,4.0000,0.657500,5.260000,57.5970,5.703,YES
2026-09-07T01:05:08+00:00,BNBUSDT,flat,0.0001000000,8.0000,0.0001000000,8.0000,0.000000,0.000000,0.0000,,NO
2026-09-07T01:05:08+00:00,UAIUSDT,flat,0.0000500000,4.0000,0.0001000000,8.0000,0.000000,0.000000,0.0000,,NO
2026-09-07T01:05:08+00:00,XAGUSDT,long Bitget / short Gate,0.0000000000,4.0000,0.0000200000,4.0000,-0.050000,-0.400000,4.3800,75.000,NO
2026-09-07T01:05:08+00:00,SKHYNIXUSDT,short Bitget / long Gate,0.0002300000,4.0000,0.0000130000,4.0000,0.542500,4.340000,47.5230,6.912,YES
2026-09-07T01:05:08+00:00,NEARUSDT,short Bitget / long Gate,0.0001000000,8.0000,0.0000660000,8.0000,0.042500,0.340000,3.7230,88.235,NO
2026-09-07T01:05:08+00:00,LINKUSDT,short Bitget / long Gate,0.0001000000,8.0000,-0.0001130000,8.0000,0.266250,2.130000,23.3235,14.085,YES
2026-09-07T01:05:08+00:00,DASHUSDT,short Bitget / long Gate,0.0001000000,8.0000,-0.0002360000,8.0000,0.420000,3.360000,36.7920,8.929,YES
2026-09-07T01:05:08+00:00,FLOCKUSDT,flat,0.0000500000,4.0000,0.0001000000,8.0000,0.000000,0.000000,0.0000,,NO
2026-09-07T01:05:08+00:00,AKEUSDT,short Bitget / long Gate,-0.0029530000,4.0000,-0.0038890000,4.0000,2.340000,18.720000,204.9840,1.603,YES
2026-09-07T01:05:08+00:00,PEPEUSDT,flat,0.0001000000,8.0000,0.0001000000,8.0000,0.000000,0.000000,0.0000,,NO
2026-09-07T01:05:08+00:00,RAYUSDT,short Bitget / long Gate,-0.0003710000,4.0000,-0.0007260000,4.0000,0.887500,7.100000,77.7450,4.225,YES
2026-09-07T01:05:08+00:00,WLDUSDT,short Bitget / long Gate,0.0001000000,8.0000,0.0000490000,8.0000,0.063750,0.510000,5.5845,58.824,NO
2026-09-07T01:05:08+00:00,PUMPUSDT,flat,0.0000500000,4.0000,0.0000500000,4.0000,0.000000,0.000000,0.0000,,NO
2026-09-07T01:05:08+00:00,LTCUSDT,short Bitget / long Gate,0.0001000000,8.0000,0.0000860000,8.0000,0.017500,0.140000,1.5330,214.286,NO
2026-09-07T01:05:08+00:00,SPCXUSDT,flat,0.0000000000,8.0000,0.0000000000,8.0000,0.000000,0.000000,0.0000,,NO
2026-09-07T01:05:08+00:00,CLUSDT,short Bitget / long Gate,0.0000000000,4.0000,-0.0004770000,8.0000,0.596250,4.770000,52.2315,6.289,YES
2026-09-07T01:05:08+00:00,ONDOUSDT,flat,0.0000500000,4.0000,0.0000500000,4.0000,0.000000,0.000000,0.0000,,NO
2026-09-07T01:05:08+00:00,DOTUSDT,flat,0.0001000000,8.0000,0.0001000000,8.0000,0.000000,0.000000,0.0000,,NO
2026-09-07T02:02:56+00:00,ETHUSDT,flat,0.0001000000,8.0000,0.0001000000,8.0000,0.000000,0.000000,0.0000,,NO
2026-09-07T02:02:56+00:00,BTCUSDT,short Bitget / long Gate,0.0000460000,8.0000,0.0000300000,8.0000,0.020000,0.160000,1.7520,187.500,NO
2026-09-07T02:02:56+00:00,ZECUSDT,long Bitget / short Gate,-0.0000260000,8.0000,0.0001000000,8.0000,-0.157500,-1.260000,13.7970,23.810,NO
2026-09-07T02:02:56+00:00,SOLUSDT,short Bitget / long Gate,0.0000870000,8.0000,0.0000490000,8.0000,0.047500,0.380000,4.1610,78.947,NO
2026-09-07T02:02:56+00:00,DOGEUSDT,flat,0.0001000000,8.0000,0.0001000000,8.0000,0.000000,0.000000,0.0000,,NO
2026-09-07T02:02:56+00:00,HYPEUSDT,flat,0.0000500000,4.0000,0.0000500000,4.0000,0.000000,0.000000,0.0000,,NO
2026-09-07T02:02:56+00:00,XRPUSDT,short Bitget / long Gate,0.0001000000,8.0000,0.0000040000,8.0000,0.120000,0.960000,10.5120,31.250,NO
2026-09-07T02:02:56+00:00,PONSUSDT,short Bitget / long Gate,0.0001130000,4.0000,0.0000500000,4.0000,0.157500,1.260000,13.7970,23.810,NO
2026-09-07T02:02:56+00:00,ADAUSDT,flat,0.0001000000,8.0000,0.0001000000,8.0000,0.000000,0.000000,0.0000,,NO
2026-09-07T02:02:56+00:00,UNIUSDT,flat,0.0001000000,8.0000,0.0001000000,8.0000,0.000000,0.000000,0.0000,,NO
2026-09-07T02:02:56+00:00,ARBUSDT,short Bitget / long Gate,0.0001000000,8.0000,0.0000280000,8.0000,0.090000,0.720000,7.8840,41.667,NO
2026-09-07T02:02:56+00:00,XAUUSDT,flat,0.0000000000,4.0000,0.0000000000,4.0000,0.000000,0.000000,0.0000,,NO
2026-09-07T02:02:56+00:00,SNDKUSDT,flat,0.0000000000,8.0000,0.0000000000,8.0000,0.000000,0.000000,0.0000,,NO
2026-09-07T02:02:56+00:00,MARSCOINUSDT,long Bitget / short Gate,0.0002240000,4.0000,0.0003430000,4.0000,-0.297500,-2.380000,26.0610,12.605,YES
2026-09-07T02:02:56+00:00,MUUSDT,flat,0.0000000000,8.0000,0.0000000000,8.0000,0.000000,0.000000,0.0000,,NO
2026-09-07T02:02:56+00:00,SUIUSDT,short Bitget / long Gate,0.0001000000,8.0000,0.0000960000,8.0000,0.005000,0.040000,0.4380,750.000,NO
2026-09-07T02:02:56+00:00,TRUMPUSDT,short Bitget / long Gate,0.0000500000,4.0000,-0.0002350000,4.0000,0.712500,5.700000,62.4150,5.263,YES
2026-09-07T02:02:56+00:00,SOXLUSDT,long Bitget / short Gate,0.0000000000,8.0000,0.0001990000,8.0000,-0.248750,-1.990000,21.7905,15.075,NO
2026-09-07T02:02:56+00:00,TAOUSDT,flat,0.0000500000,4.0000,0.0000500000,4.0000,0.000000,0.000000,0.0000,,NO
2026-09-07T02:02:56+00:00,SKHYNIXUSDT,short Bitget / long Gate,0.0003940000,4.0000,0.0000000000,4.0000,0.985000,7.880000,86.2860,3.807,YES
2026-09-07T02:02:56+00:00,USELESSUSDT,short Bitget / long Gate,0.0005320000,4.0000,0.0004440000,4.0000,0.220000,1.760000,19.2720,17.045,NO
2026-09-07T02:02:56+00:00,XAGUSDT,long Bitget / short Gate,0.0000000000,4.0000,0.0000020000,4.0000,-0.005000,-0.040000,0.4380,750.000,NO
2026-09-07T02:02:56+00:00,ENAUSDT,flat,0.0000500000,4.0000,0.0000500000,4.0000,0.000000,0.000000,0.0000,,NO
2026-09-07T02:02:56+00:00,BNBUSDT,short Bitget / long Gate,0.0001000000,8.0000,0.0000390000,8.0000,0.076250,0.610000,6.6795,49.180,NO
2026-09-07T02:02:56+00:00,NEARUSDT,flat,0.0001000000,8.0000,0.0001000000,8.0000,0.000000,0.000000,0.0000,,NO
2026-09-07T02:02:56+00:00,UAIUSDT,long Bitget / short Gate,0.0000500000,4.0000,0.0002060000,8.0000,-0.132500,-1.060000,11.6070,28.302,NO
2026-09-07T02:02:56+00:00,LINKUSDT,short Bitget / long Gate,0.0001000000,8.0000,0.0000200000,8.0000,0.100000,0.800000,8.7600,37.500,NO
2026-09-07T02:02:56+00:00,DASHUSDT,short Bitget / long Gate,0.0001000000,8.0000,-0.0000240000,8.0000,0.155000,1.240000,13.5780,24.194,NO
2026-09-07T02:02:56+00:00,FLOCKUSDT,flat,0.0000500000,4.0000,0.0001000000,8.0000,0.000000,0.000000,0.0000,,NO
2026-09-07T02:02:56+00:00,AKEUSDT,short Bitget / long Gate,-0.0032380000,4.0000,-0.0038050000,4.0000,1.417500,11.340000,124.1730,2.646,YES
2026-09-07T02:02:56+00:00,PEPEUSDT,flat,0.0001000000,8.0000,0.0001000000,8.0000,0.000000,0.000000,0.0000,,NO
2026-09-07T02:02:56+00:00,RAYUSDT,short Bitget / long Gate,-0.0004020000,4.0000,-0.0004500000,4.0000,0.120000,0.960000,10.5120,31.250,NO
2026-09-07T02:02:56+00:00,WLDUSDT,flat,0.0001000000,8.0000,0.0001000000,8.0000,0.000000,0.000000,0.0000,,NO
2026-09-07T02:02:56+00:00,LTCUSDT,short Bitget / long Gate,0.0001000000,8.0000,0.0000580000,8.0000,0.052500,0.420000,4.5990,71.429,NO
2026-09-07T02:02:56+00:00,CLUSDT,short Bitget / long Gate,0.0000000000,4.0000,-0.0003550000,8.0000,0.443750,3.550000,38.8725,8.451,YES
2026-09-07T02:02:56+00:00,PUMPUSDT,flat,0.0000500000,4.0000,0.0000500000,4.0000,0.000000,0.000000,0.0000,,NO
2026-09-07T02:02:56+00:00,ONDOUSDT,short Bitget / long Gate,0.0000500000,4.0000,-0.0000450000,4.0000,0.237500,1.900000,20.8050,15.789,NO
2026-09-07T02:02:56+00:00,SPCXUSDT,flat,0.0000000000,8.0000,0.0000000000,8.0000,0.000000,0.000000,0.0000,,NO
2026-09-07T02:02:56+00:00,DOTUSDT,flat,0.0001000000,8.0000,0.0001000000,8.0000,0.000000,0.000000,0.0000,,NO
2026-09-07T05:10:13+00:00,ETHUSDT,short Bitget / long Gate,0.0000810000,8.0000,0.0000800000,8.0000,0.001250,0.010000,0.1095,3000.000,NO
2026-09-07T05:10:13+00:00,BTCUSDT,short Bitget / long Gate,0.0000620000,8.0000,0.0000400000,8.0000,0.027500,0.220000,2.4090,136.364,NO
2026-09-07T05:10:13+00:00,ZECUSDT,long Bitget / short Gate,-0.0001330000,8.0000,0.0001000000,8.0000,-0.291250,-2.330000,25.5135,12.876,YES
2026-09-07T05:10:13+00:00,SOLUSDT,short Bitget / long Gate,0.0000570000,8.0000,0.0000470000,8.0000,0.012500,0.100000,1.0950,300.000,NO
2026-09-07T05:10:13+00:00,DOGEUSDT,flat,0.0001000000,8.0000,0.0001000000,8.0000,0.000000,0.000000,0.0000,,NO
2026-09-07T05:10:13+00:00,XRPUSDT,short Bitget / long Gate,0.0001000000,8.0000,0.0000240000,8.0000,0.095000,0.760000,8.3220,39.474,NO
2026-09-07T05:10:13+00:00,HYPEUSDT,short Bitget / long Gate,0.0000500000,4.0000,0.0000190000,4.0000,0.077500,0.620000,6.7890,48.387,NO
2026-09-07T05:10:13+00:00,PONSUSDT,short Bitget / long Gate,0.0003920000,4.0000,-0.0007120000,4.0000,2.760000,22.080000,241.7760,1.359,YES
2026-09-07T05:10:13+00:00,XAUUSDT,flat,0.0000000000,4.0000,0.0000000000,4.0000,0.000000,0.000000,0.0000,,NO
2026-09-07T05:10:13+00:00,ADAUSDT,flat,0.0001000000,8.0000,0.0001000000,8.0000,0.000000,0.000000,0.0000,,NO
2026-09-07T05:10:13+00:00,SNDKUSDT,flat,0.0000000000,8.0000,0.0000000000,8.0000,0.000000,0.000000,0.0000,,NO
2026-09-07T05:10:13+00:00,UNIUSDT,flat,0.0001000000,8.0000,0.0001000000,8.0000,0.000000,0.000000,0.0000,,NO
2026-09-07T05:10:13+00:00,MUUSDT,flat,0.0000000000,8.0000,0.0000000000,8.0000,0.000000,0.000000,0.0000,,NO
2026-09-07T05:10:13+00:00,ARBUSDT,short Bitget / long Gate,0.0001000000,8.0000,0.0000430000,8.0000,0.071250,0.570000,6.2415,52.632,NO
2026-09-07T05:10:13+00:00,SKHYNIXUSDT,flat,0.0000000000,4.0000,0.0000000000,4.0000,0.000000,0.000000,0.0000,,NO
2026-09-07T05:10:13+00:00,SUIUSDT,flat,0.0001000000,8.0000,0.0001000000,8.0000,0.000000,0.000000,0.0000,,NO
2026-09-07T05:10:13+00:00,MARSCOINUSDT,flat,0.0000500000,4.0000,0.0000500000,4.0000,0.000000,0.000000,0.0000,,NO
2026-09-07T05:10:13+00:00,TAOUSDT,flat,0.0000500000,4.0000,0.0000500000,4.0000,0.000000,0.000000,0.0000,,NO
2026-09-07T05:10:13+00:00,XAGUSDT,long Bitget / short Gate,0.0000000000,4.0000,0.0000350000,4.0000,-0.087500,-0.700000,7.6650,42.857,NO
2026-09-07T05:10:13+00:00,SOXLUSDT,long Bitget / short Gate,0.0004490000,8.0000,0.0007010000,8.0000,-0.315000,-2.520000,27.5940,11.905,YES
2026-09-07T05:10:13+00:00,TRUMPUSDT,short Bitget / long Gate,0.0000500000,4.0000,-0.0000290000,4.0000,0.197500,1.580000,17.3010,18.987,NO
2026-09-07T05:10:13+00:00,AKEUSDT,long Bitget / short Gate,-0.0022060000,4.0000,-0.0018510000,4.0000,-0.887500,-7.100000,77.7450,4.225,YES
2026-09-07T05:10:13+00:00,USELESSUSDT,short Bitget / long Gate,0.0004620000,4.0000,0.0001120000,4.0000,0.875000,7.000000,76.6500,4.286,YES
2026-09-07T05:10:13+00:00,BNBUSDT,flat,0.0001000000,8.0000,0.0001000000,8.0000,0.000000,0.000000,0.0000,,NO
2026-09-07T05:10:13+00:00,LINKUSDT,short Bitget / long Gate,0.0001000000,8.0000,0.0000280000,8.0000,0.090000,0.720000,7.8840,41.667,NO
2026-09-07T05:10:13+00:00,NEARUSDT,flat,0.0001000000,8.0000,0.0001000000,8.0000,0.000000,0.000000,0.0000,,NO
2026-09-07T05:10:13+00:00,ENAUSDT,flat,0.0000500000,4.0000,0.0000500000,4.0000,0.000000,0.000000,0.0000,,NO
2026-09-07T05:10:13+00:00,UAIUSDT,long Bitget / short Gate,0.0000500000,4.0000,0.0002490000,8.0000,-0.186250,-1.490000,16.3155,20.134,NO
2026-09-07T05:10:13+00:00,PEPEUSDT,flat,0.0001000000,8.0000,0.0001000000,8.0000,0.000000,0.000000,0.0000,,NO
2026-09-07T05:10:13+00:00,FLOCKUSDT,flat,0.0000500000,4.0000,0.0001000000,8.0000,0.000000,0.000000,0.0000,,NO
2026-09-07T05:10:13+00:00,DASHUSDT,flat,0.0001000000,8.0000,0.0001000000,8.0000,0.000000,0.000000,0.0000,,NO
2026-09-07T05:10:13+00:00,WLDUSDT,short Bitget / long Gate,0.0001000000,8.0000,0.0000870000,8.0000,0.016250,0.130000,1.4235,230.769,NO
2026-09-07T05:10:13+00:00,RAYUSDT,short Bitget / long Gate,-0.0003240000,4.0000,-0.0003300000,4.0000,0.015000,0.120000,1.3140,250.000,NO
2026-09-07T05:10:13+00:00,CLUSDT,short Bitget / long Gate,0.0000000000,4.0000,-0.0001670000,8.0000,0.208750,1.670000,18.2865,17.964,NO
2026-09-07T05:10:13+00:00,LTCUSDT,short Bitget / long Gate,0.0000950000,8.0000,0.0000450000,8.0000,0.062500,0.500000,5.4750,60.000,NO
2026-09-07T05:10:13+00:00,ONDOUSDT,short Bitget / long Gate,0.0000500000,4.0000,0.0000440000,4.0000,0.015000,0.120000,1.3140,250.000,NO
2026-09-07T05:10:13+00:00,DOTUSDT,flat,0.0001000000,8.0000,0.0001000000,8.0000,0.000000,0.000000,0.0000,,NO
2026-09-07T05:10:13+00:00,PUMPUSDT,flat,0.0000500000,4.0000,0.0000500000,4.0000,0.000000,0.000000,0.0000,,NO
2026-09-07T05:10:13+00:00,SPCXUSDT,flat,0.0000000000,8.0000,0.0000000000,8.0000,0.000000,0.000000,0.0000,,NO
2026-09-07T06:09:08+00:00,ETHUSDT,short Bitget / long Gate,0.0000750000,8.0000,0.0000530000,8.0000,0.027500,0.220000,2.4090,136.364,NO
2026-09-07T06:09:08+00:00,BTCUSDT,short Bitget / long Gate,0.0000660000,8.0000,0.0000300000,8.0000,0.045000,0.360000,3.9420,83.333,NO
2026-09-07T06:09:08+00:00,ZECUSDT,long Bitget / short Gate,-0.0001190000,8.0000,0.0001000000,8.0000,-0.273750,-2.190000,23.9805,13.699,YES
2026-09-07T06:09:08+00:00,SOLUSDT,long Bitget / short Gate,0.0000460000,8.0000,0.0000520000,8.0000,-0.007500,-0.060000,0.6570,500.000,NO
2026-09-07T06:09:08+00:00,DOGEUSDT,flat,0.0001000000,8.0000,0.0001000000,8.0000,0.000000,0.000000,0.0000,,NO
2026-09-07T06:09:08+00:00,XRPUSDT,short Bitget / long Gate,0.0001000000,8.0000,0.0000600000,8.0000,0.050000,0.400000,4.3800,75.000,NO
2026-09-07T06:09:08+00:00,HYPEUSDT,flat,0.0000500000,4.0000,0.0000500000,4.0000,0.000000,0.000000,0.0000,,NO
2026-09-07T06:09:08+00:00,PONSUSDT,long Bitget / short Gate,0.0004140000,4.0000,0.0009000000,4.0000,-1.215000,-9.720000,106.4340,3.086,YES
2026-09-07T06:09:08+00:00,XAUUSDT,flat,0.0000000000,4.0000,0.0000000000,4.0000,0.000000,0.000000,0.0000,,NO
2026-09-07T06:09:08+00:00,ADAUSDT,flat,0.0001000000,8.0000,0.0001000000,8.0000,0.000000,0.000000,0.0000,,NO
2026-09-07T06:09:08+00:00,UNIUSDT,flat,0.0001000000,8.0000,0.0001000000,8.0000,0.000000,0.000000,0.0000,,NO
2026-09-07T06:09:08+00:00,SNDKUSDT,flat,0.0000000000,8.0000,0.0000000000,8.0000,0.000000,0.000000,0.0000,,NO
2026-09-07T06:09:08+00:00,MUUSDT,flat,0.0000000000,8.0000,0.0000000000,8.0000,0.000000,0.000000,0.0000,,NO
2026-09-07T06:09:08+00:00,SKHYNIXUSDT,flat,0.0000000000,4.0000,0.0000000000,4.0000,0.000000,0.000000,0.0000,,NO
2026-09-07T06:09:08+00:00,SUIUSDT,flat,0.0001000000,8.0000,0.0001000000,8.0000,0.000000,0.000000,0.0000,,NO
2026-09-07T06:09:08+00:00,ARBUSDT,short Bitget / long Gate,0.0001000000,8.0000,0.0000930000,8.0000,0.008750,0.070000,0.7665,428.571,NO
2026-09-07T06:09:08+00:00,XAGUSDT,long Bitget / short Gate,0.0000000000,4.0000,0.0000390000,4.0000,-0.097500,-0.780000,8.5410,38.462,NO
2026-09-07T06:09:08+00:00,TAOUSDT,flat,0.0000500000,4.0000,0.0000500000,4.0000,0.000000,0.000000,0.0000,,NO
2026-09-07T06:09:08+00:00,MARSCOINUSDT,flat,0.0000500000,4.0000,0.0000500000,4.0000,0.000000,0.000000,0.0000,,NO
2026-09-07T06:09:08+00:00,SOXLUSDT,long Bitget / short Gate,0.0003980000,8.0000,0.0008470000,8.0000,-0.561250,-4.490000,49.1655,6.682,YES
2026-09-07T06:09:08+00:00,TRUMPUSDT,short Bitget / long Gate,0.0000500000,4.0000,-0.0000150000,4.0000,0.162500,1.300000,14.2350,23.077,NO
2026-09-07T06:09:08+00:00,AKEUSDT,long Bitget / short Gate,-0.0010860000,4.0000,-0.0009710000,4.0000,-0.287500,-2.300000,25.1850,13.043,YES
2026-09-07T06:09:08+00:00,LINKUSDT,short Bitget / long Gate,0.0001000000,8.0000,0.0000740000,8.0000,0.032500,0.260000,2.8470,115.385,NO
2026-09-07T06:09:08+00:00,BNBUSDT,flat,0.0001000000,8.0000,0.0001000000,8.0000,0.000000,0.000000,0.0000,,NO
2026-09-07T06:09:08+00:00,USELESSUSDT,short Bitget / long Gate,0.0004420000,4.0000,0.0000500000,4.0000,0.980000,7.840000,85.8480,3.827,YES
2026-09-07T06:09:08+00:00,NEARUSDT,short Bitget / long Gate,0.0001000000,8.0000,0.0000560000,8.0000,0.055000,0.440000,4.8180,68.182,NO
2026-09-07T06:09:08+00:00,ENAUSDT,flat,0.0000500000,4.0000,0.0000500000,4.0000,0.000000,0.000000,0.0000,,NO
2026-09-07T06:09:08+00:00,UAIUSDT,flat,0.0000500000,4.0000,0.0001000000,8.0000,0.000000,0.000000,0.0000,,NO
2026-09-07T06:09:08+00:00,WLDUSDT,short Bitget / long Gate,0.0001000000,8.0000,0.0000520000,8.0000,0.060000,0.480000,5.2560,62.500,NO
2026-09-07T06:09:08+00:00,PEPEUSDT,flat,0.0001000000,8.0000,0.0001000000,8.0000,0.000000,0.000000,0.0000,,NO
2026-09-07T06:09:08+00:00,FLOCKUSDT,flat,0.0000500000,4.0000,0.0001000000,8.0000,0.000000,0.000000,0.0000,,NO
2026-09-07T06:09:08+00:00,CLUSDT,short Bitget / long Gate,0.0000000000,4.0000,-0.0001630000,8.0000,0.203750,1.630000,17.8485,18.405,NO
2026-09-07T06:09:08+00:00,RAYUSDT,short Bitget / long Gate,-0.0001680000,4.0000,-0.0002630000,4.0000,0.237500,1.900000,20.8050,15.789,NO
2026-09-07T06:09:08+00:00,DASHUSDT,flat,0.0001000000,8.0000,0.0001000000,8.0000,0.000000,0.000000,0.0000,,NO
2026-09-07T06:09:08+00:00,ONDOUSDT,flat,0.0000500000,4.0000,0.0000500000,4.0000,0.000000,0.000000,0.0000,,NO
2026-09-07T06:09:08+00:00,LTCUSDT,short Bitget / long Gate,0.0000870000,8.0000,0.0000230000,8.0000,0.080000,0.640000,7.0080,46.875,NO
2026-09-07T06:09:08+00:00,DOTUSDT,flat,0.0001000000,8.0000,0.0001000000,8.0000,0.000000,0.000000,0.0000,,NO
2026-09-07T06:09:08+00:00,PUMPUSDT,flat,0.0000500000,4.0000,0.0000500000,4.0000,0.000000,0.000000,0.0000,,NO
2026-09-07T06:09:08+00:00,SPCXUSDT,flat,0.0000000000,8.0000,0.0000000000,8.0000,0.000000,0.000000,0.0000,,NO
2026-09-07T08:25:56+00:00,BTCUSDT,short Bitget / long Gate,0.0000630000,8.0000,0.0000140000,8.0000,0.061250,0.490000,5.3655,61.224,NO
2026-09-07T08:25:56+00:00,ETHUSDT,long Bitget / short Gate,0.0000710000,8.0000,0.0001000000,8.0000,-0.036250,-0.290000,3.1755,103.448,NO
2026-09-07T08:25:56+00:00,ZECUSDT,long Bitget / short Gate,-0.0000830000,8.0000,0.0001000000,8.0000,-0.228750,-1.830000,20.0385,16.393,NO
2026-09-07T08:25:56+00:00,SOLUSDT,long Bitget / short Gate,0.0000780000,8.0000,0.0001000000,8.0000,-0.027500,-0.220000,2.4090,136.364,NO
2026-09-07T08:25:56+00:00,DOGEUSDT,flat,0.0001000000,8.0000,0.0001000000,8.0000,0.000000,0.000000,0.0000,,NO
2026-09-07T08:25:56+00:00,XRPUSDT,short Bitget / long Gate,0.0001000000,8.0000,0.0000490000,8.0000,0.063750,0.510000,5.5845,58.824,NO
2026-09-07T08:25:56+00:00,HYPEUSDT,flat,0.0000500000,4.0000,0.0000500000,4.0000,0.000000,0.000000,0.0000,,NO
2026-09-07T08:25:56+00:00,XAUUSDT,flat,0.0000000000,4.0000,0.0000000000,4.0000,0.000000,0.000000,0.0000,,NO
2026-09-07T08:25:56+00:00,PONSUSDT,long Bitget / short Gate,0.0002560000,4.0000,0.0022340000,4.0000,-4.945000,-39.560000,433.1820,0.758,YES
2026-09-07T08:25:56+00:00,ADAUSDT,short Bitget / long Gate,0.0001000000,8.0000,0.0000200000,8.0000,0.100000,0.800000,8.7600,37.500,NO
2026-09-07T08:25:56+00:00,SUIUSDT,short Bitget / long Gate,0.0001000000,8.0000,-0.0000030000,8.0000,0.128750,1.030000,11.2785,29.126,NO
2026-09-07T08:25:56+00:00,SKHYNIXUSDT,flat,0.0000000000,4.0000,0.0000000000,4.0000,0.000000,0.000000,0.0000,,NO
2026-09-07T08:25:56+00:00,MUUSDT,short Bitget / long Gate,0.0001380000,8.0000,0.0000000000,8.0000,0.172500,1.380000,15.1110,21.739,NO
2026-09-07T08:25:56+00:00,SNDKUSDT,flat,0.0000000000,8.0000,0.0000000000,8.0000,0.000000,0.000000,0.0000,,NO
2026-09-07T08:25:56+00:00,XAGUSDT,long Bitget / short Gate,0.0000000000,4.0000,0.0000200000,4.0000,-0.050000,-0.400000,4.3800,75.000,NO
2026-09-07T08:25:56+00:00,UNIUSDT,flat,0.0001000000,8.0000,0.0001000000,8.0000,0.000000,0.000000,0.0000,,NO
2026-09-07T08:25:56+00:00,TAOUSDT,flat,0.0000500000,4.0000,0.0000500000,4.0000,0.000000,0.000000,0.0000,,NO
2026-09-07T08:25:56+00:00,ARBUSDT,short Bitget / long Gate,0.0001000000,8.0000,-0.0001000000,8.0000,0.250000,2.000000,21.9000,15.000,YES
2026-09-07T08:25:56+00:00,SOXLUSDT,long Bitget / short Gate,0.0000000000,8.0000,0.0008130000,8.0000,-1.016250,-8.130000,89.0235,3.690,YES
2026-09-07T08:25:56+00:00,MARSCOINUSDT,long Bitget / short Gate,0.0000500000,4.0000,0.0000520000,4.0000,-0.005000,-0.040000,0.4380,750.000,NO
2026-09-07T08:25:56+00:00,TRUMPUSDT,short Bitget / long Gate,0.0000500000,4.0000,-0.0001310000,4.0000,0.452500,3.620000,39.6390,8.287,YES
2026-09-07T08:25:56+00:00,USELESSUSDT,short Bitget / long Gate,0.0001790000,4.0000,0.0000500000,4.0000,0.322500,2.580000,28.2510,11.628,YES
2026-09-07T08:25:56+00:00,LINKUSDT,short Bitget / long Gate,0.0001000000,8.0000,0.0000580000,8.0000,0.052500,0.420000,4.5990,71.429,NO
2026-09-07T08:25:56+00:00,WLDUSDT,short Bitget / long Gate,0.0001000000,8.0000,-0.0001330000,8.0000,0.291250,2.330000,25.5135,12.876,YES
2026-09-07T08:25:56+00:00,AKEUSDT,long Bitget / short Gate,-0.0011260000,4.0000,-0.0010700000,4.0000,-0.140000,-1.120000,12.2640,26.786,NO
2026-09-07T08:25:56+00:00,CLUSDT,long Bitget / short Gate,-0.0001960000,4.0000,-0.0002150000,8.0000,-0.221250,-1.770000,19.3815,16.949,NO
2026-09-07T08:25:56+00:00,NEARUSDT,flat,0.0001000000,8.0000,0.0001000000,8.0000,0.000000,0.000000,0.0000,,NO
2026-09-07T08:25:56+00:00,UAIUSDT,long Bitget / short Gate,0.0000500000,4.0000,0.0001950000,8.0000,-0.118750,-0.950000,10.4025,31.579,NO
2026-09-07T08:25:56+00:00,PEPEUSDT,flat,0.0001000000,8.0000,0.0001000000,8.0000,0.000000,0.000000,0.0000,,NO
2026-09-07T08:25:56+00:00,BNBUSDT,flat,0.0001000000,8.0000,0.0001000000,8.0000,0.000000,0.000000,0.0000,,NO
2026-09-07T08:25:56+00:00,ENAUSDT,flat,0.0000500000,4.0000,0.0000500000,4.0000,0.000000,0.000000,0.0000,,NO
2026-09-07T08:25:56+00:00,RAYUSDT,short Bitget / long Gate,-0.0000550000,4.0000,-0.0006710000,4.0000,1.540000,12.320000,134.9040,2.435,YES
2026-09-07T08:25:56+00:00,ONDOUSDT,flat,0.0000500000,4.0000,0.0000500000,4.0000,0.000000,0.000000,0.0000,,NO
2026-09-07T08:25:56+00:00,FLOCKUSDT,flat,0.0000500000,4.0000,0.0001000000,8.0000,0.000000,0.000000,0.0000,,NO
2026-09-07T08:25:56+00:00,DOTUSDT,flat,0.0001000000,8.0000,0.0001000000,8.0000,0.000000,0.000000,0.0000,,NO
2026-09-07T08:25:56+00:00,LTCUSDT,short Bitget / long Gate,0.0000880000,8.0000,0.0000250000,8.0000,0.078750,0.630000,6.8985,47.619,NO
2026-09-07T08:25:56+00:00,DASHUSDT,short Bitget / long Gate,0.0001000000,8.0000,-0.0002910000,8.0000,0.488750,3.910000,42.8145,7.673,YES
2026-09-07T08:25:56+00:00,AVAXUSDT,long Bitget / short Gate,0.0000990000,8.0000,0.0001000000,8.0000,-0.001250,-0.010000,0.1095,3000.000,NO
2026-09-07T08:25:56+00:00,SPCXUSDT,flat,0.0000000000,8.0000,0.0000000000,8.0000,0.000000,0.000000,0.0000,,NO
2026-09-07T09:26:31+00:00,BTCUSDT,short Bitget / long Gate,0.0000750000,8.0000,0.0000230000,8.0000,0.065000,0.520000,5.6940,57.692,NO
2026-09-07T09:26:31+00:00,ETHUSDT,short Bitget / long Gate,0.0000460000,8.0000,0.0000400000,8.0000,0.007500,0.060000,0.6570,500.000,NO
2026-09-07T09:26:31+00:00,ZECUSDT,long Bitget / short Gate,-0.0000290000,8.0000,0.0001000000,8.0000,-0.161250,-1.290000,14.1255,23.256,NO
2026-09-07T09:26:31+00:00,SOLUSDT,long Bitget / short Gate,0.0000840000,8.0000,0.0001000000,8.0000,-0.020000,-0.160000,1.7520,187.500,NO
2026-09-07T09:26:31+00:00,DOGEUSDT,flat,0.0001000000,8.0000,0.0001000000,8.0000,0.000000,0.000000,0.0000,,NO
2026-09-07T09:26:31+00:00,XRPUSDT,short Bitget / long Gate,0.0001000000,8.0000,0.0000770000,8.0000,0.028750,0.230000,2.5185,130.435,NO
2026-09-07T09:26:31+00:00,HYPEUSDT,short Bitget / long Gate,0.0000500000,4.0000,0.0000180000,4.0000,0.080000,0.640000,7.0080,46.875,NO
2026-09-07T09:26:31+00:00,PONSUSDT,long Bitget / short Gate,0.0003700000,4.0000,0.0008730000,4.0000,-1.257500,-10.060000,110.1570,2.982,YES
2026-09-07T09:26:31+00:00,XAUUSDT,flat,0.0000000000,4.0000,0.0000000000,4.0000,0.000000,0.000000,0.0000,,NO
2026-09-07T09:26:31+00:00,ADAUSDT,short Bitget / long Gate,0.0001000000,8.0000,0.0000980000,8.0000,0.002500,0.020000,0.2190,1500.000,NO
2026-09-07T09:26:31+00:00,SUIUSDT,short Bitget / long Gate,0.0001000000,8.0000,-0.0000190000,8.0000,0.148750,1.190000,13.0305,25.210,NO
2026-09-07T09:26:31+00:00,SKHYNIXUSDT,flat,0.0000000000,4.0000,0.0000000000,4.0000,0.000000,0.000000,0.0000,,NO
2026-09-07T09:26:31+00:00,MUUSDT,short Bitget / long Gate,0.0000520000,8.0000,0.0000000000,8.0000,0.065000,0.520000,5.6940,57.692,NO
2026-09-07T09:26:31+00:00,SNDKUSDT,flat,0.0000000000,8.0000,0.0000000000,8.0000,0.000000,0.000000,0.0000,,NO
2026-09-07T09:26:31+00:00,XAGUSDT,long Bitget / short Gate,0.0000000000,4.0000,0.0000230000,4.0000,-0.057500,-0.460000,5.0370,65.217,NO
2026-09-07T09:26:31+00:00,UNIUSDT,long Bitget / short Gate,0.0000820000,8.0000,0.0001000000,8.0000,-0.022500,-0.180000,1.9710,166.667,NO
2026-09-07T09:26:31+00:00,TAOUSDT,flat,0.0000500000,4.0000,0.0000500000,4.0000,0.000000,0.000000,0.0000,,NO
2026-09-07T09:26:31+00:00,ARBUSDT,flat,0.0001000000,8.0000,0.0001000000,8.0000,0.000000,0.000000,0.0000,,NO
2026-09-07T09:26:31+00:00,SOXLUSDT,long Bitget / short Gate,0.0000000000,8.0000,0.0002930000,8.0000,-0.366250,-2.930000,32.0835,10.239,YES
2026-09-07T09:26:31+00:00,MARSCOINUSDT,long Bitget / short Gate,0.0000500000,4.0000,0.0001990000,4.0000,-0.372500,-2.980000,32.6310,10.067,YES
2026-09-07T09:26:31+00:00,WLDUSDT,short Bitget / long Gate,0.0001000000,8.0000,-0.0000030000,8.0000,0.128750,1.030000,11.2785,29.126,NO
2026-09-07T09:26:31+00:00,LINKUSDT,flat,0.0001000000,8.0000,0.0001000000,8.0000,0.000000,0.000000,0.0000,,NO
2026-09-07T09:26:31+00:00,USELESSUSDT,long Bitget / short Gate,0.0000500000,4.0000,0.0001770000,4.0000,-0.317500,-2.540000,27.8130,11.811,YES
2026-09-07T09:26:31+00:00,TRUMPUSDT,short Bitget / long Gate,0.0000500000,4.0000,-0.0000450000,4.0000,0.237500,1.900000,20.8050,15.789,NO
2026-09-07T09:26:31+00:00,AKEUSDT,long Bitget / short Gate,-0.0009270000,4.0000,-0.0007110000,4.0000,-0.540000,-4.320000,47.3040,6.944,YES
2026-09-07T09:26:31+00:00,CLUSDT,long Bitget / short Gate,-0.0003760000,4.0000,-0.0001420000,8.0000,-0.762500,-6.100000,66.7950,4.918,YES
2026-09-07T09:26:31+00:00,NEARUSDT,flat,0.0001000000,8.0000,0.0001000000,8.0000,0.000000,0.000000,0.0000,,NO
2026-09-07T09:26:31+00:00,PEPEUSDT,flat,0.0001000000,8.0000,0.0001000000,8.0000,0.000000,0.000000,0.0000,,NO
2026-09-07T09:26:31+00:00,UAIUSDT,flat,0.0000500000,4.0000,0.0001000000,8.0000,0.000000,0.000000,0.0000,,NO
2026-09-07T09:26:31+00:00,BNBUSDT,flat,0.0001000000,8.0000,0.0001000000,8.0000,0.000000,0.000000,0.0000,,NO
2026-09-07T09:26:31+00:00,ENAUSDT,flat,0.0000500000,4.0000,0.0000500000,4.0000,0.000000,0.000000,0.0000,,NO
2026-09-07T09:26:31+00:00,ONDOUSDT,flat,0.0000500000,4.0000,0.0000500000,4.0000,0.000000,0.000000,0.0000,,NO
2026-09-07T09:26:31+00:00,RAYUSDT,short Bitget / long Gate,-0.0000670000,4.0000,-0.0002230000,4.0000,0.390000,3.120000,34.1640,9.615,YES
2026-09-07T09:26:31+00:00,FLOCKUSDT,flat,0.0000500000,4.0000,0.0001000000,8.0000,0.000000,0.000000,0.0000,,NO
2026-09-07T09:26:31+00:00,LTCUSDT,short Bitget / long Gate,0.0000970000,8.0000,0.0000930000,8.0000,0.005000,0.040000,0.4380,750.000,NO
2026-09-07T09:26:31+00:00,DOTUSDT,flat,0.0001000000,8.0000,0.0001000000,8.0000,0.000000,0.000000,0.0000,,NO
2026-09-07T09:26:31+00:00,PUMPUSDT,flat,0.0000500000,4.0000,0.0000500000,4.0000,0.000000,0.000000,0.0000,,NO
2026-09-07T09:26:31+00:00,AVAXUSDT,flat,0.0001000000,8.0000,0.0001000000,8.0000,0.000000,0.000000,0.0000,,NO
2026-09-07T09:26:31+00:00,DASHUSDT,short Bitget / long Gate,0.0001000000,8.0000,0.0000320000,8.0000,0.085000,0.680000,7.4460,44.118,NO
2026-09-07T09:29:24+00:00,BTCUSDT,short Bitget / long Gate,0.0000760000,8.0000,0.0000230000,8.0000,0.066250,0.530000,5.8035,56.604,NO
2026-09-07T09:29:24+00:00,ETHUSDT,short Bitget / long Gate,0.0000460000,8.0000,0.0000450000,8.0000,0.001250,0.010000,0.1095,3000.000,NO
2026-09-07T09:29:24+00:00,ZECUSDT,long Bitget / short Gate,-0.0000260000,8.0000,0.0001000000,8.0000,-0.157500,-1.260000,13.7970,23.810,NO
2026-09-07T09:29:24+00:00,SOLUSDT,long Bitget / short Gate,0.0000850000,8.0000,0.0001000000,8.0000,-0.018750,-0.150000,1.6425,200.000,NO
2026-09-07T09:29:24+00:00,DOGEUSDT,flat,0.0001000000,8.0000,0.0001000000,8.0000,0.000000,0.000000,0.0000,,NO
2026-09-07T09:29:24+00:00,XRPUSDT,short Bitget / long Gate,0.0001000000,8.0000,0.0000770000,8.0000,0.028750,0.230000,2.5185,130.435,NO
2026-09-07T09:29:24+00:00,HYPEUSDT,short Bitget / long Gate,0.0000500000,4.0000,0.0000210000,4.0000,0.072500,0.580000,6.3510,51.724,NO
2026-09-07T09:29:24+00:00,PONSUSDT,long Bitget / short Gate,0.0003750000,4.0000,0.0007830000,4.0000,-1.020000,-8.160000,89.3520,3.676,YES
2026-09-07T09:29:24+00:00,XAUUSDT,flat,0.0000000000,4.0000,0.0000000000,4.0000,0.000000,0.000000,0.0000,,NO
2026-09-07T09:29:24+00:00,ADAUSDT,flat,0.0001000000,8.0000,0.0001000000,8.0000,0.000000,0.000000,0.0000,,NO
2026-09-07T09:29:24+00:00,SUIUSDT,short Bitget / long Gate,0.0001000000,8.0000,0.0000060000,8.0000,0.117500,0.940000,10.2930,31.915,NO
2026-09-07T09:29:24+00:00,SKHYNIXUSDT,flat,0.0000000000,4.0000,0.0000000000,4.0000,0.000000,0.000000,0.0000,,NO
2026-09-07T09:29:24+00:00,MUUSDT,short Bitget / long Gate,0.0000420000,8.0000,0.0000000000,8.0000,0.052500,0.420000,4.5990,71.429,NO
2026-09-07T09:29:24+00:00,SNDKUSDT,flat,0.0000000000,8.0000,0.0000000000,8.0000,0.000000,0.000000,0.0000,,NO
2026-09-07T09:29:24+00:00,XAGUSDT,long Bitget / short Gate,0.0000000000,4.0000,0.0000250000,4.0000,-0.062500,-0.500000,5.4750,60.000,NO
2026-09-07T09:29:24+00:00,UNIUSDT,long Bitget / short Gate,0.0000820000,8.0000,0.0001000000,8.0000,-0.022500,-0.180000,1.9710,166.667,NO
2026-09-07T09:29:24+00:00,TAOUSDT,flat,0.0000500000,4.0000,0.0000500000,4.0000,0.000000,0.000000,0.0000,,NO
2026-09-07T09:29:24+00:00,ARBUSDT,flat,0.0001000000,8.0000,0.0001000000,8.0000,0.000000,0.000000,0.0000,,NO
2026-09-07T09:29:24+00:00,SOXLUSDT,long Bitget / short Gate,0.0000000000,8.0000,0.0002250000,8.0000,-0.281250,-2.250000,24.6375,13.333,YES
2026-09-07T09:29:24+00:00,MARSCOINUSDT,long Bitget / short Gate,0.0000500000,4.0000,0.0001930000,4.0000,-0.357500,-2.860000,31.3170,10.490,YES
2026-09-07T09:29:24+00:00,WLDUSDT,short Bitget / long Gate,0.0001000000,8.0000,-0.0000150000,8.0000,0.143750,1.150000,12.5925,26.087,NO
2026-09-07T09:29:24+00:00,LINKUSDT,flat,0.0001000000,8.0000,0.0001000000,8.0000,0.000000,0.000000,0.0000,,NO
2026-09-07T09:29:24+00:00,USELESSUSDT,long Bitget / short Gate,0.0000500000,4.0000,0.0001920000,4.0000,-0.355000,-2.840000,31.0980,10.563,YES
2026-09-07T09:29:24+00:00,TRUMPUSDT,short Bitget / long Gate,0.0000500000,4.0000,-0.0000400000,4.0000,0.225000,1.800000,19.7100,16.667,NO
2026-09-07T09:29:24+00:00,AKEUSDT,long Bitget / short Gate,-0.0009040000,4.0000,-0.0007180000,4.0000,-0.465000,-3.720000,40.7340,8.065,YES
2026-09-07T09:29:24+00:00,CLUSDT,long Bitget / short Gate,-0.0003800000,4.0000,-0.0001420000,8.0000,-0.772500,-6.180000,67.6710,4.854,YES
2026-09-07T09:29:24+00:00,NEARUSDT,flat,0.0001000000,8.0000,0.0001000000,8.0000,0.000000,0.000000,0.0000,,NO
2026-09-07T09:29:24+00:00,PEPEUSDT,flat,0.0001000000,8.0000,0.0001000000,8.0000,0.000000,0.000000,0.0000,,NO
2026-09-07T09:29:24+00:00,UAIUSDT,flat,0.0000500000,4.0000,0.0001000000,8.0000,0.000000,0.000000,0.0000,,NO
2026-09-07T09:29:24+00:00,BNBUSDT,flat,0.0001000000,8.0000,0.0001000000,8.0000,0.000000,0.000000,0.0000,,NO
2026-09-07T09:29:24+00:00,ENAUSDT,flat,0.0000500000,4.0000,0.0000500000,4.0000,0.000000,0.000000,0.0000,,NO
2026-09-07T09:29:24+00:00,ONDOUSDT,flat,0.0000500000,4.0000,0.0000500000,4.0000,0.000000,0.000000,0.0000,,NO
2026-09-07T09:29:24+00:00,RAYUSDT,short Bitget / long Gate,-0.0000650000,4.0000,-0.0002220000,4.0000,0.392500,3.140000,34.3830,9.554,YES
2026-09-07T09:29:24+00:00,FLOCKUSDT,flat,0.0000500000,4.0000,0.0001000000,8.0000,0.000000,0.000000,0.0000,,NO
2026-09-07T09:29:24+00:00,LTCUSDT,short Bitget / long Gate,0.0000990000,8.0000,0.0000920000,8.0000,0.008750,0.070000,0.7665,428.571,NO
2026-09-07T09:29:24+00:00,DOTUSDT,flat,0.0001000000,8.0000,0.0001000000,8.0000,0.000000,0.000000,0.0000,,NO
2026-09-07T09:29:24+00:00,PUMPUSDT,flat,0.0000500000,4.0000,0.0000500000,4.0000,0.000000,0.000000,0.0000,,NO
2026-09-07T09:29:24+00:00,AVAXUSDT,flat,0.0001000000,8.0000,0.0001000000,8.0000,0.000000,0.000000,0.0000,,NO
2026-09-07T09:29:24+00:00,DASHUSDT,short Bitget / long Gate,0.0001000000,8.0000,0.0000170000,8.0000,0.103750,0.830000,9.0885,36.145,NO
2026-09-07T09:32:16+00:00,BTCUSDT,short Bitget / long Gate,0.0000760000,8.0000,0.0000190000,8.0000,0.071250,0.570000,6.2415,52.632,NO
2026-09-07T09:32:16+00:00,ETHUSDT,flat,0.0000450000,8.0000,0.0000450000,8.0000,0.000000,0.000000,0.0000,,NO
2026-09-07T09:32:16+00:00,ZECUSDT,long Bitget / short Gate,-0.0000240000,8.0000,0.0001000000,8.0000,-0.155000,-1.240000,13.5780,24.194,NO
2026-09-07T09:32:16+00:00,SOLUSDT,long Bitget / short Gate,0.0000860000,8.0000,0.0001000000,8.0000,-0.017500,-0.140000,1.5330,214.286,NO
2026-09-07T09:32:16+00:00,DOGEUSDT,flat,0.0001000000,8.0000,0.0001000000,8.0000,0.000000,0.000000,0.0000,,NO
2026-09-07T09:32:16+00:00,XRPUSDT,short Bitget / long Gate,0.0001000000,8.0000,0.0000820000,8.0000,0.022500,0.180000,1.9710,166.667,NO
2026-09-07T09:32:16+00:00,HYPEUSDT,short Bitget / long Gate,0.0000500000,4.0000,0.0000190000,4.0000,0.077500,0.620000,6.7890,48.387,NO
2026-09-07T09:32:16+00:00,PONSUSDT,long Bitget / short Gate,0.0003800000,4.0000,0.0007130000,4.0000,-0.832500,-6.660000,72.9270,4.505,YES
2026-09-07T09:32:16+00:00,XAUUSDT,flat,0.0000000000,4.0000,0.0000000000,4.0000,0.000000,0.000000,0.0000,,NO
2026-09-07T09:32:16+00:00,ADAUSDT,flat,0.0001000000,8.0000,0.0001000000,8.0000,0.000000,0.000000,0.0000,,NO
2026-09-07T09:32:16+00:00,SUIUSDT,short Bitget / long Gate,0.0001000000,8.0000,0.0000180000,8.0000,0.102500,0.820000,8.9790,36.585,NO
2026-09-07T09:32:16+00:00,SKHYNIXUSDT,flat,0.0000000000,4.0000,0.0000000000,4.0000,0.000000,0.000000,0.0000,,NO
2026-09-07T09:32:16+00:00,MUUSDT,short Bitget / long Gate,0.0000350000,8.0000,0.0000000000,8.0000,0.043750,0.350000,3.8325,85.714,NO
2026-09-07T09:32:16+00:00,SNDKUSDT,flat,0.0000000000,8.0000,0.0000000000,8.0000,0.000000,0.000000,0.0000,,NO
2026-09-07T09:32:16+00:00,XAGUSDT,long Bitget / short Gate,0.0000000000,4.0000,0.0000240000,4.0000,-0.060000,-0.480000,5.2560,62.500,NO
2026-09-07T09:32:16+00:00,UNIUSDT,long Bitget / short Gate,0.0000830000,8.0000,0.0001000000,8.0000,-0.021250,-0.170000,1.8615,176.471,NO
2026-09-07T09:32:16+00:00,TAOUSDT,flat,0.0000500000,4.0000,0.0000500000,4.0000,0.000000,0.000000,0.0000,,NO
2026-09-07T09:32:16+00:00,ARBUSDT,flat,0.0001000000,8.0000,0.0001000000,8.0000,0.000000,0.000000,0.0000,,NO
2026-09-07T09:32:16+00:00,SOXLUSDT,long Bitget / short Gate,0.0000000000,8.0000,0.0001620000,8.0000,-0.202500,-1.620000,17.7390,18.519,NO
2026-09-07T09:32:16+00:00,MARSCOINUSDT,long Bitget / short Gate,0.0000500000,4.0000,0.0001390000,4.0000,-0.222500,-1.780000,19.4910,16.854,NO
2026-09-07T09:32:16+00:00,WLDUSDT,short Bitget / long Gate,0.0001000000,8.0000,-0.0000040000,8.0000,0.130000,1.040000,11.3880,28.846,NO
2026-09-07T09:32:16+00:00,USELESSUSDT,long Bitget / short Gate,0.0000500000,4.0000,0.0001730000,4.0000,-0.307500,-2.460000,26.9370,12.195,YES
2026-09-07T09:32:16+00:00,LINKUSDT,flat,0.0001000000,8.0000,0.0001000000,8.0000,0.000000,0.000000,0.0000,,NO
2026-09-07T09:32:16+00:00,TRUMPUSDT,short Bitget / long Gate,0.0000500000,4.0000,-0.0000360000,4.0000,0.215000,1.720000,18.8340,17.442,NO
2026-09-07T09:32:16+00:00,AKEUSDT,long Bitget / short Gate,-0.0008910000,4.0000,-0.0007110000,4.0000,-0.450000,-3.600000,39.4200,8.333,YES
2026-09-07T09:32:16+00:00,CLUSDT,long Bitget / short Gate,-0.0003850000,4.0000,-0.0001480000,8.0000,-0.777500,-6.220000,68.1090,4.823,YES
2026-09-07T09:32:16+00:00,NEARUSDT,flat,0.0001000000,8.0000,0.0001000000,8.0000,0.000000,0.000000,0.0000,,NO
2026-09-07T09:32:16+00:00,PEPEUSDT,flat,0.0001000000,8.0000,0.0001000000,8.0000,0.000000,0.000000,0.0000,,NO
2026-09-07T09:32:16+00:00,UAIUSDT,flat,0.0000500000,4.0000,0.0001000000,8.0000,0.000000,0.000000,0.0000,,NO
2026-09-07T09:32:16+00:00,BNBUSDT,flat,0.0001000000,8.0000,0.0001000000,8.0000,0.000000,0.000000,0.0000,,NO
2026-09-07T09:32:16+00:00,ENAUSDT,flat,0.0000500000,4.0000,0.0000500000,4.0000,0.000000,0.000000,0.0000,,NO
2026-09-07T09:32:16+00:00,ONDOUSDT,flat,0.0000500000,4.0000,0.0000500000,4.0000,0.000000,0.000000,0.0000,,NO
2026-09-07T09:32:16+00:00,RAYUSDT,short Bitget / long Gate,-0.0000610000,4.0000,-0.0002060000,4.0000,0.362500,2.900000,31.7550,10.345,YES
2026-09-07T09:32:16+00:00,FLOCKUSDT,flat,0.0000500000,4.0000,0.0001000000,8.0000,0.000000,0.000000,0.0000,,NO
2026-09-07T09:32:16+00:00,LTCUSDT,short Bitget / long Gate,0.0001000000,8.0000,0.0000830000,8.0000,0.021250,0.170000,1.8615,176.471,NO
2026-09-07T09:32:16+00:00,DOTUSDT,flat,0.0001000000,8.0000,0.0001000000,8.0000,0.000000,0.000000,0.0000,,NO
2026-09-07T09:32:16+00:00,PUMPUSDT,flat,0.0000500000,4.0000,0.0000500000,4.0000,0.000000,0.000000,0.0000,,NO
2026-09-07T09:32:16+00:00,AVAXUSDT,flat,0.0001000000,8.0000,0.0001000000,8.0000,0.000000,0.000000,0.0000,,NO
2026-09-07T09:32:16+00:00,DASHUSDT,short Bitget / long Gate,0.0001000000,8.0000,0.0000130000,8.0000,0.108750,0.870000,9.5265,34.483,NO
2026-09-07T09:35:08+00:00,BTCUSDT,short Bitget / long Gate,0.0000760000,8.0000,0.0000110000,8.0000,0.081250,0.650000,7.1175,46.154,NO
2026-09-07T09:35:08+00:00,ETHUSDT,short Bitget / long Gate,0.0000440000,8.0000,0.0000400000,8.0000,0.005000,0.040000,0.4380,750.000,NO
2026-09-07T09:35:08+00:00,ZECUSDT,long Bitget / short Gate,-0.0000230000,8.0000,0.0001000000,8.0000,-0.153750,-1.230000,13.4685,24.390,NO
2026-09-07T09:35:08+00:00,SOLUSDT,long Bitget / short Gate,0.0000860000,8.0000,0.0001000000,8.0000,-0.017500,-0.140000,1.5330,214.286,NO
2026-09-07T09:35:08+00:00,DOGEUSDT,flat,0.0001000000,8.0000,0.0001000000,8.0000,0.000000,0.000000,0.0000,,NO
2026-09-07T09:35:08+00:00,XRPUSDT,short Bitget / long Gate,0.0001000000,8.0000,0.0000760000,8.0000,0.030000,0.240000,2.6280,125.000,NO
2026-09-07T09:35:08+00:00,HYPEUSDT,short Bitget / long Gate,0.0000500000,4.0000,0.0000160000,4.0000,0.085000,0.680000,7.4460,44.118,NO
2026-09-07T09:35:08+00:00,PONSUSDT,long Bitget / short Gate,0.0003850000,4.0000,0.0007130000,4.0000,-0.820000,-6.560000,71.8320,4.573,YES
2026-09-07T09:35:08+00:00,XAUUSDT,flat,0.0000000000,4.0000,0.0000000000,4.0000,0.000000,0.000000,0.0000,,NO
2026-09-07T09:35:08+00:00,ADAUSDT,short Bitget / long Gate,0.0001000000,8.0000,0.0000880000,8.0000,0.015000,0.120000,1.3140,250.000,NO
2026-09-07T09:35:08+00:00,SUIUSDT,short Bitget / long Gate,0.0001000000,8.0000,0.0000160000,8.0000,0.105000,0.840000,9.1980,35.714,NO
2026-09-07T09:35:08+00:00,SKHYNIXUSDT,flat,0.0000000000,4.0000,0.0000000000,4.0000,0.000000,0.000000,0.0000,,NO
2026-09-07T09:35:08+00:00,MUUSDT,short Bitget / long Gate,0.0000250000,8.0000,0.0000000000,8.0000,0.031250,0.250000,2.7375,120.000,NO
2026-09-07T09:35:08+00:00,SNDKUSDT,flat,0.0000000000,8.0000,0.0000000000,8.0000,0.000000,0.000000,0.0000,,NO
2026-09-07T09:35:08+00:00,XAGUSDT,long Bitget / short Gate,0.0000070000,4.0000,0.0000230000,4.0000,-0.040000,-0.320000,3.5040,93.750,NO
2026-09-07T09:35:08+00:00,UNIUSDT,long Bitget / short Gate,0.0000840000,8.0000,0.0001000000,8.0000,-0.020000,-0.160000,1.7520,187.500,NO
2026-09-07T09:35:08+00:00,TAOUSDT,flat,0.0000500000,4.0000,0.0000500000,4.0000,0.000000,0.000000,0.0000,,NO
2026-09-07T09:35:08+00:00,ARBUSDT,flat,0.0001000000,8.0000,0.0001000000,8.0000,0.000000,0.000000,0.0000,,NO
2026-09-07T09:35:08+00:00,SOXLUSDT,long Bitget / short Gate,0.0000000000,8.0000,0.0001210000,8.0000,-0.151250,-1.210000,13.2495,24.793,NO
2026-09-07T09:35:08+00:00,MARSCOINUSDT,long Bitget / short Gate,0.0000500000,4.0000,0.0001410000,4.0000,-0.227500,-1.820000,19.9290,16.484,NO
2026-09-07T09:35:08+00:00,WLDUSDT,short Bitget / long Gate,0.0001000000,8.0000,0.0000180000,8.0000,0.102500,0.820000,8.9790,36.585,NO
2026-09-07T09:35:08+00:00,USELESSUSDT,long Bitget / short Gate,0.0000500000,4.0000,0.0001770000,4.0000,-0.317500,-2.540000,27.8130,11.811,YES
2026-09-07T09:35:08+00:00,LINKUSDT,flat,0.0001000000,8.0000,0.0001000000,8.0000,0.000000,0.000000,0.0000,,NO
2026-09-07T09:35:08+00:00,TRUMPUSDT,short Bitget / long Gate,0.0000500000,4.0000,-0.0000420000,4.0000,0.230000,1.840000,20.1480,16.304,NO
2026-09-07T09:35:08+00:00,AKEUSDT,long Bitget / short Gate,-0.0008670000,4.0000,-0.0006950000,4.0000,-0.430000,-3.440000,37.6680,8.721,YES
2026-09-07T09:35:08+00:00,CLUSDT,long Bitget / short Gate,-0.0003910000,4.0000,-0.0001550000,8.0000,-0.783750,-6.270000,68.6565,4.785,YES
2026-09-07T09:35:08+00:00,NEARUSDT,flat,0.0001000000,8.0000,0.0001000000,8.0000,0.000000,0.000000,0.0000,,NO
2026-09-07T09:35:08+00:00,PEPEUSDT,flat,0.0001000000,8.0000,0.0001000000,8.0000,0.000000,0.000000,0.0000,,NO
2026-09-07T09:35:08+00:00,UAIUSDT,flat,0.0000500000,4.0000,0.0001000000,8.0000,0.000000,0.000000,0.0000,,NO
2026-09-07T09:35:08+00:00,BNBUSDT,flat,0.0001000000,8.0000,0.0001000000,8.0000,0.000000,0.000000,0.0000,,NO
2026-09-07T09:35:08+00:00,ENAUSDT,flat,0.0000500000,4.0000,0.0000500000,4.0000,0.000000,0.000000,0.0000,,NO
2026-09-07T09:35:08+00:00,ONDOUSDT,flat,0.0000500000,4.0000,0.0000500000,4.0000,0.000000,0.000000,0.0000,,NO
2026-09-07T09:35:08+00:00,RAYUSDT,short Bitget / long Gate,-0.0000560000,4.0000,-0.0001850000,4.0000,0.322500,2.580000,28.2510,11.628,YES
2026-09-07T09:35:08+00:00,FLOCKUSDT,flat,0.0000500000,4.0000,0.0001000000,8.0000,0.000000,0.000000,0.0000,,NO
2026-09-07T09:35:08+00:00,LTCUSDT,short Bitget / long Gate,0.0001000000,8.0000,0.0000960000,8.0000,0.005000,0.040000,0.4380,750.000,NO
2026-09-07T09:35:08+00:00,DOTUSDT,flat,0.0001000000,8.0000,0.0001000000,8.0000,0.000000,0.000000,0.0000,,NO
2026-09-07T09:35:08+00:00,PUMPUSDT,flat,0.0000500000,4.0000,0.0000500000,4.0000,0.000000,0.000000,0.0000,,NO
2026-09-07T09:35:08+00:00,AVAXUSDT,flat,0.0001000000,8.0000,0.0001000000,8.0000,0.000000,0.000000,0.0000,,NO
2026-09-07T09:35:08+00:00,DASHUSDT,short Bitget / long Gate,0.0001000000,8.0000,-0.0000060000,8.0000,0.132500,1.060000,11.6070,28.302,NO
2026-09-07T10:15:58+00:00,BTCUSDT,short Bitget / long Gate,0.0000800000,8.0000,0.0000070000,8.0000,0.091250,0.730000,7.9935,41.096,NO
2026-09-07T10:15:58+00:00,ETHUSDT,short Bitget / long Gate,0.0000350000,8.0000,0.0000190000,8.0000,0.020000,0.160000,1.7520,187.500,NO
2026-09-07T10:15:58+00:00,ZECUSDT,short Bitget / long Gate,-0.0000660000,8.0000,-0.0001890000,8.0000,0.153750,1.230000,13.4685,24.390,NO
2026-09-07T10:15:58+00:00,SOLUSDT,short Bitget / long Gate,0.0000890000,8.0000,0.0000830000,8.0000,0.007500,0.060000,0.6570,500.000,NO
2026-09-07T10:15:58+00:00,DOGEUSDT,flat,0.0001000000,8.0000,0.0001000000,8.0000,0.000000,0.000000,0.0000,,NO
2026-09-07T10:15:58+00:00,XRPUSDT,short Bitget / long Gate,0.0001000000,8.0000,0.0000950000,8.0000,0.006250,0.050000,0.5475,600.000,NO
2026-09-07T10:15:58+00:00,HYPEUSDT,short Bitget / long Gate,0.0000500000,4.0000,-0.0000170000,4.0000,0.167500,1.340000,14.6730,22.388,NO
2026-09-07T10:15:58+00:00,PONSUSDT,long Bitget / short Gate,0.0003600000,4.0000,0.0010620000,4.0000,-1.755000,-14.040000,153.7380,2.137,YES
2026-09-07T10:15:58+00:00,XAUUSDT,short Bitget / long Gate,0.0000690000,4.0000,0.0000000000,4.0000,0.172500,1.380000,15.1110,21.739,NO
2026-09-07T10:15:58+00:00,ADAUSDT,short Bitget / long Gate,0.0001000000,8.0000,0.0000610000,8.0000,0.048750,0.390000,4.2705,76.923,NO
2026-09-07T10:15:58+00:00,SUIUSDT,short Bitget / long Gate,0.0001000000,8.0000,-0.0000160000,8.0000,0.145000,1.160000,12.7020,25.862,NO
2026-09-07T10:15:58+00:00,SKHYNIXUSDT,flat,0.0000000000,4.0000,0.0000000000,4.0000,0.000000,0.000000,0.0000,,NO
2026-09-07T10:15:58+00:00,MUUSDT,flat,0.0000000000,8.0000,0.0000000000,8.0000,0.000000,0.000000,0.0000,,NO
2026-09-07T10:15:58+00:00,SNDKUSDT,flat,0.0000000000,8.0000,0.0000000000,8.0000,0.000000,0.000000,0.0000,,NO
2026-09-07T10:15:58+00:00,XAGUSDT,short Bitget / long Gate,0.0000830000,4.0000,0.0000190000,4.0000,0.160000,1.280000,14.0160,23.438,NO
2026-09-07T10:15:58+00:00,UNIUSDT,long Bitget / short Gate,0.0000880000,8.0000,0.0001000000,8.0000,-0.015000,-0.120000,1.3140,250.000,NO
2026-09-07T10:15:58+00:00,TAOUSDT,flat,0.0000500000,4.0000,0.0000500000,4.0000,0.000000,0.000000,0.0000,,NO
2026-09-07T10:15:58+00:00,ARBUSDT,flat,0.0001000000,8.0000,0.0001000000,8.0000,0.000000,0.000000,0.0000,,NO
2026-09-07T10:15:58+00:00,WLDUSDT,flat,0.0001000000,8.0000,0.0001000000,8.0000,0.000000,0.000000,0.0000,,NO
2026-09-07T10:15:58+00:00,SOXLUSDT,flat,0.0000000000,8.0000,0.0000000000,8.0000,0.000000,0.000000,0.0000,,NO
2026-09-07T10:15:58+00:00,LINKUSDT,flat,0.0001000000,8.0000,0.0001000000,8.0000,0.000000,0.000000,0.0000,,NO
2026-09-07T10:15:58+00:00,MARSCOINUSDT,long Bitget / short Gate,0.0000500000,4.0000,0.0001030000,4.0000,-0.132500,-1.060000,11.6070,28.302,NO
2026-09-07T10:15:58+00:00,USELESSUSDT,long Bitget / short Gate,0.0000500000,4.0000,0.0001400000,4.0000,-0.225000,-1.800000,19.7100,16.667,NO
2026-09-07T10:15:58+00:00,TRUMPUSDT,short Bitget / long Gate,0.0000500000,4.0000,-0.0000100000,4.0000,0.150000,1.200000,13.1400,25.000,NO
2026-09-07T10:15:58+00:00,AKEUSDT,short Bitget / long Gate,-0.0005360000,4.0000,-0.0005780000,4.0000,0.105000,0.840000,9.1980,35.714,NO
2026-09-07T10:15:58+00:00,CLUSDT,long Bitget / short Gate,-0.0004080000,4.0000,-0.0001860000,8.0000,-0.787500,-6.300000,68.9850,4.762,YES
2026-09-07T10:15:58+00:00,PEPEUSDT,flat,0.0001000000,8.0000,0.0001000000,8.0000,0.000000,0.000000,0.0000,,NO
2026-09-07T10:15:58+00:00,UAIUSDT,flat,0.0000500000,4.0000,0.0001000000,8.0000,0.000000,0.000000,0.0000,,NO
2026-09-07T10:15:58+00:00,NEARUSDT,flat,0.0001000000,8.0000,0.0001000000,8.0000,0.000000,0.000000,0.0000,,NO
2026-09-07T10:15:58+00:00,BNBUSDT,flat,0.0001000000,8.0000,0.0001000000,8.0000,0.000000,0.000000,0.0000,,NO
2026-09-07T10:15:58+00:00,ENAUSDT,flat,0.0000500000,4.0000,0.0000500000,4.0000,0.000000,0.000000,0.0000,,NO
2026-09-07T10:15:58+00:00,ONDOUSDT,flat,0.0000500000,4.0000,0.0000500000,4.0000,0.000000,0.000000,0.0000,,NO
2026-09-07T10:15:58+00:00,RAYUSDT,short Bitget / long Gate,-0.0000220000,4.0000,-0.0001540000,4.0000,0.330000,2.640000,28.9080,11.364,YES
2026-09-07T10:15:58+00:00,LTCUSDT,short Bitget / long Gate,0.0001000000,8.0000,0.0000300000,8.0000,0.087500,0.700000,7.6650,42.857,NO
2026-09-07T10:15:58+00:00,FLOCKUSDT,flat,0.0000500000,4.0000,0.0001000000,8.0000,0.000000,0.000000,0.0000,,NO
2026-09-07T10:15:58+00:00,DOTUSDT,flat,0.0001000000,8.0000,0.0001000000,8.0000,0.000000,0.000000,0.0000,,NO
2026-09-07T10:15:58+00:00,PUMPUSDT,flat,0.0000500000,4.0000,0.0000500000,4.0000,0.000000,0.000000,0.0000,,NO
2026-09-07T10:15:58+00:00,AVAXUSDT,long Bitget / short Gate,0.0000950000,8.0000,0.0001000000,8.0000,-0.006250,-0.050000,0.5475,600.000,NO
2026-09-07T10:15:58+00:00,DASHUSDT,short Bitget / long Gate,0.0001000000,8.0000,0.0000850000,8.0000,0.018750,0.150000,1.6425,200.000,NO
2026-09-07T13:48:28+00:00,BTCUSDT,short Bitget / long Gate,0.0000910000,8.0000,0.0000190000,8.0000,0.090000,0.720000,7.8840,41.667,NO
2026-09-07T13:48:28+00:00,ETHUSDT,short Bitget / long Gate,0.0000650000,8.0000,0.0000530000,8.0000,0.015000,0.120000,1.3140,250.000,NO
2026-09-07T13:48:28+00:00,ZECUSDT,long Bitget / short Gate,-0.0000410000,8.0000,0.0000630000,8.0000,-0.130000,-1.040000,11.3880,28.846,NO
2026-09-07T13:48:28+00:00,SOLUSDT,flat,0.0001000000,8.0000,0.0001000000,8.0000,0.000000,0.000000,0.0000,,NO
2026-09-07T13:48:28+00:00,DOGEUSDT,flat,0.0001000000,8.0000,0.0001000000,8.0000,0.000000,0.000000,0.0000,,NO
2026-09-07T13:48:28+00:00,XRPUSDT,flat,0.0001000000,8.0000,0.0001000000,8.0000,0.000000,0.000000,0.0000,,NO
2026-09-07T13:48:28+00:00,XAUUSDT,short Bitget / long Gate,0.0001290000,4.0000,0.0000000000,4.0000,0.322500,2.580000,28.2510,11.628,YES
2026-09-07T13:48:28+00:00,HYPEUSDT,short Bitget / long Gate,0.0000500000,4.0000,-0.0000200000,4.0000,0.175000,1.400000,15.3300,21.429,NO
2026-09-07T13:48:28+00:00,PONSUSDT,long Bitget / short Gate,0.0001730000,4.0000,0.0018460000,4.0000,-4.182500,-33.460000,366.3870,0.897,YES
2026-09-07T13:48:28+00:00,ADAUSDT,flat,0.0001000000,8.0000,0.0001000000,8.0000,0.000000,0.000000,0.0000,,NO
2026-09-07T13:48:28+00:00,SUIUSDT,short Bitget / long Gate,0.0001000000,8.0000,0.0000030000,8.0000,0.121250,0.970000,10.6215,30.928,NO
2026-09-07T13:48:28+00:00,XAGUSDT,short Bitget / long Gate,0.0000890000,4.0000,0.0000430000,4.0000,0.115000,0.920000,10.0740,32.609,NO
2026-09-07T13:48:28+00:00,MUUSDT,flat,0.0000000000,8.0000,0.0000000000,8.0000,0.000000,0.000000,0.0000,,NO
2026-09-07T13:48:28+00:00,SKHYNIXUSDT,flat,0.0000000000,4.0000,0.0000000000,4.0000,0.000000,0.000000,0.0000,,NO
2026-09-07T13:48:28+00:00,SNDKUSDT,flat,0.0000000000,8.0000,0.0000000000,8.0000,0.000000,0.000000,0.0000,,NO
2026-09-07T13:48:28+00:00,UNIUSDT,flat,0.0001000000,8.0000,0.0001000000,8.0000,0.000000,0.000000,0.0000,,NO
2026-09-07T13:48:28+00:00,CLUSDT,long Bitget / short Gate,-0.0004960000,4.0000,-0.0004370000,8.0000,-0.693750,-5.550000,60.7725,5.405,YES
2026-09-07T13:48:28+00:00,TAOUSDT,flat,0.0000500000,4.0000,0.0000500000,4.0000,0.000000,0.000000,0.0000,,NO
2026-09-07T13:48:28+00:00,WLDUSDT,flat,0.0001000000,8.0000,0.0001000000,8.0000,0.000000,0.000000,0.0000,,NO
2026-09-07T13:48:28+00:00,USELESSUSDT,short Bitget / long Gate,0.0000700000,4.0000,0.0000500000,4.0000,0.050000,0.400000,4.3800,75.000,NO
2026-09-07T13:48:28+00:00,SOXLUSDT,flat,0.0000000000,8.0000,0.0000000000,8.0000,0.000000,0.000000,0.0000,,NO
2026-09-07T13:48:28+00:00,AKEUSDT,long Bitget / short Gate,-0.0003780000,4.0000,-0.0003580000,4.0000,-0.050000,-0.400000,4.3800,75.000,NO
2026-09-07T13:48:28+00:00,ARBUSDT,short Bitget / long Gate,0.0001000000,8.0000,0.0000550000,8.0000,0.056250,0.450000,4.9275,66.667,NO
2026-09-07T13:48:28+00:00,LINKUSDT,flat,0.0001000000,8.0000,0.0001000000,8.0000,0.000000,0.000000,0.0000,,NO
2026-09-07T13:48:28+00:00,TRUMPUSDT,flat,0.0000500000,4.0000,0.0000500000,4.0000,0.000000,0.000000,0.0000,,NO
2026-09-07T13:48:28+00:00,MARSCOINUSDT,flat,0.0000500000,4.0000,0.0000500000,4.0000,0.000000,0.000000,0.0000,,NO
2026-09-07T13:48:28+00:00,PUMPUSDT,flat,0.0000500000,4.0000,0.0000500000,4.0000,0.000000,0.000000,0.0000,,NO
2026-09-07T13:48:28+00:00,PEPEUSDT,flat,0.0001000000,8.0000,0.0001000000,8.0000,0.000000,0.000000,0.0000,,NO
2026-09-07T13:48:28+00:00,LTCUSDT,short Bitget / long Gate,0.0001000000,8.0000,0.0000240000,8.0000,0.095000,0.760000,8.3220,39.474,NO
2026-09-07T13:48:28+00:00,UAIUSDT,flat,0.0000500000,4.0000,0.0001000000,8.0000,0.000000,0.000000,0.0000,,NO
2026-09-07T13:48:28+00:00,ENAUSDT,flat,0.0000500000,4.0000,0.0000500000,4.0000,0.000000,0.000000,0.0000,,NO
2026-09-07T13:48:28+00:00,BNBUSDT,flat,0.0001000000,8.0000,0.0001000000,8.0000,0.000000,0.000000,0.0000,,NO
2026-09-07T13:48:28+00:00,NEARUSDT,short Bitget / long Gate,0.0001000000,8.0000,0.0000430000,8.0000,0.071250,0.570000,6.2415,52.632,NO
2026-09-07T13:48:28+00:00,ONDOUSDT,flat,0.0000500000,4.0000,0.0000500000,4.0000,0.000000,0.000000,0.0000,,NO
2026-09-07T13:48:28+00:00,DOTUSDT,flat,0.0001000000,8.0000,0.0001000000,8.0000,0.000000,0.000000,0.0000,,NO
2026-09-07T13:48:28+00:00,AVAXUSDT,flat,0.0001000000,8.0000,0.0001000000,8.0000,0.000000,0.000000,0.0000,,NO
2026-09-07T13:48:28+00:00,BZUSDT,long Bitget / short Gate,-0.0005260000,4.0000,-0.0007460000,8.0000,-0.382500,-3.060000,33.5070,9.804,YES
2026-09-07T13:48:28+00:00,RAYUSDT,flat,0.0000500000,4.0000,0.0000500000,4.0000,0.000000,0.000000,0.0000,,NO
2026-09-07T13:48:28+00:00,SKHYUSDT,flat,0.0000000000,8.0000,0.0000000000,8.0000,0.000000,0.000000,0.0000,,NO
2026-09-07T13:48:28+00:00,SAMSUNGUSDT,flat,0.0000000000,4.0000,0.0000000000,4.0000,0.000000,0.000000,0.0000,,NO
2026-09-07T13:50:58+00:00,BTCUSDT,short Bitget / long Gate,0.0000910000,8.0000,0.0000170000,8.0000,0.092500,0.740000,8.1030,40.541,NO
2026-09-07T13:50:58+00:00,ETHUSDT,short Bitget / long Gate,0.0000660000,8.0000,0.0000510000,8.0000,0.018750,0.150000,1.6425,200.000,NO
2026-09-07T13:50:58+00:00,ZECUSDT,long Bitget / short Gate,-0.0000390000,8.0000,0.0000670000,8.0000,-0.132500,-1.060000,11.6070,28.302,NO
2026-09-07T13:50:58+00:00,SOLUSDT,flat,0.0001000000,8.0000,0.0001000000,8.0000,0.000000,0.000000,0.0000,,NO
2026-09-07T13:50:58+00:00,DOGEUSDT,flat,0.0001000000,8.0000,0.0001000000,8.0000,0.000000,0.000000,0.0000,,NO
2026-09-07T13:50:58+00:00,XRPUSDT,flat,0.0001000000,8.0000,0.0001000000,8.0000,0.000000,0.000000,0.0000,,NO
2026-09-07T13:50:58+00:00,XAUUSDT,short Bitget / long Gate,0.0001270000,4.0000,0.0000000000,4.0000,0.317500,2.540000,27.8130,11.811,YES
2026-09-07T13:50:58+00:00,HYPEUSDT,short Bitget / long Gate,0.0000500000,4.0000,-0.0000110000,4.0000,0.152500,1.220000,13.3590,24.590,NO
2026-09-07T13:50:58+00:00,PONSUSDT,long Bitget / short Gate,0.0001810000,4.0000,0.0018170000,4.0000,-4.090000,-32.720000,358.2840,0.917,YES
2026-09-07T13:50:58+00:00,ADAUSDT,flat,0.0001000000,8.0000,0.0001000000,8.0000,0.000000,0.000000,0.0000,,NO
2026-09-07T13:50:58+00:00,SUIUSDT,short Bitget / long Gate,0.0001000000,8.0000,-0.0000030000,8.0000,0.128750,1.030000,11.2785,29.126,NO
2026-09-07T13:50:58+00:00,XAGUSDT,short Bitget / long Gate,0.0000860000,4.0000,0.0000390000,4.0000,0.117500,0.940000,10.2930,31.915,NO
2026-09-07T13:50:58+00:00,MUUSDT,flat,0.0000000000,8.0000,0.0000000000,8.0000,0.000000,0.000000,0.0000,,NO
2026-09-07T13:50:58+00:00,SKHYNIXUSDT,flat,0.0000000000,4.0000,0.0000000000,4.0000,0.000000,0.000000,0.0000,,NO
2026-09-07T13:50:58+00:00,SNDKUSDT,flat,0.0000000000,8.0000,0.0000000000,8.0000,0.000000,0.000000,0.0000,,NO
2026-09-07T13:50:58+00:00,UNIUSDT,flat,0.0001000000,8.0000,0.0001000000,8.0000,0.000000,0.000000,0.0000,,NO
2026-09-07T13:50:58+00:00,CLUSDT,long Bitget / short Gate,-0.0004960000,4.0000,-0.0004400000,8.0000,-0.690000,-5.520000,60.4440,5.435,YES
2026-09-07T13:50:58+00:00,TAOUSDT,flat,0.0000500000,4.0000,0.0000500000,4.0000,0.000000,0.000000,0.0000,,NO
2026-09-07T13:50:58+00:00,WLDUSDT,flat,0.0001000000,8.0000,0.0001000000,8.0000,0.000000,0.000000,0.0000,,NO
2026-09-07T13:50:58+00:00,USELESSUSDT,short Bitget / long Gate,0.0000780000,4.0000,0.0000500000,4.0000,0.070000,0.560000,6.1320,53.571,NO
2026-09-07T13:50:58+00:00,SOXLUSDT,flat,0.0000000000,8.0000,0.0000000000,8.0000,0.000000,0.000000,0.0000,,NO
2026-09-07T13:50:58+00:00,AKEUSDT,long Bitget / short Gate,-0.0003660000,4.0000,-0.0003540000,4.0000,-0.030000,-0.240000,2.6280,125.000,NO
2026-09-07T13:50:58+00:00,ARBUSDT,short Bitget / long Gate,0.0001000000,8.0000,0.0000530000,8.0000,0.058750,0.470000,5.1465,63.830,NO
2026-09-07T13:50:58+00:00,LINKUSDT,short Bitget / long Gate,0.0001000000,8.0000,0.0000990000,8.0000,0.001250,0.010000,0.1095,3000.000,NO
2026-09-07T13:50:58+00:00,TRUMPUSDT,flat,0.0000500000,4.0000,0.0000500000,4.0000,0.000000,0.000000,0.0000,,NO
2026-09-07T13:50:58+00:00,MARSCOINUSDT,flat,0.0000500000,4.0000,0.0000500000,4.0000,0.000000,0.000000,0.0000,,NO
2026-09-07T13:50:58+00:00,PUMPUSDT,flat,0.0000500000,4.0000,0.0000500000,4.0000,0.000000,0.000000,0.0000,,NO
2026-09-07T13:50:58+00:00,PEPEUSDT,flat,0.0001000000,8.0000,0.0001000000,8.0000,0.000000,0.000000,0.0000,,NO
2026-09-07T13:50:58+00:00,LTCUSDT,short Bitget / long Gate,0.0001000000,8.0000,0.0000220000,8.0000,0.097500,0.780000,8.5410,38.462,NO
2026-09-07T13:50:58+00:00,UAIUSDT,flat,0.0000500000,4.0000,0.0001000000,8.0000,0.000000,0.000000,0.0000,,NO
2026-09-07T13:50:58+00:00,ENAUSDT,flat,0.0000500000,4.0000,0.0000500000,4.0000,0.000000,0.000000,0.0000,,NO
2026-09-07T13:50:58+00:00,BNBUSDT,flat,0.0001000000,8.0000,0.0001000000,8.0000,0.000000,0.000000,0.0000,,NO
2026-09-07T13:50:58+00:00,NEARUSDT,short Bitget / long Gate,0.0001000000,8.0000,0.0000450000,8.0000,0.068750,0.550000,6.0225,54.545,NO
2026-09-07T13:50:58+00:00,ONDOUSDT,flat,0.0000500000,4.0000,0.0000500000,4.0000,0.000000,0.000000,0.0000,,NO
2026-09-07T13:50:58+00:00,DOTUSDT,flat,0.0001000000,8.0000,0.0001000000,8.0000,0.000000,0.000000,0.0000,,NO
2026-09-07T13:50:58+00:00,AVAXUSDT,flat,0.0001000000,8.0000,0.0001000000,8.0000,0.000000,0.000000,0.0000,,NO
2026-09-07T13:50:58+00:00,BZUSDT,long Bitget / short Gate,-0.0005270000,4.0000,-0.0007470000,8.0000,-0.383750,-3.070000,33.6165,9.772,YES
2026-09-07T13:50:58+00:00,RAYUSDT,short Bitget / long Gate,0.0000500000,4.0000,0.0000450000,4.0000,0.012500,0.100000,1.0950,300.000,NO
2026-09-07T13:50:58+00:00,SKHYUSDT,flat,0.0000000000,8.0000,0.0000000000,8.0000,0.000000,0.000000,0.0000,,NO
2026-09-07T13:50:58+00:00,SAMSUNGUSDT,flat,0.0000000000,4.0000,0.0000000000,4.0000,0.000000,0.000000,0.0000,,NO
2026-09-07T13:53:28+00:00,BTCUSDT,short Bitget / long Gate,0.0000910000,8.0000,0.0000170000,8.0000,0.092500,0.740000,8.1030,40.541,NO
2026-09-07T13:53:28+00:00,ETHUSDT,short Bitget / long Gate,0.0000660000,8.0000,0.0000520000,8.0000,0.017500,0.140000,1.5330,214.286,NO
2026-09-07T13:53:28+00:00,ZECUSDT,long Bitget / short Gate,-0.0000370000,8.0000,0.0000690000,8.0000,-0.132500,-1.060000,11.6070,28.302,NO
2026-09-07T13:53:28+00:00,SOLUSDT,flat,0.0001000000,8.0000,0.0001000000,8.0000,0.000000,0.000000,0.0000,,NO
2026-09-07T13:53:28+00:00,DOGEUSDT,flat,0.0001000000,8.0000,0.0001000000,8.0000,0.000000,0.000000,0.0000,,NO
2026-09-07T13:53:28+00:00,XRPUSDT,flat,0.0001000000,8.0000,0.0001000000,8.0000,0.000000,0.000000,0.0000,,NO
2026-09-07T13:53:28+00:00,XAUUSDT,short Bitget / long Gate,0.0001250000,4.0000,0.0000000000,4.0000,0.312500,2.500000,27.3750,12.000,YES
2026-09-07T13:53:28+00:00,HYPEUSDT,short Bitget / long Gate,0.0000500000,4.0000,-0.0000070000,4.0000,0.142500,1.140000,12.4830,26.316,NO
2026-09-07T13:53:28+00:00,PONSUSDT,long Bitget / short Gate,0.0001850000,4.0000,0.0018090000,4.0000,-4.060000,-32.480000,355.6560,0.924,YES
2026-09-07T13:53:28+00:00,ADAUSDT,flat,0.0001000000,8.0000,0.0001000000,8.0000,0.000000,0.000000,0.0000,,NO
2026-09-07T13:53:28+00:00,SUIUSDT,short Bitget / long Gate,0.0001000000,8.0000,0.0000000000,8.0000,0.125000,1.000000,10.9500,30.000,NO
2026-09-07T13:53:28+00:00,XAGUSDT,short Bitget / long Gate,0.0000850000,4.0000,0.0000360000,4.0000,0.122500,0.980000,10.7310,30.612,NO
2026-09-07T13:53:28+00:00,MUUSDT,flat,0.0000000000,8.0000,0.0000000000,8.0000,0.000000,0.000000,0.0000,,NO
2026-09-07T13:53:28+00:00,SKHYNIXUSDT,flat,0.0000000000,4.0000,0.0000000000,4.0000,0.000000,0.000000,0.0000,,NO
2026-09-07T13:53:28+00:00,SNDKUSDT,flat,0.0000000000,8.0000,0.0000000000,8.0000,0.000000,0.000000,0.0000,,NO
2026-09-07T13:53:28+00:00,UNIUSDT,flat,0.0001000000,8.0000,0.0001000000,8.0000,0.000000,0.000000,0.0000,,NO
2026-09-07T13:53:28+00:00,CLUSDT,long Bitget / short Gate,-0.0004960000,4.0000,-0.0004440000,8.0000,-0.685000,-5.480000,60.0060,5.474,YES
2026-09-07T13:53:28+00:00,TAOUSDT,flat,0.0000500000,4.0000,0.0000500000,4.0000,0.000000,0.000000,0.0000,,NO
2026-09-07T13:53:28+00:00,WLDUSDT,flat,0.0001000000,8.0000,0.0001000000,8.0000,0.000000,0.000000,0.0000,,NO
2026-09-07T13:53:28+00:00,USELESSUSDT,short Bitget / long Gate,0.0000770000,4.0000,0.0000500000,4.0000,0.067500,0.540000,5.9130,55.556,NO
2026-09-07T13:53:28+00:00,SOXLUSDT,flat,0.0000000000,8.0000,0.0000000000,8.0000,0.000000,0.000000,0.0000,,NO
2026-09-07T13:53:28+00:00,AKEUSDT,short Bitget / long Gate,-0.0003590000,4.0000,-0.0003600000,4.0000,0.002500,0.020000,0.2190,1500.000,NO
2026-09-07T13:53:28+00:00,ARBUSDT,short Bitget / long Gate,0.0001000000,8.0000,0.0000530000,8.0000,0.058750,0.470000,5.1465,63.830,NO
2026-09-07T13:53:28+00:00,LINKUSDT,short Bitget / long Gate,0.0001000000,8.0000,0.0000990000,8.0000,0.001250,0.010000,0.1095,3000.000,NO
2026-09-07T13:53:28+00:00,TRUMPUSDT,flat,0.0000500000,4.0000,0.0000500000,4.0000,0.000000,0.000000,0.0000,,NO
2026-09-07T13:53:28+00:00,MARSCOINUSDT,flat,0.0000500000,4.0000,0.0000500000,4.0000,0.000000,0.000000,0.0000,,NO
2026-09-07T13:53:28+00:00,PUMPUSDT,flat,0.0000500000,4.0000,0.0000500000,4.0000,0.000000,0.000000,0.0000,,NO
2026-09-07T13:53:28+00:00,PEPEUSDT,flat,0.0001000000,8.0000,0.0001000000,8.0000,0.000000,0.000000,0.0000,,NO
2026-09-07T13:53:28+00:00,LTCUSDT,short Bitget / long Gate,0.0001000000,8.0000,0.0000240000,8.0000,0.095000,0.760000,8.3220,39.474,NO
2026-09-07T13:53:28+00:00,UAIUSDT,flat,0.0000500000,4.0000,0.0001000000,8.0000,0.000000,0.000000,0.0000,,NO
2026-09-07T13:53:28+00:00,ENAUSDT,flat,0.0000500000,4.0000,0.0000500000,4.0000,0.000000,0.000000,0.0000,,NO
2026-09-07T13:53:28+00:00,BNBUSDT,flat,0.0001000000,8.0000,0.0001000000,8.0000,0.000000,0.000000,0.0000,,NO
2026-09-07T13:53:28+00:00,NEARUSDT,short Bitget / long Gate,0.0001000000,8.0000,0.0000490000,8.0000,0.063750,0.510000,5.5845,58.824,NO
2026-09-07T13:53:28+00:00,ONDOUSDT,flat,0.0000500000,4.0000,0.0000500000,4.0000,0.000000,0.000000,0.0000,,NO
2026-09-07T13:53:28+00:00,DOTUSDT,flat,0.0001000000,8.0000,0.0001000000,8.0000,0.000000,0.000000,0.0000,,NO
2026-09-07T13:53:28+00:00,AVAXUSDT,flat,0.0001000000,8.0000,0.0001000000,8.0000,0.000000,0.000000,0.0000,,NO
2026-09-07T13:53:28+00:00,BZUSDT,long Bitget / short Gate,-0.0005280000,4.0000,-0.0007480000,8.0000,-0.385000,-3.080000,33.7260,9.740,YES
2026-09-07T13:53:28+00:00,RAYUSDT,short Bitget / long Gate,0.0000500000,4.0000,0.0000480000,4.0000,0.005000,0.040000,0.4380,750.000,NO
2026-09-07T13:53:28+00:00,SKHYUSDT,flat,0.0000000000,8.0000,0.0000000000,8.0000,0.000000,0.000000,0.0000,,NO
2026-09-07T13:53:28+00:00,SAMSUNGUSDT,flat,0.0000000000,4.0000,0.0000000000,4.0000,0.000000,0.000000,0.0000,,NO
2026-09-07T13:55:58+00:00,BTCUSDT,short Bitget / long Gate,0.0000910000,8.0000,0.0000170000,8.0000,0.092500,0.740000,8.1030,40.541,NO
2026-09-07T13:55:58+00:00,ETHUSDT,short Bitget / long Gate,0.0000670000,8.0000,0.0000550000,8.0000,0.015000,0.120000,1.3140,250.000,NO
2026-09-07T13:55:58+00:00,ZECUSDT,long Bitget / short Gate,-0.0000340000,8.0000,0.0000710000,8.0000,-0.131250,-1.050000,11.4975,28.571,NO
2026-09-07T13:55:58+00:00,SOLUSDT,flat,0.0001000000,8.0000,0.0001000000,8.0000,0.000000,0.000000,0.0000,,NO
2026-09-07T13:55:58+00:00,DOGEUSDT,flat,0.0001000000,8.0000,0.0001000000,8.0000,0.000000,0.000000,0.0000,,NO
2026-09-07T13:55:58+00:00,XRPUSDT,flat,0.0001000000,8.0000,0.0001000000,8.0000,0.000000,0.000000,0.0000,,NO
2026-09-07T13:55:58+00:00,XAUUSDT,short Bitget / long Gate,0.0001220000,4.0000,0.0000000000,4.0000,0.305000,2.440000,26.7180,12.295,YES
2026-09-07T13:55:58+00:00,HYPEUSDT,short Bitget / long Gate,0.0000500000,4.0000,-0.0000060000,4.0000,0.140000,1.120000,12.2640,26.786,NO
2026-09-07T13:55:58+00:00,PONSUSDT,long Bitget / short Gate,0.0001960000,4.0000,0.0018060000,4.0000,-4.025000,-32.200000,352.5900,0.932,YES
2026-09-07T13:55:58+00:00,ADAUSDT,flat,0.0001000000,8.0000,0.0001000000,8.0000,0.000000,0.000000,0.0000,,NO
2026-09-07T13:55:58+00:00,SUIUSDT,short Bitget / long Gate,0.0001000000,8.0000,0.0000050000,8.0000,0.118750,0.950000,10.4025,31.579,NO
2026-09-07T13:55:58+00:00,XAGUSDT,short Bitget / long Gate,0.0000830000,4.0000,0.0000330000,4.0000,0.125000,1.000000,10.9500,30.000,NO
2026-09-07T13:55:58+00:00,MUUSDT,flat,0.0000000000,8.0000,0.0000000000,8.0000,0.000000,0.000000,0.0000,,NO
2026-09-07T13:55:58+00:00,SKHYNIXUSDT,flat,0.0000000000,4.0000,0.0000000000,4.0000,0.000000,0.000000,0.0000,,NO
2026-09-07T13:55:58+00:00,SNDKUSDT,flat,0.0000000000,8.0000,0.0000000000,8.0000,0.000000,0.000000,0.0000,,NO
2026-09-07T13:55:58+00:00,UNIUSDT,flat,0.0001000000,8.0000,0.0001000000,8.0000,0.000000,0.000000,0.0000,,NO
2026-09-07T13:55:58+00:00,CLUSDT,long Bitget / short Gate,-0.0004970000,4.0000,-0.0004490000,8.0000,-0.681250,-5.450000,59.6775,5.505,YES
2026-09-07T13:55:58+00:00,TAOUSDT,flat,0.0000500000,4.0000,0.0000500000,4.0000,0.000000,0.000000,0.0000,,NO
2026-09-07T13:55:58+00:00,WLDUSDT,flat,0.0001000000,8.0000,0.0001000000,8.0000,0.000000,0.000000,0.0000,,NO
2026-09-07T13:55:58+00:00,USELESSUSDT,short Bitget / long Gate,0.0000830000,4.0000,0.0000500000,4.0000,0.082500,0.660000,7.2270,45.455,NO
2026-09-07T13:55:58+00:00,SOXLUSDT,flat,0.0000000000,8.0000,0.0000000000,8.0000,0.000000,0.000000,0.0000,,NO
2026-09-07T13:55:58+00:00,AKEUSDT,long Bitget / short Gate,-0.0003450000,4.0000,-0.0003280000,4.0000,-0.042500,-0.340000,3.7230,88.235,NO
2026-09-07T13:55:58+00:00,ARBUSDT,short Bitget / long Gate,0.0001000000,8.0000,0.0000440000,8.0000,0.070000,0.560000,6.1320,53.571,NO
2026-09-07T13:55:58+00:00,LINKUSDT,flat,0.0001000000,8.0000,0.0001000000,8.0000,0.000000,0.000000,0.0000,,NO
2026-09-07T13:55:58+00:00,TRUMPUSDT,flat,0.0000500000,4.0000,0.0000500000,4.0000,0.000000,0.000000,0.0000,,NO
2026-09-07T13:55:58+00:00,MARSCOINUSDT,flat,0.0000500000,4.0000,0.0000500000,4.0000,0.000000,0.000000,0.0000,,NO
2026-09-07T13:55:58+00:00,PUMPUSDT,flat,0.0000500000,4.0000,0.0000500000,4.0000,0.000000,0.000000,0.0000,,NO
2026-09-07T13:55:58+00:00,PEPEUSDT,flat,0.0001000000,8.0000,0.0001000000,8.0000,0.000000,0.000000,0.0000,,NO
2026-09-07T13:55:58+00:00,LTCUSDT,short Bitget / long Gate,0.0001000000,8.0000,0.0000290000,8.0000,0.088750,0.710000,7.7745,42.254,NO
2026-09-07T13:55:58+00:00,UAIUSDT,flat,0.0000500000,4.0000,0.0001000000,8.0000,0.000000,0.000000,0.0000,,NO
2026-09-07T13:55:58+00:00,ENAUSDT,flat,0.0000500000,4.0000,0.0000500000,4.0000,0.000000,0.000000,0.0000,,NO
2026-09-07T13:55:58+00:00,BNBUSDT,flat,0.0001000000,8.0000,0.0001000000,8.0000,0.000000,0.000000,0.0000,,NO
2026-09-07T13:55:58+00:00,NEARUSDT,short Bitget / long Gate,0.0001000000,8.0000,0.0000500000,8.0000,0.062500,0.500000,5.4750,60.000,NO
2026-09-07T13:55:58+00:00,ONDOUSDT,flat,0.0000500000,4.0000,0.0000500000,4.0000,0.000000,0.000000,0.0000,,NO
2026-09-07T13:55:58+00:00,DOTUSDT,flat,0.0001000000,8.0000,0.0001000000,8.0000,0.000000,0.000000,0.0000,,NO
2026-09-07T13:55:58+00:00,AVAXUSDT,flat,0.0001000000,8.0000,0.0001000000,8.0000,0.000000,0.000000,0.0000,,NO
2026-09-07T13:55:58+00:00,BZUSDT,long Bitget / short Gate,-0.0005280000,4.0000,-0.0007470000,8.0000,-0.386250,-3.090000,33.8355,9.709,YES
2026-09-07T13:55:58+00:00,RAYUSDT,short Bitget / long Gate,0.0000500000,4.0000,0.0000460000,4.0000,0.010000,0.080000,0.8760,375.000,NO
2026-09-07T13:55:58+00:00,SKHYUSDT,flat,0.0000000000,8.0000,0.0000000000,8.0000,0.000000,0.000000,0.0000,,NO
2026-09-07T13:55:58+00:00,SAMSUNGUSDT,flat,0.0000000000,4.0000,0.0000000000,4.0000,0.000000,0.000000,0.0000,,NO
2026-09-07T13:57:01+00:00,BTCUSDT,short Bitget / long Gate,0.0000910000,8.0000,0.0000170000,8.0000,0.092500,0.740000,8.1030,40.541,NO
2026-09-07T13:57:01+00:00,ETHUSDT,short Bitget / long Gate,0.0000670000,8.0000,0.0000550000,8.0000,0.015000,0.120000,1.3140,250.000,NO
2026-09-07T13:57:01+00:00,ZECUSDT,long Bitget / short Gate,-0.0000330000,8.0000,0.0000730000,8.0000,-0.132500,-1.060000,11.6070,28.302,NO
2026-09-07T13:57:01+00:00,SOLUSDT,flat,0.0001000000,8.0000,0.0001000000,8.0000,0.000000,0.000000,0.0000,,NO
2026-09-07T13:57:01+00:00,DOGEUSDT,flat,0.0001000000,8.0000,0.0001000000,8.0000,0.000000,0.000000,0.0000,,NO
2026-09-07T13:57:01+00:00,XRPUSDT,flat,0.0001000000,8.0000,0.0001000000,8.0000,0.000000,0.000000,0.0000,,NO
2026-09-07T13:57:01+00:00,XAUUSDT,short Bitget / long Gate,0.0001210000,4.0000,0.0000000000,4.0000,0.302500,2.420000,26.4990,12.397,YES
2026-09-07T13:57:01+00:00,HYPEUSDT,short Bitget / long Gate,0.0000500000,4.0000,-0.0000040000,4.0000,0.135000,1.080000,11.8260,27.778,NO
2026-09-07T13:57:01+00:00,PONSUSDT,long Bitget / short Gate,0.0001990000,4.0000,0.0018030000,4.0000,-4.010000,-32.080000,351.2760,0.935,YES
2026-09-07T13:57:01+00:00,ADAUSDT,flat,0.0001000000,8.0000,0.0001000000,8.0000,0.000000,0.000000,0.0000,,NO
2026-09-07T13:57:01+00:00,SUIUSDT,short Bitget / long Gate,0.0001000000,8.0000,0.0000030000,8.0000,0.121250,0.970000,10.6215,30.928,NO
2026-09-07T13:57:01+00:00,XAGUSDT,short Bitget / long Gate,0.0000820000,4.0000,0.0000330000,4.0000,0.122500,0.980000,10.7310,30.612,NO
2026-09-07T13:57:01+00:00,MUUSDT,flat,0.0000000000,8.0000,0.0000000000,8.0000,0.000000,0.000000,0.0000,,NO
2026-09-07T13:57:01+00:00,SKHYNIXUSDT,flat,0.0000000000,4.0000,0.0000000000,4.0000,0.000000,0.000000,0.0000,,NO
2026-09-07T13:57:01+00:00,SNDKUSDT,flat,0.0000000000,8.0000,0.0000000000,8.0000,0.000000,0.000000,0.0000,,NO
2026-09-07T13:57:01+00:00,UNIUSDT,flat,0.0001000000,8.0000,0.0001000000,8.0000,0.000000,0.000000,0.0000,,NO
2026-09-07T13:57:01+00:00,CLUSDT,long Bitget / short Gate,-0.0004970000,4.0000,-0.0004500000,8.0000,-0.680000,-5.440000,59.5680,5.515,YES
2026-09-07T13:57:01+00:00,TAOUSDT,flat,0.0000500000,4.0000,0.0000500000,4.0000,0.000000,0.000000,0.0000,,NO
2026-09-07T13:57:01+00:00,WLDUSDT,flat,0.0001000000,8.0000,0.0001000000,8.0000,0.000000,0.000000,0.0000,,NO
2026-09-07T13:57:01+00:00,USELESSUSDT,short Bitget / long Gate,0.0000860000,4.0000,0.0000500000,4.0000,0.090000,0.720000,7.8840,41.667,NO
2026-09-07T13:57:01+00:00,SOXLUSDT,flat,0.0000000000,8.0000,0.0000000000,8.0000,0.000000,0.000000,0.0000,,NO
2026-09-07T13:57:01+00:00,AKEUSDT,long Bitget / short Gate,-0.0003410000,4.0000,-0.0003200000,4.0000,-0.052500,-0.420000,4.5990,71.429,NO
2026-09-07T13:57:01+00:00,ARBUSDT,short Bitget / long Gate,0.0001000000,8.0000,0.0000380000,8.0000,0.077500,0.620000,6.7890,48.387,NO
2026-09-07T13:57:01+00:00,LINKUSDT,flat,0.0001000000,8.0000,0.0001000000,8.0000,0.000000,0.000000,0.0000,,NO
2026-09-07T13:57:01+00:00,TRUMPUSDT,flat,0.0000500000,4.0000,0.0000500000,4.0000,0.000000,0.000000,0.0000,,NO
2026-09-07T13:57:01+00:00,MARSCOINUSDT,flat,0.0000500000,4.0000,0.0000500000,4.0000,0.000000,0.000000,0.0000,,NO
2026-09-07T13:57:01+00:00,PUMPUSDT,flat,0.0000500000,4.0000,0.0000500000,4.0000,0.000000,0.000000,0.0000,,NO
2026-09-07T13:57:01+00:00,PEPEUSDT,flat,0.0001000000,8.0000,0.0001000000,8.0000,0.000000,0.000000,0.0000,,NO
2026-09-07T13:57:01+00:00,LTCUSDT,short Bitget / long Gate,0.0001000000,8.0000,0.0000310000,8.0000,0.086250,0.690000,7.5555,43.478,NO
2026-09-07T13:57:01+00:00,UAIUSDT,flat,0.0000500000,4.0000,0.0001000000,8.0000,0.000000,0.000000,0.0000,,NO
2026-09-07T13:57:01+00:00,ENAUSDT,flat,0.0000500000,4.0000,0.0000500000,4.0000,0.000000,0.000000,0.0000,,NO
2026-09-07T13:57:01+00:00,BNBUSDT,flat,0.0001000000,8.0000,0.0001000000,8.0000,0.000000,0.000000,0.0000,,NO
2026-09-07T13:57:01+00:00,NEARUSDT,short Bitget / long Gate,0.0001000000,8.0000,0.0000510000,8.0000,0.061250,0.490000,5.3655,61.224,NO
2026-09-07T13:57:01+00:00,ONDOUSDT,flat,0.0000500000,4.0000,0.0000500000,4.0000,0.000000,0.000000,0.0000,,NO
2026-09-07T13:57:01+00:00,DOTUSDT,flat,0.0001000000,8.0000,0.0001000000,8.0000,0.000000,0.000000,0.0000,,NO
2026-09-07T13:57:01+00:00,AVAXUSDT,flat,0.0001000000,8.0000,0.0001000000,8.0000,0.000000,0.000000,0.0000,,NO
2026-09-07T13:57:01+00:00,BZUSDT,long Bitget / short Gate,-0.0005280000,4.0000,-0.0007470000,8.0000,-0.386250,-3.090000,33.8355,9.709,YES
2026-09-07T13:57:01+00:00,RAYUSDT,short Bitget / long Gate,0.0000500000,4.0000,0.0000450000,4.0000,0.012500,0.100000,1.0950,300.000,NO
2026-09-07T13:57:01+00:00,SKHYUSDT,flat,0.0000000000,8.0000,0.0000000000,8.0000,0.000000,0.000000,0.0000,,NO
2026-09-07T13:57:01+00:00,SAMSUNGUSDT,flat,0.0000000000,4.0000,0.0000000000,4.0000,0.000000,0.000000,0.0000,,NO
2026-09-07T14:02:28+00:00,BTCUSDT,short Bitget / long Gate,0.0000910000,8.0000,0.0000180000,8.0000,0.091250,0.730000,7.9935,41.096,NO
2026-09-07T14:02:28+00:00,ETHUSDT,short Bitget / long Gate,0.0000660000,8.0000,0.0000570000,8.0000,0.011250,0.090000,0.9855,333.333,NO
2026-09-07T14:02:28+00:00,ZECUSDT,long Bitget / short Gate,-0.0000310000,8.0000,0.0000740000,8.0000,-0.131250,-1.050000,11.4975,28.571,NO
2026-09-07T14:02:28+00:00,SOLUSDT,flat,0.0001000000,8.0000,0.0001000000,8.0000,0.000000,0.000000,0.0000,,NO
2026-09-07T14:02:28+00:00,DOGEUSDT,flat,0.0001000000,8.0000,0.0001000000,8.0000,0.000000,0.000000,0.0000,,NO
2026-09-07T14:02:28+00:00,XRPUSDT,flat,0.0001000000,8.0000,0.0001000000,8.0000,0.000000,0.000000,0.0000,,NO
2026-09-07T14:02:28+00:00,XAUUSDT,short Bitget / long Gate,0.0001190000,4.0000,0.0000000000,4.0000,0.297500,2.380000,26.0610,12.605,YES
2026-09-07T14:02:28+00:00,HYPEUSDT,short Bitget / long Gate,0.0000500000,4.0000,0.0000040000,4.0000,0.115000,0.920000,10.0740,32.609,NO
2026-09-07T14:02:28+00:00,PONSUSDT,long Bitget / short Gate,0.0002060000,4.0000,0.0016870000,4.0000,-3.702500,-29.620000,324.3390,1.013,YES
2026-09-07T14:02:28+00:00,SUIUSDT,short Bitget / long Gate,0.0001000000,8.0000,0.0000040000,8.0000,0.120000,0.960000,10.5120,31.250,NO
2026-09-07T14:02:28+00:00,ADAUSDT,flat,0.0001000000,8.0000,0.0001000000,8.0000,0.000000,0.000000,0.0000,,NO
2026-09-07T14:02:28+00:00,XAGUSDT,short Bitget / long Gate,0.0000790000,4.0000,0.0000350000,4.0000,0.110000,0.880000,9.6360,34.091,NO
2026-09-07T14:02:28+00:00,SKHYNIXUSDT,flat,0.0000000000,4.0000,0.0000000000,4.0000,0.000000,0.000000,0.0000,,NO
2026-09-07T14:02:28+00:00,MUUSDT,flat,0.0000000000,8.0000,0.0000000000,8.0000,0.000000,0.000000,0.0000,,NO
2026-09-07T14:02:28+00:00,SNDKUSDT,flat,0.0000000000,8.0000,0.0000000000,8.0000,0.000000,0.000000,0.0000,,NO
2026-09-07T14:02:28+00:00,UNIUSDT,flat,0.0001000000,8.0000,0.0001000000,8.0000,0.000000,0.000000,0.0000,,NO
2026-09-07T14:02:28+00:00,CLUSDT,long Bitget / short Gate,-0.0004960000,4.0000,-0.0004600000,8.0000,-0.665000,-5.320000,58.2540,5.639,YES
2026-09-07T14:02:28+00:00,WLDUSDT,flat,0.0001000000,8.0000,0.0001000000,8.0000,0.000000,0.000000,0.0000,,NO
2026-09-07T14:02:28+00:00,TAOUSDT,flat,0.0000500000,4.0000,0.0000500000,4.0000,0.000000,0.000000,0.0000,,NO
2026-09-07T14:02:28+00:00,AKEUSDT,long Bitget / short Gate,-0.0003190000,4.0000,-0.0002770000,4.0000,-0.105000,-0.840000,9.1980,35.714,NO
2026-09-07T14:02:28+00:00,USELESSUSDT,short Bitget / long Gate,0.0000930000,4.0000,0.0000500000,4.0000,0.107500,0.860000,9.4170,34.884,NO
2026-09-07T14:02:28+00:00,SOXLUSDT,flat,0.0000000000,8.0000,0.0000000000,8.0000,0.000000,0.000000,0.0000,,NO
2026-09-07T14:02:28+00:00,LINKUSDT,flat,0.0001000000,8.0000,0.0001000000,8.0000,0.000000,0.000000,0.0000,,NO
2026-09-07T14:02:28+00:00,ARBUSDT,short Bitget / long Gate,0.0001000000,8.0000,0.0000160000,8.0000,0.105000,0.840000,9.1980,35.714,NO
2026-09-07T14:02:28+00:00,TRUMPUSDT,flat,0.0000500000,4.0000,0.0000500000,4.0000,0.000000,0.000000,0.0000,,NO
2026-09-07T14:02:28+00:00,MARSCOINUSDT,flat,0.0000500000,4.0000,0.0000500000,4.0000,0.000000,0.000000,0.0000,,NO
2026-09-07T14:02:28+00:00,PUMPUSDT,flat,0.0000500000,4.0000,0.0000500000,4.0000,0.000000,0.000000,0.0000,,NO
2026-09-07T14:02:28+00:00,LTCUSDT,short Bitget / long Gate,0.0001000000,8.0000,0.0000340000,8.0000,0.082500,0.660000,7.2270,45.455,NO
2026-09-07T14:02:28+00:00,UAIUSDT,flat,0.0000500000,4.0000,0.0001000000,8.0000,0.000000,0.000000,0.0000,,NO
2026-09-07T14:02:28+00:00,PEPEUSDT,flat,0.0001000000,8.0000,0.0001000000,8.0000,0.000000,0.000000,0.0000,,NO
2026-09-07T14:02:28+00:00,BNBUSDT,flat,0.0001000000,8.0000,0.0001000000,8.0000,0.000000,0.000000,0.0000,,NO
2026-09-07T14:02:28+00:00,ENAUSDT,flat,0.0000500000,4.0000,0.0000500000,4.0000,0.000000,0.000000,0.0000,,NO
2026-09-07T14:02:28+00:00,NEARUSDT,short Bitget / long Gate,0.0001000000,8.0000,0.0000500000,8.0000,0.062500,0.500000,5.4750,60.000,NO
2026-09-07T14:02:28+00:00,DOTUSDT,flat,0.0001000000,8.0000,0.0001000000,8.0000,0.000000,0.000000,0.0000,,NO
2026-09-07T14:02:28+00:00,ONDOUSDT,flat,0.0000500000,4.0000,0.0000500000,4.0000,0.000000,0.000000,0.0000,,NO
2026-09-07T14:02:28+00:00,AVAXUSDT,flat,0.0001000000,8.0000,0.0001000000,8.0000,0.000000,0.000000,0.0000,,NO
2026-09-07T14:02:28+00:00,BZUSDT,long Bitget / short Gate,-0.0005310000,4.0000,-0.0007470000,8.0000,-0.393750,-3.150000,34.4925,9.524,YES
2026-09-07T14:02:28+00:00,SAMSUNGUSDT,flat,0.0000000000,4.0000,0.0000000000,4.0000,0.000000,0.000000,0.0000,,NO
2026-09-07T14:02:28+00:00,XAUTUSDT,short Bitget / long Gate,0.0000270000,4.0000,0.0000000000,8.0000,0.067500,0.540000,5.9130,55.556,NO
2026-09-07T14:02:28+00:00,SKHYUSDT,flat,0.0000000000,8.0000,0.0000000000,8.0000,0.000000,0.000000,0.0000,,NO
2026-09-07T14:45:13+00:00,BTCUSDT,short Bitget / long Gate,0.0000870000,8.0000,0.0000140000,8.0000,0.091250,0.730000,7.9935,41.096,NO
2026-09-07T14:45:13+00:00,ETHUSDT,short Bitget / long Gate,0.0000660000,8.0000,0.0000610000,8.0000,0.006250,0.050000,0.5475,600.000,NO
2026-09-07T14:45:13+00:00,ZECUSDT,long Bitget / short Gate,-0.0000030000,8.0000,0.0000800000,8.0000,-0.103750,-0.830000,9.0885,36.145,NO
2026-09-07T14:45:13+00:00,SOLUSDT,short Bitget / long Gate,0.0001000000,8.0000,0.0000940000,8.0000,0.007500,0.060000,0.6570,500.000,NO
2026-09-07T14:45:13+00:00,XRPUSDT,flat,0.0001000000,8.0000,0.0001000000,8.0000,0.000000,0.000000,0.0000,,NO
2026-09-07T14:45:13+00:00,DOGEUSDT,flat,0.0001000000,8.0000,0.0001000000,8.0000,0.000000,0.000000,0.0000,,NO
2026-09-07T14:45:13+00:00,XAUUSDT,short Bitget / long Gate,0.0000880000,4.0000,0.0000000000,4.0000,0.220000,1.760000,19.2720,17.045,NO
2026-09-07T14:45:13+00:00,HYPEUSDT,short Bitget / long Gate,0.0000500000,4.0000,0.0000050000,4.0000,0.112500,0.900000,9.8550,33.333,NO
2026-09-07T14:45:13+00:00,PONSUSDT,long Bitget / short Gate,0.0002120000,4.0000,0.0007360000,4.0000,-1.310000,-10.480000,114.7560,2.863,YES
2026-09-07T14:45:13+00:00,ADAUSDT,flat,0.0001000000,8.0000,0.0001000000,8.0000,0.000000,0.000000,0.0000,,NO
2026-09-07T14:45:13+00:00,SUIUSDT,short Bitget / long Gate,0.0001000000,8.0000,0.0000350000,8.0000,0.081250,0.650000,7.1175,46.154,NO
2026-09-07T14:45:13+00:00,XAGUSDT,short Bitget / long Gate,0.0000500000,4.0000,0.0000250000,4.0000,0.062500,0.500000,5.4750,60.000,NO
2026-09-07T14:45:13+00:00,MUUSDT,flat,0.0000000000,8.0000,0.0000000000,8.0000,0.000000,0.000000,0.0000,,NO
2026-09-07T14:45:13+00:00,SKHYNIXUSDT,flat,0.0000000000,4.0000,0.0000000000,4.0000,0.000000,0.000000,0.0000,,NO
2026-09-07T14:45:13+00:00,CLUSDT,long Bitget / short Gate,-0.0005080000,4.0000,-0.0004950000,8.0000,-0.651250,-5.210000,57.0495,5.758,YES
2026-09-07T14:45:13+00:00,WLDUSDT,flat,0.0001000000,8.0000,0.0001000000,8.0000,0.000000,0.000000,0.0000,,NO
2026-09-07T14:45:13+00:00,SNDKUSDT,flat,0.0000000000,8.0000,0.0000000000,8.0000,0.000000,0.000000,0.0000,,NO
2026-09-07T14:45:13+00:00,TAOUSDT,flat,0.0000500000,4.0000,0.0000500000,4.0000,0.000000,0.000000,0.0000,,NO
2026-09-07T14:45:13+00:00,UNIUSDT,flat,0.0001000000,8.0000,0.0001000000,8.0000,0.000000,0.000000,0.0000,,NO
2026-09-07T14:45:13+00:00,USELESSUSDT,short Bitget / long Gate,0.0001500000,4.0000,0.0000500000,4.0000,0.250000,2.000000,21.9000,15.000,NO
2026-09-07T14:45:13+00:00,AKEUSDT,long Bitget / short Gate,-0.0001220000,4.0000,-0.0001100000,4.0000,-0.030000,-0.240000,2.6280,125.000,NO
2026-09-07T14:45:13+00:00,SOXLUSDT,flat,0.0000000000,8.0000,0.0000000000,8.0000,0.000000,0.000000,0.0000,,NO
2026-09-07T14:45:13+00:00,LINKUSDT,short Bitget / long Gate,0.0001000000,8.0000,0.0000730000,8.0000,0.033750,0.270000,2.9565,111.111,NO
2026-09-07T14:45:13+00:00,ARBUSDT,short Bitget / long Gate,0.0001000000,8.0000,-0.0000970000,8.0000,0.246250,1.970000,21.5715,15.228,NO
2026-09-07T14:45:13+00:00,TRUMPUSDT,flat,0.0000500000,4.0000,0.0000500000,4.0000,0.000000,0.000000,0.0000,,NO
2026-09-07T14:45:13+00:00,PUMPUSDT,short Bitget / long Gate,0.0000500000,4.0000,0.0000470000,4.0000,0.007500,0.060000,0.6570,500.000,NO
2026-09-07T14:45:13+00:00,MARSCOINUSDT,flat,0.0000500000,4.0000,0.0000500000,4.0000,0.000000,0.000000,0.0000,,NO
2026-09-07T14:45:13+00:00,LTCUSDT,short Bitget / long Gate,0.0001000000,8.0000,0.0000600000,8.0000,0.050000,0.400000,4.3800,75.000,NO
2026-09-07T14:45:13+00:00,PEPEUSDT,flat,0.0001000000,8.0000,0.0001000000,8.0000,0.000000,0.000000,0.0000,,NO
2026-09-07T14:45:13+00:00,UAIUSDT,flat,0.0000500000,4.0000,0.0001000000,8.0000,0.000000,0.000000,0.0000,,NO
2026-09-07T14:45:13+00:00,ENAUSDT,short Bitget / long Gate,0.0000500000,4.0000,0.0000320000,4.0000,0.045000,0.360000,3.9420,83.333,NO
2026-09-07T14:45:13+00:00,DOTUSDT,flat,0.0001000000,8.0000,0.0001000000,8.0000,0.000000,0.000000,0.0000,,NO
2026-09-07T14:45:13+00:00,BNBUSDT,flat,0.0001000000,8.0000,0.0001000000,8.0000,0.000000,0.000000,0.0000,,NO
2026-09-07T14:45:13+00:00,NEARUSDT,short Bitget / long Gate,0.0001000000,8.0000,0.0000630000,8.0000,0.046250,0.370000,4.0515,81.081,NO
2026-09-07T14:45:13+00:00,ONDOUSDT,flat,0.0000500000,4.0000,0.0000500000,4.0000,0.000000,0.000000,0.0000,,NO
2026-09-07T14:45:13+00:00,AVAXUSDT,flat,0.0001000000,8.0000,0.0001000000,8.0000,0.000000,0.000000,0.0000,,NO
2026-09-07T14:45:13+00:00,BZUSDT,long Bitget / short Gate,-0.0005570000,4.0000,-0.0007560000,8.0000,-0.447500,-3.580000,39.2010,8.380,YES
2026-09-07T14:45:13+00:00,XAUTUSDT,short Bitget / long Gate,0.0000290000,4.0000,0.0000000000,8.0000,0.072500,0.580000,6.3510,51.724,NO
2026-09-07T14:45:13+00:00,SAMSUNGUSDT,flat,0.0000000000,4.0000,0.0000000000,4.0000,0.000000,0.000000,0.0000,,NO
2026-09-07T14:45:13+00:00,SKHYUSDT,flat,0.0000000000,8.0000,0.0000000000,8.0000,0.000000,0.000000,0.0000,,NO
2026-09-07T15:40:22+00:00,BTCUSDT,short Bitget / long Gate,0.0000880000,8.0000,0.0000130000,8.0000,0.093750,0.750000,8.2125,40.000,NO
2026-09-07T15:40:22+00:00,ETHUSDT,short Bitget / long Gate,0.0000700000,8.0000,0.0000590000,8.0000,0.013750,0.110000,1.2045,272.727,NO
2026-09-07T15:40:22+00:00,ZECUSDT,long Bitget / short Gate,0.0000360000,8.0000,0.0000930000,8.0000,-0.071250,-0.570000,6.2415,52.632,NO
2026-09-07T15:40:22+00:00,SOLUSDT,short Bitget / long Gate,0.0000760000,8.0000,0.0000690000,8.0000,0.008750,0.070000,0.7665,428.571,NO
2026-09-07T15:40:22+00:00,XRPUSDT,short Bitget / long Gate,0.0001000000,8.0000,0.0000800000,8.0000,0.025000,0.200000,2.1900,150.000,NO
2026-09-07T15:40:22+00:00,DOGEUSDT,flat,0.0001000000,8.0000,0.0001000000,8.0000,0.000000,0.000000,0.0000,,NO
2026-09-07T15:40:22+00:00,XAUUSDT,short Bitget / long Gate,0.0000450000,4.0000,0.0000000000,4.0000,0.112500,0.900000,9.8550,33.333,NO
2026-09-07T15:40:22+00:00,HYPEUSDT,short Bitget / long Gate,0.0000500000,4.0000,0.0000140000,4.0000,0.090000,0.720000,7.8840,41.667,NO
2026-09-07T15:40:22+00:00,ADAUSDT,flat,0.0001000000,8.0000,0.0001000000,8.0000,0.000000,0.000000,0.0000,,NO
2026-09-07T15:40:22+00:00,SUIUSDT,short Bitget / long Gate,0.0001000000,8.0000,0.0000110000,8.0000,0.111250,0.890000,9.7455,33.708,NO
2026-09-07T15:40:22+00:00,XAGUSDT,short Bitget / long Gate,0.0000280000,4.0000,0.0000070000,4.0000,0.052500,0.420000,4.5990,71.429,NO
2026-09-07T15:40:22+00:00,PONSUSDT,short Bitget / long Gate,0.0002020000,4.0000,0.0000500000,4.0000,0.380000,3.040000,33.2880,9.868,YES
2026-09-07T15:40:22+00:00,MUUSDT,flat,0.0000000000,8.0000,0.0000000000,8.0000,0.000000,0.000000,0.0000,,NO
2026-09-07T15:40:22+00:00,SKHYNIXUSDT,flat,0.0000000000,4.0000,0.0000000000,4.0000,0.000000,0.000000,0.0000,,NO
2026-09-07T15:40:22+00:00,CLUSDT,long Bitget / short Gate,-0.0005060000,4.0000,-0.0005390000,8.0000,-0.591250,-4.730000,51.7935,6.342,YES
2026-09-07T15:40:22+00:00,WLDUSDT,flat,0.0001000000,8.0000,0.0001000000,8.0000,0.000000,0.000000,0.0000,,NO
2026-09-07T15:40:22+00:00,TAOUSDT,flat,0.0000500000,4.0000,0.0000500000,4.0000,0.000000,0.000000,0.0000,,NO
2026-09-07T15:40:22+00:00,UNIUSDT,flat,0.0001000000,8.0000,0.0001000000,8.0000,0.000000,0.000000,0.0000,,NO
2026-09-07T15:40:22+00:00,SNDKUSDT,flat,0.0000000000,8.0000,0.0000000000,8.0000,0.000000,0.000000,0.0000,,NO
2026-09-07T15:40:22+00:00,USELESSUSDT,short Bitget / long Gate,0.0001510000,4.0000,0.0000500000,4.0000,0.252500,2.020000,22.1190,14.851,YES
2026-09-07T15:40:22+00:00,AKEUSDT,short Bitget / long Gate,0.0000500000,4.0000,-0.0000830000,4.0000,0.332500,2.660000,29.1270,11.278,YES
2026-09-07T15:40:22+00:00,SOXLUSDT,flat,0.0000000000,8.0000,0.0000000000,8.0000,0.000000,0.000000,0.0000,,NO
2026-09-07T15:40:22+00:00,LINKUSDT,short Bitget / long Gate,0.0001000000,8.0000,0.0000530000,8.0000,0.058750,0.470000,5.1465,63.830,NO
2026-09-07T15:40:22+00:00,ARBUSDT,short Bitget / long Gate,0.0001000000,8.0000,-0.0001280000,8.0000,0.285000,2.280000,24.9660,13.158,YES
2026-09-07T15:40:22+00:00,TRUMPUSDT,flat,0.0000500000,4.0000,0.0000500000,4.0000,0.000000,0.000000,0.0000,,NO
2026-09-07T15:40:22+00:00,LTCUSDT,short Bitget / long Gate,0.0001000000,8.0000,0.0000730000,8.0000,0.033750,0.270000,2.9565,111.111,NO
2026-09-07T15:40:22+00:00,PUMPUSDT,short Bitget / long Gate,0.0000500000,4.0000,0.0000140000,4.0000,0.090000,0.720000,7.8840,41.667,NO
2026-09-07T15:40:22+00:00,PEPEUSDT,flat,0.0001000000,8.0000,0.0001000000,8.0000,0.000000,0.000000,0.0000,,NO
2026-09-07T15:40:22+00:00,MARSCOINUSDT,flat,0.0000500000,4.0000,0.0000500000,4.0000,0.000000,0.000000,0.0000,,NO
2026-09-07T15:40:22+00:00,DOTUSDT,flat,0.0001000000,8.0000,0.0001000000,8.0000,0.000000,0.000000,0.0000,,NO
2026-09-07T15:40:22+00:00,UAIUSDT,flat,0.0000500000,4.0000,0.0001000000,8.0000,0.000000,0.000000,0.0000,,NO
2026-09-07T15:40:22+00:00,ENAUSDT,short Bitget / long Gate,0.0000500000,4.0000,0.0000060000,4.0000,0.110000,0.880000,9.6360,34.091,NO
2026-09-07T15:40:22+00:00,BNBUSDT,flat,0.0001000000,8.0000,0.0001000000,8.0000,0.000000,0.000000,0.0000,,NO
2026-09-07T15:40:22+00:00,ONDOUSDT,flat,0.0000500000,4.0000,0.0000500000,4.0000,0.000000,0.000000,0.0000,,NO
2026-09-07T15:40:22+00:00,NEARUSDT,short Bitget / long Gate,0.0001000000,8.0000,0.0000890000,8.0000,0.013750,0.110000,1.2045,272.727,NO
2026-09-07T15:40:22+00:00,AVAXUSDT,flat,0.0001000000,8.0000,0.0001000000,8.0000,0.000000,0.000000,0.0000,,NO
2026-09-07T15:40:22+00:00,BZUSDT,long Bitget / short Gate,-0.0005940000,4.0000,-0.0007730000,8.0000,-0.518750,-4.150000,45.4425,7.229,YES
2026-09-07T15:40:22+00:00,XAUTUSDT,short Bitget / long Gate,0.0000020000,4.0000,0.0000000000,8.0000,0.005000,0.040000,0.4380,750.000,NO
2026-09-07T15:40:22+00:00,SAMSUNGUSDT,flat,0.0000000000,4.0000,0.0000000000,4.0000,0.000000,0.000000,0.0000,,NO
2026-09-07T15:43:17+00:00,BTCUSDT,short Bitget / long Gate,0.0000870000,8.0000,0.0000130000,8.0000,0.092500,0.740000,8.1030,40.541,NO
2026-09-07T15:43:17+00:00,ETHUSDT,short Bitget / long Gate,0.0000690000,8.0000,0.0000610000,8.0000,0.010000,0.080000,0.8760,375.000,NO
2026-09-07T15:43:17+00:00,ZECUSDT,long Bitget / short Gate,0.0000390000,8.0000,0.0000960000,8.0000,-0.071250,-0.570000,6.2415,52.632,NO
2026-09-07T15:43:17+00:00,SOLUSDT,short Bitget / long Gate,0.0000740000,8.0000,0.0000710000,8.0000,0.003750,0.030000,0.3285,1000.000,NO
2026-09-07T15:43:17+00:00,XRPUSDT,short Bitget / long Gate,0.0001000000,8.0000,0.0000790000,8.0000,0.026250,0.210000,2.2995,142.857,NO
2026-09-07T15:43:17+00:00,DOGEUSDT,flat,0.0001000000,8.0000,0.0001000000,8.0000,0.000000,0.000000,0.0000,,NO
2026-09-07T15:43:17+00:00,XAUUSDT,short Bitget / long Gate,0.0000430000,4.0000,0.0000000000,4.0000,0.107500,0.860000,9.4170,34.884,NO
2026-09-07T15:43:17+00:00,HYPEUSDT,short Bitget / long Gate,0.0000500000,4.0000,0.0000130000,4.0000,0.092500,0.740000,8.1030,40.541,NO
2026-09-07T15:43:17+00:00,ADAUSDT,flat,0.0001000000,8.0000,0.0001000000,8.0000,0.000000,0.000000,0.0000,,NO
2026-09-07T15:43:17+00:00,SUIUSDT,short Bitget / long Gate,0.0001000000,8.0000,0.0000130000,8.0000,0.108750,0.870000,9.5265,34.483,NO
2026-09-07T15:43:17+00:00,XAGUSDT,short Bitget / long Gate,0.0000260000,4.0000,0.0000050000,4.0000,0.052500,0.420000,4.5990,71.429,NO
2026-09-07T15:43:17+00:00,PONSUSDT,short Bitget / long Gate,0.0002030000,4.0000,0.0000500000,4.0000,0.382500,3.060000,33.5070,9.804,YES
2026-09-07T15:43:17+00:00,MUUSDT,flat,0.0000000000,8.0000,0.0000000000,8.0000,0.000000,0.000000,0.0000,,NO
2026-09-07T15:43:17+00:00,SKHYNIXUSDT,flat,0.0000000000,4.0000,0.0000000000,4.0000,0.000000,0.000000,0.0000,,NO
2026-09-07T15:43:17+00:00,CLUSDT,long Bitget / short Gate,-0.0005040000,4.0000,-0.0005420000,8.0000,-0.582500,-4.660000,51.0270,6.438,YES
2026-09-07T15:43:17+00:00,WLDUSDT,flat,0.0001000000,8.0000,0.0001000000,8.0000,0.000000,0.000000,0.0000,,NO
2026-09-07T15:43:17+00:00,TAOUSDT,flat,0.0000500000,4.0000,0.0000500000,4.0000,0.000000,0.000000,0.0000,,NO
2026-09-07T15:43:17+00:00,UNIUSDT,flat,0.0001000000,8.0000,0.0001000000,8.0000,0.000000,0.000000,0.0000,,NO
2026-09-07T15:43:17+00:00,SNDKUSDT,flat,0.0000000000,8.0000,0.0000000000,8.0000,0.000000,0.000000,0.0000,,NO
2026-09-07T15:43:17+00:00,USELESSUSDT,short Bitget / long Gate,0.0001500000,4.0000,0.0000500000,4.0000,0.250000,2.000000,21.9000,15.000,NO
2026-09-07T15:43:17+00:00,AKEUSDT,short Bitget / long Gate,0.0000500000,4.0000,-0.0000870000,4.0000,0.342500,2.740000,30.0030,10.949,YES
2026-09-07T15:43:17+00:00,SOXLUSDT,flat,0.0000000000,8.0000,0.0000000000,8.0000,0.000000,0.000000,0.0000,,NO
2026-09-07T15:43:17+00:00,LINKUSDT,short Bitget / long Gate,0.0001000000,8.0000,0.0000510000,8.0000,0.061250,0.490000,5.3655,61.224,NO
2026-09-07T15:43:17+00:00,ARBUSDT,short Bitget / long Gate,0.0001000000,8.0000,-0.0001270000,8.0000,0.283750,2.270000,24.8565,13.216,YES
2026-09-07T15:43:17+00:00,LTCUSDT,short Bitget / long Gate,0.0001000000,8.0000,0.0000770000,8.0000,0.028750,0.230000,2.5185,130.435,NO
2026-09-07T15:43:17+00:00,TRUMPUSDT,flat,0.0000500000,4.0000,0.0000500000,4.0000,0.000000,0.000000,0.0000,,NO
2026-09-07T15:43:17+00:00,PUMPUSDT,short Bitget / long Gate,0.0000500000,4.0000,0.0000170000,4.0000,0.082500,0.660000,7.2270,45.455,NO
2026-09-07T15:43:17+00:00,PEPEUSDT,flat,0.0001000000,8.0000,0.0001000000,8.0000,0.000000,0.000000,0.0000,,NO
2026-09-07T15:43:17+00:00,MARSCOINUSDT,flat,0.0000500000,4.0000,0.0000500000,4.0000,0.000000,0.000000,0.0000,,NO
2026-09-07T15:43:17+00:00,DOTUSDT,flat,0.0001000000,8.0000,0.0001000000,8.0000,0.000000,0.000000,0.0000,,NO
2026-09-07T15:43:17+00:00,UAIUSDT,flat,0.0000500000,4.0000,0.0001000000,8.0000,0.000000,0.000000,0.0000,,NO
2026-09-07T15:43:17+00:00,ENAUSDT,short Bitget / long Gate,0.0000500000,4.0000,0.0000060000,4.0000,0.110000,0.880000,9.6360,34.091,NO
2026-09-07T15:43:17+00:00,BNBUSDT,flat,0.0001000000,8.0000,0.0001000000,8.0000,0.000000,0.000000,0.0000,,NO
2026-09-07T15:43:17+00:00,ONDOUSDT,flat,0.0000500000,4.0000,0.0000500000,4.0000,0.000000,0.000000,0.0000,,NO
2026-09-07T15:43:17+00:00,NEARUSDT,short Bitget / long Gate,0.0001000000,8.0000,0.0000910000,8.0000,0.011250,0.090000,0.9855,333.333,NO
2026-09-07T15:43:17+00:00,AVAXUSDT,flat,0.0001000000,8.0000,0.0001000000,8.0000,0.000000,0.000000,0.0000,,NO
2026-09-07T15:43:17+00:00,BZUSDT,long Bitget / short Gate,-0.0005930000,4.0000,-0.0007740000,8.0000,-0.515000,-4.120000,45.1140,7.282,YES
2026-09-07T15:43:17+00:00,XAUTUSDT,long Bitget / short Gate,-0.0000010000,4.0000,0.0000000000,8.0000,-0.002500,-0.020000,0.2190,1500.000,NO
2026-09-07T15:43:17+00:00,SAMSUNGUSDT,flat,0.0000000000,4.0000,0.0000000000,4.0000,0.000000,0.000000,0.0000,,NO
2026-09-07T15:43:17+00:00,MSTRUSDT,short Bitget / long Gate,0.0000000000,8.0000,-0.0000940000,8.0000,0.117500,0.940000,10.2930,31.915,NO
2026-09-07T15:46:04+00:00,BTCUSDT,short Bitget / long Gate,0.0000870000,8.0000,0.0000140000,8.0000,0.091250,0.730000,7.9935,41.096,NO
2026-09-07T15:46:04+00:00,ETHUSDT,short Bitget / long Gate,0.0000700000,8.0000,0.0000630000,8.0000,0.008750,0.070000,0.7665,428.571,NO
2026-09-07T15:46:04+00:00,ZECUSDT,long Bitget / short Gate,0.0000430000,8.0000,0.0000980000,8.0000,-0.068750,-0.550000,6.0225,54.545,NO
2026-09-07T15:46:04+00:00,SOLUSDT,short Bitget / long Gate,0.0000740000,8.0000,0.0000720000,8.0000,0.002500,0.020000,0.2190,1500.000,NO
2026-09-07T15:46:04+00:00,XRPUSDT,short Bitget / long Gate,0.0001000000,8.0000,0.0000800000,8.0000,0.025000,0.200000,2.1900,150.000,NO
2026-09-07T15:46:04+00:00,DOGEUSDT,flat,0.0001000000,8.0000,0.0001000000,8.0000,0.000000,0.000000,0.0000,,NO
2026-09-07T15:46:04+00:00,XAUUSDT,short Bitget / long Gate,0.0000410000,4.0000,0.0000000000,4.0000,0.102500,0.820000,8.9790,36.585,NO
2026-09-07T15:46:04+00:00,HYPEUSDT,short Bitget / long Gate,0.0000500000,4.0000,0.0000130000,4.0000,0.092500,0.740000,8.1030,40.541,NO
2026-09-07T15:46:04+00:00,ADAUSDT,flat,0.0001000000,8.0000,0.0001000000,8.0000,0.000000,0.000000,0.0000,,NO
2026-09-07T15:46:04+00:00,SUIUSDT,short Bitget / long Gate,0.0001000000,8.0000,0.0000150000,8.0000,0.106250,0.850000,9.3075,35.294,NO
2026-09-07T15:46:04+00:00,XAGUSDT,short Bitget / long Gate,0.0000250000,4.0000,0.0000040000,4.0000,0.052500,0.420000,4.5990,71.429,NO
2026-09-07T15:46:04+00:00,PONSUSDT,short Bitget / long Gate,0.0002120000,4.0000,0.0000500000,4.0000,0.405000,3.240000,35.4780,9.259,YES
2026-09-07T15:46:04+00:00,MUUSDT,flat,0.0000000000,8.0000,0.0000000000,8.0000,0.000000,0.000000,0.0000,,NO
2026-09-07T15:46:04+00:00,SKHYNIXUSDT,flat,0.0000000000,4.0000,0.0000000000,4.0000,0.000000,0.000000,0.0000,,NO
2026-09-07T15:46:04+00:00,CLUSDT,long Bitget / short Gate,-0.0005020000,4.0000,-0.0005440000,8.0000,-0.575000,-4.600000,50.3700,6.522,YES
2026-09-07T15:46:04+00:00,WLDUSDT,flat,0.0001000000,8.0000,0.0001000000,8.0000,0.000000,0.000000,0.0000,,NO
2026-09-07T15:46:04+00:00,TAOUSDT,flat,0.0000500000,4.0000,0.0000500000,4.0000,0.000000,0.000000,0.0000,,NO
2026-09-07T15:46:04+00:00,UNIUSDT,flat,0.0001000000,8.0000,0.0001000000,8.0000,0.000000,0.000000,0.0000,,NO
2026-09-07T15:46:04+00:00,SNDKUSDT,flat,0.0000000000,8.0000,0.0000000000,8.0000,0.000000,0.000000,0.0000,,NO
2026-09-07T15:46:04+00:00,USELESSUSDT,short Bitget / long Gate,0.0001490000,4.0000,0.0000500000,4.0000,0.247500,1.980000,21.6810,15.152,NO
2026-09-07T15:46:04+00:00,AKEUSDT,short Bitget / long Gate,0.0000500000,4.0000,-0.0000940000,4.0000,0.360000,2.880000,31.5360,10.417,YES
2026-09-07T15:46:04+00:00,SOXLUSDT,flat,0.0000000000,8.0000,0.0000000000,8.0000,0.000000,0.000000,0.0000,,NO
2026-09-07T15:46:04+00:00,LINKUSDT,short Bitget / long Gate,0.0001000000,8.0000,0.0000540000,8.0000,0.057500,0.460000,5.0370,65.217,NO
2026-09-07T15:46:04+00:00,ARBUSDT,short Bitget / long Gate,0.0001000000,8.0000,-0.0001200000,8.0000,0.275000,2.200000,24.0900,13.636,YES
2026-09-07T15:46:04+00:00,LTCUSDT,short Bitget / long Gate,0.0001000000,8.0000,0.0000780000,8.0000,0.027500,0.220000,2.4090,136.364,NO
2026-09-07T15:46:04+00:00,TRUMPUSDT,flat,0.0000500000,4.0000,0.0000500000,4.0000,0.000000,0.000000,0.0000,,NO
2026-09-07T15:46:04+00:00,PUMPUSDT,short Bitget / long Gate,0.0000500000,4.0000,0.0000190000,4.0000,0.077500,0.620000,6.7890,48.387,NO
2026-09-07T15:46:04+00:00,PEPEUSDT,flat,0.0001000000,8.0000,0.0001000000,8.0000,0.000000,0.000000,0.0000,,NO
2026-09-07T15:46:04+00:00,MARSCOINUSDT,flat,0.0000500000,4.0000,0.0000500000,4.0000,0.000000,0.000000,0.0000,,NO
2026-09-07T15:46:04+00:00,DOTUSDT,flat,0.0001000000,8.0000,0.0001000000,8.0000,0.000000,0.000000,0.0000,,NO
2026-09-07T15:46:04+00:00,UAIUSDT,flat,0.0000500000,4.0000,0.0001000000,8.0000,0.000000,0.000000,0.0000,,NO
2026-09-07T15:46:04+00:00,ENAUSDT,short Bitget / long Gate,0.0000500000,4.0000,0.0000050000,4.0000,0.112500,0.900000,9.8550,33.333,NO
2026-09-07T15:46:04+00:00,BNBUSDT,flat,0.0001000000,8.0000,0.0001000000,8.0000,0.000000,0.000000,0.0000,,NO
2026-09-07T15:46:04+00:00,ONDOUSDT,flat,0.0000500000,4.0000,0.0000500000,4.0000,0.000000,0.000000,0.0000,,NO
2026-09-07T15:46:04+00:00,NEARUSDT,short Bitget / long Gate,0.0001000000,8.0000,0.0000940000,8.0000,0.007500,0.060000,0.6570,500.000,NO
2026-09-07T15:46:04+00:00,AVAXUSDT,flat,0.0001000000,8.0000,0.0001000000,8.0000,0.000000,0.000000,0.0000,,NO
2026-09-07T15:46:04+00:00,BZUSDT,long Bitget / short Gate,-0.0005900000,4.0000,-0.0007740000,8.0000,-0.507500,-4.060000,44.4570,7.389,YES
2026-09-07T15:46:04+00:00,XAUTUSDT,long Bitget / short Gate,-0.0000020000,4.0000,0.0000000000,8.0000,-0.005000,-0.040000,0.4380,750.000,NO
2026-09-07T15:46:04+00:00,SAMSUNGUSDT,flat,0.0000000000,4.0000,0.0000000000,4.0000,0.000000,0.000000,0.0000,,NO
2026-09-07T15:46:04+00:00,MSTRUSDT,short Bitget / long Gate,0.0000000000,8.0000,-0.0001100000,8.0000,0.137500,1.100000,12.0450,27.273,NO
2026-09-07T15:48:51+00:00,BTCUSDT,short Bitget / long Gate,0.0000860000,8.0000,0.0000140000,8.0000,0.090000,0.720000,7.8840,41.667,NO
2026-09-07T15:48:51+00:00,ETHUSDT,short Bitget / long Gate,0.0000690000,8.0000,0.0000640000,8.0000,0.006250,0.050000,0.5475,600.000,NO
2026-09-07T15:48:51+00:00,ZECUSDT,long Bitget / short Gate,0.0000460000,8.0000,0.0000990000,8.0000,-0.066250,-0.530000,5.8035,56.604,NO
2026-09-07T15:48:51+00:00,SOLUSDT,flat,0.0000730000,8.0000,0.0000730000,8.0000,0.000000,0.000000,0.0000,,NO
2026-09-07T15:48:51+00:00,XRPUSDT,short Bitget / long Gate,0.0001000000,8.0000,0.0000780000,8.0000,0.027500,0.220000,2.4090,136.364,NO
2026-09-07T15:48:51+00:00,DOGEUSDT,flat,0.0001000000,8.0000,0.0001000000,8.0000,0.000000,0.000000,0.0000,,NO
2026-09-07T15:48:51+00:00,XAUUSDT,short Bitget / long Gate,0.0000400000,4.0000,0.0000000000,4.0000,0.100000,0.800000,8.7600,37.500,NO
2026-09-07T15:48:51+00:00,HYPEUSDT,short Bitget / long Gate,0.0000500000,4.0000,0.0000130000,4.0000,0.092500,0.740000,8.1030,40.541,NO
2026-09-07T15:48:51+00:00,ADAUSDT,flat,0.0001000000,8.0000,0.0001000000,8.0000,0.000000,0.000000,0.0000,,NO
2026-09-07T15:48:51+00:00,SUIUSDT,short Bitget / long Gate,0.0001000000,8.0000,0.0000130000,8.0000,0.108750,0.870000,9.5265,34.483,NO
2026-09-07T15:48:51+00:00,XAGUSDT,short Bitget / long Gate,0.0000250000,4.0000,0.0000030000,4.0000,0.055000,0.440000,4.8180,68.182,NO
2026-09-07T15:48:51+00:00,PONSUSDT,short Bitget / long Gate,0.0002180000,4.0000,0.0000500000,4.0000,0.420000,3.360000,36.7920,8.929,YES
2026-09-07T15:48:51+00:00,MUUSDT,flat,0.0000000000,8.0000,0.0000000000,8.0000,0.000000,0.000000,0.0000,,NO
2026-09-07T15:48:51+00:00,SKHYNIXUSDT,flat,0.0000000000,4.0000,0.0000000000,4.0000,0.000000,0.000000,0.0000,,NO
2026-09-07T15:48:51+00:00,CLUSDT,long Bitget / short Gate,-0.0005000000,4.0000,-0.0005460000,8.0000,-0.567500,-4.540000,49.7130,6.608,YES
2026-09-07T15:48:51+00:00,WLDUSDT,flat,0.0001000000,8.0000,0.0001000000,8.0000,0.000000,0.000000,0.0000,,NO
2026-09-07T15:48:51+00:00,TAOUSDT,flat,0.0000500000,4.0000,0.0000500000,4.0000,0.000000,0.000000,0.0000,,NO
2026-09-07T15:48:51+00:00,UNIUSDT,flat,0.0001000000,8.0000,0.0001000000,8.0000,0.000000,0.000000,0.0000,,NO
2026-09-07T15:48:51+00:00,SNDKUSDT,flat,0.0000000000,8.0000,0.0000000000,8.0000,0.000000,0.000000,0.0000,,NO
2026-09-07T15:48:51+00:00,USELESSUSDT,short Bitget / long Gate,0.0001490000,4.0000,0.0000500000,4.0000,0.247500,1.980000,21.6810,15.152,NO
2026-09-07T15:48:51+00:00,AKEUSDT,short Bitget / long Gate,0.0000500000,4.0000,-0.0000990000,4.0000,0.372500,2.980000,32.6310,10.067,YES
2026-09-07T15:48:51+00:00,SOXLUSDT,flat,0.0000000000,8.0000,0.0000000000,8.0000,0.000000,0.000000,0.0000,,NO
2026-09-07T15:48:51+00:00,LINKUSDT,short Bitget / long Gate,0.0001000000,8.0000,0.0000560000,8.0000,0.055000,0.440000,4.8180,68.182,NO
2026-09-07T15:48:51+00:00,ARBUSDT,short Bitget / long Gate,0.0001000000,8.0000,-0.0001240000,8.0000,0.280000,2.240000,24.5280,13.393,YES
2026-09-07T15:48:51+00:00,LTCUSDT,short Bitget / long Gate,0.0001000000,8.0000,0.0000800000,8.0000,0.025000,0.200000,2.1900,150.000,NO
2026-09-07T15:48:51+00:00,TRUMPUSDT,short Bitget / long Gate,0.0000500000,4.0000,0.0000480000,4.0000,0.005000,0.040000,0.4380,750.000,NO
2026-09-07T15:48:51+00:00,PUMPUSDT,short Bitget / long Gate,0.0000500000,4.0000,0.0000040000,4.0000,0.115000,0.920000,10.0740,32.609,NO
2026-09-07T15:48:51+00:00,PEPEUSDT,flat,0.0001000000,8.0000,0.0001000000,8.0000,0.000000,0.000000,0.0000,,NO
2026-09-07T15:48:51+00:00,MARSCOINUSDT,flat,0.0000500000,4.0000,0.0000500000,4.0000,0.000000,0.000000,0.0000,,NO
2026-09-07T15:48:51+00:00,DOTUSDT,flat,0.0001000000,8.0000,0.0001000000,8.0000,0.000000,0.000000,0.0000,,NO
2026-09-07T15:48:51+00:00,UAIUSDT,flat,0.0000500000,4.0000,0.0001000000,8.0000,0.000000,0.000000,0.0000,,NO
2026-09-07T15:48:51+00:00,ENAUSDT,short Bitget / long Gate,0.0000500000,4.0000,-0.0000020000,4.0000,0.130000,1.040000,11.3880,28.846,NO
2026-09-07T15:48:51+00:00,BNBUSDT,flat,0.0001000000,8.0000,0.0001000000,8.0000,0.000000,0.000000,0.0000,,NO
2026-09-07T15:48:51+00:00,ONDOUSDT,flat,0.0000500000,4.0000,0.0000500000,4.0000,0.000000,0.000000,0.0000,,NO
2026-09-07T15:48:51+00:00,NEARUSDT,short Bitget / long Gate,0.0001000000,8.0000,0.0000920000,8.0000,0.010000,0.080000,0.8760,375.000,NO
2026-09-07T15:48:51+00:00,AVAXUSDT,flat,0.0001000000,8.0000,0.0001000000,8.0000,0.000000,0.000000,0.0000,,NO
2026-09-07T15:48:51+00:00,BZUSDT,long Bitget / short Gate,-0.0005870000,4.0000,-0.0007710000,8.0000,-0.503750,-4.030000,44.1285,7.444,YES
2026-09-07T15:48:51+00:00,XAUTUSDT,long Bitget / short Gate,-0.0000040000,4.0000,0.0000000000,8.0000,-0.010000,-0.080000,0.8760,375.000,NO
2026-09-07T15:48:51+00:00,SAMSUNGUSDT,flat,0.0000000000,4.0000,0.0000000000,4.0000,0.000000,0.000000,0.0000,,NO
2026-09-07T15:48:51+00:00,MSTRUSDT,short Bitget / long Gate,0.0000000000,8.0000,-0.0001320000,8.0000,0.165000,1.320000,14.4540,22.727,NO
2026-09-07T15:50:10+00:00,BTCUSDT,short Bitget / long Gate,0.0000870000,8.0000,0.0000140000,8.0000,0.091250,0.730000,7.9935,41.096,NO
2026-09-07T15:50:10+00:00,ETHUSDT,short Bitget / long Gate,0.0000700000,8.0000,0.0000660000,8.0000,0.005000,0.040000,0.4380,750.000,NO
2026-09-07T15:50:10+00:00,ZECUSDT,long Bitget / short Gate,0.0000490000,8.0000,0.0001000000,8.0000,-0.063750,-0.510000,5.5845,58.824,NO
2026-09-07T15:50:10+00:00,SOLUSDT,flat,0.0000730000,8.0000,0.0000730000,8.0000,0.000000,0.000000,0.0000,,NO
2026-09-07T15:50:10+00:00,XRPUSDT,short Bitget / long Gate,0.0001000000,8.0000,0.0000780000,8.0000,0.027500,0.220000,2.4090,136.364,NO
2026-09-07T15:50:10+00:00,DOGEUSDT,flat,0.0001000000,8.0000,0.0001000000,8.0000,0.000000,0.000000,0.0000,,NO
2026-09-07T15:50:10+00:00,XAUUSDT,short Bitget / long Gate,0.0000390000,4.0000,0.0000000000,4.0000,0.097500,0.780000,8.5410,38.462,NO
2026-09-07T15:50:10+00:00,HYPEUSDT,short Bitget / long Gate,0.0000500000,4.0000,0.0000130000,4.0000,0.092500,0.740000,8.1030,40.541,NO
2026-09-07T15:50:10+00:00,ADAUSDT,flat,0.0001000000,8.0000,0.0001000000,8.0000,0.000000,0.000000,0.0000,,NO
2026-09-07T15:50:10+00:00,SUIUSDT,short Bitget / long Gate,0.0001000000,8.0000,0.0000110000,8.0000,0.111250,0.890000,9.7455,33.708,NO
2026-09-07T15:50:10+00:00,XAGUSDT,short Bitget / long Gate,0.0000250000,4.0000,0.0000030000,4.0000,0.055000,0.440000,4.8180,68.182,NO
2026-09-07T15:50:10+00:00,PONSUSDT,short Bitget / long Gate,0.0002190000,4.0000,0.0000500000,4.0000,0.422500,3.380000,37.0110,8.876,YES
2026-09-07T15:50:10+00:00,MUUSDT,flat,0.0000000000,8.0000,0.0000000000,8.0000,0.000000,0.000000,0.0000,,NO
2026-09-07T15:50:10+00:00,SKHYNIXUSDT,flat,0.0000000000,4.0000,0.0000000000,4.0000,0.000000,0.000000,0.0000,,NO
2026-09-07T15:50:10+00:00,CLUSDT,long Bitget / short Gate,-0.0004990000,4.0000,-0.0005460000,8.0000,-0.565000,-4.520000,49.4940,6.637,YES
2026-09-07T15:50:10+00:00,WLDUSDT,flat,0.0001000000,8.0000,0.0001000000,8.0000,0.000000,0.000000,0.0000,,NO
2026-09-07T15:50:10+00:00,TAOUSDT,flat,0.0000500000,4.0000,0.0000500000,4.0000,0.000000,0.000000,0.0000,,NO
2026-09-07T15:50:10+00:00,UNIUSDT,flat,0.0001000000,8.0000,0.0001000000,8.0000,0.000000,0.000000,0.0000,,NO
2026-09-07T15:50:10+00:00,SNDKUSDT,flat,0.0000000000,8.0000,0.0000000000,8.0000,0.000000,0.000000,0.0000,,NO
2026-09-07T15:50:10+00:00,USELESSUSDT,short Bitget / long Gate,0.0001490000,4.0000,0.0000500000,4.0000,0.247500,1.980000,21.6810,15.152,NO
2026-09-07T15:50:10+00:00,AKEUSDT,short Bitget / long Gate,0.0000500000,4.0000,-0.0001110000,4.0000,0.402500,3.220000,35.2590,9.317,YES
2026-09-07T15:50:10+00:00,SOXLUSDT,flat,0.0000000000,8.0000,0.0000000000,8.0000,0.000000,0.000000,0.0000,,NO
2026-09-07T15:50:10+00:00,LINKUSDT,short Bitget / long Gate,0.0001000000,8.0000,0.0000580000,8.0000,0.052500,0.420000,4.5990,71.429,NO
2026-09-07T15:50:10+00:00,ARBUSDT,short Bitget / long Gate,0.0001000000,8.0000,-0.0001250000,8.0000,0.281250,2.250000,24.6375,13.333,YES
2026-09-07T15:50:10+00:00,LTCUSDT,short Bitget / long Gate,0.0001000000,8.0000,0.0000820000,8.0000,0.022500,0.180000,1.9710,166.667,NO
2026-09-07T15:50:10+00:00,TRUMPUSDT,short Bitget / long Gate,0.0000500000,4.0000,0.0000480000,4.0000,0.005000,0.040000,0.4380,750.000,NO
2026-09-07T15:50:10+00:00,PUMPUSDT,short Bitget / long Gate,0.0000500000,4.0000,0.0000060000,4.0000,0.110000,0.880000,9.6360,34.091,NO
2026-09-07T15:50:10+00:00,PEPEUSDT,flat,0.0001000000,8.0000,0.0001000000,8.0000,0.000000,0.000000,0.0000,,NO
2026-09-07T15:50:10+00:00,MARSCOINUSDT,flat,0.0000500000,4.0000,0.0000500000,4.0000,0.000000,0.000000,0.0000,,NO
2026-09-07T15:50:10+00:00,DOTUSDT,flat,0.0001000000,8.0000,0.0001000000,8.0000,0.000000,0.000000,0.0000,,NO
2026-09-07T15:50:10+00:00,UAIUSDT,flat,0.0000500000,4.0000,0.0001000000,8.0000,0.000000,0.000000,0.0000,,NO
2026-09-07T15:50:10+00:00,ENAUSDT,short Bitget / long Gate,0.0000500000,4.0000,0.0000000000,4.0000,0.125000,1.000000,10.9500,30.000,NO
2026-09-07T15:50:10+00:00,BNBUSDT,flat,0.0001000000,8.0000,0.0001000000,8.0000,0.000000,0.000000,0.0000,,NO
2026-09-07T15:50:10+00:00,ONDOUSDT,flat,0.0000500000,4.0000,0.0000500000,4.0000,0.000000,0.000000,0.0000,,NO
2026-09-07T15:50:10+00:00,NEARUSDT,short Bitget / long Gate,0.0001000000,8.0000,0.0000930000,8.0000,0.008750,0.070000,0.7665,428.571,NO
2026-09-07T15:50:10+00:00,AVAXUSDT,flat,0.0001000000,8.0000,0.0001000000,8.0000,0.000000,0.000000,0.0000,,NO
2026-09-07T15:50:10+00:00,BZUSDT,long Bitget / short Gate,-0.0005860000,4.0000,-0.0007700000,8.0000,-0.502500,-4.020000,44.0190,7.463,YES
2026-09-07T15:50:10+00:00,XAUTUSDT,long Bitget / short Gate,-0.0000050000,4.0000,0.0000000000,8.0000,-0.012500,-0.100000,1.0950,300.000,NO
2026-09-07T15:50:10+00:00,SAMSUNGUSDT,flat,0.0000000000,4.0000,0.0000000000,4.0000,0.000000,0.000000,0.0000,,NO
2026-09-07T15:50:10+00:00,MSTRUSDT,short Bitget / long Gate,0.0000000000,8.0000,-0.0001440000,8.0000,0.180000,1.440000,15.7680,20.833,NO
