timestamp_utc,strategy,key,asset,direction,venue,gross_bps,stressed_bps,candidate,capacity_usdt_est,detail_json
2026-09-05T23:47:18+00:00,cex_triangle,ETH:USDT-BTC-ETH-USDT,ETH,USDT->BTC->ETH->USDT,Binance,1.345225,-36.628816,NO,11542.66,"{""extra_buffer_bps"":8.0,""fee_bps_per_leg"":10.0,""top_of_book_only"":true}"
2026-09-05T23:47:18+00:00,cex_triangle,ETH:USDT-ETH-BTC-USDT,ETH,USDT->ETH->BTC->USDT,Binance,-4.603632,-42.559845,NO,16506.91,"{""extra_buffer_bps"":8.0,""fee_bps_per_leg"":10.0,""top_of_book_only"":true}"
2026-09-05T23:47:18+00:00,cex_triangle,SOL:USDT-BTC-SOL-USDT,SOL,USDT->BTC->SOL->USDT,Binance,-0.576121,-38.544404,NO,603.20,"{""extra_buffer_bps"":8.0,""fee_bps_per_leg"":10.0,""top_of_book_only"":true}"
2026-09-05T23:47:18+00:00,cex_triangle,SOL:USDT-SOL-BTC-USDT,SOL,USDT->SOL->BTC->USDT,Binance,-1.166120,-39.132636,NO,2998.59,"{""extra_buffer_bps"":8.0,""fee_bps_per_leg"":10.0,""top_of_book_only"":true}"
2026-09-05T23:47:18+00:00,stable_dislocation,USDC:Binance,USDC,below peg,Binance,1.750000,1.750000,NO,1459720.81,"{""mid"":0.999825,""note"":""Peg deviation is a research signal; redemption, venue and issuer risks matter."",""signed_deviation_bps"":-1.7500000000003624,""watch_threshold_bps"":10.0}"
2026-09-05T23:47:18+00:00,stable_dislocation_error,USDC:Bybit:error,USDC,n/a,Bybit,0.000000,-9999.000000,NO,,"{""error"":""HTTP Error 403: Forbidden""}"
2026-09-05T23:47:18+00:00,stable_dislocation,FDUSD:Binance,FDUSD,below peg,Binance,16.500000,16.500000,YES,328751.16,"{""mid"":0.99835,""note"":""Peg deviation is a research signal; redemption, venue and issuer risks matter."",""signed_deviation_bps"":-16.500000000000405,""watch_threshold_bps"":10.0}"
2026-09-05T23:47:18+00:00,stable_dislocation_error,FDUSD:Bybit:error,FDUSD,n/a,Bybit,0.000000,-9999.000000,NO,,"{""error"":""HTTP Error 403: Forbidden""}"
2026-09-05T23:50:40+00:00,cex_triangle,ETH:USDT-BTC-ETH-USDT,ETH,USDT->BTC->ETH->USDT,Binance,0.355535,-37.615541,NO,44417.38,"{""extra_buffer_bps"":8.0,""fee_bps_per_leg"":10.0,""top_of_book_only"":true}"
2026-09-05T23:50:40+00:00,cex_triangle,ETH:USDT-ETH-BTC-USDT,ETH,USDT->ETH->BTC->USDT,Binance,-3.613411,-41.572591,NO,67523.37,"{""extra_buffer_bps"":8.0,""fee_bps_per_leg"":10.0,""top_of_book_only"":true}"
2026-09-05T23:50:40+00:00,cex_triangle,SOL:USDT-BTC-SOL-USDT,SOL,USDT->BTC->SOL->USDT,Binance,0.058504,-37.911682,NO,1595.26,"{""extra_buffer_bps"":8.0,""fee_bps_per_leg"":10.0,""top_of_book_only"":true}"
2026-09-05T23:50:40+00:00,cex_triangle,SOL:USDT-SOL-BTC-USDT,SOL,USDT->SOL->BTC->USDT,Binance,-1.801657,-39.766268,NO,563.37,"{""extra_buffer_bps"":8.0,""fee_bps_per_leg"":10.0,""top_of_book_only"":true}"
2026-09-05T23:50:40+00:00,stable_dislocation,USDC:Binance,USDC,below peg,Binance,1.750000,1.750000,NO,1215040.41,"{""mid"":0.999825,""note"":""Peg deviation is a research signal; redemption, venue and issuer risks matter."",""signed_deviation_bps"":-1.7500000000003624,""watch_threshold_bps"":10.0}"
2026-09-05T23:50:40+00:00,stable_dislocation_error,USDC:Bybit:error,USDC,n/a,Bybit,0.000000,-9999.000000,NO,,"{""error"":""HTTP Error 403: Forbidden""}"
2026-09-05T23:50:40+00:00,stable_dislocation,FDUSD:Binance,FDUSD,below peg,Binance,16.500000,16.500000,YES,321136.36,"{""mid"":0.99835,""note"":""Peg deviation is a research signal; redemption, venue and issuer risks matter."",""signed_deviation_bps"":-16.500000000000405,""watch_threshold_bps"":10.0}"
2026-09-05T23:50:40+00:00,stable_dislocation_error,FDUSD:Bybit:error,FDUSD,n/a,Bybit,0.000000,-9999.000000,NO,,"{""error"":""HTTP Error 403: Forbidden""}"
2026-09-05T23:55:40+00:00,cex_triangle,ETH:USDT-BTC-ETH-USDT,ETH,USDT->BTC->ETH->USDT,Binance,-3.051553,-41.012417,NO,13311.33,"{""extra_buffer_bps"":8.0,""fee_bps_per_leg"":10.0,""top_of_book_only"":true}"
2026-09-05T23:55:40+00:00,cex_triangle,ETH:USDT-ETH-BTC-USDT,ETH,USDT->ETH->BTC->USDT,Binance,-0.205462,-38.174857,NO,5864.99,"{""extra_buffer_bps"":8.0,""fee_bps_per_leg"":10.0,""top_of_book_only"":true}"
2026-09-05T23:55:40+00:00,cex_triangle,SOL:USDT-BTC-SOL-USDT,SOL,USDT->BTC->SOL->USDT,Binance,-0.831444,-38.798962,NO,2160.07,"{""extra_buffer_bps"":8.0,""fee_bps_per_leg"":10.0,""top_of_book_only"":true}"
2026-09-05T23:55:40+00:00,cex_triangle,SOL:USDT-SOL-BTC-USDT,SOL,USDT->SOL->BTC->USDT,Binance,-0.911053,-38.878333,NO,563.70,"{""extra_buffer_bps"":8.0,""fee_bps_per_leg"":10.0,""top_of_book_only"":true}"
2026-09-05T23:55:40+00:00,stable_dislocation,USDC:Binance,USDC,below peg,Binance,1.750000,1.750000,NO,1060696.65,"{""mid"":0.999825,""note"":""Peg deviation is a research signal; redemption, venue and issuer risks matter."",""signed_deviation_bps"":-1.7500000000003624,""watch_threshold_bps"":10.0}"
2026-09-05T23:55:40+00:00,stable_dislocation_error,USDC:Bybit:error,USDC,n/a,Bybit,0.000000,-9999.000000,NO,,"{""error"":""HTTP Error 403: Forbidden""}"
2026-09-05T23:55:40+00:00,stable_dislocation,FDUSD:Binance,FDUSD,below peg,Binance,16.500000,16.500000,YES,293965.90,"{""mid"":0.99835,""note"":""Peg deviation is a research signal; redemption, venue and issuer risks matter."",""signed_deviation_bps"":-16.500000000000405,""watch_threshold_bps"":10.0}"
2026-09-05T23:55:40+00:00,stable_dislocation_error,FDUSD:Bybit:error,FDUSD,n/a,Bybit,0.000000,-9999.000000,NO,,"{""error"":""HTTP Error 403: Forbidden""}"
2026-09-06T06:52:20+00:00,cex_triangle,ETH:USDT-BTC-ETH-USDT,ETH,USDT->BTC->ETH->USDT,Binance,-3.448587,-41.408261,NO,9312.03,"{""extra_buffer_bps"":8.0,""fee_bps_per_leg"":10.0,""top_of_book_only"":true}"
2026-09-06T06:52:20+00:00,cex_triangle,ETH:USDT-ETH-BTC-USDT,ETH,USDT->ETH->BTC->USDT,Binance,0.225857,-37.744830,NO,31895.12,"{""extra_buffer_bps"":8.0,""fee_bps_per_leg"":10.0,""top_of_book_only"":true}"
2026-09-06T06:52:20+00:00,cex_triangle,SOL:USDT-BTC-SOL-USDT,SOL,USDT->BTC->SOL->USDT,Binance,-0.852155,-38.819612,NO,997.22,"{""extra_buffer_bps"":8.0,""fee_bps_per_leg"":10.0,""top_of_book_only"":true}"
2026-09-06T06:52:20+00:00,cex_triangle,SOL:USDT-SOL-BTC-USDT,SOL,USDT->SOL->BTC->USDT,Binance,-0.852228,-38.819684,NO,316.65,"{""extra_buffer_bps"":8.0,""fee_bps_per_leg"":10.0,""top_of_book_only"":true}"
2026-09-06T06:52:20+00:00,stable_dislocation,USDC:Binance,USDC,below peg,Binance,1.450000,1.450000,NO,4890964.25,"{""mid"":0.9998549999999999,""note"":""Peg deviation is a research signal; redemption, venue and issuer risks matter."",""signed_deviation_bps"":-1.4500000000006175,""watch_threshold_bps"":10.0}"
2026-09-06T06:52:20+00:00,stable_dislocation_error,USDC:Bybit:error,USDC,n/a,Bybit,0.000000,-9999.000000,NO,,"{""error"":""HTTP Error 403: Forbidden""}"
2026-09-06T06:52:20+00:00,stable_dislocation,FDUSD:Binance,FDUSD,below peg,Binance,12.500000,12.500000,YES,92564.51,"{""mid"":0.99875,""note"":""Peg deviation is a research signal; redemption, venue and issuer risks matter."",""signed_deviation_bps"":-12.499999999999734,""watch_threshold_bps"":10.0}"
2026-09-06T06:52:20+00:00,stable_dislocation_error,FDUSD:Bybit:error,FDUSD,n/a,Bybit,0.000000,-9999.000000,NO,,"{""error"":""HTTP Error 403: Forbidden""}"
2026-09-06T10:11:13+00:00,cex_triangle,ETH:USDT-BTC-ETH-USDT,ETH,USDT->BTC->ETH->USDT,Binance,-1.260868,-39.227099,NO,46773.73,"{""extra_buffer_bps"":8.0,""fee_bps_per_leg"":10.0,""top_of_book_only"":true}"
2026-09-06T10:11:13+00:00,cex_triangle,ETH:USDT-ETH-BTC-USDT,ETH,USDT->ETH->BTC->USDT,Binance,-1.976521,-39.940607,NO,70036.82,"{""extra_buffer_bps"":8.0,""fee_bps_per_leg"":10.0,""top_of_book_only"":true}"
2026-09-06T10:11:13+00:00,cex_triangle,SOL:USDT-BTC-SOL-USDT,SOL,USDT->BTC->SOL->USDT,Binance,-0.914400,-38.881670,NO,487.88,"{""extra_buffer_bps"":8.0,""fee_bps_per_leg"":10.0,""top_of_book_only"":true}"
2026-09-06T10:11:13+00:00,cex_triangle,SOL:USDT-SOL-BTC-USDT,SOL,USDT->SOL->BTC->USDT,Binance,-0.774042,-38.741733,NO,344.41,"{""extra_buffer_bps"":8.0,""fee_bps_per_leg"":10.0,""top_of_book_only"":true}"
2026-09-06T10:11:13+00:00,stable_dislocation,USDC:Binance,USDC,below peg,Binance,1.350000,1.350000,NO,2557458.91,"{""mid"":0.999865,""note"":""Peg deviation is a research signal; redemption, venue and issuer risks matter."",""signed_deviation_bps"":-1.3499999999999623,""watch_threshold_bps"":10.0}"
2026-09-06T10:11:13+00:00,stable_dislocation_error,USDC:Bybit:error,USDC,n/a,Bybit,0.000000,-9999.000000,NO,,"{""error"":""HTTP Error 403: Forbidden""}"
2026-09-06T10:11:13+00:00,stable_dislocation,FDUSD:Binance,FDUSD,below peg,Binance,12.500000,12.500000,YES,280464.04,"{""mid"":0.99875,""note"":""Peg deviation is a research signal; redemption, venue and issuer risks matter."",""signed_deviation_bps"":-12.499999999999734,""watch_threshold_bps"":10.0}"
2026-09-06T10:11:13+00:00,stable_dislocation_error,FDUSD:Bybit:error,FDUSD,n/a,Bybit,0.000000,-9999.000000,NO,,"{""error"":""HTTP Error 403: Forbidden""}"
2026-09-06T10:50:14+00:00,cex_triangle,ETH:USDT-BTC-ETH-USDT,ETH,USDT->BTC->ETH->USDT,Binance,0.672809,-37.299218,NO,30024.56,"{""extra_buffer_bps"":8.0,""fee_bps_per_leg"":10.0,""top_of_book_only"":true}"
2026-09-06T10:50:14+00:00,cex_triangle,ETH:USDT-ETH-BTC-USDT,ETH,USDT->ETH->BTC->USDT,Binance,-3.912748,-41.871032,NO,56201.38,"{""extra_buffer_bps"":8.0,""fee_bps_per_leg"":10.0,""top_of_book_only"":true}"
2026-09-06T10:50:14+00:00,cex_triangle,SOL:USDT-BTC-SOL-USDT,SOL,USDT->BTC->SOL->USDT,Binance,0.789205,-37.183170,NO,1745.13,"{""extra_buffer_bps"":8.0,""fee_bps_per_leg"":10.0,""top_of_book_only"":true}"
2026-09-06T10:50:14+00:00,cex_triangle,SOL:USDT-SOL-BTC-USDT,SOL,USDT->SOL->BTC->USDT,Binance,-2.480358,-40.442934,NO,242.58,"{""extra_buffer_bps"":8.0,""fee_bps_per_leg"":10.0,""top_of_book_only"":true}"
2026-09-06T10:50:14+00:00,stable_dislocation,USDC:Binance,USDC,below peg,Binance,1.250000,1.250000,NO,1576723.77,"{""mid"":0.9998750000000001,""note"":""Peg deviation is a research signal; redemption, venue and issuer risks matter."",""signed_deviation_bps"":-1.2499999999993072,""watch_threshold_bps"":10.0}"
2026-09-06T10:50:14+00:00,stable_dislocation_error,USDC:Bybit:error,USDC,n/a,Bybit,0.000000,-9999.000000,NO,,"{""error"":""HTTP Error 403: Forbidden""}"
2026-09-06T10:50:14+00:00,stable_dislocation,FDUSD:Binance,FDUSD,below peg,Binance,11.500000,11.500000,YES,70581.28,"{""mid"":0.99885,""note"":""Peg deviation is a research signal; redemption, venue and issuer risks matter."",""signed_deviation_bps"":-11.499999999999844,""watch_threshold_bps"":10.0}"
2026-09-06T10:50:14+00:00,stable_dislocation_error,FDUSD:Bybit:error,FDUSD,n/a,Bybit,0.000000,-9999.000000,NO,,"{""error"":""HTTP Error 403: Forbidden""}"
2026-09-06T10:53:47+00:00,cex_triangle,ETH:USDT-BTC-ETH-USDT,ETH,USDT->BTC->ETH->USDT,Binance,-1.239603,-39.205898,NO,38324.01,"{""extra_buffer_bps"":8.0,""fee_bps_per_leg"":10.0,""top_of_book_only"":true}"
2026-09-06T10:53:47+00:00,cex_triangle,ETH:USDT-ETH-BTC-USDT,ETH,USDT->ETH->BTC->USDT,Binance,-2.000850,-39.964863,NO,63763.50,"{""extra_buffer_bps"":8.0,""fee_bps_per_leg"":10.0,""top_of_book_only"":true}"
2026-09-06T10:53:47+00:00,cex_triangle,SOL:USDT-BTC-SOL-USDT,SOL,USDT->BTC->SOL->USDT,Binance,-0.937734,-38.904934,NO,1621.35,"{""extra_buffer_bps"":8.0,""fee_bps_per_leg"":10.0,""top_of_book_only"":true}"
2026-09-06T10:53:47+00:00,cex_triangle,SOL:USDT-SOL-BTC-USDT,SOL,USDT->SOL->BTC->USDT,Binance,-0.751437,-38.719195,NO,743.21,"{""extra_buffer_bps"":8.0,""fee_bps_per_leg"":10.0,""top_of_book_only"":true}"
2026-09-06T10:53:47+00:00,stable_dislocation,USDC:Binance,USDC,below peg,Binance,1.250000,1.250000,NO,941958.95,"{""mid"":0.9998750000000001,""note"":""Peg deviation is a research signal; redemption, venue and issuer risks matter."",""signed_deviation_bps"":-1.2499999999993072,""watch_threshold_bps"":10.0}"
2026-09-06T10:53:47+00:00,stable_dislocation_error,USDC:Bybit:error,USDC,n/a,Bybit,0.000000,-9999.000000,NO,,"{""error"":""HTTP Error 403: Forbidden""}"
2026-09-06T10:53:47+00:00,stable_dislocation,FDUSD:Binance,FDUSD,below peg,Binance,12.500000,12.500000,YES,387951.01,"{""mid"":0.99875,""note"":""Peg deviation is a research signal; redemption, venue and issuer risks matter."",""signed_deviation_bps"":-12.499999999999734,""watch_threshold_bps"":10.0}"
2026-09-06T10:53:47+00:00,stable_dislocation_error,FDUSD:Bybit:error,FDUSD,n/a,Bybit,0.000000,-9999.000000,NO,,"{""error"":""HTTP Error 403: Forbidden""}"
2026-09-06T11:25:49+00:00,cex_triangle,ETH:USDT-BTC-ETH-USDT,ETH,USDT->BTC->ETH->USDT,Binance,-3.208845,-41.169238,NO,51674.15,"{""extra_buffer_bps"":8.0,""fee_bps_per_leg"":10.0,""top_of_book_only"":true}"
2026-09-06T11:25:49+00:00,cex_triangle,ETH:USDT-ETH-BTC-USDT,ETH,USDT->ETH->BTC->USDT,Binance,-0.026253,-37.996184,NO,49749.58,"{""extra_buffer_bps"":8.0,""fee_bps_per_leg"":10.0,""top_of_book_only"":true}"
2026-09-06T11:25:49+00:00,cex_triangle,SOL:USDT-BTC-SOL-USDT,SOL,USDT->BTC->SOL->USDT,Binance,-0.464843,-38.433460,NO,729.31,"{""extra_buffer_bps"":8.0,""fee_bps_per_leg"":10.0,""top_of_book_only"":true}"
2026-09-06T11:25:49+00:00,cex_triangle,SOL:USDT-SOL-BTC-USDT,SOL,USDT->SOL->BTC->USDT,Binance,-1.225373,-39.191711,NO,601.57,"{""extra_buffer_bps"":8.0,""fee_bps_per_leg"":10.0,""top_of_book_only"":true}"
2026-09-06T11:25:49+00:00,stable_dislocation,USDC:Binance,USDC,below peg,Binance,1.050000,1.050000,NO,1488811.10,"{""mid"":0.999895,""note"":""Peg deviation is a research signal; redemption, venue and issuer risks matter."",""signed_deviation_bps"":-1.0500000000002174,""watch_threshold_bps"":10.0}"
2026-09-06T11:25:49+00:00,stable_dislocation_error,USDC:Bybit:error,USDC,n/a,Bybit,0.000000,-9999.000000,NO,,"{""error"":""HTTP Error 403: Forbidden""}"
2026-09-06T11:25:49+00:00,stable_dislocation,FDUSD:Binance,FDUSD,below peg,Binance,12.500000,12.500000,YES,469981.23,"{""mid"":0.99875,""note"":""Peg deviation is a research signal; redemption, venue and issuer risks matter."",""signed_deviation_bps"":-12.499999999999734,""watch_threshold_bps"":10.0}"
2026-09-06T11:25:49+00:00,stable_dislocation_error,FDUSD:Bybit:error,FDUSD,n/a,Bybit,0.000000,-9999.000000,NO,,"{""error"":""HTTP Error 403: Forbidden""}"
2026-09-06T11:36:08+00:00,cex_triangle,ETH:USDT-BTC-ETH-USDT,ETH,USDT->BTC->ETH->USDT,Binance,0.122483,-37.847894,NO,22587.38,"{""extra_buffer_bps"":8.0,""fee_bps_per_leg"":10.0,""top_of_book_only"":true}"
2026-09-06T11:36:08+00:00,cex_triangle,ETH:USDT-ETH-BTC-USDT,ETH,USDT->ETH->BTC->USDT,Binance,-3.359581,-41.319522,NO,62313.71,"{""extra_buffer_bps"":8.0,""fee_bps_per_leg"":10.0,""top_of_book_only"":true}"
2026-09-06T11:36:08+00:00,cex_triangle,SOL:USDT-BTC-SOL-USDT,SOL,USDT->BTC->SOL->USDT,Binance,-0.508833,-38.477318,NO,984.78,"{""extra_buffer_bps"":8.0,""fee_bps_per_leg"":10.0,""top_of_book_only"":true}"
2026-09-06T11:36:08+00:00,cex_triangle,SOL:USDT-SOL-BTC-USDT,SOL,USDT->SOL->BTC->USDT,Binance,-1.181933,-39.148400,NO,740.25,"{""extra_buffer_bps"":8.0,""fee_bps_per_leg"":10.0,""top_of_book_only"":true}"
2026-09-06T11:36:08+00:00,stable_dislocation,USDC:Binance,USDC,below peg,Binance,1.050000,1.050000,NO,3217131.25,"{""mid"":0.999895,""note"":""Peg deviation is a research signal; redemption, venue and issuer risks matter."",""signed_deviation_bps"":-1.0500000000002174,""watch_threshold_bps"":10.0}"
2026-09-06T11:36:08+00:00,stable_dislocation_error,USDC:Bybit:error,USDC,n/a,Bybit,0.000000,-9999.000000,NO,,"{""error"":""HTTP Error 403: Forbidden""}"
2026-09-06T11:36:08+00:00,stable_dislocation,FDUSD:Binance,FDUSD,below peg,Binance,12.500000,12.500000,YES,522656.06,"{""mid"":0.99875,""note"":""Peg deviation is a research signal; redemption, venue and issuer risks matter."",""signed_deviation_bps"":-12.499999999999734,""watch_threshold_bps"":10.0}"
2026-09-06T11:36:08+00:00,stable_dislocation_error,FDUSD:Bybit:error,FDUSD,n/a,Bybit,0.000000,-9999.000000,NO,,"{""error"":""HTTP Error 403: Forbidden""}"
2026-09-06T11:49:54+00:00,cex_triangle,ETH:USDT-BTC-ETH-USDT,ETH,USDT->BTC->ETH->USDT,Binance,-2.913973,-40.875249,NO,43940.54,"{""extra_buffer_bps"":8.0,""fee_bps_per_leg"":10.0,""top_of_book_only"":true}"
2026-09-06T11:49:54+00:00,cex_triangle,ETH:USDT-ETH-BTC-USDT,ETH,USDT->ETH->BTC->USDT,Binance,-0.321181,-38.290228,NO,32148.99,"{""extra_buffer_bps"":8.0,""fee_bps_per_leg"":10.0,""top_of_book_only"":true}"
2026-09-06T11:49:54+00:00,cex_triangle,SOL:USDT-BTC-SOL-USDT,SOL,USDT->BTC->SOL->USDT,Binance,-2.630657,-40.592783,NO,1172.47,"{""extra_buffer_bps"":8.0,""fee_bps_per_leg"":10.0,""top_of_book_only"":true}"
2026-09-06T11:49:54+00:00,cex_triangle,SOL:USDT-SOL-BTC-USDT,SOL,USDT->SOL->BTC->USDT,Binance,0.941187,-37.031644,NO,423.04,"{""extra_buffer_bps"":8.0,""fee_bps_per_leg"":10.0,""top_of_book_only"":true}"
2026-09-06T11:49:54+00:00,stable_dislocation,USDC:Binance,USDC,below peg,Binance,1.050000,1.050000,NO,7056868.24,"{""mid"":0.999895,""note"":""Peg deviation is a research signal; redemption, venue and issuer risks matter."",""signed_deviation_bps"":-1.0500000000002174,""watch_threshold_bps"":10.0}"
2026-09-06T11:49:54+00:00,stable_dislocation_error,USDC:Bybit:error,USDC,n/a,Bybit,0.000000,-9999.000000,NO,,"{""error"":""HTTP Error 403: Forbidden""}"
2026-09-06T11:49:54+00:00,stable_dislocation,FDUSD:Binance,FDUSD,below peg,Binance,12.500000,12.500000,YES,442735.08,"{""mid"":0.99875,""note"":""Peg deviation is a research signal; redemption, venue and issuer risks matter."",""signed_deviation_bps"":-12.499999999999734,""watch_threshold_bps"":10.0}"
2026-09-06T11:49:54+00:00,stable_dislocation_error,FDUSD:Bybit:error,FDUSD,n/a,Bybit,0.000000,-9999.000000,NO,,"{""error"":""HTTP Error 403: Forbidden""}"
2026-09-06T13:36:37+00:00,cex_triangle,ETH:USDT-BTC-ETH-USDT,ETH,USDT->BTC->ETH->USDT,Binance,2.448542,-35.528806,NO,2715.05,"{""extra_buffer_bps"":8.0,""fee_bps_per_leg"":10.0,""top_of_book_only"":true}"
2026-09-06T13:36:37+00:00,cex_triangle,ETH:USDT-ETH-BTC-USDT,ETH,USDT->ETH->BTC->USDT,Binance,-5.692626,-43.645575,NO,58635.47,"{""extra_buffer_bps"":8.0,""fee_bps_per_leg"":10.0,""top_of_book_only"":true}"
2026-09-06T13:36:37+00:00,cex_triangle,SOL:USDT-BTC-SOL-USDT,SOL,USDT->BTC->SOL->USDT,Binance,1.758387,-36.216893,NO,709.19,"{""extra_buffer_bps"":8.0,""fee_bps_per_leg"":10.0,""top_of_book_only"":true}"
2026-09-06T13:36:37+00:00,cex_triangle,SOL:USDT-SOL-BTC-USDT,SOL,USDT->SOL->BTC->USDT,Binance,-3.452929,-41.412591,NO,1137.93,"{""extra_buffer_bps"":8.0,""fee_bps_per_leg"":10.0,""top_of_book_only"":true}"
2026-09-06T13:36:37+00:00,stable_dislocation,USDC:Binance,USDC,below peg,Binance,0.250000,0.250000,NO,2211682.77,"{""mid"":0.9999750000000001,""note"":""Peg deviation is a research signal; redemption, venue and issuer risks matter."",""signed_deviation_bps"":-0.24999999999941735,""watch_threshold_bps"":10.0}"
2026-09-06T13:36:37+00:00,stable_dislocation_error,USDC:Bybit:error,USDC,n/a,Bybit,0.000000,-9999.000000,NO,,"{""error"":""HTTP Error 403: Forbidden""}"
2026-09-06T13:36:37+00:00,stable_dislocation,FDUSD:Binance,FDUSD,below peg,Binance,11.500000,11.500000,YES,1331.53,"{""mid"":0.99885,""note"":""Peg deviation is a research signal; redemption, venue and issuer risks matter."",""signed_deviation_bps"":-11.499999999999844,""watch_threshold_bps"":10.0}"
2026-09-06T13:36:37+00:00,stable_dislocation_error,FDUSD:Bybit:error,FDUSD,n/a,Bybit,0.000000,-9999.000000,NO,,"{""error"":""HTTP Error 403: Forbidden""}"
2026-09-06T14:12:00+00:00,cex_triangle,ETH:USDT-BTC-ETH-USDT,ETH,USDT->BTC->ETH->USDT,Binance,-1.099688,-39.066403,NO,47631.39,"{""extra_buffer_bps"":8.0,""fee_bps_per_leg"":10.0,""top_of_book_only"":true}"
2026-09-06T14:12:00+00:00,cex_triangle,ETH:USDT-ETH-BTC-USDT,ETH,USDT->ETH->BTC->USDT,Binance,-2.145018,-40.108599,NO,80390.07,"{""extra_buffer_bps"":8.0,""fee_bps_per_leg"":10.0,""top_of_book_only"":true}"
2026-09-06T14:12:00+00:00,cex_triangle,SOL:USDT-BTC-SOL-USDT,SOL,USDT->BTC->SOL->USDT,Binance,-0.506894,-38.475385,NO,313.74,"{""extra_buffer_bps"":8.0,""fee_bps_per_leg"":10.0,""top_of_book_only"":true}"
2026-09-06T14:12:00+00:00,cex_triangle,SOL:USDT-SOL-BTC-USDT,SOL,USDT->SOL->BTC->USDT,Binance,-1.180682,-39.147154,NO,537.58,"{""extra_buffer_bps"":8.0,""fee_bps_per_leg"":10.0,""top_of_book_only"":true}"
2026-09-06T14:12:00+00:00,stable_dislocation,USDC:Binance,USDC,below peg,Binance,0.050000,0.050000,NO,1398174.02,"{""mid"":0.999995,""note"":""Peg deviation is a research signal; redemption, venue and issuer risks matter."",""signed_deviation_bps"":-0.05000000000032756,""watch_threshold_bps"":10.0}"
2026-09-06T14:12:00+00:00,stable_dislocation_error,USDC:Bybit:error,USDC,n/a,Bybit,0.000000,-9999.000000,NO,,"{""error"":""HTTP Error 403: Forbidden""}"
2026-09-06T14:12:00+00:00,stable_dislocation,FDUSD:Binance,FDUSD,below peg,Binance,11.500000,11.500000,YES,195445.18,"{""mid"":0.99885,""note"":""Peg deviation is a research signal; redemption, venue and issuer risks matter."",""signed_deviation_bps"":-11.499999999999844,""watch_threshold_bps"":10.0}"
2026-09-06T14:12:00+00:00,stable_dislocation_error,FDUSD:Bybit:error,FDUSD,n/a,Bybit,0.000000,-9999.000000,NO,,"{""error"":""HTTP Error 403: Forbidden""}"
2026-09-06T14:19:05+00:00,cex_triangle,ETH:USDT-BTC-ETH-USDT,ETH,USDT->BTC->ETH->USDT,Binance,-1.786878,-39.751533,NO,4276.85,"{""extra_buffer_bps"":8.0,""fee_bps_per_leg"":10.0,""top_of_book_only"":true}"
2026-09-06T14:19:05+00:00,cex_triangle,ETH:USDT-ETH-BTC-USDT,ETH,USDT->ETH->BTC->USDT,Binance,-1.462009,-39.427637,NO,49723.03,"{""extra_buffer_bps"":8.0,""fee_bps_per_leg"":10.0,""top_of_book_only"":true}"
2026-09-06T14:19:05+00:00,cex_triangle,SOL:USDT-BTC-SOL-USDT,SOL,USDT->BTC->SOL->USDT,Binance,-0.627297,-38.595427,NO,507.46,"{""extra_buffer_bps"":8.0,""fee_bps_per_leg"":10.0,""top_of_book_only"":true}"
2026-09-06T14:19:05+00:00,cex_triangle,SOL:USDT-SOL-BTC-USDT,SOL,USDT->SOL->BTC->USDT,Binance,-1.063909,-39.030731,NO,1740.06,"{""extra_buffer_bps"":8.0,""fee_bps_per_leg"":10.0,""top_of_book_only"":true}"
2026-09-06T14:19:05+00:00,stable_dislocation,USDC:Binance,USDC,below peg,Binance,0.250000,0.250000,NO,2181259.37,"{""mid"":0.9999750000000001,""note"":""Peg deviation is a research signal; redemption, venue and issuer risks matter."",""signed_deviation_bps"":-0.24999999999941735,""watch_threshold_bps"":10.0}"
2026-09-06T14:19:05+00:00,stable_dislocation_error,USDC:Bybit:error,USDC,n/a,Bybit,0.000000,-9999.000000,NO,,"{""error"":""HTTP Error 403: Forbidden""}"
2026-09-06T14:19:05+00:00,stable_dislocation,FDUSD:Binance,FDUSD,below peg,Binance,11.500000,11.500000,YES,135274.48,"{""mid"":0.99885,""note"":""Peg deviation is a research signal; redemption, venue and issuer risks matter."",""signed_deviation_bps"":-11.499999999999844,""watch_threshold_bps"":10.0}"
2026-09-06T14:19:05+00:00,stable_dislocation_error,FDUSD:Bybit:error,FDUSD,n/a,Bybit,0.000000,-9999.000000,NO,,"{""error"":""HTTP Error 403: Forbidden""}"
2026-09-06T14:51:50+00:00,cex_triangle,ETH:USDT-BTC-ETH-USDT,ETH,USDT->BTC->ETH->USDT,Binance,-1.988112,-39.952163,NO,86047.49,"{""extra_buffer_bps"":8.0,""fee_bps_per_leg"":10.0,""top_of_book_only"":true}"
2026-09-06T14:51:50+00:00,cex_triangle,ETH:USDT-ETH-BTC-USDT,ETH,USDT->ETH->BTC->USDT,Binance,-1.260832,-39.227063,NO,32098.83,"{""extra_buffer_bps"":8.0,""fee_bps_per_leg"":10.0,""top_of_book_only"":true}"
2026-09-06T14:51:50+00:00,cex_triangle,SOL:USDT-BTC-SOL-USDT,SOL,USDT->BTC->SOL->USDT,Binance,-1.366098,-39.332014,NO,321.07,"{""extra_buffer_bps"":8.0,""fee_bps_per_leg"":10.0,""top_of_book_only"":true}"
2026-09-06T14:51:50+00:00,cex_triangle,SOL:USDT-SOL-BTC-USDT,SOL,USDT->SOL->BTC->USDT,Binance,-0.328445,-38.297471,NO,1172.72,"{""extra_buffer_bps"":8.0,""fee_bps_per_leg"":10.0,""top_of_book_only"":true}"
2026-09-06T14:51:50+00:00,stable_dislocation,USDC:Binance,USDC,below peg,Binance,0.250000,0.250000,NO,1508474.74,"{""mid"":0.9999750000000001,""note"":""Peg deviation is a research signal; redemption, venue and issuer risks matter."",""signed_deviation_bps"":-0.24999999999941735,""watch_threshold_bps"":10.0}"
2026-09-06T14:51:50+00:00,stable_dislocation_error,USDC:Bybit:error,USDC,n/a,Bybit,0.000000,-9999.000000,NO,,"{""error"":""HTTP Error 403: Forbidden""}"
2026-09-06T14:51:50+00:00,stable_dislocation,FDUSD:Binance,FDUSD,below peg,Binance,11.500000,11.500000,YES,210060.68,"{""mid"":0.99885,""note"":""Peg deviation is a research signal; redemption, venue and issuer risks matter."",""signed_deviation_bps"":-11.499999999999844,""watch_threshold_bps"":10.0}"
2026-09-06T14:51:50+00:00,stable_dislocation_error,FDUSD:Bybit:error,FDUSD,n/a,Bybit,0.000000,-9999.000000,NO,,"{""error"":""HTTP Error 403: Forbidden""}"
2026-09-06T15:14:18+00:00,cex_triangle,ETH:USDT-BTC-ETH-USDT,ETH,USDT->BTC->ETH->USDT,Binance,-0.887372,-38.854723,NO,4766.23,"{""extra_buffer_bps"":8.0,""fee_bps_per_leg"":10.0,""top_of_book_only"":true}"
2026-09-06T15:14:18+00:00,cex_triangle,ETH:USDT-ETH-BTC-USDT,ETH,USDT->ETH->BTC->USDT,Binance,-2.365775,-40.328694,NO,38649.42,"{""extra_buffer_bps"":8.0,""fee_bps_per_leg"":10.0,""top_of_book_only"":true}"
2026-09-06T15:14:18+00:00,cex_triangle,SOL:USDT-BTC-SOL-USDT,SOL,USDT->BTC->SOL->USDT,Binance,-0.569907,-38.538209,NO,870.27,"{""extra_buffer_bps"":8.0,""fee_bps_per_leg"":10.0,""top_of_book_only"":true}"
2026-09-06T15:14:18+00:00,cex_triangle,SOL:USDT-SOL-BTC-USDT,SOL,USDT->SOL->BTC->USDT,Binance,-1.136183,-39.102788,NO,1610.09,"{""extra_buffer_bps"":8.0,""fee_bps_per_leg"":10.0,""top_of_book_only"":true}"
2026-09-06T15:14:18+00:00,stable_dislocation,USDC:Binance,USDC,below peg,Binance,0.350000,0.350000,NO,2899135.02,"{""mid"":0.999965,""note"":""Peg deviation is a research signal; redemption, venue and issuer risks matter."",""signed_deviation_bps"":-0.3500000000000725,""watch_threshold_bps"":10.0}"
2026-09-06T15:14:18+00:00,stable_dislocation_error,USDC:Bybit:error,USDC,n/a,Bybit,0.000000,-9999.000000,NO,,"{""error"":""HTTP Error 403: Forbidden""}"
2026-09-06T15:14:18+00:00,stable_dislocation,FDUSD:Binance,FDUSD,below peg,Binance,12.500000,12.500000,YES,28393.89,"{""mid"":0.99875,""note"":""Peg deviation is a research signal; redemption, venue and issuer risks matter."",""signed_deviation_bps"":-12.499999999999734,""watch_threshold_bps"":10.0}"
2026-09-06T15:14:18+00:00,stable_dislocation_error,FDUSD:Bybit:error,FDUSD,n/a,Bybit,0.000000,-9999.000000,NO,,"{""error"":""HTTP Error 403: Forbidden""}"
2026-09-06T15:17:35+00:00,cex_triangle,ETH:USDT-BTC-ETH-USDT,ETH,USDT->BTC->ETH->USDT,Binance,-0.143216,-38.112797,NO,51329.27,"{""extra_buffer_bps"":8.0,""fee_bps_per_leg"":10.0,""top_of_book_only"":true}"
2026-09-06T15:17:35+00:00,cex_triangle,ETH:USDT-ETH-BTC-USDT,ETH,USDT->ETH->BTC->USDT,Binance,-3.109721,-41.070411,NO,14636.71,"{""extra_buffer_bps"":8.0,""fee_bps_per_leg"":10.0,""top_of_book_only"":true}"
2026-09-06T15:17:35+00:00,cex_triangle,SOL:USDT-BTC-SOL-USDT,SOL,USDT->BTC->SOL->USDT,Binance,0.908350,-37.064382,NO,1373.51,"{""extra_buffer_bps"":8.0,""fee_bps_per_leg"":10.0,""top_of_book_only"":true}"
2026-09-06T15:17:35+00:00,cex_triangle,SOL:USDT-SOL-BTC-USDT,SOL,USDT->SOL->BTC->USDT,Binance,-2.609342,-40.571532,NO,860.54,"{""extra_buffer_bps"":8.0,""fee_bps_per_leg"":10.0,""top_of_book_only"":true}"
2026-09-06T15:17:35+00:00,stable_dislocation,USDC:Binance,USDC,below peg,Binance,0.250000,0.250000,NO,4085866.42,"{""mid"":0.9999750000000001,""note"":""Peg deviation is a research signal; redemption, venue and issuer risks matter."",""signed_deviation_bps"":-0.24999999999941735,""watch_threshold_bps"":10.0}"
2026-09-06T15:17:35+00:00,stable_dislocation_error,USDC:Bybit:error,USDC,n/a,Bybit,0.000000,-9999.000000,NO,,"{""error"":""HTTP Error 403: Forbidden""}"
2026-09-06T15:17:35+00:00,stable_dislocation,FDUSD:Binance,FDUSD,below peg,Binance,12.500000,12.500000,YES,20912.87,"{""mid"":0.99875,""note"":""Peg deviation is a research signal; redemption, venue and issuer risks matter."",""signed_deviation_bps"":-12.499999999999734,""watch_threshold_bps"":10.0}"
2026-09-06T15:17:35+00:00,stable_dislocation_error,FDUSD:Bybit:error,FDUSD,n/a,Bybit,0.000000,-9999.000000,NO,,"{""error"":""HTTP Error 403: Forbidden""}"
2026-09-06T15:22:52+00:00,cex_triangle,ETH:USDT-BTC-ETH-USDT,ETH,USDT->BTC->ETH->USDT,Binance,-5.753236,-43.706003,NO,15941.67,"{""extra_buffer_bps"":8.0,""fee_bps_per_leg"":10.0,""top_of_book_only"":true}"
2026-09-06T15:22:52+00:00,cex_triangle,ETH:USDT-ETH-BTC-USDT,ETH,USDT->ETH->BTC->USDT,Binance,2.502824,-35.474687,NO,1552.91,"{""extra_buffer_bps"":8.0,""fee_bps_per_leg"":10.0,""top_of_book_only"":true}"
2026-09-06T15:22:52+00:00,cex_triangle,SOL:USDT-BTC-SOL-USDT,SOL,USDT->BTC->SOL->USDT,Binance,-1.629586,-39.594712,NO,652.27,"{""extra_buffer_bps"":8.0,""fee_bps_per_leg"":10.0,""top_of_book_only"":true}"
2026-09-06T15:22:52+00:00,cex_triangle,SOL:USDT-SOL-BTC-USDT,SOL,USDT->SOL->BTC->USDT,Binance,-0.070045,-38.039845,NO,610.92,"{""extra_buffer_bps"":8.0,""fee_bps_per_leg"":10.0,""top_of_book_only"":true}"
2026-09-06T15:22:52+00:00,stable_dislocation,USDC:Binance,USDC,below peg,Binance,0.350000,0.350000,NO,2223026.31,"{""mid"":0.999965,""note"":""Peg deviation is a research signal; redemption, venue and issuer risks matter."",""signed_deviation_bps"":-0.3500000000000725,""watch_threshold_bps"":10.0}"
2026-09-06T15:22:52+00:00,stable_dislocation_error,USDC:Bybit:error,USDC,n/a,Bybit,0.000000,-9999.000000,NO,,"{""error"":""HTTP Error 403: Forbidden""}"
2026-09-06T15:22:52+00:00,stable_dislocation,FDUSD:Binance,FDUSD,below peg,Binance,10.500000,10.500000,YES,67470.70,"{""mid"":0.99895,""note"":""Peg deviation is a research signal; redemption, venue and issuer risks matter."",""signed_deviation_bps"":-10.499999999999954,""watch_threshold_bps"":10.0}"
2026-09-06T15:22:52+00:00,stable_dislocation_error,FDUSD:Bybit:error,FDUSD,n/a,Bybit,0.000000,-9999.000000,NO,,"{""error"":""HTTP Error 403: Forbidden""}"
2026-09-06T15:30:54+00:00,cex_triangle,ETH:USDT-BTC-ETH-USDT,ETH,USDT->BTC->ETH->USDT,Binance,-4.917570,-42.872842,NO,4073.52,"{""extra_buffer_bps"":8.0,""fee_bps_per_leg"":10.0,""top_of_book_only"":true}"
2026-09-06T15:30:54+00:00,cex_triangle,ETH:USDT-ETH-BTC-USDT,ETH,USDT->ETH->BTC->USDT,Binance,1.665507,-36.309494,NO,23162.64,"{""extra_buffer_bps"":8.0,""fee_bps_per_leg"":10.0,""top_of_book_only"":true}"
2026-09-06T15:30:54+00:00,cex_triangle,SOL:USDT-BTC-SOL-USDT,SOL,USDT->BTC->SOL->USDT,Binance,-1.025031,-38.991969,NO,960.87,"{""extra_buffer_bps"":8.0,""fee_bps_per_leg"":10.0,""top_of_book_only"":true}"
2026-09-06T15:30:54+00:00,cex_triangle,SOL:USDT-SOL-BTC-USDT,SOL,USDT->SOL->BTC->USDT,Binance,-0.674098,-38.642087,NO,468.16,"{""extra_buffer_bps"":8.0,""fee_bps_per_leg"":10.0,""top_of_book_only"":true}"
2026-09-06T15:30:54+00:00,stable_dislocation,USDC:Binance,USDC,below peg,Binance,0.250000,0.250000,NO,1488788.34,"{""mid"":0.9999750000000001,""note"":""Peg deviation is a research signal; redemption, venue and issuer risks matter."",""signed_deviation_bps"":-0.24999999999941735,""watch_threshold_bps"":10.0}"
2026-09-06T15:30:54+00:00,stable_dislocation_error,USDC:Bybit:error,USDC,n/a,Bybit,0.000000,-9999.000000,NO,,"{""error"":""HTTP Error 403: Forbidden""}"
2026-09-06T15:30:54+00:00,stable_dislocation,FDUSD:Binance,FDUSD,below peg,Binance,10.500000,10.500000,YES,63238.36,"{""mid"":0.99895,""note"":""Peg deviation is a research signal; redemption, venue and issuer risks matter."",""signed_deviation_bps"":-10.499999999999954,""watch_threshold_bps"":10.0}"
2026-09-06T15:30:54+00:00,stable_dislocation_error,FDUSD:Bybit:error,FDUSD,n/a,Bybit,0.000000,-9999.000000,NO,,"{""error"":""HTTP Error 403: Forbidden""}"
2026-09-06T17:09:02+00:00,cex_triangle,ETH:USDT-BTC-ETH-USDT,ETH,USDT->BTC->ETH->USDT,Binance,-5.494167,-43.447711,NO,22312.35,"{""extra_buffer_bps"":8.0,""fee_bps_per_leg"":10.0,""top_of_book_only"":true}"
2026-09-06T17:09:02+00:00,cex_triangle,ETH:USDT-ETH-BTC-USDT,ETH,USDT->ETH->BTC->USDT,Binance,2.247720,-35.729027,NO,60179.31,"{""extra_buffer_bps"":8.0,""fee_bps_per_leg"":10.0,""top_of_book_only"":true}"
2026-09-06T17:09:02+00:00,cex_triangle,SOL:USDT-BTC-SOL-USDT,SOL,USDT->BTC->SOL->USDT,Binance,-3.526619,-41.486060,NO,353.10,"{""extra_buffer_bps"":8.0,""fee_bps_per_leg"":10.0,""top_of_book_only"":true}"
2026-09-06T17:09:02+00:00,cex_triangle,SOL:USDT-SOL-BTC-USDT,SOL,USDT->SOL->BTC->USDT,Binance,1.826181,-36.149302,NO,267.19,"{""extra_buffer_bps"":8.0,""fee_bps_per_leg"":10.0,""top_of_book_only"":true}"
2026-09-06T17:09:02+00:00,stable_dislocation,USDC:Binance,USDC,below peg,Binance,0.250000,0.250000,NO,2362500.75,"{""mid"":0.9999750000000001,""note"":""Peg deviation is a research signal; redemption, venue and issuer risks matter."",""signed_deviation_bps"":-0.24999999999941735,""watch_threshold_bps"":10.0}"
2026-09-06T17:09:02+00:00,stable_dislocation_error,USDC:Bybit:error,USDC,n/a,Bybit,0.000000,-9999.000000,NO,,"{""error"":""HTTP Error 403: Forbidden""}"
2026-09-06T17:09:02+00:00,stable_dislocation,FDUSD:Binance,FDUSD,below peg,Binance,10.500000,10.500000,YES,3908.70,"{""mid"":0.99895,""note"":""Peg deviation is a research signal; redemption, venue and issuer risks matter."",""signed_deviation_bps"":-10.499999999999954,""watch_threshold_bps"":10.0}"
2026-09-06T17:09:02+00:00,stable_dislocation_error,FDUSD:Bybit:error,FDUSD,n/a,Bybit,0.000000,-9999.000000,NO,,"{""error"":""HTTP Error 403: Forbidden""}"
2026-09-06T18:06:39+00:00,cex_triangle,ETH:USDT-BTC-ETH-USDT,ETH,USDT->BTC->ETH->USDT,Binance,-5.332939,-43.286966,NO,88267.65,"{""extra_buffer_bps"":8.0,""fee_bps_per_leg"":10.0,""top_of_book_only"":true}"
2026-09-06T18:06:39+00:00,cex_triangle,ETH:USDT-ETH-BTC-USDT,ETH,USDT->ETH->BTC->USDT,Binance,2.092707,-35.883575,NO,41748.29,"{""extra_buffer_bps"":8.0,""fee_bps_per_leg"":10.0,""top_of_book_only"":true}"
2026-09-06T18:06:39+00:00,cex_triangle,SOL:USDT-BTC-SOL-USDT,SOL,USDT->BTC->SOL->USDT,Binance,-3.616619,-41.575790,NO,993.33,"{""extra_buffer_bps"":8.0,""fee_bps_per_leg"":10.0,""top_of_book_only"":true}"
2026-09-06T18:06:39+00:00,cex_triangle,SOL:USDT-SOL-BTC-USDT,SOL,USDT->SOL->BTC->USDT,Binance,1.924504,-36.051274,NO,771.38,"{""extra_buffer_bps"":8.0,""fee_bps_per_leg"":10.0,""top_of_book_only"":true}"
2026-09-06T18:06:39+00:00,stable_dislocation,USDC:Binance,USDC,below peg,Binance,0.150000,0.150000,NO,859941.80,"{""mid"":0.999985,""note"":""Peg deviation is a research signal; redemption, venue and issuer risks matter."",""signed_deviation_bps"":-0.14999999999987246,""watch_threshold_bps"":10.0}"
2026-09-06T18:06:39+00:00,stable_dislocation_error,USDC:Bybit:error,USDC,n/a,Bybit,0.000000,-9999.000000,NO,,"{""error"":""HTTP Error 403: Forbidden""}"
2026-09-06T18:06:39+00:00,stable_dislocation,FDUSD:Binance,FDUSD,below peg,Binance,10.500000,10.500000,YES,197808.99,"{""mid"":0.99895,""note"":""Peg deviation is a research signal; redemption, venue and issuer risks matter."",""signed_deviation_bps"":-10.499999999999954,""watch_threshold_bps"":10.0}"
2026-09-06T18:06:39+00:00,stable_dislocation_error,FDUSD:Bybit:error,FDUSD,n/a,Bybit,0.000000,-9999.000000,NO,,"{""error"":""HTTP Error 403: Forbidden""}"
2026-09-06T18:24:07+00:00,cex_triangle,ETH:USDT-BTC-ETH-USDT,ETH,USDT->BTC->ETH->USDT,Binance,-1.431487,-39.397207,NO,29710.24,"{""extra_buffer_bps"":8.0,""fee_bps_per_leg"":10.0,""top_of_book_only"":true}"
2026-09-06T18:24:07+00:00,cex_triangle,ETH:USDT-ETH-BTC-USDT,ETH,USDT->ETH->BTC->USDT,Binance,-1.812145,-39.776724,NO,134936.70,"{""extra_buffer_bps"":8.0,""fee_bps_per_leg"":10.0,""top_of_book_only"":true}"
2026-09-06T18:24:07+00:00,cex_triangle,SOL:USDT-BTC-SOL-USDT,SOL,USDT->BTC->SOL->USDT,Binance,-1.534014,-39.499426,NO,1098.04,"{""extra_buffer_bps"":8.0,""fee_bps_per_leg"":10.0,""top_of_book_only"":true}"
2026-09-06T18:24:07+00:00,cex_triangle,SOL:USDT-SOL-BTC-USDT,SOL,USDT->SOL->BTC->USDT,Binance,-0.159611,-38.129143,NO,253.80,"{""extra_buffer_bps"":8.0,""fee_bps_per_leg"":10.0,""top_of_book_only"":true}"
2026-09-06T18:24:07+00:00,stable_dislocation,USDC:Binance,USDC,below peg,Binance,0.450000,0.450000,NO,1803574.85,"{""mid"":0.9999549999999999,""note"":""Peg deviation is a research signal; redemption, venue and issuer risks matter."",""signed_deviation_bps"":-0.4500000000007276,""watch_threshold_bps"":10.0}"
2026-09-06T18:24:07+00:00,stable_dislocation_error,USDC:Bybit:error,USDC,n/a,Bybit,0.000000,-9999.000000,NO,,"{""error"":""HTTP Error 403: Forbidden""}"
2026-09-06T18:24:07+00:00,stable_dislocation,FDUSD:Binance,FDUSD,below peg,Binance,10.500000,10.500000,YES,116342.54,"{""mid"":0.99895,""note"":""Peg deviation is a research signal; redemption, venue and issuer risks matter."",""signed_deviation_bps"":-10.499999999999954,""watch_threshold_bps"":10.0}"
2026-09-06T18:24:07+00:00,stable_dislocation_error,FDUSD:Bybit:error,FDUSD,n/a,Bybit,0.000000,-9999.000000,NO,,"{""error"":""HTTP Error 403: Forbidden""}"
2026-09-06T18:56:58+00:00,cex_triangle,ETH:USDT-BTC-ETH-USDT,ETH,USDT->BTC->ETH->USDT,Binance,-2.307802,-40.270896,NO,2235.40,"{""extra_buffer_bps"":8.0,""fee_bps_per_leg"":10.0,""top_of_book_only"":true}"
2026-09-06T18:56:58+00:00,cex_triangle,ETH:USDT-ETH-BTC-USDT,ETH,USDT->ETH->BTC->USDT,Binance,-0.937853,-38.905053,NO,66065.22,"{""extra_buffer_bps"":8.0,""fee_bps_per_leg"":10.0,""top_of_book_only"":true}"
2026-09-06T18:56:58+00:00,cex_triangle,SOL:USDT-BTC-SOL-USDT,SOL,USDT->BTC->SOL->USDT,Binance,-2.621649,-40.583802,NO,976.44,"{""extra_buffer_bps"":8.0,""fee_bps_per_leg"":10.0,""top_of_book_only"":true}"
2026-09-06T18:56:58+00:00,cex_triangle,SOL:USDT-SOL-BTC-USDT,SOL,USDT->SOL->BTC->USDT,Binance,0.922024,-37.050749,NO,505.14,"{""extra_buffer_bps"":8.0,""fee_bps_per_leg"":10.0,""top_of_book_only"":true}"
2026-09-06T18:56:58+00:00,stable_dislocation,USDC:Binance,USDC,below peg,Binance,0.450000,0.450000,NO,2334268.63,"{""mid"":0.9999549999999999,""note"":""Peg deviation is a research signal; redemption, venue and issuer risks matter."",""signed_deviation_bps"":-0.4500000000007276,""watch_threshold_bps"":10.0}"
2026-09-06T18:56:58+00:00,stable_dislocation_error,USDC:Bybit:error,USDC,n/a,Bybit,0.000000,-9999.000000,NO,,"{""error"":""HTTP Error 403: Forbidden""}"
2026-09-06T18:56:58+00:00,stable_dislocation,FDUSD:Binance,FDUSD,below peg,Binance,9.500000,9.500000,NO,59169.77,"{""mid"":0.99905,""note"":""Peg deviation is a research signal; redemption, venue and issuer risks matter."",""signed_deviation_bps"":-9.500000000000064,""watch_threshold_bps"":10.0}"
2026-09-06T18:56:58+00:00,stable_dislocation_error,FDUSD:Bybit:error,FDUSD,n/a,Bybit,0.000000,-9999.000000,NO,,"{""error"":""HTTP Error 403: Forbidden""}"
2026-09-06T19:09:25+00:00,cex_triangle,ETH:USDT-BTC-ETH-USDT,ETH,USDT->BTC->ETH->USDT,Binance,-0.852475,-38.819930,NO,42599.26,"{""extra_buffer_bps"":8.0,""fee_bps_per_leg"":10.0,""top_of_book_only"":true}"
2026-09-06T19:09:25+00:00,cex_triangle,ETH:USDT-ETH-BTC-USDT,ETH,USDT->ETH->BTC->USDT,Binance,-2.394226,-40.357060,NO,54065.41,"{""extra_buffer_bps"":8.0,""fee_bps_per_leg"":10.0,""top_of_book_only"":true}"
2026-09-06T19:09:25+00:00,cex_triangle,SOL:USDT-BTC-SOL-USDT,SOL,USDT->BTC->SOL->USDT,Binance,-1.107985,-39.074674,NO,806.91,"{""extra_buffer_bps"":8.0,""fee_bps_per_leg"":10.0,""top_of_book_only"":true}"
2026-09-06T19:09:25+00:00,cex_triangle,SOL:USDT-SOL-BTC-USDT,SOL,USDT->SOL->BTC->USDT,Binance,-0.592598,-38.560832,NO,1063.48,"{""extra_buffer_bps"":8.0,""fee_bps_per_leg"":10.0,""top_of_book_only"":true}"
2026-09-06T19:09:25+00:00,stable_dislocation,USDC:Binance,USDC,below peg,Binance,0.250000,0.250000,NO,662194.13,"{""mid"":0.9999750000000001,""note"":""Peg deviation is a research signal; redemption, venue and issuer risks matter."",""signed_deviation_bps"":-0.24999999999941735,""watch_threshold_bps"":10.0}"
2026-09-06T19:09:25+00:00,stable_dislocation_error,USDC:Bybit:error,USDC,n/a,Bybit,0.000000,-9999.000000,NO,,"{""error"":""HTTP Error 403: Forbidden""}"
2026-09-06T19:09:25+00:00,stable_dislocation,FDUSD:Binance,FDUSD,below peg,Binance,9.500000,9.500000,NO,88312.60,"{""mid"":0.99905,""note"":""Peg deviation is a research signal; redemption, venue and issuer risks matter."",""signed_deviation_bps"":-9.500000000000064,""watch_threshold_bps"":10.0}"
2026-09-06T19:09:25+00:00,stable_dislocation_error,FDUSD:Bybit:error,FDUSD,n/a,Bybit,0.000000,-9999.000000,NO,,"{""error"":""HTTP Error 403: Forbidden""}"
2026-09-06T20:26:36+00:00,cex_triangle,ETH:USDT-BTC-ETH-USDT,ETH,USDT->BTC->ETH->USDT,Binance,-2.905405,-40.866707,NO,47202.11,"{""extra_buffer_bps"":8.0,""fee_bps_per_leg"":10.0,""top_of_book_only"":true}"
2026-09-06T20:26:36+00:00,cex_triangle,ETH:USDT-ETH-BTC-USDT,ETH,USDT->ETH->BTC->USDT,Binance,-0.338055,-38.307051,NO,32898.47,"{""extra_buffer_bps"":8.0,""fee_bps_per_leg"":10.0,""top_of_book_only"":true}"
2026-09-06T20:26:36+00:00,cex_triangle,SOL:USDT-BTC-SOL-USDT,SOL,USDT->BTC->SOL->USDT,Binance,-2.163432,-40.126958,NO,744.71,"{""extra_buffer_bps"":8.0,""fee_bps_per_leg"":10.0,""top_of_book_only"":true}"
2026-09-06T20:26:36+00:00,cex_triangle,SOL:USDT-SOL-BTC-USDT,SOL,USDT->SOL->BTC->USDT,Binance,0.459401,-37.511986,NO,584.61,"{""extra_buffer_bps"":8.0,""fee_bps_per_leg"":10.0,""top_of_book_only"":true}"
2026-09-06T20:26:36+00:00,stable_dislocation,USDC:Binance,USDC,below peg,Binance,0.350000,0.350000,NO,3696021.15,"{""mid"":0.999965,""note"":""Peg deviation is a research signal; redemption, venue and issuer risks matter."",""signed_deviation_bps"":-0.3500000000000725,""watch_threshold_bps"":10.0}"
2026-09-06T20:26:36+00:00,stable_dislocation_error,USDC:Bybit:error,USDC,n/a,Bybit,0.000000,-9999.000000,NO,,"{""error"":""HTTP Error 403: Forbidden""}"
2026-09-06T20:26:36+00:00,stable_dislocation,FDUSD:Binance,FDUSD,below peg,Binance,9.500000,9.500000,NO,99296.60,"{""mid"":0.99905,""note"":""Peg deviation is a research signal; redemption, venue and issuer risks matter."",""signed_deviation_bps"":-9.500000000000064,""watch_threshold_bps"":10.0}"
2026-09-06T20:26:36+00:00,stable_dislocation_error,FDUSD:Bybit:error,FDUSD,n/a,Bybit,0.000000,-9999.000000,NO,,"{""error"":""HTTP Error 403: Forbidden""}"
2026-09-06T21:12:22+00:00,cex_triangle,ETH:USDT-BTC-ETH-USDT,ETH,USDT->BTC->ETH->USDT,Binance,-4.781191,-42.736872,NO,25864.44,"{""extra_buffer_bps"":8.0,""fee_bps_per_leg"":10.0,""top_of_book_only"":true}"
2026-09-06T21:12:22+00:00,cex_triangle,ETH:USDT-ETH-BTC-USDT,ETH,USDT->ETH->BTC->USDT,Binance,1.553064,-36.421601,NO,11543.61,"{""extra_buffer_bps"":8.0,""fee_bps_per_leg"":10.0,""top_of_book_only"":true}"
2026-09-06T21:12:22+00:00,cex_triangle,SOL:USDT-BTC-SOL-USDT,SOL,USDT->BTC->SOL->USDT,Binance,-1.024411,-38.991351,NO,124.13,"{""extra_buffer_bps"":8.0,""fee_bps_per_leg"":10.0,""top_of_book_only"":true}"
2026-09-06T21:12:22+00:00,cex_triangle,SOL:USDT-SOL-BTC-USDT,SOL,USDT->SOL->BTC->USDT,Binance,-0.674633,-38.642621,NO,776.98,"{""extra_buffer_bps"":8.0,""fee_bps_per_leg"":10.0,""top_of_book_only"":true}"
2026-09-06T21:12:22+00:00,stable_dislocation,USDC:Binance,USDC,below peg,Binance,0.450000,0.450000,NO,2527664.61,"{""mid"":0.9999549999999999,""note"":""Peg deviation is a research signal; redemption, venue and issuer risks matter."",""signed_deviation_bps"":-0.4500000000007276,""watch_threshold_bps"":10.0}"
2026-09-06T21:12:22+00:00,stable_dislocation_error,USDC:Bybit:error,USDC,n/a,Bybit,0.000000,-9999.000000,NO,,"{""error"":""HTTP Error 403: Forbidden""}"
2026-09-06T21:12:22+00:00,stable_dislocation,FDUSD:Binance,FDUSD,below peg,Binance,8.500000,8.500000,NO,157939.73,"{""mid"":0.99915,""note"":""Peg deviation is a research signal; redemption, venue and issuer risks matter."",""signed_deviation_bps"":-8.500000000000174,""watch_threshold_bps"":10.0}"
2026-09-06T21:12:22+00:00,stable_dislocation_error,FDUSD:Bybit:error,FDUSD,n/a,Bybit,0.000000,-9999.000000,NO,,"{""error"":""HTTP Error 403: Forbidden""}"
2026-09-06T21:19:43+00:00,cex_triangle,ETH:USDT-BTC-ETH-USDT,ETH,USDT->BTC->ETH->USDT,Binance,-2.993058,-40.954098,NO,96163.80,"{""extra_buffer_bps"":8.0,""fee_bps_per_leg"":10.0,""top_of_book_only"":true}"
2026-09-06T21:19:43+00:00,cex_triangle,ETH:USDT-ETH-BTC-USDT,ETH,USDT->ETH->BTC->USDT,Binance,-0.230717,-38.200035,NO,18898.53,"{""extra_buffer_bps"":8.0,""fee_bps_per_leg"":10.0,""top_of_book_only"":true}"
2026-09-06T21:19:43+00:00,cex_triangle,SOL:USDT-BTC-SOL-USDT,SOL,USDT->BTC->SOL->USDT,Binance,-4.350896,-42.307866,NO,506.65,"{""extra_buffer_bps"":8.0,""fee_bps_per_leg"":10.0,""top_of_book_only"":true}"
2026-09-06T21:19:43+00:00,cex_triangle,SOL:USDT-SOL-BTC-USDT,SOL,USDT->SOL->BTC->USDT,Binance,2.655667,-35.322302,NO,748.29,"{""extra_buffer_bps"":8.0,""fee_bps_per_leg"":10.0,""top_of_book_only"":true}"
2026-09-06T21:19:43+00:00,stable_dislocation,USDC:Binance,USDC,below peg,Binance,0.450000,0.450000,NO,2653340.86,"{""mid"":0.9999549999999999,""note"":""Peg deviation is a research signal; redemption, venue and issuer risks matter."",""signed_deviation_bps"":-0.4500000000007276,""watch_threshold_bps"":10.0}"
2026-09-06T21:19:43+00:00,stable_dislocation_error,USDC:Bybit:error,USDC,n/a,Bybit,0.000000,-9999.000000,NO,,"{""error"":""HTTP Error 403: Forbidden""}"
2026-09-06T21:19:43+00:00,stable_dislocation,FDUSD:Binance,FDUSD,below peg,Binance,8.500000,8.500000,NO,141562.48,"{""mid"":0.99915,""note"":""Peg deviation is a research signal; redemption, venue and issuer risks matter."",""signed_deviation_bps"":-8.500000000000174,""watch_threshold_bps"":10.0}"
2026-09-06T21:19:43+00:00,stable_dislocation_error,FDUSD:Bybit:error,FDUSD,n/a,Bybit,0.000000,-9999.000000,NO,,"{""error"":""HTTP Error 403: Forbidden""}"
2026-09-06T22:23:35+00:00,cex_triangle,ETH:USDT-BTC-ETH-USDT,ETH,USDT->BTC->ETH->USDT,Binance,0.199964,-37.770645,NO,45822.30,"{""extra_buffer_bps"":8.0,""fee_bps_per_leg"":10.0,""top_of_book_only"":true}"
2026-09-06T22:23:35+00:00,cex_triangle,ETH:USDT-ETH-BTC-USDT,ETH,USDT->ETH->BTC->USDT,Binance,-3.435067,-41.394782,NO,19092.99,"{""extra_buffer_bps"":8.0,""fee_bps_per_leg"":10.0,""top_of_book_only"":true}"
2026-09-06T22:23:35+00:00,cex_triangle,SOL:USDT-BTC-SOL-USDT,SOL,USDT->BTC->SOL->USDT,Binance,-1.952161,-39.916321,NO,315.81,"{""extra_buffer_bps"":8.0,""fee_bps_per_leg"":10.0,""top_of_book_only"":true}"
2026-09-06T22:23:35+00:00,cex_triangle,SOL:USDT-SOL-BTC-USDT,SOL,USDT->SOL->BTC->USDT,Binance,0.243709,-37.727031,NO,2406.65,"{""extra_buffer_bps"":8.0,""fee_bps_per_leg"":10.0,""top_of_book_only"":true}"
2026-09-06T22:23:35+00:00,stable_dislocation,USDC:Binance,USDC,below peg,Binance,0.450000,0.450000,NO,3052734.36,"{""mid"":0.9999549999999999,""note"":""Peg deviation is a research signal; redemption, venue and issuer risks matter."",""signed_deviation_bps"":-0.4500000000007276,""watch_threshold_bps"":10.0}"
2026-09-06T22:23:35+00:00,stable_dislocation_error,USDC:Bybit:error,USDC,n/a,Bybit,0.000000,-9999.000000,NO,,"{""error"":""HTTP Error 403: Forbidden""}"
2026-09-06T22:23:35+00:00,stable_dislocation,FDUSD:Binance,FDUSD,below peg,Binance,8.500000,8.500000,NO,57546.16,"{""mid"":0.99915,""note"":""Peg deviation is a research signal; redemption, venue and issuer risks matter."",""signed_deviation_bps"":-8.500000000000174,""watch_threshold_bps"":10.0}"
2026-09-06T22:23:35+00:00,stable_dislocation_error,FDUSD:Bybit:error,FDUSD,n/a,Bybit,0.000000,-9999.000000,NO,,"{""error"":""HTTP Error 403: Forbidden""}"
2026-09-06T22:56:22+00:00,cex_triangle,ETH:USDT-BTC-ETH-USDT,ETH,USDT->BTC->ETH->USDT,Binance,-1.658074,-39.623115,NO,23578.84,"{""extra_buffer_bps"":8.0,""fee_bps_per_leg"":10.0,""top_of_book_only"":true}"
2026-09-06T22:56:22+00:00,cex_triangle,ETH:USDT-ETH-BTC-USDT,ETH,USDT->ETH->BTC->USDT,Binance,-1.573057,-39.538352,NO,75063.52,"{""extra_buffer_bps"":8.0,""fee_bps_per_leg"":10.0,""top_of_book_only"":true}"
2026-09-06T22:56:22+00:00,cex_triangle,SOL:USDT-BTC-SOL-USDT,SOL,USDT->BTC->SOL->USDT,Binance,-0.665951,-38.633966,NO,662.95,"{""extra_buffer_bps"":8.0,""fee_bps_per_leg"":10.0,""top_of_book_only"":true}"
2026-09-06T22:56:22+00:00,cex_triangle,SOL:USDT-SOL-BTC-USDT,SOL,USDT->SOL->BTC->USDT,Binance,-1.034295,-39.001205,NO,1457.01,"{""extra_buffer_bps"":8.0,""fee_bps_per_leg"":10.0,""top_of_book_only"":true}"
2026-09-06T22:56:22+00:00,stable_dislocation,USDC:Binance,USDC,below peg,Binance,0.350000,0.350000,NO,2208112.67,"{""mid"":0.999965,""note"":""Peg deviation is a research signal; redemption, venue and issuer risks matter."",""signed_deviation_bps"":-0.3500000000000725,""watch_threshold_bps"":10.0}"
2026-09-06T22:56:22+00:00,stable_dislocation_error,USDC:Bybit:error,USDC,n/a,Bybit,0.000000,-9999.000000,NO,,"{""error"":""HTTP Error 403: Forbidden""}"
2026-09-06T22:56:22+00:00,stable_dislocation,FDUSD:Binance,FDUSD,below peg,Binance,8.500000,8.500000,NO,72256.91,"{""mid"":0.99915,""note"":""Peg deviation is a research signal; redemption, venue and issuer risks matter."",""signed_deviation_bps"":-8.500000000000174,""watch_threshold_bps"":10.0}"
2026-09-06T22:56:22+00:00,stable_dislocation_error,FDUSD:Bybit:error,FDUSD,n/a,Bybit,0.000000,-9999.000000,NO,,"{""error"":""HTTP Error 403: Forbidden""}"
2026-09-07T00:41:15+00:00,cex_triangle,ETH:USDT-BTC-ETH-USDT,ETH,USDT->BTC->ETH->USDT,Binance,-1.786997,-39.751651,NO,27612.37,"{""extra_buffer_bps"":8.0,""fee_bps_per_leg"":10.0,""top_of_book_only"":true}"
2026-09-07T00:41:15+00:00,cex_triangle,ETH:USDT-ETH-BTC-USDT,ETH,USDT->ETH->BTC->USDT,Binance,-1.441022,-39.406713,NO,35492.60,"{""extra_buffer_bps"":8.0,""fee_bps_per_leg"":10.0,""top_of_book_only"":true}"
2026-09-07T00:41:15+00:00,cex_triangle,SOL:USDT-BTC-SOL-USDT,SOL,USDT->BTC->SOL->USDT,Binance,-3.090126,-41.050875,NO,771.89,"{""extra_buffer_bps"":8.0,""fee_bps_per_leg"":10.0,""top_of_book_only"":true}"
2026-09-07T00:41:15+00:00,cex_triangle,SOL:USDT-SOL-BTC-USDT,SOL,USDT->SOL->BTC->USDT,Binance,1.390645,-36.583533,NO,663.09,"{""extra_buffer_bps"":8.0,""fee_bps_per_leg"":10.0,""top_of_book_only"":true}"
2026-09-07T00:41:15+00:00,stable_dislocation,USDC:Binance,USDC,below peg,Binance,0.150000,0.150000,NO,3493958.12,"{""mid"":0.999985,""note"":""Peg deviation is a research signal; redemption, venue and issuer risks matter."",""signed_deviation_bps"":-0.14999999999987246,""watch_threshold_bps"":10.0}"
2026-09-07T00:41:15+00:00,stable_dislocation_error,USDC:Bybit:error,USDC,n/a,Bybit,0.000000,-9999.000000,NO,,"{""error"":""HTTP Error 403: Forbidden""}"
2026-09-07T00:41:15+00:00,stable_dislocation,FDUSD:Binance,FDUSD,below peg,Binance,6.500000,6.500000,NO,43325.65,"{""mid"":0.99935,""note"":""Peg deviation is a research signal; redemption, venue and issuer risks matter."",""signed_deviation_bps"":-6.500000000000394,""watch_threshold_bps"":10.0}"
2026-09-07T00:41:15+00:00,stable_dislocation_error,FDUSD:Bybit:error,FDUSD,n/a,Bybit,0.000000,-9999.000000,NO,,"{""error"":""HTTP Error 403: Forbidden""}"
2026-09-07T01:06:00+00:00,cex_triangle,ETH:USDT-BTC-ETH-USDT,ETH,USDT->BTC->ETH->USDT,Binance,-5.603967,-43.557182,NO,31024.81,"{""extra_buffer_bps"":8.0,""fee_bps_per_leg"":10.0,""top_of_book_only"":true}"
2026-09-07T01:06:00+00:00,cex_triangle,ETH:USDT-ETH-BTC-USDT,ETH,USDT->ETH->BTC->USDT,Binance,2.374449,-35.602678,NO,41937.21,"{""extra_buffer_bps"":8.0,""fee_bps_per_leg"":10.0,""top_of_book_only"":true}"
2026-09-07T01:06:00+00:00,cex_triangle,SOL:USDT-BTC-SOL-USDT,SOL,USDT->BTC->SOL->USDT,Binance,-4.282615,-42.239790,NO,1307.46,"{""extra_buffer_bps"":8.0,""fee_bps_per_leg"":10.0,""top_of_book_only"":true}"
2026-09-07T01:06:00+00:00,cex_triangle,SOL:USDT-SOL-BTC-USDT,SOL,USDT->SOL->BTC->USDT,Binance,2.585709,-35.392051,NO,443.24,"{""extra_buffer_bps"":8.0,""fee_bps_per_leg"":10.0,""top_of_book_only"":true}"
2026-09-07T01:06:00+00:00,stable_dislocation,USDC:Binance,USDC,below peg,Binance,0.050000,0.050000,NO,2270579.29,"{""mid"":0.999995,""note"":""Peg deviation is a research signal; redemption, venue and issuer risks matter."",""signed_deviation_bps"":-0.05000000000032756,""watch_threshold_bps"":10.0}"
2026-09-07T01:06:00+00:00,stable_dislocation_error,USDC:Bybit:error,USDC,n/a,Bybit,0.000000,-9999.000000,NO,,"{""error"":""HTTP Error 403: Forbidden""}"
2026-09-07T01:06:00+00:00,stable_dislocation,FDUSD:Binance,FDUSD,below peg,Binance,7.000000,7.000000,NO,512492.32,"{""mid"":0.9993,""note"":""Peg deviation is a research signal; redemption, venue and issuer risks matter."",""signed_deviation_bps"":-7.000000000000339,""watch_threshold_bps"":10.0}"
2026-09-07T01:06:00+00:00,stable_dislocation_error,FDUSD:Bybit:error,FDUSD,n/a,Bybit,0.000000,-9999.000000,NO,,"{""error"":""HTTP Error 403: Forbidden""}"
2026-09-07T02:03:34+00:00,cex_triangle,ETH:USDT-BTC-ETH-USDT,ETH,USDT->BTC->ETH->USDT,Binance,-2.817165,-40.778732,NO,13003.36,"{""extra_buffer_bps"":8.0,""fee_bps_per_leg"":10.0,""top_of_book_only"":true}"
2026-09-07T02:03:34+00:00,cex_triangle,ETH:USDT-ETH-BTC-USDT,ETH,USDT->ETH->BTC->USDT,Binance,-0.415969,-38.384732,NO,27817.76,"{""extra_buffer_bps"":8.0,""fee_bps_per_leg"":10.0,""top_of_book_only"":true}"
2026-09-07T02:03:34+00:00,cex_triangle,SOL:USDT-BTC-SOL-USDT,SOL,USDT->BTC->SOL->USDT,Binance,-0.280258,-38.249428,NO,886.59,"{""extra_buffer_bps"":8.0,""fee_bps_per_leg"":10.0,""top_of_book_only"":true}"
2026-09-07T02:03:34+00:00,cex_triangle,SOL:USDT-SOL-BTC-USDT,SOL,USDT->SOL->BTC->USDT,Binance,-1.428993,-39.394721,NO,3149.79,"{""extra_buffer_bps"":8.0,""fee_bps_per_leg"":10.0,""top_of_book_only"":true}"
2026-09-07T02:03:34+00:00,stable_dislocation,USDC:Binance,USDC,above peg,Binance,0.350000,0.350000,NO,1701.05,"{""mid"":1.000035,""note"":""Peg deviation is a research signal; redemption, venue and issuer risks matter."",""signed_deviation_bps"":0.3500000000000725,""watch_threshold_bps"":10.0}"
2026-09-07T02:03:34+00:00,stable_dislocation_error,USDC:Bybit:error,USDC,n/a,Bybit,0.000000,-9999.000000,NO,,"{""error"":""HTTP Error 403: Forbidden""}"
2026-09-07T02:03:34+00:00,stable_dislocation,FDUSD:Binance,FDUSD,below peg,Binance,5.500000,5.500000,NO,128852.64,"{""mid"":0.99945,""note"":""Peg deviation is a research signal; redemption, venue and issuer risks matter."",""signed_deviation_bps"":-5.5000000000005045,""watch_threshold_bps"":10.0}"
2026-09-07T02:03:34+00:00,stable_dislocation_error,FDUSD:Bybit:error,FDUSD,n/a,Bybit,0.000000,-9999.000000,NO,,"{""error"":""HTTP Error 403: Forbidden""}"
2026-09-07T05:10:50+00:00,cex_triangle,ETH:USDT-BTC-ETH-USDT,ETH,USDT->BTC->ETH->USDT,Binance,-3.471686,-41.431292,NO,22141.64,"{""extra_buffer_bps"":8.0,""fee_bps_per_leg"":10.0,""top_of_book_only"":true}"
2026-09-07T05:10:50+00:00,cex_triangle,ETH:USDT-ETH-BTC-USDT,ETH,USDT->ETH->BTC->USDT,Binance,0.245853,-37.724894,NO,16972.31,"{""extra_buffer_bps"":8.0,""fee_bps_per_leg"":10.0,""top_of_book_only"":true}"
2026-09-07T05:10:50+00:00,cex_triangle,SOL:USDT-BTC-SOL-USDT,SOL,USDT->BTC->SOL->USDT,Binance,-2.592095,-40.554336,NO,980.79,"{""extra_buffer_bps"":8.0,""fee_bps_per_leg"":10.0,""top_of_book_only"":true}"
2026-09-07T05:10:50+00:00,cex_triangle,SOL:USDT-SOL-BTC-USDT,SOL,USDT->SOL->BTC->USDT,Binance,0.883586,-37.089072,NO,501.42,"{""extra_buffer_bps"":8.0,""fee_bps_per_leg"":10.0,""top_of_book_only"":true}"
2026-09-07T05:10:50+00:00,stable_dislocation,USDC:Binance,USDC,above peg,Binance,0.550000,0.550000,NO,1949473.47,"{""mid"":1.0000550000000001,""note"":""Peg deviation is a research signal; redemption, venue and issuer risks matter."",""signed_deviation_bps"":0.5500000000013827,""watch_threshold_bps"":10.0}"
2026-09-07T05:10:50+00:00,stable_dislocation_error,USDC:Bybit:error,USDC,n/a,Bybit,0.000000,-9999.000000,NO,,"{""error"":""HTTP Error 403: Forbidden""}"
2026-09-07T05:10:50+00:00,stable_dislocation,FDUSD:Binance,FDUSD,below peg,Binance,8.500000,8.500000,NO,200540.44,"{""mid"":0.99915,""note"":""Peg deviation is a research signal; redemption, venue and issuer risks matter."",""signed_deviation_bps"":-8.500000000000174,""watch_threshold_bps"":10.0}"
2026-09-07T05:10:50+00:00,stable_dislocation_error,FDUSD:Bybit:error,FDUSD,n/a,Bybit,0.000000,-9999.000000,NO,,"{""error"":""HTTP Error 403: Forbidden""}"
2026-09-07T06:09:47+00:00,cex_triangle,ETH:USDT-BTC-ETH-USDT,ETH,USDT->BTC->ETH->USDT,Binance,-0.568442,-38.536749,NO,74393.42,"{""extra_buffer_bps"":8.0,""fee_bps_per_leg"":10.0,""top_of_book_only"":true}"
2026-09-07T06:09:47+00:00,cex_triangle,ETH:USDT-ETH-BTC-USDT,ETH,USDT->ETH->BTC->USDT,Binance,-2.654496,-40.616550,NO,57776.90,"{""extra_buffer_bps"":8.0,""fee_bps_per_leg"":10.0,""top_of_book_only"":true}"
2026-09-07T06:09:47+00:00,cex_triangle,SOL:USDT-BTC-SOL-USDT,SOL,USDT->BTC->SOL->USDT,Binance,-0.655706,-38.623751,NO,880.39,"{""extra_buffer_bps"":8.0,""fee_bps_per_leg"":10.0,""top_of_book_only"":true}"
2026-09-07T06:09:47+00:00,cex_triangle,SOL:USDT-SOL-BTC-USDT,SOL,USDT->SOL->BTC->USDT,Binance,-1.053871,-39.020722,NO,1196.05,"{""extra_buffer_bps"":8.0,""fee_bps_per_leg"":10.0,""top_of_book_only"":true}"
2026-09-07T06:09:47+00:00,stable_dislocation,USDC:Binance,USDC,above peg,Binance,0.350000,0.350000,NO,2480916.43,"{""mid"":1.000035,""note"":""Peg deviation is a research signal; redemption, venue and issuer risks matter."",""signed_deviation_bps"":0.3500000000000725,""watch_threshold_bps"":10.0}"
2026-09-07T06:09:47+00:00,stable_dislocation_error,USDC:Bybit:error,USDC,n/a,Bybit,0.000000,-9999.000000,NO,,"{""error"":""HTTP Error 403: Forbidden""}"
2026-09-07T06:09:47+00:00,stable_dislocation,FDUSD:Binance,FDUSD,below peg,Binance,8.500000,8.500000,NO,130514.50,"{""mid"":0.99915,""note"":""Peg deviation is a research signal; redemption, venue and issuer risks matter."",""signed_deviation_bps"":-8.500000000000174,""watch_threshold_bps"":10.0}"
2026-09-07T06:09:47+00:00,stable_dislocation_error,FDUSD:Bybit:error,FDUSD,n/a,Bybit,0.000000,-9999.000000,NO,,"{""error"":""HTTP Error 403: Forbidden""}"
2026-09-07T10:16:49+00:00,cex_triangle,ETH:USDT-BTC-ETH-USDT,ETH,USDT->BTC->ETH->USDT,Binance,-1.758906,-39.723644,NO,73647.61,"{""extra_buffer_bps"":8.0,""fee_bps_per_leg"":10.0,""top_of_book_only"":true}"
2026-09-07T10:16:49+00:00,cex_triangle,ETH:USDT-ETH-BTC-USDT,ETH,USDT->ETH->BTC->USDT,Binance,-1.472571,-39.438168,NO,3199.16,"{""extra_buffer_bps"":8.0,""fee_bps_per_leg"":10.0,""top_of_book_only"":true}"
2026-09-07T10:16:49+00:00,cex_triangle,SOL:USDT-BTC-SOL-USDT,SOL,USDT->BTC->SOL->USDT,Binance,-2.033667,-39.997582,NO,1837.10,"{""extra_buffer_bps"":8.0,""fee_bps_per_leg"":10.0,""top_of_book_only"":true}"
2026-09-07T10:16:49+00:00,cex_triangle,SOL:USDT-SOL-BTC-USDT,SOL,USDT->SOL->BTC->USDT,Binance,0.323372,-37.647607,NO,314.85,"{""extra_buffer_bps"":8.0,""fee_bps_per_leg"":10.0,""top_of_book_only"":true}"
2026-09-07T10:16:49+00:00,stable_dislocation,USDC:Binance,USDC,below peg,Binance,0.050000,0.050000,NO,3193838.06,"{""mid"":0.999995,""note"":""Peg deviation is a research signal; redemption, venue and issuer risks matter."",""signed_deviation_bps"":-0.05000000000032756,""watch_threshold_bps"":10.0}"
2026-09-07T10:16:49+00:00,stable_dislocation_error,USDC:Bybit:error,USDC,n/a,Bybit,0.000000,-9999.000000,NO,,"{""error"":""HTTP Error 403: Forbidden""}"
2026-09-07T10:16:49+00:00,stable_dislocation,FDUSD:Binance,FDUSD,below peg,Binance,9.500000,9.500000,NO,355099.12,"{""mid"":0.99905,""note"":""Peg deviation is a research signal; redemption, venue and issuer risks matter."",""signed_deviation_bps"":-9.500000000000064,""watch_threshold_bps"":10.0}"
2026-09-07T10:16:49+00:00,stable_dislocation_error,FDUSD:Bybit:error,FDUSD,n/a,Bybit,0.000000,-9999.000000,NO,,"{""error"":""HTTP Error 403: Forbidden""}"
2026-09-07T13:57:44+00:00,cex_triangle,ETH:USDT-BTC-ETH-USDT,ETH,USDT->BTC->ETH->USDT,Binance,-1.812203,-39.776782,NO,40789.99,"{""extra_buffer_bps"":8.0,""fee_bps_per_leg"":10.0,""top_of_book_only"":true}"
2026-09-07T13:57:44+00:00,cex_triangle,ETH:USDT-ETH-BTC-USDT,ETH,USDT->ETH->BTC->USDT,Binance,-1.403897,-39.369699,NO,102290.05,"{""extra_buffer_bps"":8.0,""fee_bps_per_leg"":10.0,""top_of_book_only"":true}"
2026-09-07T13:57:44+00:00,cex_triangle,SOL:USDT-BTC-SOL-USDT,SOL,USDT->BTC->SOL->USDT,Binance,-1.251517,-39.217776,NO,2994.30,"{""extra_buffer_bps"":8.0,""fee_bps_per_leg"":10.0,""top_of_book_only"":true}"
2026-09-07T13:57:44+00:00,cex_triangle,SOL:USDT-SOL-BTC-USDT,SOL,USDT->SOL->BTC->USDT,Binance,-0.456047,-38.424690,NO,767.90,"{""extra_buffer_bps"":8.0,""fee_bps_per_leg"":10.0,""top_of_book_only"":true}"
2026-09-07T13:57:44+00:00,stable_dislocation,USDC:Binance,USDC,above peg,Binance,0.250000,0.250000,NO,1638062.76,"{""mid"":1.000025,""note"":""Peg deviation is a research signal; redemption, venue and issuer risks matter."",""signed_deviation_bps"":0.24999999999941735,""watch_threshold_bps"":10.0}"
2026-09-07T13:57:44+00:00,stable_dislocation_error,USDC:Bybit:error,USDC,n/a,Bybit,0.000000,-9999.000000,NO,,"{""error"":""HTTP Error 403: Forbidden""}"
2026-09-07T13:57:44+00:00,stable_dislocation,FDUSD:Binance,FDUSD,below peg,Binance,11.500000,11.500000,YES,25702.12,"{""mid"":0.99885,""note"":""Peg deviation is a research signal; redemption, venue and issuer risks matter."",""signed_deviation_bps"":-11.499999999999844,""watch_threshold_bps"":10.0}"
2026-09-07T13:57:44+00:00,stable_dislocation_error,FDUSD:Bybit:error,FDUSD,n/a,Bybit,0.000000,-9999.000000,NO,,"{""error"":""HTTP Error 403: Forbidden""}"
2026-09-07T14:03:13+00:00,cex_triangle,ETH:USDT-BTC-ETH-USDT,ETH,USDT->BTC->ETH->USDT,Binance,-0.749832,-38.717595,NO,63795.08,"{""extra_buffer_bps"":8.0,""fee_bps_per_leg"":10.0,""top_of_book_only"":true}"
2026-09-07T14:03:13+00:00,cex_triangle,ETH:USDT-ETH-BTC-USDT,ETH,USDT->ETH->BTC->USDT,Binance,-2.468232,-40.430845,NO,62944.86,"{""extra_buffer_bps"":8.0,""fee_bps_per_leg"":10.0,""top_of_book_only"":true}"
2026-09-07T14:03:13+00:00,cex_triangle,SOL:USDT-BTC-SOL-USDT,SOL,USDT->BTC->SOL->USDT,Binance,-1.555301,-39.520650,NO,1083.84,"{""extra_buffer_bps"":8.0,""fee_bps_per_leg"":10.0,""top_of_book_only"":true}"
2026-09-07T14:03:13+00:00,cex_triangle,SOL:USDT-SOL-BTC-USDT,SOL,USDT->SOL->BTC->USDT,Binance,-0.151639,-38.121195,NO,1238.89,"{""extra_buffer_bps"":8.0,""fee_bps_per_leg"":10.0,""top_of_book_only"":true}"
2026-09-07T14:03:13+00:00,stable_dislocation,USDC:Binance,USDC,above peg,Binance,0.150000,0.150000,NO,3540962.41,"{""mid"":1.0000149999999999,""note"":""Peg deviation is a research signal; redemption, venue and issuer risks matter."",""signed_deviation_bps"":0.14999999999876223,""watch_threshold_bps"":10.0}"
2026-09-07T14:03:13+00:00,stable_dislocation_error,USDC:Bybit:error,USDC,n/a,Bybit,0.000000,-9999.000000,NO,,"{""error"":""HTTP Error 403: Forbidden""}"
2026-09-07T14:03:13+00:00,stable_dislocation,FDUSD:Binance,FDUSD,below peg,Binance,12.500000,12.500000,YES,459107.38,"{""mid"":0.99875,""note"":""Peg deviation is a research signal; redemption, venue and issuer risks matter."",""signed_deviation_bps"":-12.499999999999734,""watch_threshold_bps"":10.0}"
2026-09-07T14:03:13+00:00,stable_dislocation_error,FDUSD:Bybit:error,FDUSD,n/a,Bybit,0.000000,-9999.000000,NO,,"{""error"":""HTTP Error 403: Forbidden""}"
2026-09-07T14:45:43+00:00,cex_triangle,ETH:USDT-BTC-ETH-USDT,ETH,USDT->BTC->ETH->USDT,Binance,0.188573,-37.782002,NO,97907.97,"{""extra_buffer_bps"":8.0,""fee_bps_per_leg"":10.0,""top_of_book_only"":true}"
2026-09-07T14:45:43+00:00,cex_triangle,ETH:USDT-ETH-BTC-USDT,ETH,USDT->ETH->BTC->USDT,Binance,-3.414767,-41.374543,NO,76671.79,"{""extra_buffer_bps"":8.0,""fee_bps_per_leg"":10.0,""top_of_book_only"":true}"
2026-09-07T14:45:43+00:00,cex_triangle,SOL:USDT-BTC-SOL-USDT,SOL,USDT->BTC->SOL->USDT,Binance,-1.454790,-39.420440,NO,222.43,"{""extra_buffer_bps"":8.0,""fee_bps_per_leg"":10.0,""top_of_book_only"":true}"
2026-09-07T14:45:43+00:00,cex_triangle,SOL:USDT-SOL-BTC-USDT,SOL,USDT->SOL->BTC->USDT,Binance,-0.266600,-38.235811,NO,1145.19,"{""extra_buffer_bps"":8.0,""fee_bps_per_leg"":10.0,""top_of_book_only"":true}"
2026-09-07T14:45:43+00:00,stable_dislocation,USDC:Binance,USDC,above peg,Binance,0.350000,0.350000,NO,1585234.41,"{""mid"":1.000035,""note"":""Peg deviation is a research signal; redemption, venue and issuer risks matter."",""signed_deviation_bps"":0.3500000000000725,""watch_threshold_bps"":10.0}"
2026-09-07T14:45:43+00:00,stable_dislocation_error,USDC:Bybit:error,USDC,n/a,Bybit,0.000000,-9999.000000,NO,,"{""error"":""HTTP Error 403: Forbidden""}"
2026-09-07T14:45:43+00:00,stable_dislocation,FDUSD:Binance,FDUSD,below peg,Binance,13.500000,13.500000,YES,68313.08,"{""mid"":0.99865,""note"":""Peg deviation is a research signal; redemption, venue and issuer risks matter."",""signed_deviation_bps"":-13.499999999999623,""watch_threshold_bps"":10.0}"
2026-09-07T14:45:43+00:00,stable_dislocation_error,FDUSD:Bybit:error,FDUSD,n/a,Bybit,0.000000,-9999.000000,NO,,"{""error"":""HTTP Error 403: Forbidden""}"
2026-09-07T15:51:02+00:00,cex_triangle,ETH:USDT-BTC-ETH-USDT,ETH,USDT->BTC->ETH->USDT,Binance,-3.599287,-41.558510,NO,76433.01,"{""extra_buffer_bps"":8.0,""fee_bps_per_leg"":10.0,""top_of_book_only"":true}"
2026-09-07T15:51:02+00:00,cex_triangle,ETH:USDT-ETH-BTC-USDT,ETH,USDT->ETH->BTC->USDT,Binance,0.370992,-37.600130,NO,243.63,"{""extra_buffer_bps"":8.0,""fee_bps_per_leg"":10.0,""top_of_book_only"":true}"
2026-09-07T15:51:02+00:00,cex_triangle,SOL:USDT-BTC-SOL-USDT,SOL,USDT->BTC->SOL->USDT,Binance,0.080736,-37.889516,NO,1191.48,"{""extra_buffer_bps"":8.0,""fee_bps_per_leg"":10.0,""top_of_book_only"":true}"
2026-09-07T15:51:02+00:00,cex_triangle,SOL:USDT-SOL-BTC-USDT,SOL,USDT->SOL->BTC->USDT,Binance,-1.811332,-39.775914,NO,755.41,"{""extra_buffer_bps"":8.0,""fee_bps_per_leg"":10.0,""top_of_book_only"":true}"
2026-09-07T15:51:02+00:00,stable_dislocation,USDC:Binance,USDC,above peg,Binance,0.550000,0.550000,NO,2759527.97,"{""mid"":1.0000550000000001,""note"":""Peg deviation is a research signal; redemption, venue and issuer risks matter."",""signed_deviation_bps"":0.5500000000013827,""watch_threshold_bps"":10.0}"
2026-09-07T15:51:02+00:00,stable_dislocation_error,USDC:Bybit:error,USDC,n/a,Bybit,0.000000,-9999.000000,NO,,"{""error"":""HTTP Error 403: Forbidden""}"
2026-09-07T15:51:02+00:00,stable_dislocation,FDUSD:Binance,FDUSD,below peg,Binance,13.500000,13.500000,YES,113616.11,"{""mid"":0.99865,""note"":""Peg deviation is a research signal; redemption, venue and issuer risks matter."",""signed_deviation_bps"":-13.499999999999623,""watch_threshold_bps"":10.0}"
2026-09-07T15:51:02+00:00,stable_dislocation_error,FDUSD:Bybit:error,FDUSD,n/a,Bybit,0.000000,-9999.000000,NO,,"{""error"":""HTTP Error 403: Forbidden""}"
2026-09-07T15:55:27+00:00,cex_triangle,ETH:USDT-BTC-ETH-USDT,ETH,USDT->BTC->ETH->USDT,Binance,-7.322236,-45.270301,NO,78790.49,"{""extra_buffer_bps"":8.0,""fee_bps_per_leg"":10.0,""top_of_book_only"":true}"
2026-09-07T15:55:27+00:00,cex_triangle,ETH:USDT-ETH-BTC-USDT,ETH,USDT->ETH->BTC->USDT,Binance,4.095766,-33.886519,NO,35528.29,"{""extra_buffer_bps"":8.0,""fee_bps_per_leg"":10.0,""top_of_book_only"":true}"
2026-09-07T15:55:27+00:00,cex_triangle,SOL:USDT-BTC-SOL-USDT,SOL,USDT->BTC->SOL->USDT,Binance,-6.700109,-44.650039,NO,455.14,"{""extra_buffer_bps"":8.0,""fee_bps_per_leg"":10.0,""top_of_book_only"":true}"
2026-09-07T15:55:27+00:00,cex_triangle,SOL:USDT-SOL-BTC-USDT,SOL,USDT->SOL->BTC->USDT,Binance,4.970270,-33.014636,NO,297.72,"{""extra_buffer_bps"":8.0,""fee_bps_per_leg"":10.0,""top_of_book_only"":true}"
2026-09-07T15:55:27+00:00,stable_dislocation,USDC:Binance,USDC,above peg,Binance,0.450000,0.450000,NO,2393962.69,"{""mid"":1.000045,""note"":""Peg deviation is a research signal; redemption, venue and issuer risks matter."",""signed_deviation_bps"":0.4500000000007276,""watch_threshold_bps"":10.0}"
2026-09-07T15:55:27+00:00,stable_dislocation_error,USDC:Bybit:error,USDC,n/a,Bybit,0.000000,-9999.000000,NO,,"{""error"":""HTTP Error 403: Forbidden""}"
2026-09-07T15:55:27+00:00,stable_dislocation,FDUSD:Binance,FDUSD,below peg,Binance,13.500000,13.500000,YES,81012.55,"{""mid"":0.99865,""note"":""Peg deviation is a research signal; redemption, venue and issuer risks matter."",""signed_deviation_bps"":-13.499999999999623,""watch_threshold_bps"":10.0}"
2026-09-07T15:55:27+00:00,stable_dislocation_error,FDUSD:Bybit:error,FDUSD,n/a,Bybit,0.000000,-9999.000000,NO,,"{""error"":""HTTP Error 403: Forbidden""}"
2026-09-07T18:19:56+00:00,cex_triangle,ETH:USDT-BTC-ETH-USDT,ETH,USDT->BTC->ETH->USDT,Binance,-2.883968,-40.845335,NO,149007.40,"{""extra_buffer_bps"":8.0,""fee_bps_per_leg"":10.0,""top_of_book_only"":true}"
2026-09-07T18:19:56+00:00,cex_triangle,ETH:USDT-ETH-BTC-USDT,ETH,USDT->ETH->BTC->USDT,Binance,-0.331054,-38.300072,NO,24411.20,"{""extra_buffer_bps"":8.0,""fee_bps_per_leg"":10.0,""top_of_book_only"":true}"
2026-09-07T18:19:56+00:00,cex_triangle,SOL:USDT-BTC-SOL-USDT,SOL,USDT->BTC->SOL->USDT,Binance,-2.235346,-40.198657,NO,522.31,"{""extra_buffer_bps"":8.0,""fee_bps_per_leg"":10.0,""top_of_book_only"":true}"
2026-09-07T18:19:56+00:00,cex_triangle,SOL:USDT-SOL-BTC-USDT,SOL,USDT->SOL->BTC->USDT,Binance,0.510122,-37.461417,NO,2386.11,"{""extra_buffer_bps"":8.0,""fee_bps_per_leg"":10.0,""top_of_book_only"":true}"
2026-09-07T18:19:56+00:00,stable_dislocation,USDC:Binance,USDC,above peg,Binance,0.750000,0.750000,NO,646119.23,"{""mid"":1.000075,""note"":""Peg deviation is a research signal; redemption, venue and issuer risks matter."",""signed_deviation_bps"":0.7500000000004725,""watch_threshold_bps"":10.0}"
2026-09-07T18:19:56+00:00,stable_dislocation_error,USDC:Bybit:error,USDC,n/a,Bybit,0.000000,-9999.000000,NO,,"{""error"":""HTTP Error 403: Forbidden""}"
2026-09-07T18:19:56+00:00,stable_dislocation,FDUSD:Binance,FDUSD,below peg,Binance,12.500000,12.500000,YES,32136.17,"{""mid"":0.99875,""note"":""Peg deviation is a research signal; redemption, venue and issuer risks matter."",""signed_deviation_bps"":-12.499999999999734,""watch_threshold_bps"":10.0}"
2026-09-07T18:19:56+00:00,stable_dislocation_error,FDUSD:Bybit:error,FDUSD,n/a,Bybit,0.000000,-9999.000000,NO,,"{""error"":""HTTP Error 403: Forbidden""}"
2026-09-07T18:40:02+00:00,cex_triangle,ETH:USDT-BTC-ETH-USDT,ETH,USDT->BTC->ETH->USDT,Binance,-2.158063,-40.121605,NO,13968.89,"{""extra_buffer_bps"":8.0,""fee_bps_per_leg"":10.0,""top_of_book_only"":true}"
2026-09-07T18:40:02+00:00,cex_triangle,ETH:USDT-ETH-BTC-USDT,ETH,USDT->ETH->BTC->USDT,Binance,-1.063270,-39.030094,NO,47645.54,"{""extra_buffer_bps"":8.0,""fee_bps_per_leg"":10.0,""top_of_book_only"":true}"
2026-09-07T18:40:02+00:00,cex_triangle,SOL:USDT-BTC-SOL-USDT,SOL,USDT->BTC->SOL->USDT,Binance,-2.748970,-40.710742,NO,1105.02,"{""extra_buffer_bps"":8.0,""fee_bps_per_leg"":10.0,""top_of_book_only"":true}"
2026-09-07T18:40:02+00:00,cex_triangle,SOL:USDT-SOL-BTC-USDT,SOL,USDT->SOL->BTC->USDT,Binance,1.021022,-36.952048,NO,667.04,"{""extra_buffer_bps"":8.0,""fee_bps_per_leg"":10.0,""top_of_book_only"":true}"
2026-09-07T18:40:02+00:00,stable_dislocation,USDC:Binance,USDC,above peg,Binance,0.450000,0.450000,NO,963522.54,"{""mid"":1.000045,""note"":""Peg deviation is a research signal; redemption, venue and issuer risks matter."",""signed_deviation_bps"":0.4500000000007276,""watch_threshold_bps"":10.0}"
2026-09-07T18:40:02+00:00,stable_dislocation_error,USDC:Bybit:error,USDC,n/a,Bybit,0.000000,-9999.000000,NO,,"{""error"":""HTTP Error 403: Forbidden""}"
2026-09-07T18:40:02+00:00,stable_dislocation,FDUSD:Binance,FDUSD,below peg,Binance,12.500000,12.500000,YES,1208.43,"{""mid"":0.99875,""note"":""Peg deviation is a research signal; redemption, venue and issuer risks matter."",""signed_deviation_bps"":-12.499999999999734,""watch_threshold_bps"":10.0}"
2026-09-07T18:40:02+00:00,stable_dislocation_error,FDUSD:Bybit:error,FDUSD,n/a,Bybit,0.000000,-9999.000000,NO,,"{""error"":""HTTP Error 403: Forbidden""}"
2026-09-07T21:11:46+00:00,cex_triangle,ETH:USDT-BTC-ETH-USDT,ETH,USDT->BTC->ETH->USDT,Binance,-0.276465,-38.245646,NO,77329.32,"{""extra_buffer_bps"":8.0,""fee_bps_per_leg"":10.0,""top_of_book_only"":true}"
2026-09-07T21:11:46+00:00,cex_triangle,ETH:USDT-ETH-BTC-USDT,ETH,USDT->ETH->BTC->USDT,Binance,-2.942608,-40.903799,NO,58058.01,"{""extra_buffer_bps"":8.0,""fee_bps_per_leg"":10.0,""top_of_book_only"":true}"
2026-09-07T21:11:46+00:00,cex_triangle,SOL:USDT-BTC-SOL-USDT,SOL,USDT->BTC->SOL->USDT,Binance,-1.981391,-39.945462,NO,1564.65,"{""extra_buffer_bps"":8.0,""fee_bps_per_leg"":10.0,""top_of_book_only"":true}"
2026-09-07T21:11:46+00:00,cex_triangle,SOL:USDT-SOL-BTC-USDT,SOL,USDT->SOL->BTC->USDT,Binance,0.254909,-37.715865,NO,797.75,"{""extra_buffer_bps"":8.0,""fee_bps_per_leg"":10.0,""top_of_book_only"":true}"
2026-09-07T21:11:46+00:00,stable_dislocation,USDC:Binance,USDC,above peg,Binance,1.050000,1.050000,NO,3321744.35,"{""mid"":1.000105,""note"":""Peg deviation is a research signal; redemption, venue and issuer risks matter."",""signed_deviation_bps"":1.0500000000002174,""watch_threshold_bps"":10.0}"
2026-09-07T21:11:46+00:00,stable_dislocation_error,USDC:Bybit:error,USDC,n/a,Bybit,0.000000,-9999.000000,NO,,"{""error"":""HTTP Error 403: Forbidden""}"
2026-09-07T21:11:46+00:00,stable_dislocation,FDUSD:Binance,FDUSD,below peg,Binance,12.500000,12.500000,YES,55542.70,"{""mid"":0.99875,""note"":""Peg deviation is a research signal; redemption, venue and issuer risks matter."",""signed_deviation_bps"":-12.499999999999734,""watch_threshold_bps"":10.0}"
2026-09-07T21:11:46+00:00,stable_dislocation_error,FDUSD:Bybit:error,FDUSD,n/a,Bybit,0.000000,-9999.000000,NO,,"{""error"":""HTTP Error 403: Forbidden""}"
2026-09-07T21:54:05+00:00,cex_triangle,ETH:USDT-BTC-ETH-USDT,ETH,USDT->BTC->ETH->USDT,Binance,-1.831521,-39.796041,NO,32232.80,"{""extra_buffer_bps"":8.0,""fee_bps_per_leg"":10.0,""top_of_book_only"":true}"
2026-09-07T21:54:05+00:00,cex_triangle,ETH:USDT-ETH-BTC-USDT,ETH,USDT->ETH->BTC->USDT,Binance,-1.387738,-39.353589,NO,5821.19,"{""extra_buffer_bps"":8.0,""fee_bps_per_leg"":10.0,""top_of_book_only"":true}"
2026-09-07T21:54:05+00:00,cex_triangle,SOL:USDT-BTC-SOL-USDT,SOL,USDT->BTC->SOL->USDT,Binance,-1.332651,-39.298668,NO,3233.38,"{""extra_buffer_bps"":8.0,""fee_bps_per_leg"":10.0,""top_of_book_only"":true}"
2026-09-07T21:54:05+00:00,cex_triangle,SOL:USDT-SOL-BTC-USDT,SOL,USDT->SOL->BTC->USDT,Binance,-0.392855,-38.361688,NO,46.76,"{""extra_buffer_bps"":8.0,""fee_bps_per_leg"":10.0,""top_of_book_only"":true}"
2026-09-07T21:54:05+00:00,stable_dislocation,USDC:Binance,USDC,above peg,Binance,1.050000,1.050000,NO,2056068.14,"{""mid"":1.000105,""note"":""Peg deviation is a research signal; redemption, venue and issuer risks matter."",""signed_deviation_bps"":1.0500000000002174,""watch_threshold_bps"":10.0}"
2026-09-07T21:54:05+00:00,stable_dislocation_error,USDC:Bybit:error,USDC,n/a,Bybit,0.000000,-9999.000000,NO,,"{""error"":""HTTP Error 403: Forbidden""}"
2026-09-07T21:54:05+00:00,stable_dislocation,FDUSD:Binance,FDUSD,below peg,Binance,13.500000,13.500000,YES,1697.79,"{""mid"":0.99865,""note"":""Peg deviation is a research signal; redemption, venue and issuer risks matter."",""signed_deviation_bps"":-13.499999999999623,""watch_threshold_bps"":10.0}"
2026-09-07T21:54:05+00:00,stable_dislocation_error,FDUSD:Bybit:error,FDUSD,n/a,Bybit,0.000000,-9999.000000,NO,,"{""error"":""HTTP Error 403: Forbidden""}"
2026-09-07T23:56:28+00:00,cex_triangle,ETH:USDT-BTC-ETH-USDT,ETH,USDT->BTC->ETH->USDT,Binance,-2.962080,-40.923212,NO,85981.27,"{""extra_buffer_bps"":8.0,""fee_bps_per_leg"":10.0,""top_of_book_only"":true}"
2026-09-07T23:56:28+00:00,cex_triangle,ETH:USDT-ETH-BTC-USDT,ETH,USDT->ETH->BTC->USDT,Binance,-0.255003,-38.224249,NO,10702.58,"{""extra_buffer_bps"":8.0,""fee_bps_per_leg"":10.0,""top_of_book_only"":true}"
2026-09-07T23:56:28+00:00,cex_triangle,SOL:USDT-BTC-SOL-USDT,SOL,USDT->BTC->SOL->USDT,Binance,-3.123531,-41.084180,NO,4945.38,"{""extra_buffer_bps"":8.0,""fee_bps_per_leg"":10.0,""top_of_book_only"":true}"
2026-09-07T23:56:28+00:00,cex_triangle,SOL:USDT-SOL-BTC-USDT,SOL,USDT->SOL->BTC->USDT,Binance,1.398421,-36.575780,NO,210.32,"{""extra_buffer_bps"":8.0,""fee_bps_per_leg"":10.0,""top_of_book_only"":true}"
2026-09-07T23:56:28+00:00,stable_dislocation,USDC:Binance,USDC,above peg,Binance,1.150000,1.150000,NO,1827129.96,"{""mid"":1.000115,""note"":""Peg deviation is a research signal; redemption, venue and issuer risks matter."",""signed_deviation_bps"":1.1500000000008725,""watch_threshold_bps"":10.0}"
2026-09-07T23:56:28+00:00,stable_dislocation_error,USDC:Bybit:error,USDC,n/a,Bybit,0.000000,-9999.000000,NO,,"{""error"":""HTTP Error 403: Forbidden""}"
2026-09-07T23:56:28+00:00,stable_dislocation,FDUSD:Binance,FDUSD,below peg,Binance,12.500000,12.500000,YES,181557.87,"{""mid"":0.99875,""note"":""Peg deviation is a research signal; redemption, venue and issuer risks matter."",""signed_deviation_bps"":-12.499999999999734,""watch_threshold_bps"":10.0}"
2026-09-07T23:56:28+00:00,stable_dislocation_error,FDUSD:Bybit:error,FDUSD,n/a,Bybit,0.000000,-9999.000000,NO,,"{""error"":""HTTP Error 403: Forbidden""}"
2026-09-08T02:15:42+00:00,cex_triangle,ETH:USDT-BTC-ETH-USDT,ETH,USDT->BTC->ETH->USDT,Binance,0.202266,-37.768350,NO,26556.01,"{""extra_buffer_bps"":8.0,""fee_bps_per_leg"":10.0,""top_of_book_only"":true}"
2026-09-08T02:15:42+00:00,cex_triangle,ETH:USDT-ETH-BTC-USDT,ETH,USDT->ETH->BTC->USDT,Binance,-3.417040,-41.376809,NO,63765.00,"{""extra_buffer_bps"":8.0,""fee_bps_per_leg"":10.0,""top_of_book_only"":true}"
2026-09-08T02:15:42+00:00,cex_triangle,SOL:USDT-BTC-SOL-USDT,SOL,USDT->BTC->SOL->USDT,Binance,-0.603609,-38.571810,NO,742.82,"{""extra_buffer_bps"":8.0,""fee_bps_per_leg"":10.0,""top_of_book_only"":true}"
2026-09-08T02:15:42+00:00,cex_triangle,SOL:USDT-SOL-BTC-USDT,SOL,USDT->SOL->BTC->USDT,Binance,-1.118272,-39.084930,NO,523.71,"{""extra_buffer_bps"":8.0,""fee_bps_per_leg"":10.0,""top_of_book_only"":true}"
2026-09-08T02:15:42+00:00,stable_dislocation,USDC:Binance,USDC,above peg,Binance,1.350000,1.350000,NO,6589440.52,"{""mid"":1.000135,""note"":""Peg deviation is a research signal; redemption, venue and issuer risks matter."",""signed_deviation_bps"":1.3499999999999623,""watch_threshold_bps"":10.0}"
2026-09-08T02:15:42+00:00,stable_dislocation_error,USDC:Bybit:error,USDC,n/a,Bybit,0.000000,-9999.000000,NO,,"{""error"":""HTTP Error 403: Forbidden""}"
2026-09-08T02:15:42+00:00,stable_dislocation,FDUSD:Binance,FDUSD,below peg,Binance,11.500000,11.500000,YES,33569.67,"{""mid"":0.99885,""note"":""Peg deviation is a research signal; redemption, venue and issuer risks matter."",""signed_deviation_bps"":-11.499999999999844,""watch_threshold_bps"":10.0}"
2026-09-08T02:15:42+00:00,stable_dislocation_error,FDUSD:Bybit:error,FDUSD,n/a,Bybit,0.000000,-9999.000000,NO,,"{""error"":""HTTP Error 403: Forbidden""}"
2026-09-08T02:57:41+00:00,cex_triangle,ETH:USDT-BTC-ETH-USDT,ETH,USDT->BTC->ETH->USDT,Binance,-1.526635,-39.492070,NO,18163.73,"{""extra_buffer_bps"":8.0,""fee_bps_per_leg"":10.0,""top_of_book_only"":true}"
2026-09-08T02:57:41+00:00,cex_triangle,ETH:USDT-ETH-BTC-USDT,ETH,USDT->ETH->BTC->USDT,Binance,-1.691719,-39.656659,NO,88337.94,"{""extra_buffer_bps"":8.0,""fee_bps_per_leg"":10.0,""top_of_book_only"":true}"
2026-09-08T02:57:41+00:00,cex_triangle,SOL:USDT-BTC-SOL-USDT,SOL,USDT->BTC->SOL->USDT,Binance,-2.804641,-40.766245,NO,1017.87,"{""extra_buffer_bps"":8.0,""fee_bps_per_leg"":10.0,""top_of_book_only"":true}"
2026-09-08T02:57:41+00:00,cex_triangle,SOL:USDT-SOL-BTC-USDT,SOL,USDT->SOL->BTC->USDT,Binance,1.072046,-36.901176,NO,1529.12,"{""extra_buffer_bps"":8.0,""fee_bps_per_leg"":10.0,""top_of_book_only"":true}"
2026-09-08T02:57:41+00:00,stable_dislocation,USDC:Binance,USDC,above peg,Binance,1.250000,1.250000,NO,925056.99,"{""mid"":1.000125,""note"":""Peg deviation is a research signal; redemption, venue and issuer risks matter."",""signed_deviation_bps"":1.2499999999993072,""watch_threshold_bps"":10.0}"
2026-09-08T02:57:41+00:00,stable_dislocation_error,USDC:Bybit:error,USDC,n/a,Bybit,0.000000,-9999.000000,NO,,"{""error"":""HTTP Error 403: Forbidden""}"
2026-09-08T02:57:41+00:00,stable_dislocation,FDUSD:Binance,FDUSD,below peg,Binance,12.500000,12.500000,YES,34777.22,"{""mid"":0.99875,""note"":""Peg deviation is a research signal; redemption, venue and issuer risks matter."",""signed_deviation_bps"":-12.499999999999734,""watch_threshold_bps"":10.0}"
2026-09-08T02:57:41+00:00,stable_dislocation_error,FDUSD:Bybit:error,FDUSD,n/a,Bybit,0.000000,-9999.000000,NO,,"{""error"":""HTTP Error 403: Forbidden""}"
2026-09-08T05:13:16+00:00,cex_triangle,ETH:USDT-BTC-ETH-USDT,ETH,USDT->BTC->ETH->USDT,Binance,-2.110444,-40.074129,NO,42492.95,"{""extra_buffer_bps"":8.0,""fee_bps_per_leg"":10.0,""top_of_book_only"":true}"
2026-09-08T05:13:16+00:00,cex_triangle,ETH:USDT-ETH-BTC-USDT,ETH,USDT->ETH->BTC->USDT,Binance,-1.104949,-39.071647,NO,7561.38,"{""extra_buffer_bps"":8.0,""fee_bps_per_leg"":10.0,""top_of_book_only"":true}"
2026-09-08T05:13:16+00:00,cex_triangle,SOL:USDT-BTC-SOL-USDT,SOL,USDT->BTC->SOL->USDT,Binance,-0.513327,-38.481799,NO,2428.70,"{""extra_buffer_bps"":8.0,""fee_bps_per_leg"":10.0,""top_of_book_only"":true}"
2026-09-08T05:13:16+00:00,cex_triangle,SOL:USDT-SOL-BTC-USDT,SOL,USDT->SOL->BTC->USDT,Binance,-1.220049,-39.186403,NO,1610.28,"{""extra_buffer_bps"":8.0,""fee_bps_per_leg"":10.0,""top_of_book_only"":true}"
2026-09-08T05:13:16+00:00,stable_dislocation,USDC:Binance,USDC,above peg,Binance,2.150000,2.150000,NO,2843340.40,"{""mid"":1.000215,""note"":""Peg deviation is a research signal; redemption, venue and issuer risks matter."",""signed_deviation_bps"":2.1500000000007624,""watch_threshold_bps"":10.0}"
2026-09-08T05:13:16+00:00,stable_dislocation_error,USDC:Bybit:error,USDC,n/a,Bybit,0.000000,-9999.000000,NO,,"{""error"":""HTTP Error 403: Forbidden""}"
2026-09-08T05:13:16+00:00,stable_dislocation,FDUSD:Binance,FDUSD,below peg,Binance,10.500000,10.500000,YES,7778.21,"{""mid"":0.99895,""note"":""Peg deviation is a research signal; redemption, venue and issuer risks matter."",""signed_deviation_bps"":-10.499999999999954,""watch_threshold_bps"":10.0}"
2026-09-08T05:13:16+00:00,stable_dislocation_error,FDUSD:Bybit:error,FDUSD,n/a,Bybit,0.000000,-9999.000000,NO,,"{""error"":""HTTP Error 403: Forbidden""}"
2026-09-08T06:43:59+00:00,cex_triangle,ETH:USDT-BTC-ETH-USDT,ETH,USDT->BTC->ETH->USDT,Binance,2.101808,-35.874501,NO,64841.28,"{""extra_buffer_bps"":8.0,""fee_bps_per_leg"":10.0,""top_of_book_only"":true}"
2026-09-08T06:43:59+00:00,cex_triangle,ETH:USDT-ETH-BTC-USDT,ETH,USDT->ETH->BTC->USDT,Binance,-5.322160,-43.276219,NO,35444.03,"{""extra_buffer_bps"":8.0,""fee_bps_per_leg"":10.0,""top_of_book_only"":true}"
2026-09-08T06:43:59+00:00,cex_triangle,SOL:USDT-BTC-SOL-USDT,SOL,USDT->BTC->SOL->USDT,Binance,1.208128,-36.765503,NO,1393.00,"{""extra_buffer_bps"":8.0,""fee_bps_per_leg"":10.0,""top_of_book_only"":true}"
2026-09-08T06:43:59+00:00,cex_triangle,SOL:USDT-SOL-BTC-USDT,SOL,USDT->SOL->BTC->USDT,Binance,-2.947749,-40.908925,NO,2580.96,"{""extra_buffer_bps"":8.0,""fee_bps_per_leg"":10.0,""top_of_book_only"":true}"
2026-09-08T06:43:59+00:00,stable_dislocation,USDC:Binance,USDC,above peg,Binance,1.750000,1.750000,NO,1819476.45,"{""mid"":1.000175,""note"":""Peg deviation is a research signal; redemption, venue and issuer risks matter."",""signed_deviation_bps"":1.7500000000003624,""watch_threshold_bps"":10.0}"
2026-09-08T06:43:59+00:00,stable_dislocation_error,USDC:Bybit:error,USDC,n/a,Bybit,0.000000,-9999.000000,NO,,"{""error"":""HTTP Error 403: Forbidden""}"
2026-09-08T06:43:59+00:00,stable_dislocation,FDUSD:Binance,FDUSD,below peg,Binance,11.500000,11.500000,YES,89382.57,"{""mid"":0.99885,""note"":""Peg deviation is a research signal; redemption, venue and issuer risks matter."",""signed_deviation_bps"":-11.499999999999844,""watch_threshold_bps"":10.0}"
2026-09-08T06:43:59+00:00,stable_dislocation_error,FDUSD:Bybit:error,FDUSD,n/a,Bybit,0.000000,-9999.000000,NO,,"{""error"":""HTTP Error 403: Forbidden""}"
2026-09-08T07:23:34+00:00,cex_triangle,ETH:USDT-BTC-ETH-USDT,ETH,USDT->BTC->ETH->USDT,Binance,0.081680,-37.888575,NO,30438.88,"{""extra_buffer_bps"":8.0,""fee_bps_per_leg"":10.0,""top_of_book_only"":true}"
2026-09-08T07:23:34+00:00,cex_triangle,ETH:USDT-ETH-BTC-USDT,ETH,USDT->ETH->BTC->USDT,Binance,-3.291880,-41.252024,NO,62156.30,"{""extra_buffer_bps"":8.0,""fee_bps_per_leg"":10.0,""top_of_book_only"":true}"
2026-09-08T07:23:34+00:00,cex_triangle,SOL:USDT-BTC-SOL-USDT,SOL,USDT->BTC->SOL->USDT,Binance,-0.648905,-38.616970,NO,1583.63,"{""extra_buffer_bps"":8.0,""fee_bps_per_leg"":10.0,""top_of_book_only"":true}"
2026-09-08T07:23:34+00:00,cex_triangle,SOL:USDT-SOL-BTC-USDT,SOL,USDT->SOL->BTC->USDT,Binance,-1.087622,-39.054372,NO,1950.29,"{""extra_buffer_bps"":8.0,""fee_bps_per_leg"":10.0,""top_of_book_only"":true}"
2026-09-08T07:23:34+00:00,stable_dislocation,USDC:Binance,USDC,above peg,Binance,1.950000,1.950000,NO,2151878.29,"{""mid"":1.000195,""note"":""Peg deviation is a research signal; redemption, venue and issuer risks matter."",""signed_deviation_bps"":1.9499999999994522,""watch_threshold_bps"":10.0}"
2026-09-08T07:23:34+00:00,stable_dislocation_error,USDC:Bybit:error,USDC,n/a,Bybit,0.000000,-9999.000000,NO,,"{""error"":""HTTP Error 403: Forbidden""}"
2026-09-08T07:23:34+00:00,stable_dislocation,FDUSD:Binance,FDUSD,below peg,Binance,12.500000,12.500000,YES,164138.80,"{""mid"":0.99875,""note"":""Peg deviation is a research signal; redemption, venue and issuer risks matter."",""signed_deviation_bps"":-12.499999999999734,""watch_threshold_bps"":10.0}"
2026-09-08T07:23:34+00:00,stable_dislocation_error,FDUSD:Bybit:error,FDUSD,n/a,Bybit,0.000000,-9999.000000,NO,,"{""error"":""HTTP Error 403: Forbidden""}"
2026-09-08T08:00:35+00:00,cex_triangle,ETH:USDT-BTC-ETH-USDT,ETH,USDT->BTC->ETH->USDT,Binance,-4.377678,-42.334568,NO,64589.26,"{""extra_buffer_bps"":8.0,""fee_bps_per_leg"":10.0,""top_of_book_only"":true}"
2026-09-08T08:00:35+00:00,cex_triangle,ETH:USDT-ETH-BTC-USDT,ETH,USDT->ETH->BTC->USDT,Binance,1.171991,-36.801532,NO,59222.08,"{""extra_buffer_bps"":8.0,""fee_bps_per_leg"":10.0,""top_of_book_only"":true}"
2026-09-08T08:00:35+00:00,cex_triangle,SOL:USDT-BTC-SOL-USDT,SOL,USDT->BTC->SOL->USDT,Binance,-2.953666,-40.914824,NO,291.35,"{""extra_buffer_bps"":8.0,""fee_bps_per_leg"":10.0,""top_of_book_only"":true}"
2026-09-08T08:00:35+00:00,cex_triangle,SOL:USDT-SOL-BTC-USDT,SOL,USDT->SOL->BTC->USDT,Binance,1.217882,-36.755778,NO,2871.69,"{""extra_buffer_bps"":8.0,""fee_bps_per_leg"":10.0,""top_of_book_only"":true}"
2026-09-08T08:00:35+00:00,stable_dislocation,USDC:Binance,USDC,above peg,Binance,1.950000,1.950000,NO,2259264.76,"{""mid"":1.000195,""note"":""Peg deviation is a research signal; redemption, venue and issuer risks matter."",""signed_deviation_bps"":1.9499999999994522,""watch_threshold_bps"":10.0}"
2026-09-08T08:00:35+00:00,stable_dislocation_error,USDC:Bybit:error,USDC,n/a,Bybit,0.000000,-9999.000000,NO,,"{""error"":""HTTP Error 403: Forbidden""}"
2026-09-08T08:00:35+00:00,stable_dislocation,FDUSD:Binance,FDUSD,below peg,Binance,12.500000,12.500000,YES,18767.45,"{""mid"":0.99875,""note"":""Peg deviation is a research signal; redemption, venue and issuer risks matter."",""signed_deviation_bps"":-12.499999999999734,""watch_threshold_bps"":10.0}"
2026-09-08T08:00:35+00:00,stable_dislocation_error,FDUSD:Bybit:error,FDUSD,n/a,Bybit,0.000000,-9999.000000,NO,,"{""error"":""HTTP Error 403: Forbidden""}"
2026-09-08T09:36:40+00:00,cex_triangle,ETH:USDT-BTC-ETH-USDT,ETH,USDT->BTC->ETH->USDT,Binance,1.698898,-36.276203,NO,30402.27,"{""extra_buffer_bps"":8.0,""fee_bps_per_leg"":10.0,""top_of_book_only"":true}"
2026-09-08T09:36:40+00:00,cex_triangle,ETH:USDT-ETH-BTC-USDT,ETH,USDT->ETH->BTC->USDT,Binance,-4.894006,-42.849348,NO,53711.11,"{""extra_buffer_bps"":8.0,""fee_bps_per_leg"":10.0,""top_of_book_only"":true}"
2026-09-08T09:36:40+00:00,cex_triangle,SOL:USDT-BTC-SOL-USDT,SOL,USDT->BTC->SOL->USDT,Binance,3.489586,-34.490883,NO,1632.48,"{""extra_buffer_bps"":8.0,""fee_bps_per_leg"":10.0,""top_of_book_only"":true}"
2026-09-08T09:36:40+00:00,cex_triangle,SOL:USDT-SOL-BTC-USDT,SOL,USDT->SOL->BTC->USDT,Binance,-5.213481,-43.167867,NO,446.41,"{""extra_buffer_bps"":8.0,""fee_bps_per_leg"":10.0,""top_of_book_only"":true}"
2026-09-08T09:36:40+00:00,stable_dislocation,USDC:Binance,USDC,above peg,Binance,2.050000,2.050000,NO,1771795.00,"{""mid"":1.000205,""note"":""Peg deviation is a research signal; redemption, venue and issuer risks matter."",""signed_deviation_bps"":2.0500000000001073,""watch_threshold_bps"":10.0}"
2026-09-08T09:36:40+00:00,stable_dislocation_error,USDC:Bybit:error,USDC,n/a,Bybit,0.000000,-9999.000000,NO,,"{""error"":""HTTP Error 403: Forbidden""}"
2026-09-08T09:36:40+00:00,stable_dislocation,FDUSD:Binance,FDUSD,below peg,Binance,11.500000,11.500000,YES,36019.72,"{""mid"":0.99885,""note"":""Peg deviation is a research signal; redemption, venue and issuer risks matter."",""signed_deviation_bps"":-11.499999999999844,""watch_threshold_bps"":10.0}"
2026-09-08T09:36:40+00:00,stable_dislocation_error,FDUSD:Bybit:error,FDUSD,n/a,Bybit,0.000000,-9999.000000,NO,,"{""error"":""HTTP Error 403: Forbidden""}"
2026-09-08T11:03:22+00:00,cex_triangle,ETH:USDT-BTC-ETH-USDT,ETH,USDT->BTC->ETH->USDT,Binance,-4.871653,-42.827063,NO,74984.77,"{""extra_buffer_bps"":8.0,""fee_bps_per_leg"":10.0,""top_of_book_only"":true}"
2026-09-08T11:03:22+00:00,cex_triangle,ETH:USDT-ETH-BTC-USDT,ETH,USDT->ETH->BTC->USDT,Binance,1.667335,-36.307672,NO,34978.67,"{""extra_buffer_bps"":8.0,""fee_bps_per_leg"":10.0,""top_of_book_only"":true}"
2026-09-08T11:03:22+00:00,cex_triangle,SOL:USDT-BTC-SOL-USDT,SOL,USDT->BTC->SOL->USDT,Binance,-2.572896,-40.535195,NO,1868.87,"{""extra_buffer_bps"":8.0,""fee_bps_per_leg"":10.0,""top_of_book_only"":true}"
2026-09-08T11:03:22+00:00,cex_triangle,SOL:USDT-SOL-BTC-USDT,SOL,USDT->SOL->BTC->USDT,Binance,0.844795,-37.127746,NO,1650.34,"{""extra_buffer_bps"":8.0,""fee_bps_per_leg"":10.0,""top_of_book_only"":true}"
2026-09-08T11:03:22+00:00,stable_dislocation,USDC:Binance,USDC,above peg,Binance,2.350000,2.350000,NO,1719630.61,"{""mid"":1.000235,""note"":""Peg deviation is a research signal; redemption, venue and issuer risks matter."",""signed_deviation_bps"":2.349999999999852,""watch_threshold_bps"":10.0}"
2026-09-08T11:03:22+00:00,stable_dislocation_error,USDC:Bybit:error,USDC,n/a,Bybit,0.000000,-9999.000000,NO,,"{""error"":""HTTP Error 403: Forbidden""}"
2026-09-08T11:03:22+00:00,stable_dislocation,FDUSD:Binance,FDUSD,below peg,Binance,11.500000,11.500000,YES,459275.24,"{""mid"":0.99885,""note"":""Peg deviation is a research signal; redemption, venue and issuer risks matter."",""signed_deviation_bps"":-11.499999999999844,""watch_threshold_bps"":10.0}"
2026-09-08T11:03:22+00:00,stable_dislocation_error,FDUSD:Bybit:error,FDUSD,n/a,Bybit,0.000000,-9999.000000,NO,,"{""error"":""HTTP Error 403: Forbidden""}"
2026-09-08T11:51:17+00:00,cex_triangle,ETH:USDT-BTC-ETH-USDT,ETH,USDT->BTC->ETH->USDT,Binance,-0.734450,-38.702258,NO,16141.52,"{""extra_buffer_bps"":8.0,""fee_bps_per_leg"":10.0,""top_of_book_only"":true}"
2026-09-08T11:51:17+00:00,cex_triangle,ETH:USDT-ETH-BTC-USDT,ETH,USDT->ETH->BTC->USDT,Binance,-2.476990,-40.439577,NO,54295.24,"{""extra_buffer_bps"":8.0,""fee_bps_per_leg"":10.0,""top_of_book_only"":true}"
2026-09-08T11:51:17+00:00,cex_triangle,SOL:USDT-BTC-SOL-USDT,SOL,USDT->BTC->SOL->USDT,Binance,-0.073346,-38.043136,NO,2353.31,"{""extra_buffer_bps"":8.0,""fee_bps_per_leg"":10.0,""top_of_book_only"":true}"
2026-09-08T11:51:17+00:00,cex_triangle,SOL:USDT-SOL-BTC-USDT,SOL,USDT->SOL->BTC->USDT,Binance,-1.663312,-39.628337,NO,208.17,"{""extra_buffer_bps"":8.0,""fee_bps_per_leg"":10.0,""top_of_book_only"":true}"
2026-09-08T11:51:17+00:00,stable_dislocation,USDC:Binance,USDC,above peg,Binance,2.450000,2.450000,NO,7985424.86,"{""mid"":1.000245,""note"":""Peg deviation is a research signal; redemption, venue and issuer risks matter."",""signed_deviation_bps"":2.4500000000005073,""watch_threshold_bps"":10.0}"
2026-09-08T11:51:17+00:00,stable_dislocation_error,USDC:Bybit:error,USDC,n/a,Bybit,0.000000,-9999.000000,NO,,"{""error"":""HTTP Error 403: Forbidden""}"
2026-09-08T11:51:17+00:00,stable_dislocation,FDUSD:Binance,FDUSD,below peg,Binance,11.500000,11.500000,YES,416113.06,"{""mid"":0.99885,""note"":""Peg deviation is a research signal; redemption, venue and issuer risks matter."",""signed_deviation_bps"":-11.499999999999844,""watch_threshold_bps"":10.0}"
2026-09-08T11:51:17+00:00,stable_dislocation_error,FDUSD:Bybit:error,FDUSD,n/a,Bybit,0.000000,-9999.000000,NO,,"{""error"":""HTTP Error 403: Forbidden""}"
2026-09-08T12:19:02+00:00,cex_triangle,ETH:USDT-BTC-ETH-USDT,ETH,USDT->BTC->ETH->USDT,Binance,-1.644741,-39.609822,NO,54786.85,"{""extra_buffer_bps"":8.0,""fee_bps_per_leg"":10.0,""top_of_book_only"":true}"
2026-09-08T12:19:02+00:00,cex_triangle,ETH:USDT-ETH-BTC-USDT,ETH,USDT->ETH->BTC->USDT,Binance,-1.561783,-39.527113,NO,36801.87,"{""extra_buffer_bps"":8.0,""fee_bps_per_leg"":10.0,""top_of_book_only"":true}"
2026-09-08T12:19:02+00:00,cex_triangle,SOL:USDT-BTC-SOL-USDT,SOL,USDT->BTC->SOL->USDT,Binance,-0.054793,-38.024638,NO,1508.16,"{""extra_buffer_bps"":8.0,""fee_bps_per_leg"":10.0,""top_of_book_only"":true}"
2026-09-08T12:19:02+00:00,cex_triangle,SOL:USDT-SOL-BTC-USDT,SOL,USDT->SOL->BTC->USDT,Binance,-1.681998,-39.646967,NO,2166.66,"{""extra_buffer_bps"":8.0,""fee_bps_per_leg"":10.0,""top_of_book_only"":true}"
2026-09-08T12:19:02+00:00,stable_dislocation,USDC:Binance,USDC,above peg,Binance,2.350000,2.350000,NO,3529699.92,"{""mid"":1.000235,""note"":""Peg deviation is a research signal; redemption, venue and issuer risks matter."",""signed_deviation_bps"":2.349999999999852,""watch_threshold_bps"":10.0}"
2026-09-08T12:19:02+00:00,stable_dislocation_error,USDC:Bybit:error,USDC,n/a,Bybit,0.000000,-9999.000000,NO,,"{""error"":""HTTP Error 403: Forbidden""}"
2026-09-08T12:19:02+00:00,stable_dislocation,FDUSD:Binance,FDUSD,below peg,Binance,11.500000,11.500000,YES,182815.36,"{""mid"":0.99885,""note"":""Peg deviation is a research signal; redemption, venue and issuer risks matter."",""signed_deviation_bps"":-11.499999999999844,""watch_threshold_bps"":10.0}"
2026-09-08T12:19:02+00:00,stable_dislocation_error,FDUSD:Bybit:error,FDUSD,n/a,Bybit,0.000000,-9999.000000,NO,,"{""error"":""HTTP Error 403: Forbidden""}"
2026-09-08T12:52:51+00:00,cex_triangle,ETH:USDT-BTC-ETH-USDT,ETH,USDT->BTC->ETH->USDT,Binance,-1.943705,-39.907890,NO,8475.25,"{""extra_buffer_bps"":8.0,""fee_bps_per_leg"":10.0,""top_of_book_only"":true}"
2026-09-08T12:52:51+00:00,cex_triangle,ETH:USDT-ETH-BTC-USDT,ETH,USDT->ETH->BTC->USDT,Binance,-1.265794,-39.232010,NO,42053.46,"{""extra_buffer_bps"":8.0,""fee_bps_per_leg"":10.0,""top_of_book_only"":true}"
2026-09-08T12:52:51+00:00,cex_triangle,SOL:USDT-BTC-SOL-USDT,SOL,USDT->BTC->SOL->USDT,Binance,-1.367107,-39.333019,NO,3841.17,"{""extra_buffer_bps"":8.0,""fee_bps_per_leg"":10.0,""top_of_book_only"":true}"
2026-09-08T12:52:51+00:00,cex_triangle,SOL:USDT-SOL-BTC-USDT,SOL,USDT->SOL->BTC->USDT,Binance,-0.363009,-38.331931,NO,1400.91,"{""extra_buffer_bps"":8.0,""fee_bps_per_leg"":10.0,""top_of_book_only"":true}"
2026-09-08T12:52:51+00:00,stable_dislocation,USDC:Binance,USDC,above peg,Binance,2.550000,2.550000,NO,4728347.05,"{""mid"":1.0002550000000001,""note"":""Peg deviation is a research signal; redemption, venue and issuer risks matter."",""signed_deviation_bps"":2.5500000000011624,""watch_threshold_bps"":10.0}"
2026-09-08T12:52:51+00:00,stable_dislocation_error,USDC:Bybit:error,USDC,n/a,Bybit,0.000000,-9999.000000,NO,,"{""error"":""HTTP Error 403: Forbidden""}"
2026-09-08T12:52:51+00:00,stable_dislocation,FDUSD:Binance,FDUSD,below peg,Binance,12.500000,12.500000,YES,16320.39,"{""mid"":0.99875,""note"":""Peg deviation is a research signal; redemption, venue and issuer risks matter."",""signed_deviation_bps"":-12.499999999999734,""watch_threshold_bps"":10.0}"
2026-09-08T12:52:51+00:00,stable_dislocation_error,FDUSD:Bybit:error,FDUSD,n/a,Bybit,0.000000,-9999.000000,NO,,"{""error"":""HTTP Error 403: Forbidden""}"
2026-09-08T15:32:52+00:00,cex_triangle,ETH:USDT-BTC-ETH-USDT,ETH,USDT->BTC->ETH->USDT,Binance,0.183817,-37.786744,NO,21670.26,"{""extra_buffer_bps"":8.0,""fee_bps_per_leg"":10.0,""top_of_book_only"":true}"
2026-09-08T15:32:52+00:00,cex_triangle,ETH:USDT-ETH-BTC-USDT,ETH,USDT->ETH->BTC->USDT,Binance,-3.383824,-41.343693,NO,1207.74,"{""extra_buffer_bps"":8.0,""fee_bps_per_leg"":10.0,""top_of_book_only"":true}"
2026-09-08T15:32:52+00:00,cex_triangle,SOL:USDT-BTC-SOL-USDT,SOL,USDT->BTC->SOL->USDT,Binance,-0.337161,-38.306161,NO,2674.17,"{""extra_buffer_bps"":8.0,""fee_bps_per_leg"":10.0,""top_of_book_only"":true}"
2026-09-08T15:32:52+00:00,cex_triangle,SOL:USDT-SOL-BTC-USDT,SOL,USDT->SOL->BTC->USDT,Binance,-1.388535,-39.354384,NO,858.14,"{""extra_buffer_bps"":8.0,""fee_bps_per_leg"":10.0,""top_of_book_only"":true}"
2026-09-08T15:32:52+00:00,stable_dislocation,USDC:Binance,USDC,above peg,Binance,1.750000,1.750000,NO,399478.90,"{""mid"":1.000175,""note"":""Peg deviation is a research signal; redemption, venue and issuer risks matter."",""signed_deviation_bps"":1.7500000000003624,""watch_threshold_bps"":10.0}"
2026-09-08T15:32:52+00:00,stable_dislocation_error,USDC:Bybit:error,USDC,n/a,Bybit,0.000000,-9999.000000,NO,,"{""error"":""HTTP Error 403: Forbidden""}"
2026-09-08T15:32:52+00:00,stable_dislocation,FDUSD:Binance,FDUSD,below peg,Binance,12.500000,12.500000,YES,140902.71,"{""mid"":0.99875,""note"":""Peg deviation is a research signal; redemption, venue and issuer risks matter."",""signed_deviation_bps"":-12.499999999999734,""watch_threshold_bps"":10.0}"
2026-09-08T15:32:52+00:00,stable_dislocation_error,FDUSD:Bybit:error,FDUSD,n/a,Bybit,0.000000,-9999.000000,NO,,"{""error"":""HTTP Error 403: Forbidden""}"
2026-09-08T16:14:01+00:00,cex_triangle,ETH:USDT-BTC-ETH-USDT,ETH,USDT->BTC->ETH->USDT,Binance,2.890052,-35.088619,NO,2724.05,"{""extra_buffer_bps"":8.0,""fee_bps_per_leg"":10.0,""top_of_book_only"":true}"
2026-09-08T16:14:01+00:00,cex_triangle,ETH:USDT-ETH-BTC-USDT,ETH,USDT->ETH->BTC->USDT,Binance,-6.088264,-44.040027,NO,50282.50,"{""extra_buffer_bps"":8.0,""fee_bps_per_leg"":10.0,""top_of_book_only"":true}"
2026-09-08T16:14:01+00:00,cex_triangle,SOL:USDT-BTC-SOL-USDT,SOL,USDT->BTC->SOL->USDT,Binance,1.608467,-36.366363,NO,1574.42,"{""extra_buffer_bps"":8.0,""fee_bps_per_leg"":10.0,""top_of_book_only"":true}"
2026-09-08T16:14:01+00:00,cex_triangle,SOL:USDT-SOL-BTC-USDT,SOL,USDT->SOL->BTC->USDT,Binance,-3.331494,-41.291519,NO,1647.59,"{""extra_buffer_bps"":8.0,""fee_bps_per_leg"":10.0,""top_of_book_only"":true}"
2026-09-08T16:14:01+00:00,stable_dislocation,USDC:Binance,USDC,above peg,Binance,1.050000,1.050000,NO,1574972.23,"{""mid"":1.000105,""note"":""Peg deviation is a research signal; redemption, venue and issuer risks matter."",""signed_deviation_bps"":1.0500000000002174,""watch_threshold_bps"":10.0}"
2026-09-08T16:14:01+00:00,stable_dislocation_error,USDC:Bybit:error,USDC,n/a,Bybit,0.000000,-9999.000000,NO,,"{""error"":""HTTP Error 403: Forbidden""}"
2026-09-08T16:14:01+00:00,stable_dislocation,FDUSD:Binance,FDUSD,below peg,Binance,12.500000,12.500000,YES,129111.88,"{""mid"":0.99875,""note"":""Peg deviation is a research signal; redemption, venue and issuer risks matter."",""signed_deviation_bps"":-12.499999999999734,""watch_threshold_bps"":10.0}"
2026-09-08T16:14:01+00:00,stable_dislocation_error,FDUSD:Bybit:error,FDUSD,n/a,Bybit,0.000000,-9999.000000,NO,,"{""error"":""HTTP Error 403: Forbidden""}"
2026-09-08T16:46:21+00:00,cex_triangle,ETH:USDT-BTC-ETH-USDT,ETH,USDT->BTC->ETH->USDT,Binance,-3.276122,-41.236314,NO,39264.67,"{""extra_buffer_bps"":8.0,""fee_bps_per_leg"":10.0,""top_of_book_only"":true}"
2026-09-08T16:46:21+00:00,cex_triangle,ETH:USDT-ETH-BTC-USDT,ETH,USDT->ETH->BTC->USDT,Binance,0.078261,-37.891984,NO,120442.43,"{""extra_buffer_bps"":8.0,""fee_bps_per_leg"":10.0,""top_of_book_only"":true}"
2026-09-08T16:46:21+00:00,cex_triangle,SOL:USDT-BTC-SOL-USDT,SOL,USDT->BTC->SOL->USDT,Binance,-3.202343,-41.162756,NO,4903.77,"{""extra_buffer_bps"":8.0,""fee_bps_per_leg"":10.0,""top_of_book_only"":true}"
2026-09-08T16:46:21+00:00,cex_triangle,SOL:USDT-SOL-BTC-USDT,SOL,USDT->SOL->BTC->USDT,Binance,1.486590,-36.487875,NO,1147.47,"{""extra_buffer_bps"":8.0,""fee_bps_per_leg"":10.0,""top_of_book_only"":true}"
2026-09-08T16:46:21+00:00,stable_dislocation,USDC:Binance,USDC,above peg,Binance,0.650000,0.650000,NO,538934.33,"{""mid"":1.000065,""note"":""Peg deviation is a research signal; redemption, venue and issuer risks matter."",""signed_deviation_bps"":0.6499999999998174,""watch_threshold_bps"":10.0}"
2026-09-08T16:46:21+00:00,stable_dislocation_error,USDC:Bybit:error,USDC,n/a,Bybit,0.000000,-9999.000000,NO,,"{""error"":""HTTP Error 403: Forbidden""}"
2026-09-08T16:46:21+00:00,stable_dislocation,FDUSD:Binance,FDUSD,below peg,Binance,12.500000,12.500000,YES,209024.91,"{""mid"":0.99875,""note"":""Peg deviation is a research signal; redemption, venue and issuer risks matter."",""signed_deviation_bps"":-12.499999999999734,""watch_threshold_bps"":10.0}"
2026-09-08T16:46:21+00:00,stable_dislocation_error,FDUSD:Bybit:error,FDUSD,n/a,Bybit,0.000000,-9999.000000,NO,,"{""error"":""HTTP Error 403: Forbidden""}"
2026-09-08T17:04:11+00:00,cex_triangle,ETH:USDT-BTC-ETH-USDT,ETH,USDT->BTC->ETH->USDT,Binance,-3.782938,-41.741611,NO,34585.06,"{""extra_buffer_bps"":8.0,""fee_bps_per_leg"":10.0,""top_of_book_only"":true}"
2026-09-08T17:04:11+00:00,cex_triangle,ETH:USDT-ETH-BTC-USDT,ETH,USDT->ETH->BTC->USDT,Binance,0.590320,-37.381459,NO,3329.94,"{""extra_buffer_bps"":8.0,""fee_bps_per_leg"":10.0,""top_of_book_only"":true}"
2026-09-08T17:04:11+00:00,cex_triangle,SOL:USDT-BTC-SOL-USDT,SOL,USDT->BTC->SOL->USDT,Binance,-0.348457,-38.317423,NO,1898.06,"{""extra_buffer_bps"":8.0,""fee_bps_per_leg"":10.0,""top_of_book_only"":true}"
2026-09-08T17:04:11+00:00,cex_triangle,SOL:USDT-SOL-BTC-USDT,SOL,USDT->SOL->BTC->USDT,Binance,-1.366913,-39.332826,NO,1155.34,"{""extra_buffer_bps"":8.0,""fee_bps_per_leg"":10.0,""top_of_book_only"":true}"
2026-09-08T17:04:11+00:00,stable_dislocation,USDC:Binance,USDC,above peg,Binance,0.250000,0.250000,NO,1140507.81,"{""mid"":1.000025,""note"":""Peg deviation is a research signal; redemption, venue and issuer risks matter."",""signed_deviation_bps"":0.24999999999941735,""watch_threshold_bps"":10.0}"
2026-09-08T17:04:11+00:00,stable_dislocation_error,USDC:Bybit:error,USDC,n/a,Bybit,0.000000,-9999.000000,NO,,"{""error"":""HTTP Error 403: Forbidden""}"
2026-09-08T17:04:11+00:00,stable_dislocation,FDUSD:Binance,FDUSD,below peg,Binance,12.500000,12.500000,YES,82778.25,"{""mid"":0.99875,""note"":""Peg deviation is a research signal; redemption, venue and issuer risks matter."",""signed_deviation_bps"":-12.499999999999734,""watch_threshold_bps"":10.0}"
2026-09-08T17:04:11+00:00,stable_dislocation_error,FDUSD:Bybit:error,FDUSD,n/a,Bybit,0.000000,-9999.000000,NO,,"{""error"":""HTTP Error 403: Forbidden""}"
2026-09-08T19:06:44+00:00,cex_triangle,ETH:USDT-BTC-ETH-USDT,ETH,USDT->BTC->ETH->USDT,Binance,-5.202402,-43.156820,NO,42806.50,"{""extra_buffer_bps"":8.0,""fee_bps_per_leg"":10.0,""top_of_book_only"":true}"
2026-09-08T19:06:44+00:00,cex_triangle,ETH:USDT-ETH-BTC-USDT,ETH,USDT->ETH->BTC->USDT,Binance,2.008413,-35.967617,NO,47983.35,"{""extra_buffer_bps"":8.0,""fee_bps_per_leg"":10.0,""top_of_book_only"":true}"
2026-09-08T19:06:44+00:00,cex_triangle,SOL:USDT-BTC-SOL-USDT,SOL,USDT->BTC->SOL->USDT,Binance,-6.905444,-44.854758,NO,758.13,"{""extra_buffer_bps"":8.0,""fee_bps_per_leg"":10.0,""top_of_book_only"":true}"
2026-09-08T19:06:44+00:00,cex_triangle,SOL:USDT-SOL-BTC-USDT,SOL,USDT->SOL->BTC->USDT,Binance,5.183302,-32.802242,NO,1145.93,"{""extra_buffer_bps"":8.0,""fee_bps_per_leg"":10.0,""top_of_book_only"":true}"
2026-09-08T19:06:44+00:00,stable_dislocation,USDC:Binance,USDC,above peg,Binance,0.750000,0.750000,NO,1532939.63,"{""mid"":1.000075,""note"":""Peg deviation is a research signal; redemption, venue and issuer risks matter."",""signed_deviation_bps"":0.7500000000004725,""watch_threshold_bps"":10.0}"
2026-09-08T19:06:44+00:00,stable_dislocation_error,USDC:Bybit:error,USDC,n/a,Bybit,0.000000,-9999.000000,NO,,"{""error"":""HTTP Error 403: Forbidden""}"
2026-09-08T19:06:44+00:00,stable_dislocation,FDUSD:Binance,FDUSD,below peg,Binance,13.500000,13.500000,YES,26626.34,"{""mid"":0.99865,""note"":""Peg deviation is a research signal; redemption, venue and issuer risks matter."",""signed_deviation_bps"":-13.499999999999623,""watch_threshold_bps"":10.0}"
2026-09-08T19:06:44+00:00,stable_dislocation_error,FDUSD:Bybit:error,FDUSD,n/a,Bybit,0.000000,-9999.000000,NO,,"{""error"":""HTTP Error 403: Forbidden""}"
2026-09-08T19:44:19+00:00,cex_triangle,ETH:USDT-BTC-ETH-USDT,ETH,USDT->BTC->ETH->USDT,Binance,1.486812,-36.487654,NO,28705.45,"{""extra_buffer_bps"":8.0,""fee_bps_per_leg"":10.0,""top_of_book_only"":true}"
2026-09-08T19:44:19+00:00,cex_triangle,ETH:USDT-ETH-BTC-USDT,ETH,USDT->ETH->BTC->USDT,Binance,-4.686210,-42.642175,NO,47250.57,"{""extra_buffer_bps"":8.0,""fee_bps_per_leg"":10.0,""top_of_book_only"":true}"
2026-09-08T19:44:19+00:00,cex_triangle,SOL:USDT-BTC-SOL-USDT,SOL,USDT->BTC->SOL->USDT,Binance,-0.739193,-38.706988,NO,4496.71,"{""extra_buffer_bps"":8.0,""fee_bps_per_leg"":10.0,""top_of_book_only"":true}"
2026-09-08T19:44:19+00:00,cex_triangle,SOL:USDT-SOL-BTC-USDT,SOL,USDT->SOL->BTC->USDT,Binance,-0.991104,-38.958143,NO,941.62,"{""extra_buffer_bps"":8.0,""fee_bps_per_leg"":10.0,""top_of_book_only"":true}"
2026-09-08T19:44:19+00:00,stable_dislocation,USDC:Binance,USDC,above peg,Binance,0.850000,0.850000,NO,1872274.77,"{""mid"":1.000085,""note"":""Peg deviation is a research signal; redemption, venue and issuer risks matter."",""signed_deviation_bps"":0.8499999999989072,""watch_threshold_bps"":10.0}"
2026-09-08T19:44:19+00:00,stable_dislocation_error,USDC:Bybit:error,USDC,n/a,Bybit,0.000000,-9999.000000,NO,,"{""error"":""HTTP Error 403: Forbidden""}"
2026-09-08T19:44:19+00:00,stable_dislocation,FDUSD:Binance,FDUSD,below peg,Binance,14.500000,14.500000,YES,91497.72,"{""mid"":0.99855,""note"":""Peg deviation is a research signal; redemption, venue and issuer risks matter."",""signed_deviation_bps"":-14.499999999999513,""watch_threshold_bps"":10.0}"
2026-09-08T19:44:19+00:00,stable_dislocation_error,FDUSD:Bybit:error,FDUSD,n/a,Bybit,0.000000,-9999.000000,NO,,"{""error"":""HTTP Error 403: Forbidden""}"
2026-09-08T19:55:11+00:00,cex_triangle,ETH:USDT-BTC-ETH-USDT,ETH,USDT->BTC->ETH->USDT,Binance,-4.051306,-42.009174,NO,39096.65,"{""extra_buffer_bps"":8.0,""fee_bps_per_leg"":10.0,""top_of_book_only"":true}"
2026-09-08T19:55:11+00:00,cex_triangle,ETH:USDT-ETH-BTC-USDT,ETH,USDT->ETH->BTC->USDT,Binance,0.849475,-37.123080,NO,5521.98,"{""extra_buffer_bps"":8.0,""fee_bps_per_leg"":10.0,""top_of_book_only"":true}"
2026-09-08T19:55:11+00:00,cex_triangle,SOL:USDT-BTC-SOL-USDT,SOL,USDT->BTC->SOL->USDT,Binance,-1.707639,-39.672531,NO,1140.37,"{""extra_buffer_bps"":8.0,""fee_bps_per_leg"":10.0,""top_of_book_only"":true}"
2026-09-08T19:55:11+00:00,cex_triangle,SOL:USDT-SOL-BTC-USDT,SOL,USDT->SOL->BTC->USDT,Binance,-0.025738,-37.995671,NO,2437.34,"{""extra_buffer_bps"":8.0,""fee_bps_per_leg"":10.0,""top_of_book_only"":true}"
2026-09-08T19:55:11+00:00,stable_dislocation,USDC:Binance,USDC,above peg,Binance,0.450000,0.450000,NO,1627003.35,"{""mid"":1.000045,""note"":""Peg deviation is a research signal; redemption, venue and issuer risks matter."",""signed_deviation_bps"":0.4500000000007276,""watch_threshold_bps"":10.0}"
2026-09-08T19:55:11+00:00,stable_dislocation_error,USDC:Bybit:error,USDC,n/a,Bybit,0.000000,-9999.000000,NO,,"{""error"":""HTTP Error 403: Forbidden""}"
2026-09-08T19:55:11+00:00,stable_dislocation,FDUSD:Binance,FDUSD,below peg,Binance,14.500000,14.500000,YES,84390.69,"{""mid"":0.99855,""note"":""Peg deviation is a research signal; redemption, venue and issuer risks matter."",""signed_deviation_bps"":-14.499999999999513,""watch_threshold_bps"":10.0}"
2026-09-08T19:55:11+00:00,stable_dislocation_error,FDUSD:Bybit:error,FDUSD,n/a,Bybit,0.000000,-9999.000000,NO,,"{""error"":""HTTP Error 403: Forbidden""}"
2026-09-08T21:56:47+00:00,cex_triangle,ETH:USDT-BTC-ETH-USDT,ETH,USDT->BTC->ETH->USDT,Binance,-0.720419,-38.688270,NO,9157.38,"{""extra_buffer_bps"":8.0,""fee_bps_per_leg"":10.0,""top_of_book_only"":true}"
2026-09-08T21:56:47+00:00,cex_triangle,ETH:USDT-ETH-BTC-USDT,ETH,USDT->ETH->BTC->USDT,Binance,-2.483889,-40.446455,NO,23690.82,"{""extra_buffer_bps"":8.0,""fee_bps_per_leg"":10.0,""top_of_book_only"":true}"
2026-09-08T21:56:47+00:00,cex_triangle,SOL:USDT-BTC-SOL-USDT,SOL,USDT->BTC->SOL->USDT,Binance,1.527965,-36.446624,NO,1720.96,"{""extra_buffer_bps"":8.0,""fee_bps_per_leg"":10.0,""top_of_book_only"":true}"
2026-09-08T21:56:47+00:00,cex_triangle,SOL:USDT-SOL-BTC-USDT,SOL,USDT->SOL->BTC->USDT,Binance,-3.262113,-41.222347,NO,2931.60,"{""extra_buffer_bps"":8.0,""fee_bps_per_leg"":10.0,""top_of_book_only"":true}"
2026-09-08T21:56:47+00:00,stable_dislocation,USDC:Binance,USDC,above peg,Binance,0.250000,0.250000,NO,625364.76,"{""mid"":1.000025,""note"":""Peg deviation is a research signal; redemption, venue and issuer risks matter."",""signed_deviation_bps"":0.24999999999941735,""watch_threshold_bps"":10.0}"
2026-09-08T21:56:47+00:00,stable_dislocation_error,USDC:Bybit:error,USDC,n/a,Bybit,0.000000,-9999.000000,NO,,"{""error"":""HTTP Error 403: Forbidden""}"
2026-09-08T21:56:47+00:00,stable_dislocation,FDUSD:Binance,FDUSD,below peg,Binance,14.500000,14.500000,YES,40317.48,"{""mid"":0.99855,""note"":""Peg deviation is a research signal; redemption, venue and issuer risks matter."",""signed_deviation_bps"":-14.499999999999513,""watch_threshold_bps"":10.0}"
2026-09-08T21:56:47+00:00,stable_dislocation_error,FDUSD:Bybit:error,FDUSD,n/a,Bybit,0.000000,-9999.000000,NO,,"{""error"":""HTTP Error 403: Forbidden""}"
2026-09-08T22:11:33+00:00,cex_triangle,ETH:USDT-BTC-ETH-USDT,ETH,USDT->BTC->ETH->USDT,Binance,-1.317488,-39.283549,NO,55976.88,"{""extra_buffer_bps"":8.0,""fee_bps_per_leg"":10.0,""top_of_book_only"":true}"
2026-09-08T22:11:33+00:00,cex_triangle,ETH:USDT-ETH-BTC-USDT,ETH,USDT->ETH->BTC->USDT,Binance,-1.884849,-39.849210,NO,33202.47,"{""extra_buffer_bps"":8.0,""fee_bps_per_leg"":10.0,""top_of_book_only"":true}"
2026-09-08T22:11:33+00:00,cex_triangle,SOL:USDT-BTC-SOL-USDT,SOL,USDT->BTC->SOL->USDT,Binance,-1.646352,-39.611428,NO,1918.18,"{""extra_buffer_bps"":8.0,""fee_bps_per_leg"":10.0,""top_of_book_only"":true}"
2026-09-08T22:11:33+00:00,cex_triangle,SOL:USDT-SOL-BTC-USDT,SOL,USDT->SOL->BTC->USDT,Binance,-0.084217,-38.053974,NO,1736.86,"{""extra_buffer_bps"":8.0,""fee_bps_per_leg"":10.0,""top_of_book_only"":true}"
2026-09-08T22:11:33+00:00,stable_dislocation,USDC:Binance,USDC,above peg,Binance,0.150000,0.150000,NO,2656903.14,"{""mid"":1.0000149999999999,""note"":""Peg deviation is a research signal; redemption, venue and issuer risks matter."",""signed_deviation_bps"":0.14999999999876223,""watch_threshold_bps"":10.0}"
2026-09-08T22:11:33+00:00,stable_dislocation_error,USDC:Bybit:error,USDC,n/a,Bybit,0.000000,-9999.000000,NO,,"{""error"":""HTTP Error 403: Forbidden""}"
2026-09-08T22:11:33+00:00,stable_dislocation,FDUSD:Binance,FDUSD,below peg,Binance,14.500000,14.500000,YES,6542.17,"{""mid"":0.99855,""note"":""Peg deviation is a research signal; redemption, venue and issuer risks matter."",""signed_deviation_bps"":-14.499999999999513,""watch_threshold_bps"":10.0}"
2026-09-08T22:11:33+00:00,stable_dislocation_error,FDUSD:Bybit:error,FDUSD,n/a,Bybit,0.000000,-9999.000000,NO,,"{""error"":""HTTP Error 403: Forbidden""}"
2026-09-08T22:26:29+00:00,cex_triangle,ETH:USDT-BTC-ETH-USDT,ETH,USDT->BTC->ETH->USDT,Binance,-0.911259,-38.878538,NO,58890.93,"{""extra_buffer_bps"":8.0,""fee_bps_per_leg"":10.0,""top_of_book_only"":true}"
2026-09-08T22:26:29+00:00,cex_triangle,ETH:USDT-ETH-BTC-USDT,ETH,USDT->ETH->BTC->USDT,Binance,-2.291021,-40.254165,NO,48493.96,"{""extra_buffer_bps"":8.0,""fee_bps_per_leg"":10.0,""top_of_book_only"":true}"
2026-09-08T22:26:29+00:00,cex_triangle,SOL:USDT-BTC-SOL-USDT,SOL,USDT->BTC->SOL->USDT,Binance,-0.896324,-38.863648,NO,1792.28,"{""extra_buffer_bps"":8.0,""fee_bps_per_leg"":10.0,""top_of_book_only"":true}"
2026-09-08T22:26:29+00:00,cex_triangle,SOL:USDT-SOL-BTC-USDT,SOL,USDT->SOL->BTC->USDT,Binance,-0.832811,-38.800325,NO,2107.52,"{""extra_buffer_bps"":8.0,""fee_bps_per_leg"":10.0,""top_of_book_only"":true}"
2026-09-08T22:26:29+00:00,stable_dislocation,USDC:Binance,USDC,above peg,Binance,0.250000,0.250000,NO,2722502.67,"{""mid"":1.000025,""note"":""Peg deviation is a research signal; redemption, venue and issuer risks matter."",""signed_deviation_bps"":0.24999999999941735,""watch_threshold_bps"":10.0}"
2026-09-08T22:26:29+00:00,stable_dislocation_error,USDC:Bybit:error,USDC,n/a,Bybit,0.000000,-9999.000000,NO,,"{""error"":""HTTP Error 403: Forbidden""}"
2026-09-08T22:26:29+00:00,stable_dislocation,FDUSD:Binance,FDUSD,below peg,Binance,14.500000,14.500000,YES,55422.74,"{""mid"":0.99855,""note"":""Peg deviation is a research signal; redemption, venue and issuer risks matter."",""signed_deviation_bps"":-14.499999999999513,""watch_threshold_bps"":10.0}"
2026-09-08T22:26:29+00:00,stable_dislocation_error,FDUSD:Bybit:error,FDUSD,n/a,Bybit,0.000000,-9999.000000,NO,,"{""error"":""HTTP Error 403: Forbidden""}"
2026-09-08T23:51:29+00:00,cex_triangle,ETH:USDT-BTC-ETH-USDT,ETH,USDT->BTC->ETH->USDT,Binance,-1.127951,-39.094581,NO,35837.92,"{""extra_buffer_bps"":8.0,""fee_bps_per_leg"":10.0,""top_of_book_only"":true}"
2026-09-08T23:51:29+00:00,cex_triangle,ETH:USDT-ETH-BTC-USDT,ETH,USDT->ETH->BTC->USDT,Binance,-2.069355,-40.033163,NO,57526.12,"{""extra_buffer_bps"":8.0,""fee_bps_per_leg"":10.0,""top_of_book_only"":true}"
2026-09-08T23:51:29+00:00,cex_triangle,SOL:USDT-BTC-SOL-USDT,SOL,USDT->BTC->SOL->USDT,Binance,-0.919471,-38.886726,NO,3149.56,"{""extra_buffer_bps"":8.0,""fee_bps_per_leg"":10.0,""top_of_book_only"":true}"
2026-09-08T23:51:29+00:00,cex_triangle,SOL:USDT-SOL-BTC-USDT,SOL,USDT->SOL->BTC->USDT,Binance,-0.807720,-38.775309,NO,3087.35,"{""extra_buffer_bps"":8.0,""fee_bps_per_leg"":10.0,""top_of_book_only"":true}"
2026-09-08T23:51:29+00:00,stable_dislocation,USDC:Binance,USDC,above peg,Binance,0.450000,0.450000,NO,3894507.77,"{""mid"":1.000045,""note"":""Peg deviation is a research signal; redemption, venue and issuer risks matter."",""signed_deviation_bps"":0.4500000000007276,""watch_threshold_bps"":10.0}"
2026-09-08T23:51:29+00:00,stable_dislocation_error,USDC:Bybit:error,USDC,n/a,Bybit,0.000000,-9999.000000,NO,,"{""error"":""HTTP Error 403: Forbidden""}"
2026-09-08T23:51:29+00:00,stable_dislocation,FDUSD:Binance,FDUSD,below peg,Binance,14.500000,14.500000,YES,182536.09,"{""mid"":0.99855,""note"":""Peg deviation is a research signal; redemption, venue and issuer risks matter."",""signed_deviation_bps"":-14.499999999999513,""watch_threshold_bps"":10.0}"
2026-09-08T23:51:29+00:00,stable_dislocation_error,FDUSD:Bybit:error,FDUSD,n/a,Bybit,0.000000,-9999.000000,NO,,"{""error"":""HTTP Error 403: Forbidden""}"
2026-09-09T00:21:57+00:00,cex_triangle,ETH:USDT-BTC-ETH-USDT,ETH,USDT->BTC->ETH->USDT,Binance,-4.218167,-42.175535,NO,40000.99,"{""extra_buffer_bps"":8.0,""fee_bps_per_leg"":10.0,""top_of_book_only"":true}"
2026-09-09T00:21:57+00:00,cex_triangle,ETH:USDT-ETH-BTC-USDT,ETH,USDT->ETH->BTC->USDT,Binance,1.021650,-36.951422,NO,108201.18,"{""extra_buffer_bps"":8.0,""fee_bps_per_leg"":10.0,""top_of_book_only"":true}"
2026-09-09T00:21:57+00:00,cex_triangle,SOL:USDT-BTC-SOL-USDT,SOL,USDT->BTC->SOL->USDT,Binance,-1.495318,-39.460846,NO,2114.85,"{""extra_buffer_bps"":8.0,""fee_bps_per_leg"":10.0,""top_of_book_only"":true}"
2026-09-09T00:21:57+00:00,cex_triangle,SOL:USDT-SOL-BTC-USDT,SOL,USDT->SOL->BTC->USDT,Binance,-0.228300,-38.197626,NO,2219.10,"{""extra_buffer_bps"":8.0,""fee_bps_per_leg"":10.0,""top_of_book_only"":true}"
2026-09-09T00:21:57+00:00,stable_dislocation,USDC:Binance,USDC,above peg,Binance,0.550000,0.550000,NO,1156007.36,"{""mid"":1.0000550000000001,""note"":""Peg deviation is a research signal; redemption, venue and issuer risks matter."",""signed_deviation_bps"":0.5500000000013827,""watch_threshold_bps"":10.0}"
2026-09-09T00:21:57+00:00,stable_dislocation_error,USDC:Bybit:error,USDC,n/a,Bybit,0.000000,-9999.000000,NO,,"{""error"":""HTTP Error 403: Forbidden""}"
2026-09-09T00:21:57+00:00,stable_dislocation,FDUSD:Binance,FDUSD,below peg,Binance,14.500000,14.500000,YES,170510.95,"{""mid"":0.99855,""note"":""Peg deviation is a research signal; redemption, venue and issuer risks matter."",""signed_deviation_bps"":-14.499999999999513,""watch_threshold_bps"":10.0}"
2026-09-09T00:21:57+00:00,stable_dislocation_error,FDUSD:Bybit:error,FDUSD,n/a,Bybit,0.000000,-9999.000000,NO,,"{""error"":""HTTP Error 403: Forbidden""}"
2026-09-09T00:29:37+00:00,cex_triangle,ETH:USDT-BTC-ETH-USDT,ETH,USDT->BTC->ETH->USDT,Binance,-0.277978,-38.247155,NO,31474.75,"{""extra_buffer_bps"":8.0,""fee_bps_per_leg"":10.0,""top_of_book_only"":true}"
2026-09-09T00:29:37+00:00,cex_triangle,ETH:USDT-ETH-BTC-USDT,ETH,USDT->ETH->BTC->USDT,Binance,-2.920074,-40.881333,NO,13884.72,"{""extra_buffer_bps"":8.0,""fee_bps_per_leg"":10.0,""top_of_book_only"":true}"
2026-09-09T00:29:37+00:00,cex_triangle,SOL:USDT-BTC-SOL-USDT,SOL,USDT->BTC->SOL->USDT,Binance,-0.779380,-38.747054,NO,3157.44,"{""extra_buffer_bps"":8.0,""fee_bps_per_leg"":10.0,""top_of_book_only"":true}"
2026-09-09T00:29:37+00:00,cex_triangle,SOL:USDT-SOL-BTC-USDT,SOL,USDT->SOL->BTC->USDT,Binance,-0.945438,-38.912615,NO,2962.26,"{""extra_buffer_bps"":8.0,""fee_bps_per_leg"":10.0,""top_of_book_only"":true}"
2026-09-09T00:29:37+00:00,stable_dislocation,USDC:Binance,USDC,above peg,Binance,0.450000,0.450000,NO,2601489.07,"{""mid"":1.000045,""note"":""Peg deviation is a research signal; redemption, venue and issuer risks matter."",""signed_deviation_bps"":0.4500000000007276,""watch_threshold_bps"":10.0}"
2026-09-09T00:29:37+00:00,stable_dislocation_error,USDC:Bybit:error,USDC,n/a,Bybit,0.000000,-9999.000000,NO,,"{""error"":""HTTP Error 403: Forbidden""}"
2026-09-09T00:29:37+00:00,stable_dislocation,FDUSD:Binance,FDUSD,below peg,Binance,14.500000,14.500000,YES,185914.36,"{""mid"":0.99855,""note"":""Peg deviation is a research signal; redemption, venue and issuer risks matter."",""signed_deviation_bps"":-14.499999999999513,""watch_threshold_bps"":10.0}"
2026-09-09T00:29:37+00:00,stable_dislocation_error,FDUSD:Bybit:error,FDUSD,n/a,Bybit,0.000000,-9999.000000,NO,,"{""error"":""HTTP Error 403: Forbidden""}"
2026-09-09T01:47:46+00:00,cex_triangle,ETH:USDT-BTC-ETH-USDT,ETH,USDT->BTC->ETH->USDT,Binance,-3.922418,-41.880673,NO,37690.11,"{""extra_buffer_bps"":8.0,""fee_bps_per_leg"":10.0,""top_of_book_only"":true}"
2026-09-09T01:47:46+00:00,cex_triangle,ETH:USDT-ETH-BTC-USDT,ETH,USDT->ETH->BTC->USDT,Binance,0.725856,-37.246329,NO,2948.61,"{""extra_buffer_bps"":8.0,""fee_bps_per_leg"":10.0,""top_of_book_only"":true}"
2026-09-09T01:47:46+00:00,cex_triangle,SOL:USDT-BTC-SOL-USDT,SOL,USDT->BTC->SOL->USDT,Binance,-2.005379,-39.969379,NO,210.20,"{""extra_buffer_bps"":8.0,""fee_bps_per_leg"":10.0,""top_of_book_only"":true}"
2026-09-09T01:47:46+00:00,cex_triangle,SOL:USDT-SOL-BTC-USDT,SOL,USDT->SOL->BTC->USDT,Binance,0.280879,-37.689973,NO,1415.14,"{""extra_buffer_bps"":8.0,""fee_bps_per_leg"":10.0,""top_of_book_only"":true}"
2026-09-09T01:47:46+00:00,stable_dislocation,USDC:Binance,USDC,above peg,Binance,0.050000,0.050000,NO,2279655.80,"{""mid"":1.000005,""note"":""Peg deviation is a research signal; redemption, venue and issuer risks matter."",""signed_deviation_bps"":0.05000000000032756,""watch_threshold_bps"":10.0}"
2026-09-09T01:47:46+00:00,stable_dislocation_error,USDC:Bybit:error,USDC,n/a,Bybit,0.000000,-9999.000000,NO,,"{""error"":""HTTP Error 403: Forbidden""}"
2026-09-09T01:47:46+00:00,stable_dislocation,FDUSD:Binance,FDUSD,below peg,Binance,14.500000,14.500000,YES,175001.65,"{""mid"":0.99855,""note"":""Peg deviation is a research signal; redemption, venue and issuer risks matter."",""signed_deviation_bps"":-14.499999999999513,""watch_threshold_bps"":10.0}"
2026-09-09T01:47:46+00:00,stable_dislocation_error,FDUSD:Bybit:error,FDUSD,n/a,Bybit,0.000000,-9999.000000,NO,,"{""error"":""HTTP Error 403: Forbidden""}"
2026-09-09T04:12:11+00:00,cex_triangle,ETH:USDT-BTC-ETH-USDT,ETH,USDT->BTC->ETH->USDT,Binance,-3.636048,-41.595161,NO,42095.86,"{""extra_buffer_bps"":8.0,""fee_bps_per_leg"":10.0,""top_of_book_only"":true}"
2026-09-09T04:12:11+00:00,cex_triangle,ETH:USDT-ETH-BTC-USDT,ETH,USDT->ETH->BTC->USDT,Binance,0.438327,-37.532997,NO,16114.40,"{""extra_buffer_bps"":8.0,""fee_bps_per_leg"":10.0,""top_of_book_only"":true}"
2026-09-09T04:12:11+00:00,cex_triangle,SOL:USDT-BTC-SOL-USDT,SOL,USDT->BTC->SOL->USDT,Binance,-4.311014,-42.268104,NO,1075.11,"{""extra_buffer_bps"":8.0,""fee_bps_per_leg"":10.0,""top_of_book_only"":true}"
2026-09-09T04:12:11+00:00,cex_triangle,SOL:USDT-SOL-BTC-USDT,SOL,USDT->SOL->BTC->USDT,Binance,2.584902,-35.392855,NO,719.78,"{""extra_buffer_bps"":8.0,""fee_bps_per_leg"":10.0,""top_of_book_only"":true}"
2026-09-09T04:12:11+00:00,stable_dislocation,USDC:Binance,USDC,above peg,Binance,0.950000,0.950000,NO,2339257.90,"{""mid"":1.000095,""note"":""Peg deviation is a research signal; redemption, venue and issuer risks matter."",""signed_deviation_bps"":0.9499999999995623,""watch_threshold_bps"":10.0}"
2026-09-09T04:12:11+00:00,stable_dislocation_error,USDC:Bybit:error,USDC,n/a,Bybit,0.000000,-9999.000000,NO,,"{""error"":""HTTP Error 403: Forbidden""}"
2026-09-09T04:12:11+00:00,stable_dislocation,FDUSD:Binance,FDUSD,below peg,Binance,13.500000,13.500000,YES,18506.06,"{""mid"":0.99865,""note"":""Peg deviation is a research signal; redemption, venue and issuer risks matter."",""signed_deviation_bps"":-13.499999999999623,""watch_threshold_bps"":10.0}"
2026-09-09T04:12:11+00:00,stable_dislocation_error,FDUSD:Bybit:error,FDUSD,n/a,Bybit,0.000000,-9999.000000,NO,,"{""error"":""HTTP Error 403: Forbidden""}"
2026-09-09T04:48:32+00:00,cex_triangle,ETH:USDT-BTC-ETH-USDT,ETH,USDT->BTC->ETH->USDT,Binance,-1.484152,-39.449714,NO,61283.65,"{""extra_buffer_bps"":8.0,""fee_bps_per_leg"":10.0,""top_of_book_only"":true}"
2026-09-09T04:48:32+00:00,cex_triangle,ETH:USDT-ETH-BTC-USDT,ETH,USDT->ETH->BTC->USDT,Binance,-1.711803,-39.676683,NO,53933.68,"{""extra_buffer_bps"":8.0,""fee_bps_per_leg"":10.0,""top_of_book_only"":true}"
2026-09-09T04:48:32+00:00,cex_triangle,SOL:USDT-BTC-SOL-USDT,SOL,USDT->BTC->SOL->USDT,Binance,-1.292825,-39.258961,NO,1753.58,"{""extra_buffer_bps"":8.0,""fee_bps_per_leg"":10.0,""top_of_book_only"":true}"
2026-09-09T04:48:32+00:00,cex_triangle,SOL:USDT-SOL-BTC-USDT,SOL,USDT->SOL->BTC->USDT,Binance,-0.427565,-38.396294,NO,4290.13,"{""extra_buffer_bps"":8.0,""fee_bps_per_leg"":10.0,""top_of_book_only"":true}"
2026-09-09T04:48:32+00:00,stable_dislocation,USDC:Binance,USDC,above peg,Binance,1.050000,1.050000,NO,1055029.04,"{""mid"":1.000105,""note"":""Peg deviation is a research signal; redemption, venue and issuer risks matter."",""signed_deviation_bps"":1.0500000000002174,""watch_threshold_bps"":10.0}"
2026-09-09T04:48:32+00:00,stable_dislocation_error,USDC:Bybit:error,USDC,n/a,Bybit,0.000000,-9999.000000,NO,,"{""error"":""HTTP Error 403: Forbidden""}"
2026-09-09T04:48:32+00:00,stable_dislocation,FDUSD:Binance,FDUSD,below peg,Binance,13.500000,13.500000,YES,13655.23,"{""mid"":0.99865,""note"":""Peg deviation is a research signal; redemption, venue and issuer risks matter."",""signed_deviation_bps"":-13.499999999999623,""watch_threshold_bps"":10.0}"
2026-09-09T04:48:32+00:00,stable_dislocation_error,FDUSD:Bybit:error,FDUSD,n/a,Bybit,0.000000,-9999.000000,NO,,"{""error"":""HTTP Error 403: Forbidden""}"
2026-09-09T05:19:02+00:00,cex_triangle,ETH:USDT-BTC-ETH-USDT,ETH,USDT->BTC->ETH->USDT,Binance,-1.834080,-39.798593,NO,21968.85,"{""extra_buffer_bps"":8.0,""fee_bps_per_leg"":10.0,""top_of_book_only"":true}"
2026-09-09T05:19:02+00:00,cex_triangle,ETH:USDT-ETH-BTC-USDT,ETH,USDT->ETH->BTC->USDT,Binance,-1.368849,-39.334757,NO,30353.60,"{""extra_buffer_bps"":8.0,""fee_bps_per_leg"":10.0,""top_of_book_only"":true}"
2026-09-09T05:19:02+00:00,cex_triangle,SOL:USDT-BTC-SOL-USDT,SOL,USDT->BTC->SOL->USDT,Binance,-1.279867,-39.246041,NO,1971.92,"{""extra_buffer_bps"":8.0,""fee_bps_per_leg"":10.0,""top_of_book_only"":true}"
2026-09-09T05:19:02+00:00,cex_triangle,SOL:USDT-SOL-BTC-USDT,SOL,USDT->SOL->BTC->USDT,Binance,-0.435848,-38.404552,NO,3495.98,"{""extra_buffer_bps"":8.0,""fee_bps_per_leg"":10.0,""top_of_book_only"":true}"
2026-09-09T05:19:02+00:00,stable_dislocation,USDC:Binance,USDC,above peg,Binance,1.050000,1.050000,NO,3357922.76,"{""mid"":1.000105,""note"":""Peg deviation is a research signal; redemption, venue and issuer risks matter."",""signed_deviation_bps"":1.0500000000002174,""watch_threshold_bps"":10.0}"
2026-09-09T05:19:02+00:00,stable_dislocation_error,USDC:Bybit:error,USDC,n/a,Bybit,0.000000,-9999.000000,NO,,"{""error"":""HTTP Error 403: Forbidden""}"
2026-09-09T05:19:02+00:00,stable_dislocation,FDUSD:Binance,FDUSD,below peg,Binance,13.500000,13.500000,YES,5322.07,"{""mid"":0.99865,""note"":""Peg deviation is a research signal; redemption, venue and issuer risks matter."",""signed_deviation_bps"":-13.499999999999623,""watch_threshold_bps"":10.0}"
2026-09-09T05:19:02+00:00,stable_dislocation_error,FDUSD:Bybit:error,FDUSD,n/a,Bybit,0.000000,-9999.000000,NO,,"{""error"":""HTTP Error 403: Forbidden""}"
2026-09-09T06:49:24+00:00,cex_triangle,ETH:USDT-BTC-ETH-USDT,ETH,USDT->BTC->ETH->USDT,Binance,-1.879025,-39.843403,NO,48243.48,"{""extra_buffer_bps"":8.0,""fee_bps_per_leg"":10.0,""top_of_book_only"":true}"
2026-09-09T06:49:24+00:00,cex_triangle,ETH:USDT-ETH-BTC-USDT,ETH,USDT->ETH->BTC->USDT,Binance,-1.328040,-39.294070,NO,33660.11,"{""extra_buffer_bps"":8.0,""fee_bps_per_leg"":10.0,""top_of_book_only"":true}"
2026-09-09T06:49:24+00:00,cex_triangle,SOL:USDT-BTC-SOL-USDT,SOL,USDT->BTC->SOL->USDT,Binance,0.113005,-37.857343,NO,3702.68,"{""extra_buffer_bps"":8.0,""fee_bps_per_leg"":10.0,""top_of_book_only"":true}"
2026-09-09T06:49:24+00:00,cex_triangle,SOL:USDT-SOL-BTC-USDT,SOL,USDT->SOL->BTC->USDT,Binance,-1.827212,-39.791746,NO,2172.44,"{""extra_buffer_bps"":8.0,""fee_bps_per_leg"":10.0,""top_of_book_only"":true}"
2026-09-09T06:49:24+00:00,stable_dislocation,USDC:Binance,USDC,above peg,Binance,1.150000,1.150000,NO,37928.17,"{""mid"":1.000115,""note"":""Peg deviation is a research signal; redemption, venue and issuer risks matter."",""signed_deviation_bps"":1.1500000000008725,""watch_threshold_bps"":10.0}"
2026-09-09T06:49:24+00:00,stable_dislocation_error,USDC:Bybit:error,USDC,n/a,Bybit,0.000000,-9999.000000,NO,,"{""error"":""HTTP Error 403: Forbidden""}"
2026-09-09T06:49:24+00:00,stable_dislocation,FDUSD:Binance,FDUSD,below peg,Binance,11.500000,11.500000,YES,137252.10,"{""mid"":0.99885,""note"":""Peg deviation is a research signal; redemption, venue and issuer risks matter."",""signed_deviation_bps"":-11.499999999999844,""watch_threshold_bps"":10.0}"
2026-09-09T06:49:24+00:00,stable_dislocation_error,FDUSD:Bybit:error,FDUSD,n/a,Bybit,0.000000,-9999.000000,NO,,"{""error"":""HTTP Error 403: Forbidden""}"
2026-09-09T08:32:19+00:00,cex_triangle,ETH:USDT-BTC-ETH-USDT,ETH,USDT->BTC->ETH->USDT,Binance,-1.669918,-39.634924,NO,856.81,"{""extra_buffer_bps"":8.0,""fee_bps_per_leg"":10.0,""top_of_book_only"":true}"
2026-09-09T08:32:19+00:00,cex_triangle,ETH:USDT-ETH-BTC-USDT,ETH,USDT->ETH->BTC->USDT,Binance,-1.530807,-39.496230,NO,99859.33,"{""extra_buffer_bps"":8.0,""fee_bps_per_leg"":10.0,""top_of_book_only"":true}"
2026-09-09T08:32:19+00:00,cex_triangle,SOL:USDT-BTC-SOL-USDT,SOL,USDT->BTC->SOL->USDT,Binance,-0.060966,-38.030793,NO,1889.76,"{""extra_buffer_bps"":8.0,""fee_bps_per_leg"":10.0,""top_of_book_only"":true}"
2026-09-09T08:32:19+00:00,cex_triangle,SOL:USDT-SOL-BTC-USDT,SOL,USDT->SOL->BTC->USDT,Binance,-1.652635,-39.617692,NO,2051.93,"{""extra_buffer_bps"":8.0,""fee_bps_per_leg"":10.0,""top_of_book_only"":true}"
2026-09-09T08:32:19+00:00,stable_dislocation,USDC:Binance,USDC,above peg,Binance,0.550000,0.550000,NO,1165247.26,"{""mid"":1.0000550000000001,""note"":""Peg deviation is a research signal; redemption, venue and issuer risks matter."",""signed_deviation_bps"":0.5500000000013827,""watch_threshold_bps"":10.0}"
2026-09-09T08:32:19+00:00,stable_dislocation_error,USDC:Bybit:error,USDC,n/a,Bybit,0.000000,-9999.000000,NO,,"{""error"":""HTTP Error 403: Forbidden""}"
2026-09-09T08:32:19+00:00,stable_dislocation,FDUSD:Binance,FDUSD,below peg,Binance,10.500000,10.500000,YES,11972.82,"{""mid"":0.99895,""note"":""Peg deviation is a research signal; redemption, venue and issuer risks matter."",""signed_deviation_bps"":-10.499999999999954,""watch_threshold_bps"":10.0}"
2026-09-09T08:32:19+00:00,stable_dislocation_error,FDUSD:Bybit:error,FDUSD,n/a,Bybit,0.000000,-9999.000000,NO,,"{""error"":""HTTP Error 403: Forbidden""}"
2026-09-09T09:21:38+00:00,cex_triangle,ETH:USDT-BTC-ETH-USDT,ETH,USDT->BTC->ETH->USDT,Binance,-3.199015,-41.159437,NO,145272.31,"{""extra_buffer_bps"":8.0,""fee_bps_per_leg"":10.0,""top_of_book_only"":true}"
2026-09-09T09:21:38+00:00,cex_triangle,ETH:USDT-ETH-BTC-USDT,ETH,USDT->ETH->BTC->USDT,Binance,-0.007633,-37.977620,NO,57521.71,"{""extra_buffer_bps"":8.0,""fee_bps_per_leg"":10.0,""top_of_book_only"":true}"
2026-09-09T09:21:38+00:00,cex_triangle,SOL:USDT-BTC-SOL-USDT,SOL,USDT->BTC->SOL->USDT,Binance,-1.797589,-39.762212,NO,648.82,"{""extra_buffer_bps"":8.0,""fee_bps_per_leg"":10.0,""top_of_book_only"":true}"
2026-09-09T09:21:38+00:00,cex_triangle,SOL:USDT-SOL-BTC-USDT,SOL,USDT->SOL->BTC->USDT,Binance,0.077654,-37.892589,NO,2482.77,"{""extra_buffer_bps"":8.0,""fee_bps_per_leg"":10.0,""top_of_book_only"":true}"
2026-09-09T09:21:38+00:00,stable_dislocation,USDC:Binance,USDC,above peg,Binance,1.050000,1.050000,NO,2780221.79,"{""mid"":1.000105,""note"":""Peg deviation is a research signal; redemption, venue and issuer risks matter."",""signed_deviation_bps"":1.0500000000002174,""watch_threshold_bps"":10.0}"
2026-09-09T09:21:38+00:00,stable_dislocation_error,USDC:Bybit:error,USDC,n/a,Bybit,0.000000,-9999.000000,NO,,"{""error"":""HTTP Error 403: Forbidden""}"
2026-09-09T09:21:38+00:00,stable_dislocation,FDUSD:Binance,FDUSD,below peg,Binance,9.500000,9.500000,NO,179220.56,"{""mid"":0.99905,""note"":""Peg deviation is a research signal; redemption, venue and issuer risks matter."",""signed_deviation_bps"":-9.500000000000064,""watch_threshold_bps"":10.0}"
2026-09-09T09:21:38+00:00,stable_dislocation_error,FDUSD:Bybit:error,FDUSD,n/a,Bybit,0.000000,-9999.000000,NO,,"{""error"":""HTTP Error 403: Forbidden""}"
2026-09-09T09:59:35+00:00,cex_triangle,ETH:USDT-BTC-ETH-USDT,ETH,USDT->BTC->ETH->USDT,Binance,-4.814921,-42.770501,NO,61380.13,"{""extra_buffer_bps"":8.0,""fee_bps_per_leg"":10.0,""top_of_book_only"":true}"
2026-09-09T09:59:35+00:00,cex_triangle,ETH:USDT-ETH-BTC-USDT,ETH,USDT->ETH->BTC->USDT,Binance,1.604715,-36.370105,NO,74998.30,"{""extra_buffer_bps"":8.0,""fee_bps_per_leg"":10.0,""top_of_book_only"":true}"
2026-09-09T09:59:35+00:00,cex_triangle,SOL:USDT-BTC-SOL-USDT,SOL,USDT->BTC->SOL->USDT,Binance,-4.134657,-42.092275,NO,1763.96,"{""extra_buffer_bps"":8.0,""fee_bps_per_leg"":10.0,""top_of_book_only"":true}"
2026-09-09T09:59:35+00:00,cex_triangle,SOL:USDT-SOL-BTC-USDT,SOL,USDT->SOL->BTC->USDT,Binance,2.405651,-35.571569,NO,2426.56,"{""extra_buffer_bps"":8.0,""fee_bps_per_leg"":10.0,""top_of_book_only"":true}"
2026-09-09T09:59:35+00:00,stable_dislocation,USDC:Binance,USDC,above peg,Binance,0.950000,0.950000,NO,3104464.42,"{""mid"":1.000095,""note"":""Peg deviation is a research signal; redemption, venue and issuer risks matter."",""signed_deviation_bps"":0.9499999999995623,""watch_threshold_bps"":10.0}"
2026-09-09T09:59:35+00:00,stable_dislocation_error,USDC:Bybit:error,USDC,n/a,Bybit,0.000000,-9999.000000,NO,,"{""error"":""HTTP Error 403: Forbidden""}"
2026-09-09T09:59:35+00:00,stable_dislocation,FDUSD:Binance,FDUSD,below peg,Binance,10.500000,10.500000,YES,578500.92,"{""mid"":0.99895,""note"":""Peg deviation is a research signal; redemption, venue and issuer risks matter."",""signed_deviation_bps"":-10.499999999999954,""watch_threshold_bps"":10.0}"
2026-09-09T09:59:35+00:00,stable_dislocation_error,FDUSD:Bybit:error,FDUSD,n/a,Bybit,0.000000,-9999.000000,NO,,"{""error"":""HTTP Error 403: Forbidden""}"
2026-09-09T12:07:02+00:00,cex_triangle,ETH:USDT-BTC-ETH-USDT,ETH,USDT->BTC->ETH->USDT,Binance,2.749312,-35.228938,NO,21325.81,"{""extra_buffer_bps"":8.0,""fee_bps_per_leg"":10.0,""top_of_book_only"":true}"
2026-09-09T12:07:02+00:00,cex_triangle,ETH:USDT-ETH-BTC-USDT,ETH,USDT->ETH->BTC->USDT,Binance,-5.961473,-43.913616,NO,143097.28,"{""extra_buffer_bps"":8.0,""fee_bps_per_leg"":10.0,""top_of_book_only"":true}"
2026-09-09T12:07:02+00:00,cex_triangle,SOL:USDT-BTC-SOL-USDT,SOL,USDT->BTC->SOL->USDT,Binance,1.885891,-36.089771,NO,1754.03,"{""extra_buffer_bps"":8.0,""fee_bps_per_leg"":10.0,""top_of_book_only"":true}"
2026-09-09T12:07:02+00:00,cex_triangle,SOL:USDT-SOL-BTC-USDT,SOL,USDT->SOL->BTC->USDT,Binance,-3.607129,-41.566328,NO,2365.83,"{""extra_buffer_bps"":8.0,""fee_bps_per_leg"":10.0,""top_of_book_only"":true}"
2026-09-09T12:07:02+00:00,stable_dislocation,USDC:Binance,USDC,above peg,Binance,2.250000,2.250000,NO,846879.27,"{""mid"":1.000225,""note"":""Peg deviation is a research signal; redemption, venue and issuer risks matter."",""signed_deviation_bps"":2.249999999999197,""watch_threshold_bps"":10.0}"
2026-09-09T12:07:02+00:00,stable_dislocation_error,USDC:Bybit:error,USDC,n/a,Bybit,0.000000,-9999.000000,NO,,"{""error"":""HTTP Error 403: Forbidden""}"
2026-09-09T12:07:02+00:00,stable_dislocation,FDUSD:Binance,FDUSD,below peg,Binance,11.500000,11.500000,YES,739248.93,"{""mid"":0.99885,""note"":""Peg deviation is a research signal; redemption, venue and issuer risks matter."",""signed_deviation_bps"":-11.499999999999844,""watch_threshold_bps"":10.0}"
2026-09-09T12:07:02+00:00,stable_dislocation_error,FDUSD:Bybit:error,FDUSD,n/a,Bybit,0.000000,-9999.000000,NO,,"{""error"":""HTTP Error 403: Forbidden""}"
2026-09-09T13:53:12+00:00,cex_triangle,ETH:USDT-BTC-ETH-USDT,ETH,USDT->BTC->ETH->USDT,Binance,-0.112115,-38.081789,NO,148881.80,"{""extra_buffer_bps"":8.0,""fee_bps_per_leg"":10.0,""top_of_book_only"":true}"
2026-09-09T13:53:12+00:00,cex_triangle,ETH:USDT-ETH-BTC-USDT,ETH,USDT->ETH->BTC->USDT,Binance,-3.087545,-41.048302,NO,3172.96,"{""extra_buffer_bps"":8.0,""fee_bps_per_leg"":10.0,""top_of_book_only"":true}"
2026-09-09T13:53:12+00:00,cex_triangle,SOL:USDT-BTC-SOL-USDT,SOL,USDT->BTC->SOL->USDT,Binance,0.265592,-37.705213,NO,324.97,"{""extra_buffer_bps"":8.0,""fee_bps_per_leg"":10.0,""top_of_book_only"":true}"
2026-09-09T13:53:12+00:00,cex_triangle,SOL:USDT-SOL-BTC-USDT,SOL,USDT->SOL->BTC->USDT,Binance,-1.989930,-39.953976,NO,2427.82,"{""extra_buffer_bps"":8.0,""fee_bps_per_leg"":10.0,""top_of_book_only"":true}"
2026-09-09T13:53:12+00:00,stable_dislocation,USDC:Binance,USDC,above peg,Binance,1.250000,1.250000,NO,2896407.53,"{""mid"":1.000125,""note"":""Peg deviation is a research signal; redemption, venue and issuer risks matter."",""signed_deviation_bps"":1.2499999999993072,""watch_threshold_bps"":10.0}"
2026-09-09T13:53:12+00:00,stable_dislocation_error,USDC:Bybit:error,USDC,n/a,Bybit,0.000000,-9999.000000,NO,,"{""error"":""HTTP Error 403: Forbidden""}"
2026-09-09T13:53:12+00:00,stable_dislocation,FDUSD:Binance,FDUSD,below peg,Binance,9.500000,9.500000,NO,51808.33,"{""mid"":0.99905,""note"":""Peg deviation is a research signal; redemption, venue and issuer risks matter."",""signed_deviation_bps"":-9.500000000000064,""watch_threshold_bps"":10.0}"
2026-09-09T13:53:12+00:00,stable_dislocation_error,FDUSD:Bybit:error,FDUSD,n/a,Bybit,0.000000,-9999.000000,NO,,"{""error"":""HTTP Error 403: Forbidden""}"
2026-09-09T14:36:52+00:00,cex_triangle,ETH:USDT-BTC-ETH-USDT,ETH,USDT->BTC->ETH->USDT,Binance,-1.091017,-39.057758,NO,17098.75,"{""extra_buffer_bps"":8.0,""fee_bps_per_leg"":10.0,""top_of_book_only"":true}"
2026-09-09T14:36:52+00:00,cex_triangle,ETH:USDT-ETH-BTC-USDT,ETH,USDT->ETH->BTC->USDT,Binance,-2.108851,-40.072541,NO,19764.26,"{""extra_buffer_bps"":8.0,""fee_bps_per_leg"":10.0,""top_of_book_only"":true}"
2026-09-09T14:36:52+00:00,cex_triangle,SOL:USDT-BTC-SOL-USDT,SOL,USDT->BTC->SOL->USDT,Binance,-2.008966,-39.972955,NO,2046.40,"{""extra_buffer_bps"":8.0,""fee_bps_per_leg"":10.0,""top_of_book_only"":true}"
2026-09-09T14:36:52+00:00,cex_triangle,SOL:USDT-SOL-BTC-USDT,SOL,USDT->SOL->BTC->USDT,Binance,0.283962,-37.686899,NO,2115.57,"{""extra_buffer_bps"":8.0,""fee_bps_per_leg"":10.0,""top_of_book_only"":true}"
2026-09-09T14:36:52+00:00,stable_dislocation,USDC:Binance,USDC,above peg,Binance,1.550000,1.550000,NO,2540790.06,"{""mid"":1.000155,""note"":""Peg deviation is a research signal; redemption, venue and issuer risks matter."",""signed_deviation_bps"":1.5499999999990521,""watch_threshold_bps"":10.0}"
2026-09-09T14:36:52+00:00,stable_dislocation_error,USDC:Bybit:error,USDC,n/a,Bybit,0.000000,-9999.000000,NO,,"{""error"":""HTTP Error 403: Forbidden""}"
2026-09-09T14:36:52+00:00,stable_dislocation,FDUSD:Binance,FDUSD,below peg,Binance,10.500000,10.500000,YES,122733.14,"{""mid"":0.99895,""note"":""Peg deviation is a research signal; redemption, venue and issuer risks matter."",""signed_deviation_bps"":-10.499999999999954,""watch_threshold_bps"":10.0}"
2026-09-09T14:36:52+00:00,stable_dislocation_error,FDUSD:Bybit:error,FDUSD,n/a,Bybit,0.000000,-9999.000000,NO,,"{""error"":""HTTP Error 403: Forbidden""}"
2026-09-09T16:40:57+00:00,cex_triangle,ETH:USDT-BTC-ETH-USDT,ETH,USDT->BTC->ETH->USDT,Binance,0.746288,-37.225958,NO,28431.58,"{""extra_buffer_bps"":8.0,""fee_bps_per_leg"":10.0,""top_of_book_only"":true}"
2026-09-09T16:40:57+00:00,cex_triangle,ETH:USDT-ETH-BTC-USDT,ETH,USDT->ETH->BTC->USDT,Binance,-3.940863,-41.899062,NO,63948.51,"{""extra_buffer_bps"":8.0,""fee_bps_per_leg"":10.0,""top_of_book_only"":true}"
2026-09-09T16:40:57+00:00,cex_triangle,SOL:USDT-BTC-SOL-USDT,SOL,USDT->BTC->SOL->USDT,Binance,1.378776,-36.595367,NO,604.08,"{""extra_buffer_bps"":8.0,""fee_bps_per_leg"":10.0,""top_of_book_only"":true}"
2026-09-09T16:40:57+00:00,cex_triangle,SOL:USDT-SOL-BTC-USDT,SOL,USDT->SOL->BTC->USDT,Binance,-3.109288,-41.069979,NO,2185.85,"{""extra_buffer_bps"":8.0,""fee_bps_per_leg"":10.0,""top_of_book_only"":true}"
2026-09-09T16:40:57+00:00,stable_dislocation,USDC:Binance,USDC,above peg,Binance,0.850000,0.850000,NO,2212516.99,"{""mid"":1.000085,""note"":""Peg deviation is a research signal; redemption, venue and issuer risks matter."",""signed_deviation_bps"":0.8499999999989072,""watch_threshold_bps"":10.0}"
2026-09-09T16:40:57+00:00,stable_dislocation_error,USDC:Bybit:error,USDC,n/a,Bybit,0.000000,-9999.000000,NO,,"{""error"":""HTTP Error 403: Forbidden""}"
2026-09-09T16:40:57+00:00,stable_dislocation,FDUSD:Binance,FDUSD,below peg,Binance,8.500000,8.500000,NO,136549.00,"{""mid"":0.99915,""note"":""Peg deviation is a research signal; redemption, venue and issuer risks matter."",""signed_deviation_bps"":-8.500000000000174,""watch_threshold_bps"":10.0}"
2026-09-09T16:40:57+00:00,stable_dislocation_error,FDUSD:Bybit:error,FDUSD,n/a,Bybit,0.000000,-9999.000000,NO,,"{""error"":""HTTP Error 403: Forbidden""}"
2026-09-09T17:27:46+00:00,cex_triangle,ETH:USDT-BTC-ETH-USDT,ETH,USDT->BTC->ETH->USDT,Binance,-2.176195,-40.139683,NO,75912.04,"{""extra_buffer_bps"":8.0,""fee_bps_per_leg"":10.0,""top_of_book_only"":true}"
2026-09-09T17:27:46+00:00,cex_triangle,ETH:USDT-ETH-BTC-USDT,ETH,USDT->ETH->BTC->USDT,Binance,-1.022897,-38.989841,NO,52800.00,"{""extra_buffer_bps"":8.0,""fee_bps_per_leg"":10.0,""top_of_book_only"":true}"
2026-09-09T17:27:46+00:00,cex_triangle,SOL:USDT-BTC-SOL-USDT,SOL,USDT->BTC->SOL->USDT,Binance,-0.523413,-38.491854,NO,1954.99,"{""extra_buffer_bps"":8.0,""fee_bps_per_leg"":10.0,""top_of_book_only"":true}"
2026-09-09T17:27:46+00:00,cex_triangle,SOL:USDT-SOL-BTC-USDT,SOL,USDT->SOL->BTC->USDT,Binance,-1.202772,-39.169177,NO,4456.06,"{""extra_buffer_bps"":8.0,""fee_bps_per_leg"":10.0,""top_of_book_only"":true}"
2026-09-09T17:27:46+00:00,stable_dislocation,USDC:Binance,USDC,above peg,Binance,0.950000,0.950000,NO,2671467.12,"{""mid"":1.000095,""note"":""Peg deviation is a research signal; redemption, venue and issuer risks matter."",""signed_deviation_bps"":0.9499999999995623,""watch_threshold_bps"":10.0}"
2026-09-09T17:27:46+00:00,stable_dislocation_error,USDC:Bybit:error,USDC,n/a,Bybit,0.000000,-9999.000000,NO,,"{""error"":""HTTP Error 403: Forbidden""}"
2026-09-09T17:27:46+00:00,stable_dislocation,FDUSD:Binance,FDUSD,below peg,Binance,8.500000,8.500000,NO,110119.83,"{""mid"":0.99915,""note"":""Peg deviation is a research signal; redemption, venue and issuer risks matter."",""signed_deviation_bps"":-8.500000000000174,""watch_threshold_bps"":10.0}"
2026-09-09T17:27:46+00:00,stable_dislocation_error,FDUSD:Bybit:error,FDUSD,n/a,Bybit,0.000000,-9999.000000,NO,,"{""error"":""HTTP Error 403: Forbidden""}"
2026-09-09T18:00:57+00:00,cex_triangle,ETH:USDT-BTC-ETH-USDT,ETH,USDT->BTC->ETH->USDT,Binance,-1.048979,-39.015846,NO,96563.63,"{""extra_buffer_bps"":8.0,""fee_bps_per_leg"":10.0,""top_of_book_only"":true}"
2026-09-09T18:00:57+00:00,cex_triangle,ETH:USDT-ETH-BTC-USDT,ETH,USDT->ETH->BTC->USDT,Binance,-2.150161,-40.113727,NO,31907.88,"{""extra_buffer_bps"":8.0,""fee_bps_per_leg"":10.0,""top_of_book_only"":true}"
2026-09-09T18:00:57+00:00,cex_triangle,SOL:USDT-BTC-SOL-USDT,SOL,USDT->BTC->SOL->USDT,Binance,-0.241822,-38.211107,NO,1952.48,"{""extra_buffer_bps"":8.0,""fee_bps_per_leg"":10.0,""top_of_book_only"":true}"
2026-09-09T18:00:57+00:00,cex_triangle,SOL:USDT-SOL-BTC-USDT,SOL,USDT->SOL->BTC->USDT,Binance,-1.485606,-39.451164,NO,2437.91,"{""extra_buffer_bps"":8.0,""fee_bps_per_leg"":10.0,""top_of_book_only"":true}"
2026-09-09T18:00:57+00:00,stable_dislocation,USDC:Binance,USDC,above peg,Binance,1.350000,1.350000,NO,29335.81,"{""mid"":1.000135,""note"":""Peg deviation is a research signal; redemption, venue and issuer risks matter."",""signed_deviation_bps"":1.3499999999999623,""watch_threshold_bps"":10.0}"
2026-09-09T18:00:57+00:00,stable_dislocation_error,USDC:Bybit:error,USDC,n/a,Bybit,0.000000,-9999.000000,NO,,"{""error"":""HTTP Error 403: Forbidden""}"
2026-09-09T18:00:57+00:00,stable_dislocation,FDUSD:Binance,FDUSD,below peg,Binance,8.500000,8.500000,NO,126865.72,"{""mid"":0.99915,""note"":""Peg deviation is a research signal; redemption, venue and issuer risks matter."",""signed_deviation_bps"":-8.500000000000174,""watch_threshold_bps"":10.0}"
2026-09-09T18:00:57+00:00,stable_dislocation_error,FDUSD:Bybit:error,FDUSD,n/a,Bybit,0.000000,-9999.000000,NO,,"{""error"":""HTTP Error 403: Forbidden""}"
2026-09-09T19:36:41+00:00,cex_triangle,ETH:USDT-BTC-ETH-USDT,ETH,USDT->BTC->ETH->USDT,Binance,-6.316965,-44.268043,NO,16122.52,"{""extra_buffer_bps"":8.0,""fee_bps_per_leg"":10.0,""top_of_book_only"":true}"
2026-09-09T19:36:41+00:00,cex_triangle,ETH:USDT-ETH-BTC-USDT,ETH,USDT->ETH->BTC->USDT,Binance,3.110732,-34.868600,NO,29011.15,"{""extra_buffer_bps"":8.0,""fee_bps_per_leg"":10.0,""top_of_book_only"":true}"
2026-09-09T19:36:41+00:00,cex_triangle,SOL:USDT-BTC-SOL-USDT,SOL,USDT->BTC->SOL->USDT,Binance,-3.144405,-41.104991,NO,3069.99,"{""extra_buffer_bps"":8.0,""fee_bps_per_leg"":10.0,""top_of_book_only"":true}"
2026-09-09T19:36:41+00:00,cex_triangle,SOL:USDT-SOL-BTC-USDT,SOL,USDT->SOL->BTC->USDT,Binance,1.410682,-36.563556,NO,1037.11,"{""extra_buffer_bps"":8.0,""fee_bps_per_leg"":10.0,""top_of_book_only"":true}"
2026-09-09T19:36:41+00:00,stable_dislocation,USDC:Binance,USDC,above peg,Binance,0.850000,0.850000,NO,2521941.74,"{""mid"":1.000085,""note"":""Peg deviation is a research signal; redemption, venue and issuer risks matter."",""signed_deviation_bps"":0.8499999999989072,""watch_threshold_bps"":10.0}"
2026-09-09T19:36:41+00:00,stable_dislocation_error,USDC:Bybit:error,USDC,n/a,Bybit,0.000000,-9999.000000,NO,,"{""error"":""HTTP Error 403: Forbidden""}"
2026-09-09T19:36:41+00:00,stable_dislocation,FDUSD:Binance,FDUSD,below peg,Binance,9.500000,9.500000,NO,33629.71,"{""mid"":0.99905,""note"":""Peg deviation is a research signal; redemption, venue and issuer risks matter."",""signed_deviation_bps"":-9.500000000000064,""watch_threshold_bps"":10.0}"
2026-09-09T19:36:41+00:00,stable_dislocation_error,FDUSD:Bybit:error,FDUSD,n/a,Bybit,0.000000,-9999.000000,NO,,"{""error"":""HTTP Error 403: Forbidden""}"
2026-09-09T20:05:27+00:00,cex_triangle,ETH:USDT-BTC-ETH-USDT,ETH,USDT->BTC->ETH->USDT,Binance,0.438251,-37.533072,NO,47498.99,"{""extra_buffer_bps"":8.0,""fee_bps_per_leg"":10.0,""top_of_book_only"":true}"
2026-09-09T20:05:27+00:00,cex_triangle,ETH:USDT-ETH-BTC-USDT,ETH,USDT->ETH->BTC->USDT,Binance,-3.651483,-41.610550,NO,82723.82,"{""extra_buffer_bps"":8.0,""fee_bps_per_leg"":10.0,""top_of_book_only"":true}"
2026-09-09T20:05:27+00:00,cex_triangle,SOL:USDT-BTC-SOL-USDT,SOL,USDT->BTC->SOL->USDT,Binance,0.362555,-37.608542,NO,1668.88,"{""extra_buffer_bps"":8.0,""fee_bps_per_leg"":10.0,""top_of_book_only"":true}"
2026-09-09T20:05:27+00:00,cex_triangle,SOL:USDT-SOL-BTC-USDT,SOL,USDT->SOL->BTC->USDT,Binance,-2.106267,-40.069964,NO,1229.80,"{""extra_buffer_bps"":8.0,""fee_bps_per_leg"":10.0,""top_of_book_only"":true}"
2026-09-09T20:05:27+00:00,stable_dislocation,USDC:Binance,USDC,above peg,Binance,1.150000,1.150000,NO,2125106.74,"{""mid"":1.000115,""note"":""Peg deviation is a research signal; redemption, venue and issuer risks matter."",""signed_deviation_bps"":1.1500000000008725,""watch_threshold_bps"":10.0}"
2026-09-09T20:05:27+00:00,stable_dislocation_error,USDC:Bybit:error,USDC,n/a,Bybit,0.000000,-9999.000000,NO,,"{""error"":""HTTP Error 403: Forbidden""}"
2026-09-09T20:05:27+00:00,stable_dislocation,FDUSD:Binance,FDUSD,below peg,Binance,9.500000,9.500000,NO,69699.21,"{""mid"":0.99905,""note"":""Peg deviation is a research signal; redemption, venue and issuer risks matter."",""signed_deviation_bps"":-9.500000000000064,""watch_threshold_bps"":10.0}"
2026-09-09T20:05:27+00:00,stable_dislocation_error,FDUSD:Bybit:error,FDUSD,n/a,Bybit,0.000000,-9999.000000,NO,,"{""error"":""HTTP Error 403: Forbidden""}"
2026-09-09T20:56:44+00:00,cex_triangle,ETH:USDT-BTC-ETH-USDT,ETH,USDT->BTC->ETH->USDT,Binance,-1.378300,-39.344179,NO,55928.47,"{""extra_buffer_bps"":8.0,""fee_bps_per_leg"":10.0,""top_of_book_only"":true}"
2026-09-09T20:56:44+00:00,cex_triangle,ETH:USDT-ETH-BTC-USDT,ETH,USDT->ETH->BTC->USDT,Binance,-1.833283,-39.797798,NO,28589.39,"{""extra_buffer_bps"":8.0,""fee_bps_per_leg"":10.0,""top_of_book_only"":true}"
2026-09-09T20:56:44+00:00,cex_triangle,SOL:USDT-BTC-SOL-USDT,SOL,USDT->BTC->SOL->USDT,Binance,-0.794786,-38.762414,NO,1501.52,"{""extra_buffer_bps"":8.0,""fee_bps_per_leg"":10.0,""top_of_book_only"":true}"
2026-09-09T20:56:44+00:00,cex_triangle,SOL:USDT-SOL-BTC-USDT,SOL,USDT->SOL->BTC->USDT,Binance,-0.945350,-38.912527,NO,1362.29,"{""extra_buffer_bps"":8.0,""fee_bps_per_leg"":10.0,""top_of_book_only"":true}"
2026-09-09T20:56:44+00:00,stable_dislocation,USDC:Binance,USDC,above peg,Binance,1.650000,1.650000,NO,422683.62,"{""mid"":1.000165,""note"":""Peg deviation is a research signal; redemption, venue and issuer risks matter."",""signed_deviation_bps"":1.6499999999997073,""watch_threshold_bps"":10.0}"
2026-09-09T20:56:44+00:00,stable_dislocation_error,USDC:Bybit:error,USDC,n/a,Bybit,0.000000,-9999.000000,NO,,"{""error"":""HTTP Error 403: Forbidden""}"
2026-09-09T20:56:44+00:00,stable_dislocation,FDUSD:Binance,FDUSD,below peg,Binance,9.500000,9.500000,NO,7292.43,"{""mid"":0.99905,""note"":""Peg deviation is a research signal; redemption, venue and issuer risks matter."",""signed_deviation_bps"":-9.500000000000064,""watch_threshold_bps"":10.0}"
2026-09-09T20:56:44+00:00,stable_dislocation_error,FDUSD:Bybit:error,FDUSD,n/a,Bybit,0.000000,-9999.000000,NO,,"{""error"":""HTTP Error 403: Forbidden""}"
2026-09-09T22:22:02+00:00,cex_triangle,ETH:USDT-BTC-ETH-USDT,ETH,USDT->BTC->ETH->USDT,Binance,-2.259305,-40.222544,NO,27559.56,"{""extra_buffer_bps"":8.0,""fee_bps_per_leg"":10.0,""top_of_book_only"":true}"
2026-09-09T22:22:02+00:00,cex_triangle,ETH:USDT-ETH-BTC-USDT,ETH,USDT->ETH->BTC->USDT,Binance,-0.962589,-38.929714,NO,105404.87,"{""extra_buffer_bps"":8.0,""fee_bps_per_leg"":10.0,""top_of_book_only"":true}"
2026-09-09T22:22:02+00:00,cex_triangle,SOL:USDT-BTC-SOL-USDT,SOL,USDT->BTC->SOL->USDT,Binance,-1.010248,-38.977230,NO,1608.30,"{""extra_buffer_bps"":8.0,""fee_bps_per_leg"":10.0,""top_of_book_only"":true}"
2026-09-09T22:22:02+00:00,cex_triangle,SOL:USDT-SOL-BTC-USDT,SOL,USDT->SOL->BTC->USDT,Binance,-0.745540,-38.713316,NO,3255.95,"{""extra_buffer_bps"":8.0,""fee_bps_per_leg"":10.0,""top_of_book_only"":true}"
2026-09-09T22:22:02+00:00,stable_dislocation,USDC:Binance,USDC,above peg,Binance,1.550000,1.550000,NO,1793562.99,"{""mid"":1.000155,""note"":""Peg deviation is a research signal; redemption, venue and issuer risks matter."",""signed_deviation_bps"":1.5499999999990521,""watch_threshold_bps"":10.0}"
2026-09-09T22:22:02+00:00,stable_dislocation_error,USDC:Bybit:error,USDC,n/a,Bybit,0.000000,-9999.000000,NO,,"{""error"":""HTTP Error 403: Forbidden""}"
2026-09-09T22:22:02+00:00,stable_dislocation,FDUSD:Binance,FDUSD,below peg,Binance,10.500000,10.500000,YES,183984.83,"{""mid"":0.99895,""note"":""Peg deviation is a research signal; redemption, venue and issuer risks matter."",""signed_deviation_bps"":-10.499999999999954,""watch_threshold_bps"":10.0}"
2026-09-09T22:22:02+00:00,stable_dislocation_error,FDUSD:Bybit:error,FDUSD,n/a,Bybit,0.000000,-9999.000000,NO,,"{""error"":""HTTP Error 403: Forbidden""}"
2026-09-09T23:07:54+00:00,cex_triangle,ETH:USDT-BTC-ETH-USDT,ETH,USDT->BTC->ETH->USDT,Binance,-4.603656,-42.559869,NO,19816.64,"{""extra_buffer_bps"":8.0,""fee_bps_per_leg"":10.0,""top_of_book_only"":true}"
2026-09-09T23:07:54+00:00,cex_triangle,ETH:USDT-ETH-BTC-USDT,ETH,USDT->ETH->BTC->USDT,Binance,1.383683,-36.590474,NO,253.04,"{""extra_buffer_bps"":8.0,""fee_bps_per_leg"":10.0,""top_of_book_only"":true}"
2026-09-09T23:07:54+00:00,cex_triangle,SOL:USDT-BTC-SOL-USDT,SOL,USDT->BTC->SOL->USDT,Binance,-2.934310,-40.895525,NO,4786.41,"{""extra_buffer_bps"":8.0,""fee_bps_per_leg"":10.0,""top_of_book_only"":true}"
2026-09-09T23:07:54+00:00,cex_triangle,SOL:USDT-SOL-BTC-USDT,SOL,USDT->SOL->BTC->USDT,Binance,1.175371,-36.798161,NO,218.81,"{""extra_buffer_bps"":8.0,""fee_bps_per_leg"":10.0,""top_of_book_only"":true}"
2026-09-09T23:07:54+00:00,stable_dislocation,USDC:Binance,USDC,above peg,Binance,1.650000,1.650000,NO,2036997.87,"{""mid"":1.000165,""note"":""Peg deviation is a research signal; redemption, venue and issuer risks matter."",""signed_deviation_bps"":1.6499999999997073,""watch_threshold_bps"":10.0}"
2026-09-09T23:07:54+00:00,stable_dislocation_error,USDC:Bybit:error,USDC,n/a,Bybit,0.000000,-9999.000000,NO,,"{""error"":""HTTP Error 403: Forbidden""}"
2026-09-09T23:07:54+00:00,stable_dislocation,FDUSD:Binance,FDUSD,below peg,Binance,11.500000,11.500000,YES,476429.60,"{""mid"":0.99885,""note"":""Peg deviation is a research signal; redemption, venue and issuer risks matter."",""signed_deviation_bps"":-11.499999999999844,""watch_threshold_bps"":10.0}"
2026-09-09T23:07:54+00:00,stable_dislocation_error,FDUSD:Bybit:error,FDUSD,n/a,Bybit,0.000000,-9999.000000,NO,,"{""error"":""HTTP Error 403: Forbidden""}"
2026-09-10T00:13:48+00:00,cex_triangle,ETH:USDT-BTC-ETH-USDT,ETH,USDT->BTC->ETH->USDT,Binance,-1.562788,-39.528114,NO,3976.44,"{""extra_buffer_bps"":8.0,""fee_bps_per_leg"":10.0,""top_of_book_only"":true}"
2026-09-10T00:13:48+00:00,cex_triangle,ETH:USDT-ETH-BTC-USDT,ETH,USDT->ETH->BTC->USDT,Binance,-1.651858,-39.616918,NO,7083.53,"{""extra_buffer_bps"":8.0,""fee_bps_per_leg"":10.0,""top_of_book_only"":true}"
2026-09-10T00:13:48+00:00,cex_triangle,SOL:USDT-BTC-SOL-USDT,SOL,USDT->BTC->SOL->USDT,Binance,-0.773218,-38.740911,NO,1937.49,"{""extra_buffer_bps"":8.0,""fee_bps_per_leg"":10.0,""top_of_book_only"":true}"
2026-09-10T00:13:48+00:00,cex_triangle,SOL:USDT-SOL-BTC-USDT,SOL,USDT->SOL->BTC->USDT,Binance,-0.984529,-38.951588,NO,1000.08,"{""extra_buffer_bps"":8.0,""fee_bps_per_leg"":10.0,""top_of_book_only"":true}"
2026-09-10T00:13:48+00:00,stable_dislocation,USDC:Binance,USDC,above peg,Binance,1.850000,1.850000,NO,622904.33,"{""mid"":1.000185,""note"":""Peg deviation is a research signal; redemption, venue and issuer risks matter."",""signed_deviation_bps"":1.8500000000010175,""watch_threshold_bps"":10.0}"
2026-09-10T00:13:48+00:00,stable_dislocation_error,USDC:Bybit:error,USDC,n/a,Bybit,0.000000,-9999.000000,NO,,"{""error"":""HTTP Error 403: Forbidden""}"
2026-09-10T00:13:48+00:00,stable_dislocation,FDUSD:Binance,FDUSD,below peg,Binance,11.500000,11.500000,YES,503867.63,"{""mid"":0.99885,""note"":""Peg deviation is a research signal; redemption, venue and issuer risks matter."",""signed_deviation_bps"":-11.499999999999844,""watch_threshold_bps"":10.0}"
2026-09-10T00:13:48+00:00,stable_dislocation_error,FDUSD:Bybit:error,FDUSD,n/a,Bybit,0.000000,-9999.000000,NO,,"{""error"":""HTTP Error 403: Forbidden""}"
2026-09-10T01:04:34+00:00,cex_triangle,ETH:USDT-BTC-ETH-USDT,ETH,USDT->BTC->ETH->USDT,Binance,-1.407389,-39.373181,NO,24316.44,"{""extra_buffer_bps"":8.0,""fee_bps_per_leg"":10.0,""top_of_book_only"":true}"
2026-09-10T01:04:34+00:00,cex_triangle,ETH:USDT-ETH-BTC-USDT,ETH,USDT->ETH->BTC->USDT,Binance,-1.803174,-39.767780,NO,11475.86,"{""extra_buffer_bps"":8.0,""fee_bps_per_leg"":10.0,""top_of_book_only"":true}"
2026-09-10T01:04:34+00:00,cex_triangle,SOL:USDT-BTC-SOL-USDT,SOL,USDT->BTC->SOL->USDT,Binance,-2.792084,-40.753726,NO,1244.00,"{""extra_buffer_bps"":8.0,""fee_bps_per_leg"":10.0,""top_of_book_only"":true}"
2026-09-10T01:04:34+00:00,cex_triangle,SOL:USDT-SOL-BTC-USDT,SOL,USDT->SOL->BTC->USDT,Binance,1.033016,-36.940090,NO,1396.95,"{""extra_buffer_bps"":8.0,""fee_bps_per_leg"":10.0,""top_of_book_only"":true}"
2026-09-10T01:04:34+00:00,stable_dislocation,USDC:Binance,USDC,above peg,Binance,1.650000,1.650000,NO,1755069.31,"{""mid"":1.000165,""note"":""Peg deviation is a research signal; redemption, venue and issuer risks matter."",""signed_deviation_bps"":1.6499999999997073,""watch_threshold_bps"":10.0}"
2026-09-10T01:04:34+00:00,stable_dislocation_error,USDC:Bybit:error,USDC,n/a,Bybit,0.000000,-9999.000000,NO,,"{""error"":""HTTP Error 403: Forbidden""}"
2026-09-10T01:04:34+00:00,stable_dislocation,FDUSD:Binance,FDUSD,below peg,Binance,11.500000,11.500000,YES,304361.33,"{""mid"":0.99885,""note"":""Peg deviation is a research signal; redemption, venue and issuer risks matter."",""signed_deviation_bps"":-11.499999999999844,""watch_threshold_bps"":10.0}"
2026-09-10T01:04:34+00:00,stable_dislocation_error,FDUSD:Bybit:error,FDUSD,n/a,Bybit,0.000000,-9999.000000,NO,,"{""error"":""HTTP Error 403: Forbidden""}"
2026-09-10T04:33:36+00:00,cex_triangle,ETH:USDT-BTC-ETH-USDT,ETH,USDT->BTC->ETH->USDT,Binance,-0.697694,-38.665613,NO,39414.83,"{""extra_buffer_bps"":8.0,""fee_bps_per_leg"":10.0,""top_of_book_only"":true}"
2026-09-10T04:33:36+00:00,cex_triangle,ETH:USDT-ETH-BTC-USDT,ETH,USDT->ETH->BTC->USDT,Binance,-2.505626,-40.468126,NO,26265.17,"{""extra_buffer_bps"":8.0,""fee_bps_per_leg"":10.0,""top_of_book_only"":true}"
2026-09-10T04:33:36+00:00,cex_triangle,SOL:USDT-BTC-SOL-USDT,SOL,USDT->BTC->SOL->USDT,Binance,-0.823681,-38.791223,NO,883.10,"{""extra_buffer_bps"":8.0,""fee_bps_per_leg"":10.0,""top_of_book_only"":true}"
2026-09-10T04:33:36+00:00,cex_triangle,SOL:USDT-SOL-BTC-USDT,SOL,USDT->SOL->BTC->USDT,Binance,-0.924435,-38.891674,NO,500.18,"{""extra_buffer_bps"":8.0,""fee_bps_per_leg"":10.0,""top_of_book_only"":true}"
2026-09-10T04:33:36+00:00,stable_dislocation,USDC:Binance,USDC,above peg,Binance,2.550000,2.550000,NO,838436.94,"{""mid"":1.0002550000000001,""note"":""Peg deviation is a research signal; redemption, venue and issuer risks matter."",""signed_deviation_bps"":2.5500000000011624,""watch_threshold_bps"":10.0}"
2026-09-10T04:33:36+00:00,stable_dislocation_error,USDC:Bybit:error,USDC,n/a,Bybit,0.000000,-9999.000000,NO,,"{""error"":""HTTP Error 403: Forbidden""}"
2026-09-10T04:33:36+00:00,stable_dislocation,FDUSD:Binance,FDUSD,below peg,Binance,9.500000,9.500000,NO,107137.76,"{""mid"":0.99905,""note"":""Peg deviation is a research signal; redemption, venue and issuer risks matter."",""signed_deviation_bps"":-9.500000000000064,""watch_threshold_bps"":10.0}"
2026-09-10T04:33:36+00:00,stable_dislocation_error,FDUSD:Bybit:error,FDUSD,n/a,Bybit,0.000000,-9999.000000,NO,,"{""error"":""HTTP Error 403: Forbidden""}"
2026-09-10T04:50:46+00:00,cex_triangle,ETH:USDT-BTC-ETH-USDT,ETH,USDT->BTC->ETH->USDT,Binance,-3.625863,-41.585007,NO,9057.93,"{""extra_buffer_bps"":8.0,""fee_bps_per_leg"":10.0,""top_of_book_only"":true}"
2026-09-10T04:50:46+00:00,cex_triangle,ETH:USDT-ETH-BTC-USDT,ETH,USDT->ETH->BTC->USDT,Binance,0.422831,-37.548446,NO,15072.02,"{""extra_buffer_bps"":8.0,""fee_bps_per_leg"":10.0,""top_of_book_only"":true}"
2026-09-10T04:50:46+00:00,cex_triangle,SOL:USDT-BTC-SOL-USDT,SOL,USDT->BTC->SOL->USDT,Binance,-1.605845,-39.571043,NO,499.19,"{""extra_buffer_bps"":8.0,""fee_bps_per_leg"":10.0,""top_of_book_only"":true}"
2026-09-10T04:50:46+00:00,cex_triangle,SOL:USDT-SOL-BTC-USDT,SOL,USDT->SOL->BTC->USDT,Binance,-0.145394,-38.114969,NO,2222.24,"{""extra_buffer_bps"":8.0,""fee_bps_per_leg"":10.0,""top_of_book_only"":true}"
2026-09-10T04:50:46+00:00,stable_dislocation,USDC:Binance,USDC,above peg,Binance,2.750000,2.750000,NO,105404.51,"{""mid"":1.000275,""note"":""Peg deviation is a research signal; redemption, venue and issuer risks matter."",""signed_deviation_bps"":2.7500000000002522,""watch_threshold_bps"":10.0}"
2026-09-10T04:50:46+00:00,stable_dislocation_error,USDC:Bybit:error,USDC,n/a,Bybit,0.000000,-9999.000000,NO,,"{""error"":""HTTP Error 403: Forbidden""}"
2026-09-10T04:50:46+00:00,stable_dislocation,FDUSD:Binance,FDUSD,below peg,Binance,9.500000,9.500000,NO,101429.47,"{""mid"":0.99905,""note"":""Peg deviation is a research signal; redemption, venue and issuer risks matter."",""signed_deviation_bps"":-9.500000000000064,""watch_threshold_bps"":10.0}"
2026-09-10T04:50:46+00:00,stable_dislocation_error,FDUSD:Bybit:error,FDUSD,n/a,Bybit,0.000000,-9999.000000,NO,,"{""error"":""HTTP Error 403: Forbidden""}"
2026-09-10T05:41:42+00:00,cex_triangle,ETH:USDT-BTC-ETH-USDT,ETH,USDT->BTC->ETH->USDT,Binance,0.031870,-37.938236,NO,11008.99,"{""extra_buffer_bps"":8.0,""fee_bps_per_leg"":10.0,""top_of_book_only"":true}"
2026-09-10T05:41:42+00:00,cex_triangle,ETH:USDT-ETH-BTC-USDT,ETH,USDT->ETH->BTC->USDT,Binance,-3.235000,-41.195315,NO,52816.35,"{""extra_buffer_bps"":8.0,""fee_bps_per_leg"":10.0,""top_of_book_only"":true}"
2026-09-10T05:41:42+00:00,cex_triangle,SOL:USDT-BTC-SOL-USDT,SOL,USDT->BTC->SOL->USDT,Binance,0.292643,-37.678244,NO,1616.18,"{""extra_buffer_bps"":8.0,""fee_bps_per_leg"":10.0,""top_of_book_only"":true}"
2026-09-10T05:41:42+00:00,cex_triangle,SOL:USDT-SOL-BTC-USDT,SOL,USDT->SOL->BTC->USDT,Binance,-2.043303,-40.007189,NO,3984.17,"{""extra_buffer_bps"":8.0,""fee_bps_per_leg"":10.0,""top_of_book_only"":true}"
2026-09-10T05:41:42+00:00,stable_dislocation,USDC:Binance,USDC,above peg,Binance,2.650000,2.650000,NO,1236078.65,"{""mid"":1.000265,""note"":""Peg deviation is a research signal; redemption, venue and issuer risks matter."",""signed_deviation_bps"":2.649999999999597,""watch_threshold_bps"":10.0}"
2026-09-10T05:41:42+00:00,stable_dislocation_error,USDC:Bybit:error,USDC,n/a,Bybit,0.000000,-9999.000000,NO,,"{""error"":""HTTP Error 403: Forbidden""}"
2026-09-10T05:41:42+00:00,stable_dislocation,FDUSD:Binance,FDUSD,below peg,Binance,9.500000,9.500000,NO,81881.04,"{""mid"":0.99905,""note"":""Peg deviation is a research signal; redemption, venue and issuer risks matter."",""signed_deviation_bps"":-9.500000000000064,""watch_threshold_bps"":10.0}"
2026-09-10T05:41:42+00:00,stable_dislocation_error,FDUSD:Bybit:error,FDUSD,n/a,Bybit,0.000000,-9999.000000,NO,,"{""error"":""HTTP Error 403: Forbidden""}"
2026-09-10T05:59:09+00:00,cex_triangle,ETH:USDT-BTC-ETH-USDT,ETH,USDT->BTC->ETH->USDT,Binance,-0.066447,-38.036258,NO,23451.75,"{""extra_buffer_bps"":8.0,""fee_bps_per_leg"":10.0,""top_of_book_only"":true}"
2026-09-10T05:59:09+00:00,cex_triangle,ETH:USDT-ETH-BTC-USDT,ETH,USDT->ETH->BTC->USDT,Binance,-3.138670,-41.099274,NO,14425.07,"{""extra_buffer_bps"":8.0,""fee_bps_per_leg"":10.0,""top_of_book_only"":true}"
2026-09-10T05:59:09+00:00,cex_triangle,SOL:USDT-BTC-SOL-USDT,SOL,USDT->BTC->SOL->USDT,Binance,-1.060229,-39.027061,NO,1812.62,"{""extra_buffer_bps"":8.0,""fee_bps_per_leg"":10.0,""top_of_book_only"":true}"
2026-09-10T05:59:09+00:00,cex_triangle,SOL:USDT-SOL-BTC-USDT,SOL,USDT->SOL->BTC->USDT,Binance,-0.689180,-38.657125,NO,2269.51,"{""extra_buffer_bps"":8.0,""fee_bps_per_leg"":10.0,""top_of_book_only"":true}"
2026-09-10T05:59:09+00:00,stable_dislocation,USDC:Binance,USDC,above peg,Binance,2.450000,2.450000,NO,1844256.95,"{""mid"":1.000245,""note"":""Peg deviation is a research signal; redemption, venue and issuer risks matter."",""signed_deviation_bps"":2.4500000000005073,""watch_threshold_bps"":10.0}"
2026-09-10T05:59:09+00:00,stable_dislocation_error,USDC:Bybit:error,USDC,n/a,Bybit,0.000000,-9999.000000,NO,,"{""error"":""HTTP Error 403: Forbidden""}"
2026-09-10T05:59:09+00:00,stable_dislocation,FDUSD:Binance,FDUSD,below peg,Binance,8.500000,8.500000,NO,70521.54,"{""mid"":0.99915,""note"":""Peg deviation is a research signal; redemption, venue and issuer risks matter."",""signed_deviation_bps"":-8.500000000000174,""watch_threshold_bps"":10.0}"
2026-09-10T05:59:09+00:00,stable_dislocation_error,FDUSD:Bybit:error,FDUSD,n/a,Bybit,0.000000,-9999.000000,NO,,"{""error"":""HTTP Error 403: Forbidden""}"
2026-09-10T08:47:55+00:00,cex_triangle,ETH:USDT-BTC-ETH-USDT,ETH,USDT->BTC->ETH->USDT,Binance,-1.493750,-39.459283,NO,57097.58,"{""extra_buffer_bps"":8.0,""fee_bps_per_leg"":10.0,""top_of_book_only"":true}"
2026-09-10T08:47:55+00:00,cex_triangle,ETH:USDT-ETH-BTC-USDT,ETH,USDT->ETH->BTC->USDT,Binance,-1.707781,-39.672673,NO,63216.06,"{""extra_buffer_bps"":8.0,""fee_bps_per_leg"":10.0,""top_of_book_only"":true}"
2026-09-10T08:47:55+00:00,cex_triangle,SOL:USDT-BTC-SOL-USDT,SOL,USDT->BTC->SOL->USDT,Binance,-1.815084,-39.779654,NO,949.20,"{""extra_buffer_bps"":8.0,""fee_bps_per_leg"":10.0,""top_of_book_only"":true}"
2026-09-10T08:47:55+00:00,cex_triangle,SOL:USDT-SOL-BTC-USDT,SOL,USDT->SOL->BTC->USDT,Binance,0.054750,-37.915424,NO,1796.81,"{""extra_buffer_bps"":8.0,""fee_bps_per_leg"":10.0,""top_of_book_only"":true}"
2026-09-10T08:47:55+00:00,stable_dislocation,USDC:Binance,USDC,above peg,Binance,2.950000,2.950000,NO,4079411.69,"{""mid"":1.000295,""note"":""Peg deviation is a research signal; redemption, venue and issuer risks matter."",""signed_deviation_bps"":2.949999999999342,""watch_threshold_bps"":10.0}"
2026-09-10T08:47:55+00:00,stable_dislocation_error,USDC:Bybit:error,USDC,n/a,Bybit,0.000000,-9999.000000,NO,,"{""error"":""HTTP Error 403: Forbidden""}"
2026-09-10T08:47:55+00:00,stable_dislocation,FDUSD:Binance,FDUSD,below peg,Binance,9.500000,9.500000,NO,78444.34,"{""mid"":0.99905,""note"":""Peg deviation is a research signal; redemption, venue and issuer risks matter."",""signed_deviation_bps"":-9.500000000000064,""watch_threshold_bps"":10.0}"
2026-09-10T08:47:55+00:00,stable_dislocation_error,FDUSD:Bybit:error,FDUSD,n/a,Bybit,0.000000,-9999.000000,NO,,"{""error"":""HTTP Error 403: Forbidden""}"
2026-09-10T09:20:31+00:00,cex_triangle,ETH:USDT-BTC-ETH-USDT,ETH,USDT->BTC->ETH->USDT,Binance,0.211540,-37.759103,NO,54340.17,"{""extra_buffer_bps"":8.0,""fee_bps_per_leg"":10.0,""top_of_book_only"":true}"
2026-09-10T09:20:31+00:00,cex_triangle,ETH:USDT-ETH-BTC-USDT,ETH,USDT->ETH->BTC->USDT,Binance,-3.410679,-41.370467,NO,27430.91,"{""extra_buffer_bps"":8.0,""fee_bps_per_leg"":10.0,""top_of_book_only"":true}"
2026-09-10T09:20:31+00:00,cex_triangle,SOL:USDT-BTC-SOL-USDT,SOL,USDT->BTC->SOL->USDT,Binance,-0.850284,-38.817746,NO,2297.10,"{""extra_buffer_bps"":8.0,""fee_bps_per_leg"":10.0,""top_of_book_only"":true}"
2026-09-10T09:20:31+00:00,cex_triangle,SOL:USDT-SOL-BTC-USDT,SOL,USDT->SOL->BTC->USDT,Binance,-0.909692,-38.876976,NO,1798.05,"{""extra_buffer_bps"":8.0,""fee_bps_per_leg"":10.0,""top_of_book_only"":true}"
2026-09-10T09:20:31+00:00,stable_dislocation,USDC:Binance,USDC,above peg,Binance,3.050000,3.050000,NO,2789532.49,"{""mid"":1.000305,""note"":""Peg deviation is a research signal; redemption, venue and issuer risks matter."",""signed_deviation_bps"":3.049999999999997,""watch_threshold_bps"":10.0}"
2026-09-10T09:20:31+00:00,stable_dislocation_error,USDC:Bybit:error,USDC,n/a,Bybit,0.000000,-9999.000000,NO,,"{""error"":""HTTP Error 403: Forbidden""}"
2026-09-10T09:20:31+00:00,stable_dislocation,FDUSD:Binance,FDUSD,below peg,Binance,9.500000,9.500000,NO,1089.02,"{""mid"":0.99905,""note"":""Peg deviation is a research signal; redemption, venue and issuer risks matter."",""signed_deviation_bps"":-9.500000000000064,""watch_threshold_bps"":10.0}"
2026-09-10T09:20:31+00:00,stable_dislocation_error,FDUSD:Bybit:error,FDUSD,n/a,Bybit,0.000000,-9999.000000,NO,,"{""error"":""HTTP Error 403: Forbidden""}"
2026-09-10T09:37:20+00:00,cex_triangle,ETH:USDT-BTC-ETH-USDT,ETH,USDT->BTC->ETH->USDT,Binance,-2.787100,-40.748757,NO,132249.23,"{""extra_buffer_bps"":8.0,""fee_bps_per_leg"":10.0,""top_of_book_only"":true}"
2026-09-10T09:37:20+00:00,cex_triangle,ETH:USDT-ETH-BTC-USDT,ETH,USDT->ETH->BTC->USDT,Binance,-0.412308,-38.381082,NO,33932.43,"{""extra_buffer_bps"":8.0,""fee_bps_per_leg"":10.0,""top_of_book_only"":true}"
2026-09-10T09:37:20+00:00,cex_triangle,SOL:USDT-BTC-SOL-USDT,SOL,USDT->BTC->SOL->USDT,Binance,-1.140817,-39.107408,NO,1344.39,"{""extra_buffer_bps"":8.0,""fee_bps_per_leg"":10.0,""top_of_book_only"":true}"
2026-09-10T09:37:20+00:00,cex_triangle,SOL:USDT-SOL-BTC-USDT,SOL,USDT->SOL->BTC->USDT,Binance,-0.623040,-38.591183,NO,3331.21,"{""extra_buffer_bps"":8.0,""fee_bps_per_leg"":10.0,""top_of_book_only"":true}"
2026-09-10T09:37:20+00:00,stable_dislocation,USDC:Binance,USDC,above peg,Binance,2.450000,2.450000,NO,873162.51,"{""mid"":1.000245,""note"":""Peg deviation is a research signal; redemption, venue and issuer risks matter."",""signed_deviation_bps"":2.4500000000005073,""watch_threshold_bps"":10.0}"
2026-09-10T09:37:20+00:00,stable_dislocation_error,USDC:Bybit:error,USDC,n/a,Bybit,0.000000,-9999.000000,NO,,"{""error"":""HTTP Error 403: Forbidden""}"
2026-09-10T09:37:20+00:00,stable_dislocation,FDUSD:Binance,FDUSD,below peg,Binance,9.500000,9.500000,NO,18372.45,"{""mid"":0.99905,""note"":""Peg deviation is a research signal; redemption, venue and issuer risks matter."",""signed_deviation_bps"":-9.500000000000064,""watch_threshold_bps"":10.0}"
2026-09-10T09:37:20+00:00,stable_dislocation_error,FDUSD:Bybit:error,FDUSD,n/a,Bybit,0.000000,-9999.000000,NO,,"{""error"":""HTTP Error 403: Forbidden""}"
2026-09-10T11:18:50+00:00,cex_triangle,ETH:USDT-BTC-ETH-USDT,ETH,USDT->BTC->ETH->USDT,Binance,2.169176,-35.807335,NO,3274.64,"{""extra_buffer_bps"":8.0,""fee_bps_per_leg"":10.0,""top_of_book_only"":true}"
2026-09-10T11:18:50+00:00,cex_triangle,ETH:USDT-ETH-BTC-USDT,ETH,USDT->ETH->BTC->USDT,Binance,-5.372390,-43.326299,NO,68944.11,"{""extra_buffer_bps"":8.0,""fee_bps_per_leg"":10.0,""top_of_book_only"":true}"
2026-09-10T11:18:50+00:00,cex_triangle,SOL:USDT-BTC-SOL-USDT,SOL,USDT->BTC->SOL->USDT,Binance,0.212584,-37.758063,NO,1294.94,"{""extra_buffer_bps"":8.0,""fee_bps_per_leg"":10.0,""top_of_book_only"":true}"
2026-09-10T11:18:50+00:00,cex_triangle,SOL:USDT-SOL-BTC-USDT,SOL,USDT->SOL->BTC->USDT,Binance,-1.970836,-39.934940,NO,1229.84,"{""extra_buffer_bps"":8.0,""fee_bps_per_leg"":10.0,""top_of_book_only"":true}"
2026-09-10T11:18:50+00:00,stable_dislocation,USDC:Binance,USDC,above peg,Binance,2.550000,2.550000,NO,2231363.00,"{""mid"":1.0002550000000001,""note"":""Peg deviation is a research signal; redemption, venue and issuer risks matter."",""signed_deviation_bps"":2.5500000000011624,""watch_threshold_bps"":10.0}"
2026-09-10T11:18:50+00:00,stable_dislocation_error,USDC:Bybit:error,USDC,n/a,Bybit,0.000000,-9999.000000,NO,,"{""error"":""HTTP Error 403: Forbidden""}"
2026-09-10T11:18:50+00:00,stable_dislocation,FDUSD:Binance,FDUSD,below peg,Binance,9.500000,9.500000,NO,38077.70,"{""mid"":0.99905,""note"":""Peg deviation is a research signal; redemption, venue and issuer risks matter."",""signed_deviation_bps"":-9.500000000000064,""watch_threshold_bps"":10.0}"
2026-09-10T11:18:50+00:00,stable_dislocation_error,FDUSD:Bybit:error,FDUSD,n/a,Bybit,0.000000,-9999.000000,NO,,"{""error"":""HTTP Error 403: Forbidden""}"
2026-09-10T13:41:45+00:00,cex_triangle,ETH:USDT-BTC-ETH-USDT,ETH,USDT->BTC->ETH->USDT,Binance,-9.129086,-47.071736,NO,75984.56,"{""extra_buffer_bps"":8.0,""fee_bps_per_leg"":10.0,""top_of_book_only"":true}"
2026-09-10T13:41:45+00:00,cex_triangle,ETH:USDT-ETH-BTC-USDT,ETH,USDT->ETH->BTC->USDT,Binance,5.920420,-32.067334,NO,24987.46,"{""extra_buffer_bps"":8.0,""fee_bps_per_leg"":10.0,""top_of_book_only"":true}"
2026-09-10T13:41:45+00:00,cex_triangle,SOL:USDT-BTC-SOL-USDT,SOL,USDT->BTC->SOL->USDT,Binance,-2.489259,-40.451809,NO,947.15,"{""extra_buffer_bps"":8.0,""fee_bps_per_leg"":10.0,""top_of_book_only"":true}"
2026-09-10T13:41:45+00:00,cex_triangle,SOL:USDT-SOL-BTC-USDT,SOL,USDT->SOL->BTC->USDT,Binance,0.710424,-37.261715,NO,497.45,"{""extra_buffer_bps"":8.0,""fee_bps_per_leg"":10.0,""top_of_book_only"":true}"
2026-09-10T13:41:45+00:00,stable_dislocation,USDC:Binance,USDC,above peg,Binance,2.750000,2.750000,NO,2506479.57,"{""mid"":1.000275,""note"":""Peg deviation is a research signal; redemption, venue and issuer risks matter."",""signed_deviation_bps"":2.7500000000002522,""watch_threshold_bps"":10.0}"
2026-09-10T13:41:45+00:00,stable_dislocation_error,USDC:Bybit:error,USDC,n/a,Bybit,0.000000,-9999.000000,NO,,"{""error"":""HTTP Error 403: Forbidden""}"
2026-09-10T13:41:45+00:00,stable_dislocation,FDUSD:Binance,FDUSD,below peg,Binance,12.500000,12.500000,YES,56628.29,"{""mid"":0.99875,""note"":""Peg deviation is a research signal; redemption, venue and issuer risks matter."",""signed_deviation_bps"":-12.499999999999734,""watch_threshold_bps"":10.0}"
2026-09-10T13:41:45+00:00,stable_dislocation_error,FDUSD:Bybit:error,FDUSD,n/a,Bybit,0.000000,-9999.000000,NO,,"{""error"":""HTTP Error 403: Forbidden""}"
2026-09-10T14:19:43+00:00,cex_triangle,ETH:USDT-BTC-ETH-USDT,ETH,USDT->BTC->ETH->USDT,Binance,1.759465,-36.215819,NO,7.30,"{""extra_buffer_bps"":8.0,""fee_bps_per_leg"":10.0,""top_of_book_only"":true}"
2026-09-10T14:19:43+00:00,cex_triangle,ETH:USDT-ETH-BTC-USDT,ETH,USDT->ETH->BTC->USDT,Binance,-4.966552,-42.921677,NO,16047.79,"{""extra_buffer_bps"":8.0,""fee_bps_per_leg"":10.0,""top_of_book_only"":true}"
2026-09-10T14:19:43+00:00,cex_triangle,SOL:USDT-BTC-SOL-USDT,SOL,USDT->BTC->SOL->USDT,Binance,8.747356,-29.248870,NO,1321.03,"{""extra_buffer_bps"":8.0,""fee_bps_per_leg"":10.0,""top_of_book_only"":true}"
2026-09-10T14:19:43+00:00,cex_triangle,SOL:USDT-SOL-BTC-USDT,SOL,USDT->SOL->BTC->USDT,Binance,-10.517891,-48.456378,NO,2068.04,"{""extra_buffer_bps"":8.0,""fee_bps_per_leg"":10.0,""top_of_book_only"":true}"
2026-09-10T14:19:43+00:00,stable_dislocation,USDC:Binance,USDC,above peg,Binance,2.850000,2.850000,NO,1416176.42,"{""mid"":1.0002849999999999,""note"":""Peg deviation is a research signal; redemption, venue and issuer risks matter."",""signed_deviation_bps"":2.849999999998687,""watch_threshold_bps"":10.0}"
2026-09-10T14:19:43+00:00,stable_dislocation_error,USDC:Bybit:error,USDC,n/a,Bybit,0.000000,-9999.000000,NO,,"{""error"":""HTTP Error 403: Forbidden""}"
2026-09-10T14:19:43+00:00,stable_dislocation,FDUSD:Binance,FDUSD,below peg,Binance,12.500000,12.500000,YES,49909.04,"{""mid"":0.99875,""note"":""Peg deviation is a research signal; redemption, venue and issuer risks matter."",""signed_deviation_bps"":-12.499999999999734,""watch_threshold_bps"":10.0}"
2026-09-10T14:19:43+00:00,stable_dislocation_error,FDUSD:Bybit:error,FDUSD,n/a,Bybit,0.000000,-9999.000000,NO,,"{""error"":""HTTP Error 403: Forbidden""}"
2026-09-10T15:06:15+00:00,cex_triangle,ETH:USDT-BTC-ETH-USDT,ETH,USDT->BTC->ETH->USDT,Binance,-4.414926,-42.371704,NO,104229.94,"{""extra_buffer_bps"":8.0,""fee_bps_per_leg"":10.0,""top_of_book_only"":true}"
2026-09-10T15:06:15+00:00,cex_triangle,ETH:USDT-ETH-BTC-USDT,ETH,USDT->ETH->BTC->USDT,Binance,1.206659,-36.766967,NO,6376.88,"{""extra_buffer_bps"":8.0,""fee_bps_per_leg"":10.0,""top_of_book_only"":true}"
2026-09-10T15:06:15+00:00,cex_triangle,SOL:USDT-BTC-SOL-USDT,SOL,USDT->BTC->SOL->USDT,Binance,-1.279963,-39.246137,NO,951.50,"{""extra_buffer_bps"":8.0,""fee_bps_per_leg"":10.0,""top_of_book_only"":true}"
2026-09-10T15:06:15+00:00,cex_triangle,SOL:USDT-SOL-BTC-USDT,SOL,USDT->SOL->BTC->USDT,Binance,-0.493852,-38.462382,NO,3225.69,"{""extra_buffer_bps"":8.0,""fee_bps_per_leg"":10.0,""top_of_book_only"":true}"
2026-09-10T15:06:15+00:00,stable_dislocation,USDC:Binance,USDC,above peg,Binance,2.650000,2.650000,NO,2589791.05,"{""mid"":1.000265,""note"":""Peg deviation is a research signal; redemption, venue and issuer risks matter."",""signed_deviation_bps"":2.649999999999597,""watch_threshold_bps"":10.0}"
2026-09-10T15:06:15+00:00,stable_dislocation_error,USDC:Bybit:error,USDC,n/a,Bybit,0.000000,-9999.000000,NO,,"{""error"":""HTTP Error 403: Forbidden""}"
2026-09-10T15:06:15+00:00,stable_dislocation,FDUSD:Binance,FDUSD,below peg,Binance,12.500000,12.500000,YES,143541.54,"{""mid"":0.99875,""note"":""Peg deviation is a research signal; redemption, venue and issuer risks matter."",""signed_deviation_bps"":-12.499999999999734,""watch_threshold_bps"":10.0}"
2026-09-10T15:06:15+00:00,stable_dislocation_error,FDUSD:Bybit:error,FDUSD,n/a,Bybit,0.000000,-9999.000000,NO,,"{""error"":""HTTP Error 403: Forbidden""}"
2026-09-10T17:18:26+00:00,cex_triangle,ETH:USDT-BTC-ETH-USDT,ETH,USDT->BTC->ETH->USDT,Binance,-2.977116,-40.938204,NO,58003.55,"{""extra_buffer_bps"":8.0,""fee_bps_per_leg"":10.0,""top_of_book_only"":true}"
2026-09-10T17:18:26+00:00,cex_triangle,ETH:USDT-ETH-BTC-USDT,ETH,USDT->ETH->BTC->USDT,Binance,-0.208645,-38.178030,NO,75440.62,"{""extra_buffer_bps"":8.0,""fee_bps_per_leg"":10.0,""top_of_book_only"":true}"
2026-09-10T17:18:26+00:00,cex_triangle,SOL:USDT-BTC-SOL-USDT,SOL,USDT->BTC->SOL->USDT,Binance,-2.885880,-40.847241,NO,3280.59,"{""extra_buffer_bps"":8.0,""fee_bps_per_leg"":10.0,""top_of_book_only"":true}"
2026-09-10T17:18:26+00:00,cex_triangle,SOL:USDT-SOL-BTC-USDT,SOL,USDT->SOL->BTC->USDT,Binance,1.109561,-36.863774,NO,549.73,"{""extra_buffer_bps"":8.0,""fee_bps_per_leg"":10.0,""top_of_book_only"":true}"
2026-09-10T17:18:26+00:00,stable_dislocation,USDC:Binance,USDC,above peg,Binance,3.450000,3.450000,NO,372405.30,"{""mid"":1.000345,""note"":""Peg deviation is a research signal; redemption, venue and issuer risks matter."",""signed_deviation_bps"":3.450000000000397,""watch_threshold_bps"":10.0}"
2026-09-10T17:18:26+00:00,stable_dislocation_error,USDC:Bybit:error,USDC,n/a,Bybit,0.000000,-9999.000000,NO,,"{""error"":""HTTP Error 403: Forbidden""}"
2026-09-10T17:18:26+00:00,stable_dislocation,FDUSD:Binance,FDUSD,below peg,Binance,12.500000,12.500000,YES,301637.36,"{""mid"":0.99875,""note"":""Peg deviation is a research signal; redemption, venue and issuer risks matter."",""signed_deviation_bps"":-12.499999999999734,""watch_threshold_bps"":10.0}"
2026-09-10T17:18:26+00:00,stable_dislocation_error,FDUSD:Bybit:error,FDUSD,n/a,Bybit,0.000000,-9999.000000,NO,,"{""error"":""HTTP Error 403: Forbidden""}"
2026-09-10T18:21:01+00:00,cex_triangle,ETH:USDT-BTC-ETH-USDT,ETH,USDT->BTC->ETH->USDT,Binance,0.199625,-37.770983,NO,111619.50,"{""extra_buffer_bps"":8.0,""fee_bps_per_leg"":10.0,""top_of_book_only"":true}"
2026-09-10T18:21:01+00:00,cex_triangle,ETH:USDT-ETH-BTC-USDT,ETH,USDT->ETH->BTC->USDT,Binance,-3.376310,-41.336201,NO,52602.59,"{""extra_buffer_bps"":8.0,""fee_bps_per_leg"":10.0,""top_of_book_only"":true}"
2026-09-10T18:21:01+00:00,cex_triangle,SOL:USDT-BTC-SOL-USDT,SOL,USDT->BTC->SOL->USDT,Binance,-1.011779,-38.978756,NO,2735.07,"{""extra_buffer_bps"":8.0,""fee_bps_per_leg"":10.0,""top_of_book_only"":true}"
2026-09-10T18:21:01+00:00,cex_triangle,SOL:USDT-SOL-BTC-USDT,SOL,USDT->SOL->BTC->USDT,Binance,-0.770768,-38.738468,NO,945.29,"{""extra_buffer_bps"":8.0,""fee_bps_per_leg"":10.0,""top_of_book_only"":true}"
2026-09-10T18:21:01+00:00,stable_dislocation,USDC:Binance,USDC,above peg,Binance,2.900000,2.900000,NO,1577517.11,"{""mid"":1.0002900000000001,""note"":""Peg deviation is a research signal; redemption, venue and issuer risks matter."",""signed_deviation_bps"":2.900000000001235,""watch_threshold_bps"":10.0}"
2026-09-10T18:21:01+00:00,stable_dislocation_error,USDC:Bybit:error,USDC,n/a,Bybit,0.000000,-9999.000000,NO,,"{""error"":""HTTP Error 403: Forbidden""}"
2026-09-10T18:21:01+00:00,stable_dislocation,FDUSD:Binance,FDUSD,below peg,Binance,12.500000,12.500000,YES,115790.28,"{""mid"":0.99875,""note"":""Peg deviation is a research signal; redemption, venue and issuer risks matter."",""signed_deviation_bps"":-12.499999999999734,""watch_threshold_bps"":10.0}"
2026-09-10T18:21:01+00:00,stable_dislocation_error,FDUSD:Bybit:error,FDUSD,n/a,Bybit,0.000000,-9999.000000,NO,,"{""error"":""HTTP Error 403: Forbidden""}"
2026-09-10T18:28:12+00:00,cex_triangle,ETH:USDT-BTC-ETH-USDT,ETH,USDT->BTC->ETH->USDT,Binance,1.714257,-36.260891,NO,13336.87,"{""extra_buffer_bps"":8.0,""fee_bps_per_leg"":10.0,""top_of_book_only"":true}"
2026-09-10T18:28:12+00:00,cex_triangle,ETH:USDT-ETH-BTC-USDT,ETH,USDT->ETH->BTC->USDT,Binance,-4.887162,-42.842525,NO,848.10,"{""extra_buffer_bps"":8.0,""fee_bps_per_leg"":10.0,""top_of_book_only"":true}"
2026-09-10T18:28:12+00:00,cex_triangle,SOL:USDT-BTC-SOL-USDT,SOL,USDT->BTC->SOL->USDT,Binance,0.497483,-37.474018,NO,151.23,"{""extra_buffer_bps"":8.0,""fee_bps_per_leg"":10.0,""top_of_book_only"":true}"
2026-09-10T18:28:12+00:00,cex_triangle,SOL:USDT-SOL-BTC-USDT,SOL,USDT->SOL->BTC->USDT,Binance,-2.279775,-40.242952,NO,2703.90,"{""extra_buffer_bps"":8.0,""fee_bps_per_leg"":10.0,""top_of_book_only"":true}"
2026-09-10T18:28:12+00:00,stable_dislocation,USDC:Binance,USDC,above peg,Binance,2.650000,2.650000,NO,332748.49,"{""mid"":1.000265,""note"":""Peg deviation is a research signal; redemption, venue and issuer risks matter."",""signed_deviation_bps"":2.649999999999597,""watch_threshold_bps"":10.0}"
2026-09-10T18:28:12+00:00,stable_dislocation_error,USDC:Bybit:error,USDC,n/a,Bybit,0.000000,-9999.000000,NO,,"{""error"":""HTTP Error 403: Forbidden""}"
2026-09-10T18:28:12+00:00,stable_dislocation,FDUSD:Binance,FDUSD,below peg,Binance,12.500000,12.500000,YES,95022.31,"{""mid"":0.99875,""note"":""Peg deviation is a research signal; redemption, venue and issuer risks matter."",""signed_deviation_bps"":-12.499999999999734,""watch_threshold_bps"":10.0}"
2026-09-10T18:28:12+00:00,stable_dislocation_error,FDUSD:Bybit:error,FDUSD,n/a,Bybit,0.000000,-9999.000000,NO,,"{""error"":""HTTP Error 403: Forbidden""}"
2026-09-10T19:04:08+00:00,cex_triangle,ETH:USDT-BTC-ETH-USDT,ETH,USDT->BTC->ETH->USDT,Binance,-2.216974,-40.180339,NO,11310.91,"{""extra_buffer_bps"":8.0,""fee_bps_per_leg"":10.0,""top_of_book_only"":true}"
2026-09-10T19:04:08+00:00,cex_triangle,ETH:USDT-ETH-BTC-USDT,ETH,USDT->ETH->BTC->USDT,Binance,-0.954950,-38.922098,NO,109421.38,"{""extra_buffer_bps"":8.0,""fee_bps_per_leg"":10.0,""top_of_book_only"":true}"
2026-09-10T19:04:08+00:00,cex_triangle,SOL:USDT-BTC-SOL-USDT,SOL,USDT->BTC->SOL->USDT,Binance,-1.618117,-39.583277,NO,802.17,"{""extra_buffer_bps"":8.0,""fee_bps_per_leg"":10.0,""top_of_book_only"":true}"
2026-09-10T19:04:08+00:00,cex_triangle,SOL:USDT-SOL-BTC-USDT,SOL,USDT->SOL->BTC->USDT,Binance,-0.157263,-38.126802,NO,1139.43,"{""extra_buffer_bps"":8.0,""fee_bps_per_leg"":10.0,""top_of_book_only"":true}"
2026-09-10T19:04:08+00:00,stable_dislocation,USDC:Binance,USDC,above peg,Binance,2.250000,2.250000,NO,502476.52,"{""mid"":1.000225,""note"":""Peg deviation is a research signal; redemption, venue and issuer risks matter."",""signed_deviation_bps"":2.249999999999197,""watch_threshold_bps"":10.0}"
2026-09-10T19:04:08+00:00,stable_dislocation_error,USDC:Bybit:error,USDC,n/a,Bybit,0.000000,-9999.000000,NO,,"{""error"":""HTTP Error 403: Forbidden""}"
2026-09-10T19:04:08+00:00,stable_dislocation,FDUSD:Binance,FDUSD,below peg,Binance,12.500000,12.500000,YES,235835.02,"{""mid"":0.99875,""note"":""Peg deviation is a research signal; redemption, venue and issuer risks matter."",""signed_deviation_bps"":-12.499999999999734,""watch_threshold_bps"":10.0}"
2026-09-10T19:04:08+00:00,stable_dislocation_error,FDUSD:Bybit:error,FDUSD,n/a,Bybit,0.000000,-9999.000000,NO,,"{""error"":""HTTP Error 403: Forbidden""}"
2026-09-10T19:50:59+00:00,cex_triangle,ETH:USDT-BTC-ETH-USDT,ETH,USDT->BTC->ETH->USDT,Binance,-5.580824,-43.534108,NO,63008.69,"{""extra_buffer_bps"":8.0,""fee_bps_per_leg"":10.0,""top_of_book_only"":true}"
2026-09-10T19:50:59+00:00,cex_triangle,ETH:USDT-ETH-BTC-USDT,ETH,USDT->ETH->BTC->USDT,Binance,2.409384,-35.567847,NO,22304.87,"{""extra_buffer_bps"":8.0,""fee_bps_per_leg"":10.0,""top_of_book_only"":true}"
2026-09-10T19:50:59+00:00,cex_triangle,SOL:USDT-BTC-SOL-USDT,SOL,USDT->BTC->SOL->USDT,Binance,-3.500674,-41.460192,NO,380.56,"{""extra_buffer_bps"":8.0,""fee_bps_per_leg"":10.0,""top_of_book_only"":true}"
2026-09-10T19:50:59+00:00,cex_triangle,SOL:USDT-SOL-BTC-USDT,SOL,USDT->SOL->BTC->USDT,Binance,1.723031,-36.252143,NO,1117.06,"{""extra_buffer_bps"":8.0,""fee_bps_per_leg"":10.0,""top_of_book_only"":true}"
2026-09-10T19:50:59+00:00,stable_dislocation,USDC:Binance,USDC,above peg,Binance,2.350000,2.350000,NO,429437.75,"{""mid"":1.000235,""note"":""Peg deviation is a research signal; redemption, venue and issuer risks matter."",""signed_deviation_bps"":2.349999999999852,""watch_threshold_bps"":10.0}"
2026-09-10T19:50:59+00:00,stable_dislocation_error,USDC:Bybit:error,USDC,n/a,Bybit,0.000000,-9999.000000,NO,,"{""error"":""HTTP Error 403: Forbidden""}"
2026-09-10T19:50:59+00:00,stable_dislocation,FDUSD:Binance,FDUSD,below peg,Binance,12.500000,12.500000,YES,143166.99,"{""mid"":0.99875,""note"":""Peg deviation is a research signal; redemption, venue and issuer risks matter."",""signed_deviation_bps"":-12.499999999999734,""watch_threshold_bps"":10.0}"
2026-09-10T19:50:59+00:00,stable_dislocation_error,FDUSD:Bybit:error,FDUSD,n/a,Bybit,0.000000,-9999.000000,NO,,"{""error"":""HTTP Error 403: Forbidden""}"
2026-09-10T20:49:21+00:00,cex_triangle,ETH:USDT-BTC-ETH-USDT,ETH,USDT->BTC->ETH->USDT,Binance,-2.974345,-40.935441,NO,15940.67,"{""extra_buffer_bps"":8.0,""fee_bps_per_leg"":10.0,""top_of_book_only"":true}"
2026-09-10T20:49:21+00:00,cex_triangle,ETH:USDT-ETH-BTC-USDT,ETH,USDT->ETH->BTC->USDT,Binance,-0.203390,-38.172790,NO,23204.34,"{""extra_buffer_bps"":8.0,""fee_bps_per_leg"":10.0,""top_of_book_only"":true}"
2026-09-10T20:49:21+00:00,cex_triangle,SOL:USDT-BTC-SOL-USDT,SOL,USDT->BTC->SOL->USDT,Binance,0.057417,-37.912765,NO,1247.64,"{""extra_buffer_bps"":8.0,""fee_bps_per_leg"":10.0,""top_of_book_only"":true}"
2026-09-10T20:49:21+00:00,cex_triangle,SOL:USDT-SOL-BTC-USDT,SOL,USDT->SOL->BTC->USDT,Binance,-1.831223,-39.795745,NO,1440.51,"{""extra_buffer_bps"":8.0,""fee_bps_per_leg"":10.0,""top_of_book_only"":true}"
2026-09-10T20:49:21+00:00,stable_dislocation,USDC:Binance,USDC,above peg,Binance,2.150000,2.150000,NO,1072657.21,"{""mid"":1.000215,""note"":""Peg deviation is a research signal; redemption, venue and issuer risks matter."",""signed_deviation_bps"":2.1500000000007624,""watch_threshold_bps"":10.0}"
2026-09-10T20:49:21+00:00,stable_dislocation_error,USDC:Bybit:error,USDC,n/a,Bybit,0.000000,-9999.000000,NO,,"{""error"":""HTTP Error 403: Forbidden""}"
2026-09-10T20:49:21+00:00,stable_dislocation,FDUSD:Binance,FDUSD,below peg,Binance,12.500000,12.500000,YES,112439.91,"{""mid"":0.99875,""note"":""Peg deviation is a research signal; redemption, venue and issuer risks matter."",""signed_deviation_bps"":-12.499999999999734,""watch_threshold_bps"":10.0}"
2026-09-10T20:49:21+00:00,stable_dislocation_error,FDUSD:Bybit:error,FDUSD,n/a,Bybit,0.000000,-9999.000000,NO,,"{""error"":""HTTP Error 403: Forbidden""}"
2026-09-10T21:08:59+00:00,cex_triangle,ETH:USDT-BTC-ETH-USDT,ETH,USDT->BTC->ETH->USDT,Binance,-2.950598,-40.911765,NO,8264.50,"{""extra_buffer_bps"":8.0,""fee_bps_per_leg"":10.0,""top_of_book_only"":true}"
2026-09-10T21:08:59+00:00,cex_triangle,ETH:USDT-ETH-BTC-USDT,ETH,USDT->ETH->BTC->USDT,Binance,-0.229123,-38.198446,NO,5761.28,"{""extra_buffer_bps"":8.0,""fee_bps_per_leg"":10.0,""top_of_book_only"":true}"
2026-09-10T21:08:59+00:00,cex_triangle,SOL:USDT-BTC-SOL-USDT,SOL,USDT->BTC->SOL->USDT,Binance,-0.806105,-38.773699,NO,1633.70,"{""extra_buffer_bps"":8.0,""fee_bps_per_leg"":10.0,""top_of_book_only"":true}"
2026-09-10T21:08:59+00:00,cex_triangle,SOL:USDT-SOL-BTC-USDT,SOL,USDT->SOL->BTC->USDT,Binance,-0.966034,-38.933149,NO,1442.10,"{""extra_buffer_bps"":8.0,""fee_bps_per_leg"":10.0,""top_of_book_only"":true}"
2026-09-10T21:08:59+00:00,stable_dislocation,USDC:Binance,USDC,above peg,Binance,2.150000,2.150000,NO,1340206.78,"{""mid"":1.000215,""note"":""Peg deviation is a research signal; redemption, venue and issuer risks matter."",""signed_deviation_bps"":2.1500000000007624,""watch_threshold_bps"":10.0}"
2026-09-10T21:08:59+00:00,stable_dislocation_error,USDC:Bybit:error,USDC,n/a,Bybit,0.000000,-9999.000000,NO,,"{""error"":""HTTP Error 403: Forbidden""}"
2026-09-10T21:08:59+00:00,stable_dislocation,FDUSD:Binance,FDUSD,below peg,Binance,12.500000,12.500000,YES,105160.66,"{""mid"":0.99875,""note"":""Peg deviation is a research signal; redemption, venue and issuer risks matter."",""signed_deviation_bps"":-12.499999999999734,""watch_threshold_bps"":10.0}"
2026-09-10T21:08:59+00:00,stable_dislocation_error,FDUSD:Bybit:error,FDUSD,n/a,Bybit,0.000000,-9999.000000,NO,,"{""error"":""HTTP Error 403: Forbidden""}"
2026-09-10T21:35:34+00:00,cex_triangle,ETH:USDT-BTC-ETH-USDT,ETH,USDT->BTC->ETH->USDT,Binance,-1.592354,-39.557592,NO,30823.90,"{""extra_buffer_bps"":8.0,""fee_bps_per_leg"":10.0,""top_of_book_only"":true}"
2026-09-10T21:35:34+00:00,cex_triangle,ETH:USDT-ETH-BTC-USDT,ETH,USDT->ETH->BTC->USDT,Binance,-1.587571,-39.552823,NO,43432.48,"{""extra_buffer_bps"":8.0,""fee_bps_per_leg"":10.0,""top_of_book_only"":true}"
2026-09-10T21:35:34+00:00,cex_triangle,SOL:USDT-BTC-SOL-USDT,SOL,USDT->BTC->SOL->USDT,Binance,-1.212932,-39.179307,NO,2179.77,"{""extra_buffer_bps"":8.0,""fee_bps_per_leg"":10.0,""top_of_book_only"":true}"
2026-09-10T21:35:34+00:00,cex_triangle,SOL:USDT-SOL-BTC-USDT,SOL,USDT->SOL->BTC->USDT,Binance,-0.561193,-38.529521,NO,1160.22,"{""extra_buffer_bps"":8.0,""fee_bps_per_leg"":10.0,""top_of_book_only"":true}"
2026-09-10T21:35:34+00:00,stable_dislocation,USDC:Binance,USDC,above peg,Binance,2.150000,2.150000,NO,2906601.31,"{""mid"":1.000215,""note"":""Peg deviation is a research signal; redemption, venue and issuer risks matter."",""signed_deviation_bps"":2.1500000000007624,""watch_threshold_bps"":10.0}"
2026-09-10T21:35:34+00:00,stable_dislocation_error,USDC:Bybit:error,USDC,n/a,Bybit,0.000000,-9999.000000,NO,,"{""error"":""HTTP Error 403: Forbidden""}"
2026-09-10T21:35:34+00:00,stable_dislocation,FDUSD:Binance,FDUSD,below peg,Binance,12.500000,12.500000,YES,99988.85,"{""mid"":0.99875,""note"":""Peg deviation is a research signal; redemption, venue and issuer risks matter."",""signed_deviation_bps"":-12.499999999999734,""watch_threshold_bps"":10.0}"
2026-09-10T21:35:34+00:00,stable_dislocation_error,FDUSD:Bybit:error,FDUSD,n/a,Bybit,0.000000,-9999.000000,NO,,"{""error"":""HTTP Error 403: Forbidden""}"
2026-09-10T22:03:51+00:00,cex_triangle,ETH:USDT-BTC-ETH-USDT,ETH,USDT->BTC->ETH->USDT,Binance,-2.241216,-40.204509,NO,128277.90,"{""extra_buffer_bps"":8.0,""fee_bps_per_leg"":10.0,""top_of_book_only"":true}"
2026-09-10T22:03:51+00:00,cex_triangle,ETH:USDT-ETH-BTC-USDT,ETH,USDT->ETH->BTC->USDT,Binance,-0.936722,-38.903924,NO,19589.93,"{""extra_buffer_bps"":8.0,""fee_bps_per_leg"":10.0,""top_of_book_only"":true}"
2026-09-10T22:03:51+00:00,cex_triangle,SOL:USDT-BTC-SOL-USDT,SOL,USDT->BTC->SOL->USDT,Binance,-1.111638,-39.078317,NO,226.76,"{""extra_buffer_bps"":8.0,""fee_bps_per_leg"":10.0,""top_of_book_only"":true}"
2026-09-10T22:03:51+00:00,cex_triangle,SOL:USDT-SOL-BTC-USDT,SOL,USDT->SOL->BTC->USDT,Binance,-0.663596,-38.631617,NO,3484.92,"{""extra_buffer_bps"":8.0,""fee_bps_per_leg"":10.0,""top_of_book_only"":true}"
2026-09-10T22:03:51+00:00,stable_dislocation,USDC:Binance,USDC,above peg,Binance,1.950000,1.950000,NO,2055294.98,"{""mid"":1.000195,""note"":""Peg deviation is a research signal; redemption, venue and issuer risks matter."",""signed_deviation_bps"":1.9499999999994522,""watch_threshold_bps"":10.0}"
2026-09-10T22:03:51+00:00,stable_dislocation_error,USDC:Bybit:error,USDC,n/a,Bybit,0.000000,-9999.000000,NO,,"{""error"":""HTTP Error 403: Forbidden""}"
2026-09-10T22:03:51+00:00,stable_dislocation,FDUSD:Binance,FDUSD,below peg,Binance,12.500000,12.500000,YES,5800.45,"{""mid"":0.99875,""note"":""Peg deviation is a research signal; redemption, venue and issuer risks matter."",""signed_deviation_bps"":-12.499999999999734,""watch_threshold_bps"":10.0}"
2026-09-10T22:03:51+00:00,stable_dislocation_error,FDUSD:Bybit:error,FDUSD,n/a,Bybit,0.000000,-9999.000000,NO,,"{""error"":""HTTP Error 403: Forbidden""}"
2026-09-10T22:16:43+00:00,cex_triangle,ETH:USDT-BTC-ETH-USDT,ETH,USDT->BTC->ETH->USDT,Binance,-2.406029,-40.368828,NO,25578.56,"{""extra_buffer_bps"":8.0,""fee_bps_per_leg"":10.0,""top_of_book_only"":true}"
2026-09-10T22:16:43+00:00,cex_triangle,ETH:USDT-ETH-BTC-USDT,ETH,USDT->ETH->BTC->USDT,Binance,-0.773847,-38.741538,NO,29888.35,"{""extra_buffer_bps"":8.0,""fee_bps_per_leg"":10.0,""top_of_book_only"":true}"
2026-09-10T22:16:43+00:00,cex_triangle,SOL:USDT-BTC-SOL-USDT,SOL,USDT->BTC->SOL->USDT,Binance,-0.653182,-38.621234,NO,1427.75,"{""extra_buffer_bps"":8.0,""fee_bps_per_leg"":10.0,""top_of_book_only"":true}"
2026-09-10T22:16:43+00:00,cex_triangle,SOL:USDT-SOL-BTC-USDT,SOL,USDT->SOL->BTC->USDT,Binance,-1.118777,-39.085434,NO,4252.65,"{""extra_buffer_bps"":8.0,""fee_bps_per_leg"":10.0,""top_of_book_only"":true}"
2026-09-10T22:16:43+00:00,stable_dislocation,USDC:Binance,USDC,above peg,Binance,2.050000,2.050000,NO,2215345.12,"{""mid"":1.000205,""note"":""Peg deviation is a research signal; redemption, venue and issuer risks matter."",""signed_deviation_bps"":2.0500000000001073,""watch_threshold_bps"":10.0}"
2026-09-10T22:16:43+00:00,stable_dislocation_error,USDC:Bybit:error,USDC,n/a,Bybit,0.000000,-9999.000000,NO,,"{""error"":""HTTP Error 403: Forbidden""}"
2026-09-10T22:16:43+00:00,stable_dislocation,FDUSD:Binance,FDUSD,below peg,Binance,12.500000,12.500000,YES,37.95,"{""mid"":0.99875,""note"":""Peg deviation is a research signal; redemption, venue and issuer risks matter."",""signed_deviation_bps"":-12.499999999999734,""watch_threshold_bps"":10.0}"
2026-09-10T22:16:43+00:00,stable_dislocation_error,FDUSD:Bybit:error,FDUSD,n/a,Bybit,0.000000,-9999.000000,NO,,"{""error"":""HTTP Error 403: Forbidden""}"
2026-09-10T23:12:14+00:00,cex_triangle,ETH:USDT-BTC-ETH-USDT,ETH,USDT->BTC->ETH->USDT,Binance,2.080906,-35.895340,NO,66628.20,"{""extra_buffer_bps"":8.0,""fee_bps_per_leg"":10.0,""top_of_book_only"":true}"
2026-09-10T23:12:14+00:00,cex_triangle,ETH:USDT-ETH-BTC-USDT,ETH,USDT->ETH->BTC->USDT,Binance,-5.262738,-43.216976,NO,4009.70,"{""extra_buffer_bps"":8.0,""fee_bps_per_leg"":10.0,""top_of_book_only"":true}"
2026-09-10T23:12:14+00:00,cex_triangle,SOL:USDT-BTC-SOL-USDT,SOL,USDT->BTC->SOL->USDT,Binance,3.185560,-34.793997,NO,3433.66,"{""extra_buffer_bps"":8.0,""fee_bps_per_leg"":10.0,""top_of_book_only"":true}"
2026-09-10T23:12:14+00:00,cex_triangle,SOL:USDT-SOL-BTC-USDT,SOL,USDT->SOL->BTC->USDT,Binance,-4.967608,-42.922730,NO,188.19,"{""extra_buffer_bps"":8.0,""fee_bps_per_leg"":10.0,""top_of_book_only"":true}"
2026-09-10T23:12:14+00:00,stable_dislocation,USDC:Binance,USDC,above peg,Binance,2.150000,2.150000,NO,1172991.28,"{""mid"":1.000215,""note"":""Peg deviation is a research signal; redemption, venue and issuer risks matter."",""signed_deviation_bps"":2.1500000000007624,""watch_threshold_bps"":10.0}"
2026-09-10T23:12:14+00:00,stable_dislocation_error,USDC:Bybit:error,USDC,n/a,Bybit,0.000000,-9999.000000,NO,,"{""error"":""HTTP Error 403: Forbidden""}"
2026-09-10T23:12:14+00:00,stable_dislocation,FDUSD:Binance,FDUSD,below peg,Binance,13.500000,13.500000,YES,14530.09,"{""mid"":0.99865,""note"":""Peg deviation is a research signal; redemption, venue and issuer risks matter."",""signed_deviation_bps"":-13.499999999999623,""watch_threshold_bps"":10.0}"
2026-09-10T23:12:14+00:00,stable_dislocation_error,FDUSD:Bybit:error,FDUSD,n/a,Bybit,0.000000,-9999.000000,NO,,"{""error"":""HTTP Error 403: Forbidden""}"
2026-09-10T23:44:20+00:00,cex_triangle,ETH:USDT-BTC-ETH-USDT,ETH,USDT->BTC->ETH->USDT,Binance,-1.412978,-39.378753,NO,53499.49,"{""extra_buffer_bps"":8.0,""fee_bps_per_leg"":10.0,""top_of_book_only"":true}"
2026-09-10T23:44:20+00:00,cex_triangle,ETH:USDT-ETH-BTC-USDT,ETH,USDT->ETH->BTC->USDT,Binance,-1.773180,-39.737876,NO,52054.39,"{""extra_buffer_bps"":8.0,""fee_bps_per_leg"":10.0,""top_of_book_only"":true}"
2026-09-10T23:44:20+00:00,cex_triangle,SOL:USDT-BTC-SOL-USDT,SOL,USDT->BTC->SOL->USDT,Binance,-0.850737,-38.818197,NO,1620.71,"{""extra_buffer_bps"":8.0,""fee_bps_per_leg"":10.0,""top_of_book_only"":true}"
2026-09-10T23:44:20+00:00,cex_triangle,SOL:USDT-SOL-BTC-USDT,SOL,USDT->SOL->BTC->USDT,Binance,-0.933655,-38.900867,NO,2771.58,"{""extra_buffer_bps"":8.0,""fee_bps_per_leg"":10.0,""top_of_book_only"":true}"
2026-09-10T23:44:20+00:00,stable_dislocation,USDC:Binance,USDC,above peg,Binance,2.250000,2.250000,NO,2308405.81,"{""mid"":1.000225,""note"":""Peg deviation is a research signal; redemption, venue and issuer risks matter."",""signed_deviation_bps"":2.249999999999197,""watch_threshold_bps"":10.0}"
2026-09-10T23:44:20+00:00,stable_dislocation_error,USDC:Bybit:error,USDC,n/a,Bybit,0.000000,-9999.000000,NO,,"{""error"":""HTTP Error 403: Forbidden""}"
2026-09-10T23:44:20+00:00,stable_dislocation,FDUSD:Binance,FDUSD,below peg,Binance,12.500000,12.500000,YES,172250.05,"{""mid"":0.99875,""note"":""Peg deviation is a research signal; redemption, venue and issuer risks matter."",""signed_deviation_bps"":-12.499999999999734,""watch_threshold_bps"":10.0}"
2026-09-10T23:44:20+00:00,stable_dislocation_error,FDUSD:Bybit:error,FDUSD,n/a,Bybit,0.000000,-9999.000000,NO,,"{""error"":""HTTP Error 403: Forbidden""}"
2026-09-11T00:03:01+00:00,cex_triangle,ETH:USDT-BTC-ETH-USDT,ETH,USDT->BTC->ETH->USDT,Binance,-0.712124,-38.680000,NO,112676.59,"{""extra_buffer_bps"":8.0,""fee_bps_per_leg"":10.0,""top_of_book_only"":true}"
2026-09-11T00:03:01+00:00,cex_triangle,ETH:USDT-ETH-BTC-USDT,ETH,USDT->ETH->BTC->USDT,Binance,-2.470012,-40.432620,NO,24543.87,"{""extra_buffer_bps"":8.0,""fee_bps_per_leg"":10.0,""top_of_book_only"":true}"
2026-09-11T00:03:01+00:00,cex_triangle,SOL:USDT-BTC-SOL-USDT,SOL,USDT->BTC->SOL->USDT,Binance,0.702260,-37.269855,NO,1617.19,"{""extra_buffer_bps"":8.0,""fee_bps_per_leg"":10.0,""top_of_book_only"":true}"
2026-09-11T00:03:01+00:00,cex_triangle,SOL:USDT-SOL-BTC-USDT,SOL,USDT->SOL->BTC->USDT,Binance,-2.489098,-40.451648,NO,2578.21,"{""extra_buffer_bps"":8.0,""fee_bps_per_leg"":10.0,""top_of_book_only"":true}"
2026-09-11T00:03:01+00:00,stable_dislocation,USDC:Binance,USDC,above peg,Binance,2.200000,2.200000,NO,887146.00,"{""mid"":1.00022,""note"":""Peg deviation is a research signal; redemption, venue and issuer risks matter."",""signed_deviation_bps"":2.20000000000109,""watch_threshold_bps"":10.0}"
2026-09-11T00:03:01+00:00,stable_dislocation_error,USDC:Bybit:error,USDC,n/a,Bybit,0.000000,-9999.000000,NO,,"{""error"":""HTTP Error 403: Forbidden""}"
2026-09-11T00:03:01+00:00,stable_dislocation,FDUSD:Binance,FDUSD,below peg,Binance,12.500000,12.500000,YES,191909.43,"{""mid"":0.99875,""note"":""Peg deviation is a research signal; redemption, venue and issuer risks matter."",""signed_deviation_bps"":-12.499999999999734,""watch_threshold_bps"":10.0}"
2026-09-11T00:03:01+00:00,stable_dislocation_error,FDUSD:Bybit:error,FDUSD,n/a,Bybit,0.000000,-9999.000000,NO,,"{""error"":""HTTP Error 403: Forbidden""}"
2026-09-11T01:09:39+00:00,cex_triangle,ETH:USDT-BTC-ETH-USDT,ETH,USDT->BTC->ETH->USDT,Binance,-1.399380,-39.365196,NO,8545.50,"{""extra_buffer_bps"":8.0,""fee_bps_per_leg"":10.0,""top_of_book_only"":true}"
2026-09-11T01:09:39+00:00,cex_triangle,ETH:USDT-ETH-BTC-USDT,ETH,USDT->ETH->BTC->USDT,Binance,-1.772717,-39.737414,NO,4362.51,"{""extra_buffer_bps"":8.0,""fee_bps_per_leg"":10.0,""top_of_book_only"":true}"
2026-09-11T01:09:39+00:00,cex_triangle,SOL:USDT-BTC-SOL-USDT,SOL,USDT->BTC->SOL->USDT,Binance,2.817219,-35.161234,NO,2219.72,"{""extra_buffer_bps"":8.0,""fee_bps_per_leg"":10.0,""top_of_book_only"":true}"
2026-09-11T01:09:39+00:00,cex_triangle,SOL:USDT-SOL-BTC-USDT,SOL,USDT->SOL->BTC->USDT,Binance,-4.596527,-42.552762,NO,112.99,"{""extra_buffer_bps"":8.0,""fee_bps_per_leg"":10.0,""top_of_book_only"":true}"
2026-09-11T01:09:39+00:00,stable_dislocation,USDC:Binance,USDC,above peg,Binance,2.250000,2.250000,NO,1234158.79,"{""mid"":1.000225,""note"":""Peg deviation is a research signal; redemption, venue and issuer risks matter."",""signed_deviation_bps"":2.249999999999197,""watch_threshold_bps"":10.0}"
2026-09-11T01:09:39+00:00,stable_dislocation_error,USDC:Bybit:error,USDC,n/a,Bybit,0.000000,-9999.000000,NO,,"{""error"":""HTTP Error 403: Forbidden""}"
2026-09-11T01:09:39+00:00,stable_dislocation,FDUSD:Binance,FDUSD,below peg,Binance,12.500000,12.500000,YES,484103.85,"{""mid"":0.99875,""note"":""Peg deviation is a research signal; redemption, venue and issuer risks matter."",""signed_deviation_bps"":-12.499999999999734,""watch_threshold_bps"":10.0}"
2026-09-11T01:09:39+00:00,stable_dislocation_error,FDUSD:Bybit:error,FDUSD,n/a,Bybit,0.000000,-9999.000000,NO,,"{""error"":""HTTP Error 403: Forbidden""}"
2026-09-11T03:14:48+00:00,cex_triangle,ETH:USDT-BTC-ETH-USDT,ETH,USDT->BTC->ETH->USDT,Binance,-0.310437,-38.279517,NO,6235.00,"{""extra_buffer_bps"":8.0,""fee_bps_per_leg"":10.0,""top_of_book_only"":true}"
2026-09-11T03:14:48+00:00,cex_triangle,ETH:USDT-ETH-BTC-USDT,ETH,USDT->ETH->BTC->USDT,Binance,-2.872495,-40.833896,NO,188197.70,"{""extra_buffer_bps"":8.0,""fee_bps_per_leg"":10.0,""top_of_book_only"":true}"
2026-09-11T03:14:48+00:00,cex_triangle,SOL:USDT-BTC-SOL-USDT,SOL,USDT->BTC->SOL->USDT,Binance,-1.605600,-39.570798,NO,200.30,"{""extra_buffer_bps"":8.0,""fee_bps_per_leg"":10.0,""top_of_book_only"":true}"
2026-09-11T03:14:48+00:00,cex_triangle,SOL:USDT-SOL-BTC-USDT,SOL,USDT->SOL->BTC->USDT,Binance,-0.176007,-38.145490,NO,2217.67,"{""extra_buffer_bps"":8.0,""fee_bps_per_leg"":10.0,""top_of_book_only"":true}"
2026-09-11T03:14:48+00:00,stable_dislocation,USDC:Binance,USDC,above peg,Binance,2.750000,2.750000,NO,1088161.60,"{""mid"":1.000275,""note"":""Peg deviation is a research signal; redemption, venue and issuer risks matter."",""signed_deviation_bps"":2.7500000000002522,""watch_threshold_bps"":10.0}"
2026-09-11T03:14:48+00:00,stable_dislocation_error,USDC:Bybit:error,USDC,n/a,Bybit,0.000000,-9999.000000,NO,,"{""error"":""HTTP Error 403: Forbidden""}"
2026-09-11T03:14:48+00:00,stable_dislocation,FDUSD:Binance,FDUSD,below peg,Binance,11.500000,11.500000,YES,112387.24,"{""mid"":0.99885,""note"":""Peg deviation is a research signal; redemption, venue and issuer risks matter."",""signed_deviation_bps"":-11.499999999999844,""watch_threshold_bps"":10.0}"
2026-09-11T03:14:48+00:00,stable_dislocation_error,FDUSD:Bybit:error,FDUSD,n/a,Bybit,0.000000,-9999.000000,NO,,"{""error"":""HTTP Error 403: Forbidden""}"
2026-09-11T04:34:56+00:00,cex_triangle,ETH:USDT-BTC-ETH-USDT,ETH,USDT->BTC->ETH->USDT,Binance,-6.000930,-43.952955,NO,30314.47,"{""extra_buffer_bps"":8.0,""fee_bps_per_leg"":10.0,""top_of_book_only"":true}"
2026-09-11T04:34:56+00:00,cex_triangle,ETH:USDT-ETH-BTC-USDT,ETH,USDT->ETH->BTC->USDT,Binance,2.826886,-35.151596,NO,12407.01,"{""extra_buffer_bps"":8.0,""fee_bps_per_leg"":10.0,""top_of_book_only"":true}"
2026-09-11T04:34:56+00:00,cex_triangle,SOL:USDT-BTC-SOL-USDT,SOL,USDT->BTC->SOL->USDT,Binance,-2.945099,-40.906283,NO,2483.76,"{""extra_buffer_bps"":8.0,""fee_bps_per_leg"":10.0,""top_of_book_only"":true}"
2026-09-11T04:34:56+00:00,cex_triangle,SOL:USDT-SOL-BTC-USDT,SOL,USDT->SOL->BTC->USDT,Binance,1.169144,-36.804370,NO,189.38,"{""extra_buffer_bps"":8.0,""fee_bps_per_leg"":10.0,""top_of_book_only"":true}"
2026-09-11T04:34:56+00:00,stable_dislocation,USDC:Binance,USDC,above peg,Binance,2.350000,2.350000,NO,8008750.59,"{""mid"":1.000235,""note"":""Peg deviation is a research signal; redemption, venue and issuer risks matter."",""signed_deviation_bps"":2.349999999999852,""watch_threshold_bps"":10.0}"
2026-09-11T04:34:56+00:00,stable_dislocation_error,USDC:Bybit:error,USDC,n/a,Bybit,0.000000,-9999.000000,NO,,"{""error"":""HTTP Error 403: Forbidden""}"
2026-09-11T04:34:56+00:00,stable_dislocation,FDUSD:Binance,FDUSD,below peg,Binance,10.500000,10.500000,YES,35603.79,"{""mid"":0.99895,""note"":""Peg deviation is a research signal; redemption, venue and issuer risks matter."",""signed_deviation_bps"":-10.499999999999954,""watch_threshold_bps"":10.0}"
2026-09-11T04:34:56+00:00,stable_dislocation_error,FDUSD:Bybit:error,FDUSD,n/a,Bybit,0.000000,-9999.000000,NO,,"{""error"":""HTTP Error 403: Forbidden""}"
2026-09-11T06:01:04+00:00,cex_triangle,ETH:USDT-BTC-ETH-USDT,ETH,USDT->BTC->ETH->USDT,Binance,-2.265085,-40.228306,NO,86341.61,"{""extra_buffer_bps"":8.0,""fee_bps_per_leg"":10.0,""top_of_book_only"":true}"
2026-09-11T06:01:04+00:00,cex_triangle,ETH:USDT-ETH-BTC-USDT,ETH,USDT->ETH->BTC->USDT,Binance,-0.905835,-38.873130,NO,38787.65,"{""extra_buffer_bps"":8.0,""fee_bps_per_leg"":10.0,""top_of_book_only"":true}"
2026-09-11T06:01:04+00:00,cex_triangle,SOL:USDT-BTC-SOL-USDT,SOL,USDT->BTC->SOL->USDT,Binance,0.071985,-37.898241,NO,1098.46,"{""extra_buffer_bps"":8.0,""fee_bps_per_leg"":10.0,""top_of_book_only"":true}"
2026-09-11T06:01:04+00:00,cex_triangle,SOL:USDT-SOL-BTC-USDT,SOL,USDT->SOL->BTC->USDT,Binance,-1.847725,-39.812198,NO,534.90,"{""extra_buffer_bps"":8.0,""fee_bps_per_leg"":10.0,""top_of_book_only"":true}"
2026-09-11T06:01:04+00:00,stable_dislocation,USDC:Binance,USDC,above peg,Binance,2.550000,2.550000,NO,2845958.76,"{""mid"":1.0002550000000001,""note"":""Peg deviation is a research signal; redemption, venue and issuer risks matter."",""signed_deviation_bps"":2.5500000000011624,""watch_threshold_bps"":10.0}"
2026-09-11T06:01:04+00:00,stable_dislocation_error,USDC:Bybit:error,USDC,n/a,Bybit,0.000000,-9999.000000,NO,,"{""error"":""HTTP Error 403: Forbidden""}"
2026-09-11T06:01:04+00:00,stable_dislocation,FDUSD:Binance,FDUSD,below peg,Binance,10.500000,10.500000,YES,9607.42,"{""mid"":0.99895,""note"":""Peg deviation is a research signal; redemption, venue and issuer risks matter."",""signed_deviation_bps"":-10.499999999999954,""watch_threshold_bps"":10.0}"
2026-09-11T06:01:04+00:00,stable_dislocation_error,FDUSD:Bybit:error,FDUSD,n/a,Bybit,0.000000,-9999.000000,NO,,"{""error"":""HTTP Error 403: Forbidden""}"
2026-09-11T06:32:40+00:00,cex_triangle,ETH:USDT-BTC-ETH-USDT,ETH,USDT->BTC->ETH->USDT,Binance,-8.650817,-46.594900,NO,4945.34,"{""extra_buffer_bps"":8.0,""fee_bps_per_leg"":10.0,""top_of_book_only"":true}"
2026-09-11T06:32:40+00:00,cex_triangle,ETH:USDT-ETH-BTC-USDT,ETH,USDT->ETH->BTC->USDT,Binance,5.481854,-32.504586,NO,10875.56,"{""extra_buffer_bps"":8.0,""fee_bps_per_leg"":10.0,""top_of_book_only"":true}"
2026-09-11T06:32:40+00:00,cex_triangle,SOL:USDT-BTC-SOL-USDT,SOL,USDT->BTC->SOL->USDT,Binance,-6.859301,-44.808754,NO,5250.12,"{""extra_buffer_bps"":8.0,""fee_bps_per_leg"":10.0,""top_of_book_only"":true}"
2026-09-11T06:32:40+00:00,cex_triangle,SOL:USDT-SOL-BTC-USDT,SOL,USDT->SOL->BTC->USDT,Binance,5.082522,-32.902720,NO,122.81,"{""extra_buffer_bps"":8.0,""fee_bps_per_leg"":10.0,""top_of_book_only"":true}"
2026-09-11T06:32:40+00:00,stable_dislocation,USDC:Binance,USDC,above peg,Binance,2.750000,2.750000,NO,3778855.78,"{""mid"":1.000275,""note"":""Peg deviation is a research signal; redemption, venue and issuer risks matter."",""signed_deviation_bps"":2.7500000000002522,""watch_threshold_bps"":10.0}"
2026-09-11T06:32:40+00:00,stable_dislocation_error,USDC:Bybit:error,USDC,n/a,Bybit,0.000000,-9999.000000,NO,,"{""error"":""HTTP Error 403: Forbidden""}"
2026-09-11T06:32:40+00:00,stable_dislocation,FDUSD:Binance,FDUSD,below peg,Binance,11.500000,11.500000,YES,1198.68,"{""mid"":0.99885,""note"":""Peg deviation is a research signal; redemption, venue and issuer risks matter."",""signed_deviation_bps"":-11.499999999999844,""watch_threshold_bps"":10.0}"
2026-09-11T06:32:40+00:00,stable_dislocation_error,FDUSD:Bybit:error,FDUSD,n/a,Bybit,0.000000,-9999.000000,NO,,"{""error"":""HTTP Error 403: Forbidden""}"
2026-09-11T08:31:14+00:00,cex_triangle,ETH:USDT-BTC-ETH-USDT,ETH,USDT->BTC->ETH->USDT,Binance,1.554425,-36.420244,NO,2387.93,"{""extra_buffer_bps"":8.0,""fee_bps_per_leg"":10.0,""top_of_book_only"":true}"
2026-09-11T08:31:14+00:00,cex_triangle,ETH:USDT-ETH-BTC-USDT,ETH,USDT->ETH->BTC->USDT,Binance,-4.715358,-42.671236,NO,64556.73,"{""extra_buffer_bps"":8.0,""fee_bps_per_leg"":10.0,""top_of_book_only"":true}"
2026-09-11T08:31:14+00:00,cex_triangle,SOL:USDT-BTC-SOL-USDT,SOL,USDT->BTC->SOL->USDT,Binance,1.158565,-36.814917,NO,2174.84,"{""extra_buffer_bps"":8.0,""fee_bps_per_leg"":10.0,""top_of_book_only"":true}"
2026-09-11T08:31:14+00:00,cex_triangle,SOL:USDT-SOL-BTC-USDT,SOL,USDT->SOL->BTC->USDT,Binance,-2.931216,-40.892442,NO,300.51,"{""extra_buffer_bps"":8.0,""fee_bps_per_leg"":10.0,""top_of_book_only"":true}"
2026-09-11T08:31:14+00:00,stable_dislocation,USDC:Binance,USDC,above peg,Binance,2.950000,2.950000,NO,2142551.16,"{""mid"":1.000295,""note"":""Peg deviation is a research signal; redemption, venue and issuer risks matter."",""signed_deviation_bps"":2.949999999999342,""watch_threshold_bps"":10.0}"
2026-09-11T08:31:14+00:00,stable_dislocation_error,USDC:Bybit:error,USDC,n/a,Bybit,0.000000,-9999.000000,NO,,"{""error"":""HTTP Error 403: Forbidden""}"
2026-09-11T08:31:14+00:00,stable_dislocation,FDUSD:Binance,FDUSD,below peg,Binance,10.500000,10.500000,YES,10453.49,"{""mid"":0.99895,""note"":""Peg deviation is a research signal; redemption, venue and issuer risks matter."",""signed_deviation_bps"":-10.499999999999954,""watch_threshold_bps"":10.0}"
2026-09-11T08:31:14+00:00,stable_dislocation_error,FDUSD:Bybit:error,FDUSD,n/a,Bybit,0.000000,-9999.000000,NO,,"{""error"":""HTTP Error 403: Forbidden""}"
2026-09-11T09:15:18+00:00,cex_triangle,ETH:USDT-BTC-ETH-USDT,ETH,USDT->BTC->ETH->USDT,Binance,-2.189909,-40.153356,NO,78846.41,"{""extra_buffer_bps"":8.0,""fee_bps_per_leg"":10.0,""top_of_book_only"":true}"
2026-09-11T09:15:18+00:00,cex_triangle,ETH:USDT-ETH-BTC-USDT,ETH,USDT->ETH->BTC->USDT,Binance,-0.975056,-38.942143,NO,57472.89,"{""extra_buffer_bps"":8.0,""fee_bps_per_leg"":10.0,""top_of_book_only"":true}"
2026-09-11T09:15:18+00:00,cex_triangle,SOL:USDT-BTC-SOL-USDT,SOL,USDT->BTC->SOL->USDT,Binance,-1.731914,-39.696733,NO,1588.95,"{""extra_buffer_bps"":8.0,""fee_bps_per_leg"":10.0,""top_of_book_only"":true}"
2026-09-11T09:15:18+00:00,cex_triangle,SOL:USDT-SOL-BTC-USDT,SOL,USDT->SOL->BTC->USDT,Binance,-0.047012,-38.016881,NO,1573.22,"{""extra_buffer_bps"":8.0,""fee_bps_per_leg"":10.0,""top_of_book_only"":true}"
2026-09-11T09:15:18+00:00,stable_dislocation,USDC:Binance,USDC,above peg,Binance,2.750000,2.750000,NO,2708359.06,"{""mid"":1.000275,""note"":""Peg deviation is a research signal; redemption, venue and issuer risks matter."",""signed_deviation_bps"":2.7500000000002522,""watch_threshold_bps"":10.0}"
2026-09-11T09:15:18+00:00,stable_dislocation_error,USDC:Bybit:error,USDC,n/a,Bybit,0.000000,-9999.000000,NO,,"{""error"":""HTTP Error 403: Forbidden""}"
2026-09-11T09:15:18+00:00,stable_dislocation,FDUSD:Binance,FDUSD,below peg,Binance,11.500000,11.500000,YES,12198.57,"{""mid"":0.99885,""note"":""Peg deviation is a research signal; redemption, venue and issuer risks matter."",""signed_deviation_bps"":-11.499999999999844,""watch_threshold_bps"":10.0}"
2026-09-11T09:15:18+00:00,stable_dislocation_error,FDUSD:Bybit:error,FDUSD,n/a,Bybit,0.000000,-9999.000000,NO,,"{""error"":""HTTP Error 403: Forbidden""}"
2026-09-11T09:34:31+00:00,cex_triangle,ETH:USDT-BTC-ETH-USDT,ETH,USDT->BTC->ETH->USDT,Binance,-2.178363,-40.141845,NO,64492.41,"{""extra_buffer_bps"":8.0,""fee_bps_per_leg"":10.0,""top_of_book_only"":true}"
2026-09-11T09:34:31+00:00,cex_triangle,ETH:USDT-ETH-BTC-USDT,ETH,USDT->ETH->BTC->USDT,Binance,-0.981765,-38.948832,NO,84226.52,"{""extra_buffer_bps"":8.0,""fee_bps_per_leg"":10.0,""top_of_book_only"":true}"
2026-09-11T09:34:31+00:00,cex_triangle,SOL:USDT-BTC-SOL-USDT,SOL,USDT->BTC->SOL->USDT,Binance,-1.449973,-39.415638,NO,593.03,"{""extra_buffer_bps"":8.0,""fee_bps_per_leg"":10.0,""top_of_book_only"":true}"
2026-09-11T09:34:31+00:00,cex_triangle,SOL:USDT-SOL-BTC-USDT,SOL,USDT->SOL->BTC->USDT,Binance,-0.329745,-38.298767,NO,782.22,"{""extra_buffer_bps"":8.0,""fee_bps_per_leg"":10.0,""top_of_book_only"":true}"
2026-09-11T09:34:31+00:00,stable_dislocation,USDC:Binance,USDC,above peg,Binance,2.650000,2.650000,NO,5891554.41,"{""mid"":1.000265,""note"":""Peg deviation is a research signal; redemption, venue and issuer risks matter."",""signed_deviation_bps"":2.649999999999597,""watch_threshold_bps"":10.0}"
2026-09-11T09:34:31+00:00,stable_dislocation_error,USDC:Bybit:error,USDC,n/a,Bybit,0.000000,-9999.000000,NO,,"{""error"":""HTTP Error 403: Forbidden""}"
2026-09-11T09:34:31+00:00,stable_dislocation,FDUSD:Binance,FDUSD,below peg,Binance,11.500000,11.500000,YES,8535.60,"{""mid"":0.99885,""note"":""Peg deviation is a research signal; redemption, venue and issuer risks matter."",""signed_deviation_bps"":-11.499999999999844,""watch_threshold_bps"":10.0}"
2026-09-11T09:34:31+00:00,stable_dislocation_error,FDUSD:Bybit:error,FDUSD,n/a,Bybit,0.000000,-9999.000000,NO,,"{""error"":""HTTP Error 403: Forbidden""}"
2026-09-11T11:20:26+00:00,cex_triangle,ETH:USDT-BTC-ETH-USDT,ETH,USDT->BTC->ETH->USDT,Binance,-1.220113,-39.186466,NO,35898.90,"{""extra_buffer_bps"":8.0,""fee_bps_per_leg"":10.0,""top_of_book_only"":true}"
2026-09-11T11:20:26+00:00,cex_triangle,ETH:USDT-ETH-BTC-USDT,ETH,USDT->ETH->BTC->USDT,Binance,-1.950067,-39.914233,NO,72499.39,"{""extra_buffer_bps"":8.0,""fee_bps_per_leg"":10.0,""top_of_book_only"":true}"
2026-09-11T11:20:26+00:00,cex_triangle,SOL:USDT-BTC-SOL-USDT,SOL,USDT->BTC->SOL->USDT,Binance,-1.692717,-39.657653,NO,1358.74,"{""extra_buffer_bps"":8.0,""fee_bps_per_leg"":10.0,""top_of_book_only"":true}"
2026-09-11T11:20:26+00:00,cex_triangle,SOL:USDT-SOL-BTC-USDT,SOL,USDT->SOL->BTC->USDT,Binance,-0.095634,-38.065357,NO,1508.48,"{""extra_buffer_bps"":8.0,""fee_bps_per_leg"":10.0,""top_of_book_only"":true}"
2026-09-11T11:20:26+00:00,stable_dislocation,USDC:Binance,USDC,above peg,Binance,3.250000,3.250000,NO,2028986.34,"{""mid"":1.0003250000000001,""note"":""Peg deviation is a research signal; redemption, venue and issuer risks matter."",""signed_deviation_bps"":3.2500000000013074,""watch_threshold_bps"":10.0}"
2026-09-11T11:20:26+00:00,stable_dislocation_error,USDC:Bybit:error,USDC,n/a,Bybit,0.000000,-9999.000000,NO,,"{""error"":""HTTP Error 403: Forbidden""}"
2026-09-11T11:20:26+00:00,stable_dislocation,FDUSD:Binance,FDUSD,below peg,Binance,10.500000,10.500000,YES,43919.64,"{""mid"":0.99895,""note"":""Peg deviation is a research signal; redemption, venue and issuer risks matter."",""signed_deviation_bps"":-10.499999999999954,""watch_threshold_bps"":10.0}"
2026-09-11T11:20:26+00:00,stable_dislocation_error,FDUSD:Bybit:error,FDUSD,n/a,Bybit,0.000000,-9999.000000,NO,,"{""error"":""HTTP Error 403: Forbidden""}"
2026-09-11T12:51:02+00:00,cex_triangle,ETH:USDT-BTC-ETH-USDT,ETH,USDT->BTC->ETH->USDT,Binance,9.411479,-28.586737,NO,95674.75,"{""extra_buffer_bps"":8.0,""fee_bps_per_leg"":10.0,""top_of_book_only"":true}"
2026-09-11T12:51:02+00:00,cex_triangle,ETH:USDT-ETH-BTC-USDT,ETH,USDT->ETH->BTC->USDT,Binance,-12.546291,-50.478700,NO,50977.54,"{""extra_buffer_bps"":8.0,""fee_bps_per_leg"":10.0,""top_of_book_only"":true}"
2026-09-11T12:51:02+00:00,cex_triangle,SOL:USDT-BTC-SOL-USDT,SOL,USDT->BTC->SOL->USDT,Binance,8.986793,-29.010150,NO,1100.64,"{""extra_buffer_bps"":8.0,""fee_bps_per_leg"":10.0,""top_of_book_only"":true}"
2026-09-11T12:51:02+00:00,cex_triangle,SOL:USDT-SOL-BTC-USDT,SOL,USDT->SOL->BTC->USDT,Binance,-11.496213,-49.431769,NO,509.21,"{""extra_buffer_bps"":8.0,""fee_bps_per_leg"":10.0,""top_of_book_only"":true}"
2026-09-11T12:51:02+00:00,stable_dislocation,USDC:Binance,USDC,above peg,Binance,3.300000,3.300000,NO,3123234.12,"{""mid"":1.00033,""note"":""Peg deviation is a research signal; redemption, venue and issuer risks matter."",""signed_deviation_bps"":3.2999999999994145,""watch_threshold_bps"":10.0}"
2026-09-11T12:51:02+00:00,stable_dislocation_error,USDC:Bybit:error,USDC,n/a,Bybit,0.000000,-9999.000000,NO,,"{""error"":""HTTP Error 403: Forbidden""}"
2026-09-11T12:51:02+00:00,stable_dislocation,FDUSD:Binance,FDUSD,below peg,Binance,8.500000,8.500000,NO,251310.62,"{""mid"":0.99915,""note"":""Peg deviation is a research signal; redemption, venue and issuer risks matter."",""signed_deviation_bps"":-8.500000000000174,""watch_threshold_bps"":10.0}"
2026-09-11T12:51:02+00:00,stable_dislocation_error,FDUSD:Bybit:error,FDUSD,n/a,Bybit,0.000000,-9999.000000,NO,,"{""error"":""HTTP Error 403: Forbidden""}"
2026-09-11T13:09:36+00:00,cex_triangle,ETH:USDT-BTC-ETH-USDT,ETH,USDT->BTC->ETH->USDT,Binance,-3.737969,-41.696777,NO,10873.94,"{""extra_buffer_bps"":8.0,""fee_bps_per_leg"":10.0,""top_of_book_only"":true}"
2026-09-11T13:09:36+00:00,cex_triangle,ETH:USDT-ETH-BTC-USDT,ETH,USDT->ETH->BTC->USDT,Binance,0.590320,-37.381459,NO,70291.92,"{""extra_buffer_bps"":8.0,""fee_bps_per_leg"":10.0,""top_of_book_only"":true}"
2026-09-11T13:09:36+00:00,cex_triangle,SOL:USDT-BTC-SOL-USDT,SOL,USDT->BTC->SOL->USDT,Binance,-2.466992,-40.429609,NO,1837.35,"{""extra_buffer_bps"":8.0,""fee_bps_per_leg"":10.0,""top_of_book_only"":true}"
2026-09-11T13:09:36+00:00,cex_triangle,SOL:USDT-SOL-BTC-USDT,SOL,USDT->SOL->BTC->USDT,Binance,0.711841,-37.260302,NO,1212.55,"{""extra_buffer_bps"":8.0,""fee_bps_per_leg"":10.0,""top_of_book_only"":true}"
2026-09-11T13:09:36+00:00,stable_dislocation,USDC:Binance,USDC,above peg,Binance,2.750000,2.750000,NO,995831.80,"{""mid"":1.000275,""note"":""Peg deviation is a research signal; redemption, venue and issuer risks matter."",""signed_deviation_bps"":2.7500000000002522,""watch_threshold_bps"":10.0}"
2026-09-11T13:09:36+00:00,stable_dislocation_error,USDC:Bybit:error,USDC,n/a,Bybit,0.000000,-9999.000000,NO,,"{""error"":""HTTP Error 403: Forbidden""}"
2026-09-11T13:09:36+00:00,stable_dislocation,FDUSD:Binance,FDUSD,below peg,Binance,10.500000,10.500000,YES,509549.88,"{""mid"":0.99895,""note"":""Peg deviation is a research signal; redemption, venue and issuer risks matter."",""signed_deviation_bps"":-10.499999999999954,""watch_threshold_bps"":10.0}"
2026-09-11T13:09:36+00:00,stable_dislocation_error,FDUSD:Bybit:error,FDUSD,n/a,Bybit,0.000000,-9999.000000,NO,,"{""error"":""HTTP Error 403: Forbidden""}"
2026-09-11T13:24:27+00:00,cex_triangle,ETH:USDT-BTC-ETH-USDT,ETH,USDT->BTC->ETH->USDT,Binance,-0.721705,-38.689552,NO,71349.30,"{""extra_buffer_bps"":8.0,""fee_bps_per_leg"":10.0,""top_of_book_only"":true}"
2026-09-11T13:24:27+00:00,cex_triangle,ETH:USDT-ETH-BTC-USDT,ETH,USDT->ETH->BTC->USDT,Binance,-2.418463,-40.381225,NO,51558.79,"{""extra_buffer_bps"":8.0,""fee_bps_per_leg"":10.0,""top_of_book_only"":true}"
2026-09-11T13:24:27+00:00,cex_triangle,SOL:USDT-BTC-SOL-USDT,SOL,USDT->BTC->SOL->USDT,Binance,-2.073727,-40.037522,NO,1291.40,"{""extra_buffer_bps"":8.0,""fee_bps_per_leg"":10.0,""top_of_book_only"":true}"
2026-09-11T13:24:27+00:00,cex_triangle,SOL:USDT-SOL-BTC-USDT,SOL,USDT->SOL->BTC->USDT,Binance,0.320710,-37.650261,NO,1098.60,"{""extra_buffer_bps"":8.0,""fee_bps_per_leg"":10.0,""top_of_book_only"":true}"
2026-09-11T13:24:27+00:00,stable_dislocation,USDC:Binance,USDC,above peg,Binance,2.750000,2.750000,NO,3202953.58,"{""mid"":1.000275,""note"":""Peg deviation is a research signal; redemption, venue and issuer risks matter."",""signed_deviation_bps"":2.7500000000002522,""watch_threshold_bps"":10.0}"
2026-09-11T13:24:27+00:00,stable_dislocation_error,USDC:Bybit:error,USDC,n/a,Bybit,0.000000,-9999.000000,NO,,"{""error"":""HTTP Error 403: Forbidden""}"
2026-09-11T13:24:27+00:00,stable_dislocation,FDUSD:Binance,FDUSD,below peg,Binance,10.500000,10.500000,YES,394406.67,"{""mid"":0.99895,""note"":""Peg deviation is a research signal; redemption, venue and issuer risks matter."",""signed_deviation_bps"":-10.499999999999954,""watch_threshold_bps"":10.0}"
2026-09-11T13:24:27+00:00,stable_dislocation_error,FDUSD:Bybit:error,FDUSD,n/a,Bybit,0.000000,-9999.000000,NO,,"{""error"":""HTTP Error 403: Forbidden""}"
2026-09-11T14:20:40+00:00,cex_triangle,ETH:USDT-BTC-ETH-USDT,ETH,USDT->BTC->ETH->USDT,Binance,4.287895,-33.694965,NO,16133.87,"{""extra_buffer_bps"":8.0,""fee_bps_per_leg"":10.0,""top_of_book_only"":true}"
2026-09-11T14:20:40+00:00,cex_triangle,ETH:USDT-ETH-BTC-USDT,ETH,USDT->ETH->BTC->USDT,Binance,-7.348102,-45.296090,NO,38048.13,"{""extra_buffer_bps"":8.0,""fee_bps_per_leg"":10.0,""top_of_book_only"":true}"
2026-09-11T14:20:40+00:00,cex_triangle,SOL:USDT-BTC-SOL-USDT,SOL,USDT->BTC->SOL->USDT,Binance,5.318917,-32.667034,NO,196.91,"{""extra_buffer_bps"":8.0,""fee_bps_per_leg"":10.0,""top_of_book_only"":true}"
2026-09-11T14:20:40+00:00,cex_triangle,SOL:USDT-SOL-BTC-USDT,SOL,USDT->SOL->BTC->USDT,Binance,-7.042029,-44.990935,NO,1301.36,"{""extra_buffer_bps"":8.0,""fee_bps_per_leg"":10.0,""top_of_book_only"":true}"
2026-09-11T14:20:40+00:00,stable_dislocation,USDC:Binance,USDC,above peg,Binance,2.750000,2.750000,NO,1298114.37,"{""mid"":1.000275,""note"":""Peg deviation is a research signal; redemption, venue and issuer risks matter."",""signed_deviation_bps"":2.7500000000002522,""watch_threshold_bps"":10.0}"
2026-09-11T14:20:40+00:00,stable_dislocation_error,USDC:Bybit:error,USDC,n/a,Bybit,0.000000,-9999.000000,NO,,"{""error"":""HTTP Error 403: Forbidden""}"
2026-09-11T14:20:40+00:00,stable_dislocation,FDUSD:Binance,FDUSD,below peg,Binance,10.500000,10.500000,YES,429596.92,"{""mid"":0.99895,""note"":""Peg deviation is a research signal; redemption, venue and issuer risks matter."",""signed_deviation_bps"":-10.499999999999954,""watch_threshold_bps"":10.0}"
2026-09-11T14:20:40+00:00,stable_dislocation_error,FDUSD:Bybit:error,FDUSD,n/a,Bybit,0.000000,-9999.000000,NO,,"{""error"":""HTTP Error 403: Forbidden""}"
2026-09-11T15:09:22+00:00,cex_triangle,ETH:USDT-BTC-ETH-USDT,ETH,USDT->BTC->ETH->USDT,Binance,-5.098854,-43.053583,NO,2361.73,"{""extra_buffer_bps"":8.0,""fee_bps_per_leg"":10.0,""top_of_book_only"":true}"
2026-09-11T15:09:22+00:00,cex_triangle,ETH:USDT-ETH-BTC-USDT,ETH,USDT->ETH->BTC->USDT,Binance,2.045525,-35.930615,NO,20067.38,"{""extra_buffer_bps"":8.0,""fee_bps_per_leg"":10.0,""top_of_book_only"":true}"
2026-09-11T15:09:22+00:00,cex_triangle,SOL:USDT-BTC-SOL-USDT,SOL,USDT->BTC->SOL->USDT,Binance,-2.114805,-40.078477,NO,1312.15,"{""extra_buffer_bps"":8.0,""fee_bps_per_leg"":10.0,""top_of_book_only"":true}"
2026-09-11T15:09:22+00:00,cex_triangle,SOL:USDT-SOL-BTC-USDT,SOL,USDT->SOL->BTC->USDT,Binance,0.380442,-37.590708,NO,1859.28,"{""extra_buffer_bps"":8.0,""fee_bps_per_leg"":10.0,""top_of_book_only"":true}"
2026-09-11T15:09:22+00:00,stable_dislocation,USDC:Binance,USDC,above peg,Binance,1.450000,1.450000,NO,768137.52,"{""mid"":1.000145,""note"":""Peg deviation is a research signal; redemption, venue and issuer risks matter."",""signed_deviation_bps"":1.4500000000006175,""watch_threshold_bps"":10.0}"
2026-09-11T15:09:22+00:00,stable_dislocation_error,USDC:Bybit:error,USDC,n/a,Bybit,0.000000,-9999.000000,NO,,"{""error"":""HTTP Error 403: Forbidden""}"
2026-09-11T15:09:22+00:00,stable_dislocation,FDUSD:Binance,FDUSD,below peg,Binance,11.500000,11.500000,YES,561567.31,"{""mid"":0.99885,""note"":""Peg deviation is a research signal; redemption, venue and issuer risks matter."",""signed_deviation_bps"":-11.499999999999844,""watch_threshold_bps"":10.0}"
2026-09-11T15:09:22+00:00,stable_dislocation_error,FDUSD:Bybit:error,FDUSD,n/a,Bybit,0.000000,-9999.000000,NO,,"{""error"":""HTTP Error 403: Forbidden""}"
2026-09-11T15:27:21+00:00,cex_triangle,ETH:USDT-BTC-ETH-USDT,ETH,USDT->BTC->ETH->USDT,Binance,4.210011,-33.772616,NO,32149.57,"{""extra_buffer_bps"":8.0,""fee_bps_per_leg"":10.0,""top_of_book_only"":true}"
2026-09-11T15:27:21+00:00,cex_triangle,ETH:USDT-ETH-BTC-USDT,ETH,USDT->ETH->BTC->USDT,Binance,-7.258505,-45.206761,NO,25343.33,"{""extra_buffer_bps"":8.0,""fee_bps_per_leg"":10.0,""top_of_book_only"":true}"
2026-09-11T15:27:21+00:00,cex_triangle,SOL:USDT-BTC-SOL-USDT,SOL,USDT->BTC->SOL->USDT,Binance,2.625240,-35.352638,NO,1130.11,"{""extra_buffer_bps"":8.0,""fee_bps_per_leg"":10.0,""top_of_book_only"":true}"
2026-09-11T15:27:21+00:00,cex_triangle,SOL:USDT-SOL-BTC-USDT,SOL,USDT->SOL->BTC->USDT,Binance,-4.352908,-42.309872,NO,1430.85,"{""extra_buffer_bps"":8.0,""fee_bps_per_leg"":10.0,""top_of_book_only"":true}"
2026-09-11T15:27:21+00:00,stable_dislocation,USDC:Binance,USDC,above peg,Binance,1.250000,1.250000,NO,1783217.79,"{""mid"":1.000125,""note"":""Peg deviation is a research signal; redemption, venue and issuer risks matter."",""signed_deviation_bps"":1.2499999999993072,""watch_threshold_bps"":10.0}"
2026-09-11T15:27:21+00:00,stable_dislocation_error,USDC:Bybit:error,USDC,n/a,Bybit,0.000000,-9999.000000,NO,,"{""error"":""HTTP Error 403: Forbidden""}"
2026-09-11T15:27:21+00:00,stable_dislocation,FDUSD:Binance,FDUSD,below peg,Binance,11.500000,11.500000,YES,412361.57,"{""mid"":0.99885,""note"":""Peg deviation is a research signal; redemption, venue and issuer risks matter."",""signed_deviation_bps"":-11.499999999999844,""watch_threshold_bps"":10.0}"
2026-09-11T15:27:21+00:00,stable_dislocation_error,FDUSD:Bybit:error,FDUSD,n/a,Bybit,0.000000,-9999.000000,NO,,"{""error"":""HTTP Error 403: Forbidden""}"
2026-09-11T17:10:56+00:00,cex_triangle,ETH:USDT-BTC-ETH-USDT,ETH,USDT->BTC->ETH->USDT,Binance,-5.755944,-43.708704,NO,39890.56,"{""extra_buffer_bps"":8.0,""fee_bps_per_leg"":10.0,""top_of_book_only"":true}"
2026-09-11T17:10:56+00:00,cex_triangle,ETH:USDT-ETH-BTC-USDT,ETH,USDT->ETH->BTC->USDT,Binance,2.695297,-35.282790,NO,10365.61,"{""extra_buffer_bps"":8.0,""fee_bps_per_leg"":10.0,""top_of_book_only"":true}"
2026-09-11T17:10:56+00:00,cex_triangle,SOL:USDT-BTC-SOL-USDT,SOL,USDT->BTC->SOL->USDT,Binance,-2.568603,-40.530914,NO,2575.24,"{""extra_buffer_bps"":8.0,""fee_bps_per_leg"":10.0,""top_of_book_only"":true}"
2026-09-11T17:10:56+00:00,cex_triangle,SOL:USDT-SOL-BTC-USDT,SOL,USDT->SOL->BTC->USDT,Binance,0.827615,-37.144876,NO,1670.28,"{""extra_buffer_bps"":8.0,""fee_bps_per_leg"":10.0,""top_of_book_only"":true}"
2026-09-11T17:10:56+00:00,stable_dislocation,USDC:Binance,USDC,above peg,Binance,0.650000,0.650000,NO,1610624.74,"{""mid"":1.000065,""note"":""Peg deviation is a research signal; redemption, venue and issuer risks matter."",""signed_deviation_bps"":0.6499999999998174,""watch_threshold_bps"":10.0}"
2026-09-11T17:10:56+00:00,stable_dislocation_error,USDC:Bybit:error,USDC,n/a,Bybit,0.000000,-9999.000000,NO,,"{""error"":""HTTP Error 403: Forbidden""}"
2026-09-11T17:10:56+00:00,stable_dislocation,FDUSD:Binance,FDUSD,below peg,Binance,10.500000,10.500000,YES,165014.28,"{""mid"":0.99895,""note"":""Peg deviation is a research signal; redemption, venue and issuer risks matter."",""signed_deviation_bps"":-10.499999999999954,""watch_threshold_bps"":10.0}"
2026-09-11T17:10:56+00:00,stable_dislocation_error,FDUSD:Bybit:error,FDUSD,n/a,Bybit,0.000000,-9999.000000,NO,,"{""error"":""HTTP Error 403: Forbidden""}"
2026-09-11T18:24:54+00:00,cex_triangle,ETH:USDT-BTC-ETH-USDT,ETH,USDT->BTC->ETH->USDT,Binance,-1.011792,-38.978769,NO,11454.23,"{""extra_buffer_bps"":8.0,""fee_bps_per_leg"":10.0,""top_of_book_only"":true}"
2026-09-11T18:24:54+00:00,cex_triangle,ETH:USDT-ETH-BTC-USDT,ETH,USDT->ETH->BTC->USDT,Binance,-2.062071,-40.025901,NO,24600.81,"{""extra_buffer_bps"":8.0,""fee_bps_per_leg"":10.0,""top_of_book_only"":true}"
2026-09-11T18:24:54+00:00,cex_triangle,SOL:USDT-BTC-SOL-USDT,SOL,USDT->BTC->SOL->USDT,Binance,0.135356,-37.835060,NO,2021.92,"{""extra_buffer_bps"":8.0,""fee_bps_per_leg"":10.0,""top_of_book_only"":true}"
2026-09-11T18:24:54+00:00,cex_triangle,SOL:USDT-SOL-BTC-USDT,SOL,USDT->SOL->BTC->USDT,Binance,-1.885195,-39.849555,NO,1809.70,"{""extra_buffer_bps"":8.0,""fee_bps_per_leg"":10.0,""top_of_book_only"":true}"
2026-09-11T18:24:54+00:00,stable_dislocation,USDC:Binance,USDC,above peg,Binance,1.350000,1.350000,NO,4249323.82,"{""mid"":1.000135,""note"":""Peg deviation is a research signal; redemption, venue and issuer risks matter."",""signed_deviation_bps"":1.3499999999999623,""watch_threshold_bps"":10.0}"
2026-09-11T18:24:54+00:00,stable_dislocation_error,USDC:Bybit:error,USDC,n/a,Bybit,0.000000,-9999.000000,NO,,"{""error"":""HTTP Error 403: Forbidden""}"
2026-09-11T18:24:54+00:00,stable_dislocation,FDUSD:Binance,FDUSD,below peg,Binance,11.500000,11.500000,YES,148840.10,"{""mid"":0.99885,""note"":""Peg deviation is a research signal; redemption, venue and issuer risks matter."",""signed_deviation_bps"":-11.499999999999844,""watch_threshold_bps"":10.0}"
2026-09-11T18:24:54+00:00,stable_dislocation_error,FDUSD:Bybit:error,FDUSD,n/a,Bybit,0.000000,-9999.000000,NO,,"{""error"":""HTTP Error 403: Forbidden""}"
2026-09-11T18:34:40+00:00,cex_triangle,ETH:USDT-BTC-ETH-USDT,ETH,USDT->BTC->ETH->USDT,Binance,-4.030273,-41.988204,NO,50684.82,"{""extra_buffer_bps"":8.0,""fee_bps_per_leg"":10.0,""top_of_book_only"":true}"
2026-09-11T18:34:40+00:00,cex_triangle,ETH:USDT-ETH-BTC-USDT,ETH,USDT->ETH->BTC->USDT,Binance,0.957042,-37.015837,NO,23069.15,"{""extra_buffer_bps"":8.0,""fee_bps_per_leg"":10.0,""top_of_book_only"":true}"
2026-09-11T18:34:40+00:00,cex_triangle,SOL:USDT-BTC-SOL-USDT,SOL,USDT->BTC->SOL->USDT,Binance,-2.349673,-40.312641,NO,2025.61,"{""extra_buffer_bps"":8.0,""fee_bps_per_leg"":10.0,""top_of_book_only"":true}"
2026-09-11T18:34:40+00:00,cex_triangle,SOL:USDT-SOL-BTC-USDT,SOL,USDT->SOL->BTC->USDT,Binance,0.601971,-37.369843,NO,2132.29,"{""extra_buffer_bps"":8.0,""fee_bps_per_leg"":10.0,""top_of_book_only"":true}"
2026-09-11T18:34:40+00:00,stable_dislocation,USDC:Binance,USDC,above peg,Binance,1.650000,1.650000,NO,682192.13,"{""mid"":1.000165,""note"":""Peg deviation is a research signal; redemption, venue and issuer risks matter."",""signed_deviation_bps"":1.6499999999997073,""watch_threshold_bps"":10.0}"
2026-09-11T18:34:40+00:00,stable_dislocation_error,USDC:Bybit:error,USDC,n/a,Bybit,0.000000,-9999.000000,NO,,"{""error"":""HTTP Error 403: Forbidden""}"
2026-09-11T18:34:40+00:00,stable_dislocation,FDUSD:Binance,FDUSD,below peg,Binance,11.500000,11.500000,YES,111410.31,"{""mid"":0.99885,""note"":""Peg deviation is a research signal; redemption, venue and issuer risks matter."",""signed_deviation_bps"":-11.499999999999844,""watch_threshold_bps"":10.0}"
2026-09-11T18:34:40+00:00,stable_dislocation_error,FDUSD:Bybit:error,FDUSD,n/a,Bybit,0.000000,-9999.000000,NO,,"{""error"":""HTTP Error 403: Forbidden""}"
2026-09-11T19:45:37+00:00,cex_triangle,ETH:USDT-BTC-ETH-USDT,ETH,USDT->BTC->ETH->USDT,Binance,-2.706491,-40.668390,NO,27001.34,"{""extra_buffer_bps"":8.0,""fee_bps_per_leg"":10.0,""top_of_book_only"":true}"
2026-09-11T19:45:37+00:00,cex_triangle,ETH:USDT-ETH-BTC-USDT,ETH,USDT->ETH->BTC->USDT,Binance,-0.372807,-38.341700,NO,8159.78,"{""extra_buffer_bps"":8.0,""fee_bps_per_leg"":10.0,""top_of_book_only"":true}"
2026-09-11T19:45:37+00:00,cex_triangle,SOL:USDT-BTC-SOL-USDT,SOL,USDT->BTC->SOL->USDT,Binance,0.973056,-36.999870,NO,2468.59,"{""extra_buffer_bps"":8.0,""fee_bps_per_leg"":10.0,""top_of_book_only"":true}"
2026-09-11T19:45:37+00:00,cex_triangle,SOL:USDT-SOL-BTC-USDT,SOL,USDT->SOL->BTC->USDT,Binance,-2.717404,-40.679270,NO,2732.41,"{""extra_buffer_bps"":8.0,""fee_bps_per_leg"":10.0,""top_of_book_only"":true}"
2026-09-11T19:45:37+00:00,stable_dislocation,USDC:Binance,USDC,above peg,Binance,1.850000,1.850000,NO,1495232.09,"{""mid"":1.000185,""note"":""Peg deviation is a research signal; redemption, venue and issuer risks matter."",""signed_deviation_bps"":1.8500000000010175,""watch_threshold_bps"":10.0}"
2026-09-11T19:45:37+00:00,stable_dislocation_error,USDC:Bybit:error,USDC,n/a,Bybit,0.000000,-9999.000000,NO,,"{""error"":""HTTP Error 403: Forbidden""}"
2026-09-11T19:45:37+00:00,stable_dislocation,FDUSD:Binance,FDUSD,below peg,Binance,11.500000,11.500000,YES,225.75,"{""mid"":0.99885,""note"":""Peg deviation is a research signal; redemption, venue and issuer risks matter."",""signed_deviation_bps"":-11.499999999999844,""watch_threshold_bps"":10.0}"
2026-09-11T19:45:37+00:00,stable_dislocation_error,FDUSD:Bybit:error,FDUSD,n/a,Bybit,0.000000,-9999.000000,NO,,"{""error"":""HTTP Error 403: Forbidden""}"
2026-09-11T21:19:48+00:00,cex_triangle,ETH:USDT-BTC-ETH-USDT,ETH,USDT->BTC->ETH->USDT,Binance,-3.389625,-41.349476,NO,52239.98,"{""extra_buffer_bps"":8.0,""fee_bps_per_leg"":10.0,""top_of_book_only"":true}"
2026-09-11T21:19:48+00:00,cex_triangle,ETH:USDT-ETH-BTC-USDT,ETH,USDT->ETH->BTC->USDT,Binance,0.301208,-37.669704,NO,28182.79,"{""extra_buffer_bps"":8.0,""fee_bps_per_leg"":10.0,""top_of_book_only"":true}"
2026-09-11T21:19:48+00:00,cex_triangle,SOL:USDT-BTC-SOL-USDT,SOL,USDT->BTC->SOL->USDT,Binance,-2.101445,-40.065157,NO,3165.77,"{""extra_buffer_bps"":8.0,""fee_bps_per_leg"":10.0,""top_of_book_only"":true}"
2026-09-11T21:19:48+00:00,cex_triangle,SOL:USDT-SOL-BTC-USDT,SOL,USDT->SOL->BTC->USDT,Binance,0.375155,-37.595980,NO,2599.29,"{""extra_buffer_bps"":8.0,""fee_bps_per_leg"":10.0,""top_of_book_only"":true}"
2026-09-11T21:19:48+00:00,stable_dislocation,USDC:Binance,USDC,above peg,Binance,1.350000,1.350000,NO,612486.74,"{""mid"":1.000135,""note"":""Peg deviation is a research signal; redemption, venue and issuer risks matter."",""signed_deviation_bps"":1.3499999999999623,""watch_threshold_bps"":10.0}"
2026-09-11T21:19:48+00:00,stable_dislocation_error,USDC:Bybit:error,USDC,n/a,Bybit,0.000000,-9999.000000,NO,,"{""error"":""HTTP Error 403: Forbidden""}"
2026-09-11T21:19:48+00:00,stable_dislocation,FDUSD:Binance,FDUSD,below peg,Binance,11.500000,11.500000,YES,12743.97,"{""mid"":0.99885,""note"":""Peg deviation is a research signal; redemption, venue and issuer risks matter."",""signed_deviation_bps"":-11.499999999999844,""watch_threshold_bps"":10.0}"
2026-09-11T21:19:48+00:00,stable_dislocation_error,FDUSD:Bybit:error,FDUSD,n/a,Bybit,0.000000,-9999.000000,NO,,"{""error"":""HTTP Error 403: Forbidden""}"
2026-09-11T21:42:00+00:00,cex_triangle,ETH:USDT-BTC-ETH-USDT,ETH,USDT->BTC->ETH->USDT,Binance,-1.214297,-39.180668,NO,200.35,"{""extra_buffer_bps"":8.0,""fee_bps_per_leg"":10.0,""top_of_book_only"":true}"
2026-09-11T21:42:00+00:00,cex_triangle,ETH:USDT-ETH-BTC-USDT,ETH,USDT->ETH->BTC->USDT,Binance,-1.875409,-39.839799,NO,24964.91,"{""extra_buffer_bps"":8.0,""fee_bps_per_leg"":10.0,""top_of_book_only"":true}"
2026-09-11T21:42:00+00:00,cex_triangle,SOL:USDT-BTC-SOL-USDT,SOL,USDT->BTC->SOL->USDT,Binance,-0.334613,-38.303621,NO,161.70,"{""extra_buffer_bps"":8.0,""fee_bps_per_leg"":10.0,""top_of_book_only"":true}"
2026-09-11T21:42:00+00:00,cex_triangle,SOL:USDT-SOL-BTC-USDT,SOL,USDT->SOL->BTC->USDT,Binance,-1.395137,-39.360965,NO,2223.34,"{""extra_buffer_bps"":8.0,""fee_bps_per_leg"":10.0,""top_of_book_only"":true}"
2026-09-11T21:42:00+00:00,stable_dislocation,USDC:Binance,USDC,above peg,Binance,0.950000,0.950000,NO,969551.95,"{""mid"":1.000095,""note"":""Peg deviation is a research signal; redemption, venue and issuer risks matter."",""signed_deviation_bps"":0.9499999999995623,""watch_threshold_bps"":10.0}"
2026-09-11T21:42:00+00:00,stable_dislocation_error,USDC:Bybit:error,USDC,n/a,Bybit,0.000000,-9999.000000,NO,,"{""error"":""HTTP Error 403: Forbidden""}"
2026-09-11T21:42:00+00:00,stable_dislocation,FDUSD:Binance,FDUSD,below peg,Binance,11.500000,11.500000,YES,26410.92,"{""mid"":0.99885,""note"":""Peg deviation is a research signal; redemption, venue and issuer risks matter."",""signed_deviation_bps"":-11.499999999999844,""watch_threshold_bps"":10.0}"
2026-09-11T21:42:00+00:00,stable_dislocation_error,FDUSD:Bybit:error,FDUSD,n/a,Bybit,0.000000,-9999.000000,NO,,"{""error"":""HTTP Error 403: Forbidden""}"
2026-09-11T22:10:18+00:00,cex_triangle,ETH:USDT-BTC-ETH-USDT,ETH,USDT->BTC->ETH->USDT,Binance,-1.585158,-39.550417,NO,9512.71,"{""extra_buffer_bps"":8.0,""fee_bps_per_leg"":10.0,""top_of_book_only"":true}"
2026-09-11T22:10:18+00:00,cex_triangle,ETH:USDT-ETH-BTC-USDT,ETH,USDT->ETH->BTC->USDT,Binance,-1.524590,-39.490030,NO,96833.76,"{""extra_buffer_bps"":8.0,""fee_bps_per_leg"":10.0,""top_of_book_only"":true}"
2026-09-11T22:10:18+00:00,cex_triangle,SOL:USDT-BTC-SOL-USDT,SOL,USDT->BTC->SOL->USDT,Binance,-0.921371,-38.888620,NO,489.79,"{""extra_buffer_bps"":8.0,""fee_bps_per_leg"":10.0,""top_of_book_only"":true}"
2026-09-11T22:10:18+00:00,cex_triangle,SOL:USDT-SOL-BTC-USDT,SOL,USDT->SOL->BTC->USDT,Binance,-0.815678,-38.783243,NO,489.74,"{""extra_buffer_bps"":8.0,""fee_bps_per_leg"":10.0,""top_of_book_only"":true}"
2026-09-11T22:10:18+00:00,stable_dislocation,USDC:Binance,USDC,above peg,Binance,0.750000,0.750000,NO,957685.61,"{""mid"":1.000075,""note"":""Peg deviation is a research signal; redemption, venue and issuer risks matter."",""signed_deviation_bps"":0.7500000000004725,""watch_threshold_bps"":10.0}"
2026-09-11T22:10:18+00:00,stable_dislocation_error,USDC:Bybit:error,USDC,n/a,Bybit,0.000000,-9999.000000,NO,,"{""error"":""HTTP Error 403: Forbidden""}"
2026-09-11T22:10:18+00:00,stable_dislocation,FDUSD:Binance,FDUSD,below peg,Binance,11.500000,11.500000,YES,180859.84,"{""mid"":0.99885,""note"":""Peg deviation is a research signal; redemption, venue and issuer risks matter."",""signed_deviation_bps"":-11.499999999999844,""watch_threshold_bps"":10.0}"
2026-09-11T22:10:18+00:00,stable_dislocation_error,FDUSD:Bybit:error,FDUSD,n/a,Bybit,0.000000,-9999.000000,NO,,"{""error"":""HTTP Error 403: Forbidden""}"
2026-09-11T23:28:00+00:00,cex_triangle,ETH:USDT-BTC-ETH-USDT,ETH,USDT->BTC->ETH->USDT,Binance,0.816354,-37.156103,NO,44441.02,"{""extra_buffer_bps"":8.0,""fee_bps_per_leg"":10.0,""top_of_book_only"":true}"
2026-09-11T23:28:00+00:00,cex_triangle,ETH:USDT-ETH-BTC-USDT,ETH,USDT->ETH->BTC->USDT,Binance,-3.926450,-41.884692,NO,26865.97,"{""extra_buffer_bps"":8.0,""fee_bps_per_leg"":10.0,""top_of_book_only"":true}"
2026-09-11T23:28:00+00:00,cex_triangle,SOL:USDT-BTC-SOL-USDT,SOL,USDT->BTC->SOL->USDT,Binance,0.240501,-37.730230,NO,1076.69,"{""extra_buffer_bps"":8.0,""fee_bps_per_leg"":10.0,""top_of_book_only"":true}"
2026-09-11T23:28:00+00:00,cex_triangle,SOL:USDT-SOL-BTC-USDT,SOL,USDT->SOL->BTC->USDT,Binance,-1.973224,-39.937320,NO,378.38,"{""extra_buffer_bps"":8.0,""fee_bps_per_leg"":10.0,""top_of_book_only"":true}"
2026-09-11T23:28:00+00:00,stable_dislocation,USDC:Binance,USDC,above peg,Binance,0.850000,0.850000,NO,1470778.36,"{""mid"":1.000085,""note"":""Peg deviation is a research signal; redemption, venue and issuer risks matter."",""signed_deviation_bps"":0.8499999999989072,""watch_threshold_bps"":10.0}"
2026-09-11T23:28:00+00:00,stable_dislocation_error,USDC:Bybit:error,USDC,n/a,Bybit,0.000000,-9999.000000,NO,,"{""error"":""HTTP Error 403: Forbidden""}"
2026-09-11T23:28:00+00:00,stable_dislocation,FDUSD:Binance,FDUSD,below peg,Binance,11.500000,11.500000,YES,226012.46,"{""mid"":0.99885,""note"":""Peg deviation is a research signal; redemption, venue and issuer risks matter."",""signed_deviation_bps"":-11.499999999999844,""watch_threshold_bps"":10.0}"
2026-09-11T23:28:00+00:00,stable_dislocation_error,FDUSD:Bybit:error,FDUSD,n/a,Bybit,0.000000,-9999.000000,NO,,"{""error"":""HTTP Error 403: Forbidden""}"
2026-09-12T00:15:33+00:00,cex_triangle,ETH:USDT-BTC-ETH-USDT,ETH,USDT->BTC->ETH->USDT,Binance,-5.894482,-43.846826,NO,23345.78,"{""extra_buffer_bps"":8.0,""fee_bps_per_leg"":10.0,""top_of_book_only"":true}"
2026-09-12T00:15:33+00:00,cex_triangle,ETH:USDT-ETH-BTC-USDT,ETH,USDT->ETH->BTC->USDT,Binance,2.785749,-35.192610,NO,29623.03,"{""extra_buffer_bps"":8.0,""fee_bps_per_leg"":10.0,""top_of_book_only"":true}"
2026-09-12T00:15:33+00:00,cex_triangle,SOL:USDT-BTC-SOL-USDT,SOL,USDT->BTC->SOL->USDT,Binance,-1.453097,-39.418752,NO,477.96,"{""extra_buffer_bps"":8.0,""fee_bps_per_leg"":10.0,""top_of_book_only"":true}"
2026-09-12T00:15:33+00:00,cex_triangle,SOL:USDT-SOL-BTC-USDT,SOL,USDT->SOL->BTC->USDT,Binance,-0.281004,-38.250172,NO,1360.11,"{""extra_buffer_bps"":8.0,""fee_bps_per_leg"":10.0,""top_of_book_only"":true}"
2026-09-12T00:15:33+00:00,stable_dislocation,USDC:Binance,USDC,above peg,Binance,0.650000,0.650000,NO,1913714.82,"{""mid"":1.000065,""note"":""Peg deviation is a research signal; redemption, venue and issuer risks matter."",""signed_deviation_bps"":0.6499999999998174,""watch_threshold_bps"":10.0}"
2026-09-12T00:15:33+00:00,stable_dislocation_error,USDC:Bybit:error,USDC,n/a,Bybit,0.000000,-9999.000000,NO,,"{""error"":""HTTP Error 403: Forbidden""}"
2026-09-12T00:15:33+00:00,stable_dislocation,FDUSD:Binance,FDUSD,below peg,Binance,11.500000,11.500000,YES,276751.50,"{""mid"":0.99885,""note"":""Peg deviation is a research signal; redemption, venue and issuer risks matter."",""signed_deviation_bps"":-11.499999999999844,""watch_threshold_bps"":10.0}"
2026-09-12T00:15:33+00:00,stable_dislocation_error,FDUSD:Bybit:error,FDUSD,n/a,Bybit,0.000000,-9999.000000,NO,,"{""error"":""HTTP Error 403: Forbidden""}"
2026-09-12T01:28:56+00:00,cex_triangle,ETH:USDT-BTC-ETH-USDT,ETH,USDT->BTC->ETH->USDT,Binance,-0.881669,-38.849036,NO,6299.87,"{""extra_buffer_bps"":8.0,""fee_bps_per_leg"":10.0,""top_of_book_only"":true}"
2026-09-12T01:28:56+00:00,cex_triangle,ETH:USDT-ETH-BTC-USDT,ETH,USDT->ETH->BTC->USDT,Binance,-2.234614,-40.197927,NO,49381.32,"{""extra_buffer_bps"":8.0,""fee_bps_per_leg"":10.0,""top_of_book_only"":true}"
2026-09-12T01:28:56+00:00,cex_triangle,SOL:USDT-BTC-SOL-USDT,SOL,USDT->BTC->SOL->USDT,Binance,-0.381516,-38.350382,NO,183.80,"{""extra_buffer_bps"":8.0,""fee_bps_per_leg"":10.0,""top_of_book_only"":true}"
2026-09-12T01:28:56+00:00,cex_triangle,SOL:USDT-SOL-BTC-USDT,SOL,USDT->SOL->BTC->USDT,Binance,-1.356169,-39.322115,NO,1582.09,"{""extra_buffer_bps"":8.0,""fee_bps_per_leg"":10.0,""top_of_book_only"":true}"
2026-09-12T01:28:56+00:00,stable_dislocation,USDC:Binance,USDC,above peg,Binance,0.250000,0.250000,NO,2804968.15,"{""mid"":1.000025,""note"":""Peg deviation is a research signal; redemption, venue and issuer risks matter."",""signed_deviation_bps"":0.24999999999941735,""watch_threshold_bps"":10.0}"
2026-09-12T01:28:56+00:00,stable_dislocation_error,USDC:Bybit:error,USDC,n/a,Bybit,0.000000,-9999.000000,NO,,"{""error"":""HTTP Error 403: Forbidden""}"
2026-09-12T01:28:56+00:00,stable_dislocation,FDUSD:Binance,FDUSD,below peg,Binance,11.500000,11.500000,YES,25000.96,"{""mid"":0.99885,""note"":""Peg deviation is a research signal; redemption, venue and issuer risks matter."",""signed_deviation_bps"":-11.499999999999844,""watch_threshold_bps"":10.0}"
2026-09-12T01:28:56+00:00,stable_dislocation_error,FDUSD:Bybit:error,FDUSD,n/a,Bybit,0.000000,-9999.000000,NO,,"{""error"":""HTTP Error 403: Forbidden""}"
2026-09-12T04:35:56+00:00,cex_triangle,ETH:USDT-BTC-ETH-USDT,ETH,USDT->BTC->ETH->USDT,Binance,-2.624205,-40.586350,NO,48344.85,"{""extra_buffer_bps"":8.0,""fee_bps_per_leg"":10.0,""top_of_book_only"":true}"
2026-09-12T04:35:56+00:00,cex_triangle,ETH:USDT-ETH-BTC-USDT,ETH,USDT->ETH->BTC->USDT,Binance,-0.491078,-38.459617,NO,20664.18,"{""extra_buffer_bps"":8.0,""fee_bps_per_leg"":10.0,""top_of_book_only"":true}"
2026-09-12T04:35:56+00:00,cex_triangle,SOL:USDT-BTC-SOL-USDT,SOL,USDT->BTC->SOL->USDT,Binance,-1.175255,-39.141743,NO,1270.61,"{""extra_buffer_bps"":8.0,""fee_bps_per_leg"":10.0,""top_of_book_only"":true}"
2026-09-12T04:35:56+00:00,cex_triangle,SOL:USDT-SOL-BTC-USDT,SOL,USDT->SOL->BTC->USDT,Binance,-0.567324,-38.535633,NO,1913.03,"{""extra_buffer_bps"":8.0,""fee_bps_per_leg"":10.0,""top_of_book_only"":true}"
2026-09-12T04:35:56+00:00,stable_dislocation,USDC:Binance,USDC,above peg,Binance,0.250000,0.250000,NO,4050399.01,"{""mid"":1.000025,""note"":""Peg deviation is a research signal; redemption, venue and issuer risks matter."",""signed_deviation_bps"":0.24999999999941735,""watch_threshold_bps"":10.0}"
2026-09-12T04:35:56+00:00,stable_dislocation_error,USDC:Bybit:error,USDC,n/a,Bybit,0.000000,-9999.000000,NO,,"{""error"":""HTTP Error 403: Forbidden""}"
2026-09-12T04:35:56+00:00,stable_dislocation,FDUSD:Binance,FDUSD,below peg,Binance,12.000000,12.000000,YES,317864.24,"{""mid"":0.9988,""note"":""Peg deviation is a research signal; redemption, venue and issuer risks matter."",""signed_deviation_bps"":-11.999999999999789,""watch_threshold_bps"":10.0}"
2026-09-12T04:35:56+00:00,stable_dislocation_error,FDUSD:Bybit:error,FDUSD,n/a,Bybit,0.000000,-9999.000000,NO,,"{""error"":""HTTP Error 403: Forbidden""}"
2026-09-12T04:51:54+00:00,cex_triangle,ETH:USDT-BTC-ETH-USDT,ETH,USDT->BTC->ETH->USDT,Binance,-1.515132,-39.480602,NO,42005.86,"{""extra_buffer_bps"":8.0,""fee_bps_per_leg"":10.0,""top_of_book_only"":true}"
2026-09-12T04:51:54+00:00,cex_triangle,ETH:USDT-ETH-BTC-USDT,ETH,USDT->ETH->BTC->USDT,Binance,-1.599317,-39.564534,NO,136362.27,"{""extra_buffer_bps"":8.0,""fee_bps_per_leg"":10.0,""top_of_book_only"":true}"
2026-09-12T04:51:54+00:00,cex_triangle,SOL:USDT-BTC-SOL-USDT,SOL,USDT->BTC->SOL->USDT,Binance,-0.518696,-38.487152,NO,488.23,"{""extra_buffer_bps"":8.0,""fee_bps_per_leg"":10.0,""top_of_book_only"":true}"
2026-09-12T04:51:54+00:00,cex_triangle,SOL:USDT-SOL-BTC-USDT,SOL,USDT->SOL->BTC->USDT,Binance,-1.225210,-39.191548,NO,365.55,"{""extra_buffer_bps"":8.0,""fee_bps_per_leg"":10.0,""top_of_book_only"":true}"
2026-09-12T04:51:54+00:00,stable_dislocation,USDC:Binance,USDC,above peg,Binance,0.050000,0.050000,NO,1839238.00,"{""mid"":1.000005,""note"":""Peg deviation is a research signal; redemption, venue and issuer risks matter."",""signed_deviation_bps"":0.05000000000032756,""watch_threshold_bps"":10.0}"
2026-09-12T04:51:54+00:00,stable_dislocation_error,USDC:Bybit:error,USDC,n/a,Bybit,0.000000,-9999.000000,NO,,"{""error"":""HTTP Error 403: Forbidden""}"
2026-09-12T04:51:54+00:00,stable_dislocation,FDUSD:Binance,FDUSD,below peg,Binance,12.000000,12.000000,YES,321371.67,"{""mid"":0.9988,""note"":""Peg deviation is a research signal; redemption, venue and issuer risks matter."",""signed_deviation_bps"":-11.999999999999789,""watch_threshold_bps"":10.0}"
2026-09-12T04:51:54+00:00,stable_dislocation_error,FDUSD:Bybit:error,FDUSD,n/a,Bybit,0.000000,-9999.000000,NO,,"{""error"":""HTTP Error 403: Forbidden""}"
2026-09-12T05:40:18+00:00,cex_triangle,ETH:USDT-BTC-ETH-USDT,ETH,USDT->BTC->ETH->USDT,Binance,-4.689878,-42.645832,NO,12318.79,"{""extra_buffer_bps"":8.0,""fee_bps_per_leg"":10.0,""top_of_book_only"":true}"
2026-09-12T05:40:18+00:00,cex_triangle,ETH:USDT-ETH-BTC-USDT,ETH,USDT->ETH->BTC->USDT,Binance,1.575434,-36.399297,NO,7864.42,"{""extra_buffer_bps"":8.0,""fee_bps_per_leg"":10.0,""top_of_book_only"":true}"
2026-09-12T05:40:18+00:00,cex_triangle,SOL:USDT-BTC-SOL-USDT,SOL,USDT->BTC->SOL->USDT,Binance,-1.220508,-39.186860,NO,454.91,"{""extra_buffer_bps"":8.0,""fee_bps_per_leg"":10.0,""top_of_book_only"":true}"
2026-09-12T05:40:18+00:00,cex_triangle,SOL:USDT-SOL-BTC-USDT,SOL,USDT->SOL->BTC->USDT,Binance,-0.524789,-38.493226,NO,1478.37,"{""extra_buffer_bps"":8.0,""fee_bps_per_leg"":10.0,""top_of_book_only"":true}"
2026-09-12T05:40:18+00:00,stable_dislocation,USDC:Binance,USDC,above peg,Binance,0.250000,0.250000,NO,1391782.75,"{""mid"":1.000025,""note"":""Peg deviation is a research signal; redemption, venue and issuer risks matter."",""signed_deviation_bps"":0.24999999999941735,""watch_threshold_bps"":10.0}"
2026-09-12T05:40:18+00:00,stable_dislocation_error,USDC:Bybit:error,USDC,n/a,Bybit,0.000000,-9999.000000,NO,,"{""error"":""HTTP Error 403: Forbidden""}"
2026-09-12T05:40:18+00:00,stable_dislocation,FDUSD:Binance,FDUSD,below peg,Binance,12.000000,12.000000,YES,329901.57,"{""mid"":0.9988,""note"":""Peg deviation is a research signal; redemption, venue and issuer risks matter."",""signed_deviation_bps"":-11.999999999999789,""watch_threshold_bps"":10.0}"
2026-09-12T05:40:18+00:00,stable_dislocation_error,FDUSD:Bybit:error,FDUSD,n/a,Bybit,0.000000,-9999.000000,NO,,"{""error"":""HTTP Error 403: Forbidden""}"
2026-09-12T06:32:08+00:00,cex_triangle,ETH:USDT-BTC-ETH-USDT,ETH,USDT->BTC->ETH->USDT,Binance,0.601749,-37.370065,NO,25368.47,"{""extra_buffer_bps"":8.0,""fee_bps_per_leg"":10.0,""top_of_book_only"":true}"
2026-09-12T06:32:08+00:00,cex_triangle,ETH:USDT-ETH-BTC-USDT,ETH,USDT->ETH->BTC->USDT,Binance,-3.716668,-41.675539,NO,84394.15,"{""extra_buffer_bps"":8.0,""fee_bps_per_leg"":10.0,""top_of_book_only"":true}"
2026-09-12T06:32:08+00:00,cex_triangle,SOL:USDT-BTC-SOL-USDT,SOL,USDT->BTC->SOL->USDT,Binance,-0.317229,-38.286288,NO,376.63,"{""extra_buffer_bps"":8.0,""fee_bps_per_leg"":10.0,""top_of_book_only"":true}"
2026-09-12T06:32:08+00:00,cex_triangle,SOL:USDT-SOL-BTC-USDT,SOL,USDT->SOL->BTC->USDT,Binance,-1.425540,-39.391278,NO,799.66,"{""extra_buffer_bps"":8.0,""fee_bps_per_leg"":10.0,""top_of_book_only"":true}"
2026-09-12T06:32:08+00:00,stable_dislocation,USDC:Binance,USDC,above peg,Binance,0.450000,0.450000,NO,1235317.76,"{""mid"":1.000045,""note"":""Peg deviation is a research signal; redemption, venue and issuer risks matter."",""signed_deviation_bps"":0.4500000000007276,""watch_threshold_bps"":10.0}"
2026-09-12T06:32:08+00:00,stable_dislocation_error,USDC:Bybit:error,USDC,n/a,Bybit,0.000000,-9999.000000,NO,,"{""error"":""HTTP Error 403: Forbidden""}"
2026-09-12T06:32:08+00:00,stable_dislocation,FDUSD:Binance,FDUSD,below peg,Binance,11.500000,11.500000,YES,7901.51,"{""mid"":0.99885,""note"":""Peg deviation is a research signal; redemption, venue and issuer risks matter."",""signed_deviation_bps"":-11.499999999999844,""watch_threshold_bps"":10.0}"
2026-09-12T06:32:08+00:00,stable_dislocation_error,FDUSD:Bybit:error,FDUSD,n/a,Bybit,0.000000,-9999.000000,NO,,"{""error"":""HTTP Error 403: Forbidden""}"
2026-09-12T08:57:31+00:00,cex_triangle,ETH:USDT-BTC-ETH-USDT,ETH,USDT->BTC->ETH->USDT,Binance,-2.498122,-40.460645,NO,61443.32,"{""extra_buffer_bps"":8.0,""fee_bps_per_leg"":10.0,""top_of_book_only"":true}"
2026-09-12T08:57:31+00:00,cex_triangle,ETH:USDT-ETH-BTC-USDT,ETH,USDT->ETH->BTC->USDT,Binance,-0.596228,-38.564451,NO,14414.24,"{""extra_buffer_bps"":8.0,""fee_bps_per_leg"":10.0,""top_of_book_only"":true}"
2026-09-12T08:57:31+00:00,cex_triangle,SOL:USDT-BTC-SOL-USDT,SOL,USDT->BTC->SOL->USDT,Binance,-2.666921,-40.628938,NO,789.18,"{""extra_buffer_bps"":8.0,""fee_bps_per_leg"":10.0,""top_of_book_only"":true}"
2026-09-12T08:57:31+00:00,cex_triangle,SOL:USDT-SOL-BTC-USDT,SOL,USDT->SOL->BTC->USDT,Binance,0.923251,-37.049526,NO,1834.35,"{""extra_buffer_bps"":8.0,""fee_bps_per_leg"":10.0,""top_of_book_only"":true}"
2026-09-12T08:57:31+00:00,stable_dislocation,USDC:Binance,USDC,above peg,Binance,0.950000,0.950000,NO,1018460.65,"{""mid"":1.000095,""note"":""Peg deviation is a research signal; redemption, venue and issuer risks matter."",""signed_deviation_bps"":0.9499999999995623,""watch_threshold_bps"":10.0}"
2026-09-12T08:57:31+00:00,stable_dislocation_error,USDC:Bybit:error,USDC,n/a,Bybit,0.000000,-9999.000000,NO,,"{""error"":""HTTP Error 403: Forbidden""}"
2026-09-12T08:57:31+00:00,stable_dislocation,FDUSD:Binance,FDUSD,below peg,Binance,12.500000,12.500000,YES,616299.77,"{""mid"":0.99875,""note"":""Peg deviation is a research signal; redemption, venue and issuer risks matter."",""signed_deviation_bps"":-12.499999999999734,""watch_threshold_bps"":10.0}"
2026-09-12T08:57:31+00:00,stable_dislocation_error,FDUSD:Bybit:error,FDUSD,n/a,Bybit,0.000000,-9999.000000,NO,,"{""error"":""HTTP Error 403: Forbidden""}"
2026-09-12T10:38:39+00:00,cex_triangle,ETH:USDT-BTC-ETH-USDT,ETH,USDT->BTC->ETH->USDT,Binance,-1.390488,-39.356331,NO,15847.99,"{""extra_buffer_bps"":8.0,""fee_bps_per_leg"":10.0,""top_of_book_only"":true}"
2026-09-12T10:38:39+00:00,cex_triangle,ETH:USDT-ETH-BTC-USDT,ETH,USDT->ETH->BTC->USDT,Binance,-1.705830,-39.670727,NO,66909.02,"{""extra_buffer_bps"":8.0,""fee_bps_per_leg"":10.0,""top_of_book_only"":true}"
2026-09-12T10:38:39+00:00,cex_triangle,SOL:USDT-BTC-SOL-USDT,SOL,USDT->BTC->SOL->USDT,Binance,-1.053149,-39.020003,NO,470.33,"{""extra_buffer_bps"":8.0,""fee_bps_per_leg"":10.0,""top_of_book_only"":true}"
2026-09-12T10:38:39+00:00,cex_triangle,SOL:USDT-SOL-BTC-USDT,SOL,USDT->SOL->BTC->USDT,Binance,-0.686971,-38.654922,NO,2039.70,"{""extra_buffer_bps"":8.0,""fee_bps_per_leg"":10.0,""top_of_book_only"":true}"
2026-09-12T10:38:39+00:00,stable_dislocation,USDC:Binance,USDC,above peg,Binance,1.150000,1.150000,NO,2090151.89,"{""mid"":1.000115,""note"":""Peg deviation is a research signal; redemption, venue and issuer risks matter."",""signed_deviation_bps"":1.1500000000008725,""watch_threshold_bps"":10.0}"
2026-09-12T10:38:39+00:00,stable_dislocation_error,USDC:Bybit:error,USDC,n/a,Bybit,0.000000,-9999.000000,NO,,"{""error"":""HTTP Error 403: Forbidden""}"
2026-09-12T10:38:39+00:00,stable_dislocation,FDUSD:Binance,FDUSD,below peg,Binance,12.500000,12.500000,YES,242479.67,"{""mid"":0.99875,""note"":""Peg deviation is a research signal; redemption, venue and issuer risks matter."",""signed_deviation_bps"":-12.499999999999734,""watch_threshold_bps"":10.0}"
2026-09-12T10:38:39+00:00,stable_dislocation_error,FDUSD:Bybit:error,FDUSD,n/a,Bybit,0.000000,-9999.000000,NO,,"{""error"":""HTTP Error 403: Forbidden""}"
2026-09-12T11:16:36+00:00,cex_triangle,ETH:USDT-BTC-ETH-USDT,ETH,USDT->BTC->ETH->USDT,Binance,-3.736580,-41.695391,NO,72407.33,"{""extra_buffer_bps"":8.0,""fee_bps_per_leg"":10.0,""top_of_book_only"":true}"
2026-09-12T11:16:36+00:00,cex_triangle,ETH:USDT-ETH-BTC-USDT,ETH,USDT->ETH->BTC->USDT,Binance,0.642603,-37.329333,NO,10339.27,"{""extra_buffer_bps"":8.0,""fee_bps_per_leg"":10.0,""top_of_book_only"":true}"
2026-09-12T11:16:36+00:00,cex_triangle,SOL:USDT-BTC-SOL-USDT,SOL,USDT->BTC->SOL->USDT,Binance,0.307584,-37.663348,NO,1029.65,"{""extra_buffer_bps"":8.0,""fee_bps_per_leg"":10.0,""top_of_book_only"":true}"
2026-09-12T11:16:36+00:00,cex_triangle,SOL:USDT-SOL-BTC-USDT,SOL,USDT->SOL->BTC->USDT,Binance,-2.046150,-40.010028,NO,306.18,"{""extra_buffer_bps"":8.0,""fee_bps_per_leg"":10.0,""top_of_book_only"":true}"
2026-09-12T11:16:36+00:00,stable_dislocation,USDC:Binance,USDC,above peg,Binance,0.950000,0.950000,NO,1642743.83,"{""mid"":1.000095,""note"":""Peg deviation is a research signal; redemption, venue and issuer risks matter."",""signed_deviation_bps"":0.9499999999995623,""watch_threshold_bps"":10.0}"
2026-09-12T11:16:36+00:00,stable_dislocation_error,USDC:Bybit:error,USDC,n/a,Bybit,0.000000,-9999.000000,NO,,"{""error"":""HTTP Error 403: Forbidden""}"
2026-09-12T11:16:36+00:00,stable_dislocation,FDUSD:Binance,FDUSD,below peg,Binance,11.500000,11.500000,YES,380249.27,"{""mid"":0.99885,""note"":""Peg deviation is a research signal; redemption, venue and issuer risks matter."",""signed_deviation_bps"":-11.499999999999844,""watch_threshold_bps"":10.0}"
2026-09-12T11:16:36+00:00,stable_dislocation_error,FDUSD:Bybit:error,FDUSD,n/a,Bybit,0.000000,-9999.000000,NO,,"{""error"":""HTTP Error 403: Forbidden""}"
2026-09-12T12:33:03+00:00,cex_triangle,ETH:USDT-BTC-ETH-USDT,ETH,USDT->BTC->ETH->USDT,Binance,-0.745402,-38.713178,NO,56576.27,"{""extra_buffer_bps"":8.0,""fee_bps_per_leg"":10.0,""top_of_book_only"":true}"
2026-09-12T12:33:03+00:00,cex_triangle,ETH:USDT-ETH-BTC-USDT,ETH,USDT->ETH->BTC->USDT,Binance,-2.347091,-40.310067,NO,81877.89,"{""extra_buffer_bps"":8.0,""fee_bps_per_leg"":10.0,""top_of_book_only"":true}"
2026-09-12T12:33:03+00:00,cex_triangle,SOL:USDT-BTC-SOL-USDT,SOL,USDT->BTC->SOL->USDT,Binance,0.532121,-37.439484,NO,1289.00,"{""extra_buffer_bps"":8.0,""fee_bps_per_leg"":10.0,""top_of_book_only"":true}"
2026-09-12T12:33:03+00:00,cex_triangle,SOL:USDT-SOL-BTC-USDT,SOL,USDT->SOL->BTC->USDT,Binance,-2.265221,-40.228442,NO,534.83,"{""extra_buffer_bps"":8.0,""fee_bps_per_leg"":10.0,""top_of_book_only"":true}"
2026-09-12T12:33:03+00:00,stable_dislocation,USDC:Binance,USDC,above peg,Binance,0.850000,0.850000,NO,1639351.53,"{""mid"":1.000085,""note"":""Peg deviation is a research signal; redemption, venue and issuer risks matter."",""signed_deviation_bps"":0.8499999999989072,""watch_threshold_bps"":10.0}"
2026-09-12T12:33:03+00:00,stable_dislocation_error,USDC:Bybit:error,USDC,n/a,Bybit,0.000000,-9999.000000,NO,,"{""error"":""HTTP Error 403: Forbidden""}"
2026-09-12T12:33:03+00:00,stable_dislocation,FDUSD:Binance,FDUSD,below peg,Binance,11.500000,11.500000,YES,358674.02,"{""mid"":0.99885,""note"":""Peg deviation is a research signal; redemption, venue and issuer risks matter."",""signed_deviation_bps"":-11.499999999999844,""watch_threshold_bps"":10.0}"
2026-09-12T12:33:03+00:00,stable_dislocation_error,FDUSD:Bybit:error,FDUSD,n/a,Bybit,0.000000,-9999.000000,NO,,"{""error"":""HTTP Error 403: Forbidden""}"
2026-09-12T13:55:51+00:00,cex_triangle,ETH:USDT-BTC-ETH-USDT,ETH,USDT->BTC->ETH->USDT,Binance,0.454331,-37.517041,NO,44307.91,"{""extra_buffer_bps"":8.0,""fee_bps_per_leg"":10.0,""top_of_book_only"":true}"
2026-09-12T13:55:51+00:00,cex_triangle,ETH:USDT-ETH-BTC-USDT,ETH,USDT->ETH->BTC->USDT,Binance,-3.536141,-41.495554,NO,25543.91,"{""extra_buffer_bps"":8.0,""fee_bps_per_leg"":10.0,""top_of_book_only"":true}"
2026-09-12T13:55:51+00:00,cex_triangle,SOL:USDT-BTC-SOL-USDT,SOL,USDT->BTC->SOL->USDT,Binance,1.540637,-36.433990,NO,227.89,"{""extra_buffer_bps"":8.0,""fee_bps_per_leg"":10.0,""top_of_book_only"":true}"
2026-09-12T13:55:51+00:00,cex_triangle,SOL:USDT-SOL-BTC-USDT,SOL,USDT->SOL->BTC->USDT,Binance,-3.281775,-41.241949,NO,2215.09,"{""extra_buffer_bps"":8.0,""fee_bps_per_leg"":10.0,""top_of_book_only"":true}"
2026-09-12T13:55:51+00:00,stable_dislocation,USDC:Binance,USDC,above peg,Binance,0.750000,0.750000,NO,810764.86,"{""mid"":1.000075,""note"":""Peg deviation is a research signal; redemption, venue and issuer risks matter."",""signed_deviation_bps"":0.7500000000004725,""watch_threshold_bps"":10.0}"
2026-09-12T13:55:51+00:00,stable_dislocation_error,USDC:Bybit:error,USDC,n/a,Bybit,0.000000,-9999.000000,NO,,"{""error"":""HTTP Error 403: Forbidden""}"
2026-09-12T13:55:51+00:00,stable_dislocation,FDUSD:Binance,FDUSD,below peg,Binance,12.500000,12.500000,YES,288606.26,"{""mid"":0.99875,""note"":""Peg deviation is a research signal; redemption, venue and issuer risks matter."",""signed_deviation_bps"":-12.499999999999734,""watch_threshold_bps"":10.0}"
2026-09-12T13:55:51+00:00,stable_dislocation_error,FDUSD:Bybit:error,FDUSD,n/a,Bybit,0.000000,-9999.000000,NO,,"{""error"":""HTTP Error 403: Forbidden""}"
2026-09-12T14:02:19+00:00,cex_triangle,ETH:USDT-BTC-ETH-USDT,ETH,USDT->BTC->ETH->USDT,Binance,-2.244373,-40.207657,NO,19447.20,"{""extra_buffer_bps"":8.0,""fee_bps_per_leg"":10.0,""top_of_book_only"":true}"
2026-09-12T14:02:19+00:00,cex_triangle,ETH:USDT-ETH-BTC-USDT,ETH,USDT->ETH->BTC->USDT,Binance,-0.838715,-38.806212,NO,32434.03,"{""extra_buffer_bps"":8.0,""fee_bps_per_leg"":10.0,""top_of_book_only"":true}"
2026-09-12T14:02:19+00:00,cex_triangle,SOL:USDT-BTC-SOL-USDT,SOL,USDT->BTC->SOL->USDT,Binance,-1.360449,-39.326381,NO,527.36,"{""extra_buffer_bps"":8.0,""fee_bps_per_leg"":10.0,""top_of_book_only"":true}"
2026-09-12T14:02:19+00:00,cex_triangle,SOL:USDT-SOL-BTC-USDT,SOL,USDT->SOL->BTC->USDT,Binance,-0.380016,-38.348887,NO,193.54,"{""extra_buffer_bps"":8.0,""fee_bps_per_leg"":10.0,""top_of_book_only"":true}"
2026-09-12T14:02:19+00:00,stable_dislocation,USDC:Binance,USDC,above peg,Binance,0.950000,0.950000,NO,2300912.07,"{""mid"":1.000095,""note"":""Peg deviation is a research signal; redemption, venue and issuer risks matter."",""signed_deviation_bps"":0.9499999999995623,""watch_threshold_bps"":10.0}"
2026-09-12T14:02:19+00:00,stable_dislocation_error,USDC:Bybit:error,USDC,n/a,Bybit,0.000000,-9999.000000,NO,,"{""error"":""HTTP Error 403: Forbidden""}"
2026-09-12T14:02:19+00:00,stable_dislocation,FDUSD:Binance,FDUSD,below peg,Binance,12.500000,12.500000,YES,283369.55,"{""mid"":0.99875,""note"":""Peg deviation is a research signal; redemption, venue and issuer risks matter."",""signed_deviation_bps"":-12.499999999999734,""watch_threshold_bps"":10.0}"
2026-09-12T14:02:19+00:00,stable_dislocation_error,FDUSD:Bybit:error,FDUSD,n/a,Bybit,0.000000,-9999.000000,NO,,"{""error"":""HTTP Error 403: Forbidden""}"
2026-09-12T14:17:40+00:00,cex_triangle,ETH:USDT-BTC-ETH-USDT,ETH,USDT->BTC->ETH->USDT,Binance,0.708194,-37.263938,NO,24296.84,"{""extra_buffer_bps"":8.0,""fee_bps_per_leg"":10.0,""top_of_book_only"":true}"
2026-09-12T14:17:40+00:00,cex_triangle,ETH:USDT-ETH-BTC-USDT,ETH,USDT->ETH->BTC->USDT,Binance,-3.792689,-41.751332,NO,97245.20,"{""extra_buffer_bps"":8.0,""fee_bps_per_leg"":10.0,""top_of_book_only"":true}"
2026-09-12T14:17:40+00:00,cex_triangle,SOL:USDT-BTC-SOL-USDT,SOL,USDT->BTC->SOL->USDT,Binance,-0.001274,-37.971280,NO,225.99,"{""extra_buffer_bps"":8.0,""fee_bps_per_leg"":10.0,""top_of_book_only"":true}"
2026-09-12T14:17:40+00:00,cex_triangle,SOL:USDT-SOL-BTC-USDT,SOL,USDT->SOL->BTC->USDT,Binance,-1.739100,-39.703898,NO,693.06,"{""extra_buffer_bps"":8.0,""fee_bps_per_leg"":10.0,""top_of_book_only"":true}"
2026-09-12T14:17:40+00:00,stable_dislocation,USDC:Binance,USDC,above peg,Binance,0.850000,0.850000,NO,2369179.21,"{""mid"":1.000085,""note"":""Peg deviation is a research signal; redemption, venue and issuer risks matter."",""signed_deviation_bps"":0.8499999999989072,""watch_threshold_bps"":10.0}"
2026-09-12T14:17:40+00:00,stable_dislocation_error,USDC:Bybit:error,USDC,n/a,Bybit,0.000000,-9999.000000,NO,,"{""error"":""HTTP Error 403: Forbidden""}"
2026-09-12T14:17:40+00:00,stable_dislocation,FDUSD:Binance,FDUSD,below peg,Binance,12.500000,12.500000,YES,301311.99,"{""mid"":0.99875,""note"":""Peg deviation is a research signal; redemption, venue and issuer risks matter."",""signed_deviation_bps"":-12.499999999999734,""watch_threshold_bps"":10.0}"
2026-09-12T14:17:40+00:00,stable_dislocation_error,FDUSD:Bybit:error,FDUSD,n/a,Bybit,0.000000,-9999.000000,NO,,"{""error"":""HTTP Error 403: Forbidden""}"
2026-09-12T15:55:37+00:00,cex_triangle,ETH:USDT-BTC-ETH-USDT,ETH,USDT->BTC->ETH->USDT,Binance,-2.437647,-40.400351,NO,49523.07,"{""extra_buffer_bps"":8.0,""fee_bps_per_leg"":10.0,""top_of_book_only"":true}"
2026-09-12T15:55:37+00:00,cex_triangle,ETH:USDT-ETH-BTC-USDT,ETH,USDT->ETH->BTC->USDT,Binance,-0.657639,-38.625678,NO,40373.36,"{""extra_buffer_bps"":8.0,""fee_bps_per_leg"":10.0,""top_of_book_only"":true}"
2026-09-12T15:55:37+00:00,cex_triangle,SOL:USDT-BTC-SOL-USDT,SOL,USDT->BTC->SOL->USDT,Binance,-1.746613,-39.711388,NO,665.27,"{""extra_buffer_bps"":8.0,""fee_bps_per_leg"":10.0,""top_of_book_only"":true}"
2026-09-12T15:55:37+00:00,cex_triangle,SOL:USDT-SOL-BTC-USDT,SOL,USDT->SOL->BTC->USDT,Binance,0.006029,-37.963999,NO,707.57,"{""extra_buffer_bps"":8.0,""fee_bps_per_leg"":10.0,""top_of_book_only"":true}"
2026-09-12T15:55:37+00:00,stable_dislocation,USDC:Binance,USDC,above peg,Binance,0.850000,0.850000,NO,1477206.17,"{""mid"":1.000085,""note"":""Peg deviation is a research signal; redemption, venue and issuer risks matter."",""signed_deviation_bps"":0.8499999999989072,""watch_threshold_bps"":10.0}"
2026-09-12T15:55:37+00:00,stable_dislocation_error,USDC:Bybit:error,USDC,n/a,Bybit,0.000000,-9999.000000,NO,,"{""error"":""HTTP Error 403: Forbidden""}"
2026-09-12T15:55:37+00:00,stable_dislocation,FDUSD:Binance,FDUSD,below peg,Binance,12.500000,12.500000,YES,170340.35,"{""mid"":0.99875,""note"":""Peg deviation is a research signal; redemption, venue and issuer risks matter."",""signed_deviation_bps"":-12.499999999999734,""watch_threshold_bps"":10.0}"
2026-09-12T15:55:37+00:00,stable_dislocation_error,FDUSD:Bybit:error,FDUSD,n/a,Bybit,0.000000,-9999.000000,NO,,"{""error"":""HTTP Error 403: Forbidden""}"
2026-09-12T16:21:56+00:00,cex_triangle,ETH:USDT-BTC-ETH-USDT,ETH,USDT->BTC->ETH->USDT,Binance,0.128626,-37.841770,NO,50925.69,"{""extra_buffer_bps"":8.0,""fee_bps_per_leg"":10.0,""top_of_book_only"":true}"
2026-09-12T16:21:56+00:00,cex_triangle,ETH:USDT-ETH-BTC-USDT,ETH,USDT->ETH->BTC->USDT,Binance,-3.222760,-41.183112,NO,40285.98,"{""extra_buffer_bps"":8.0,""fee_bps_per_leg"":10.0,""top_of_book_only"":true}"
2026-09-12T16:21:56+00:00,cex_triangle,SOL:USDT-BTC-SOL-USDT,SOL,USDT->BTC->SOL->USDT,Binance,-0.378690,-38.347566,NO,497.42,"{""extra_buffer_bps"":8.0,""fee_bps_per_leg"":10.0,""top_of_book_only"":true}"
2026-09-12T16:21:56+00:00,cex_triangle,SOL:USDT-SOL-BTC-USDT,SOL,USDT->SOL->BTC->USDT,Binance,-1.361274,-39.327204,NO,589.72,"{""extra_buffer_bps"":8.0,""fee_bps_per_leg"":10.0,""top_of_book_only"":true}"
2026-09-12T16:21:56+00:00,stable_dislocation,USDC:Binance,USDC,above peg,Binance,0.750000,0.750000,NO,1821402.49,"{""mid"":1.000075,""note"":""Peg deviation is a research signal; redemption, venue and issuer risks matter."",""signed_deviation_bps"":0.7500000000004725,""watch_threshold_bps"":10.0}"
2026-09-12T16:21:56+00:00,stable_dislocation_error,USDC:Bybit:error,USDC,n/a,Bybit,0.000000,-9999.000000,NO,,"{""error"":""HTTP Error 403: Forbidden""}"
2026-09-12T16:21:56+00:00,stable_dislocation,FDUSD:Binance,FDUSD,below peg,Binance,12.500000,12.500000,YES,503578.50,"{""mid"":0.99875,""note"":""Peg deviation is a research signal; redemption, venue and issuer risks matter."",""signed_deviation_bps"":-12.499999999999734,""watch_threshold_bps"":10.0}"
2026-09-12T16:21:56+00:00,stable_dislocation_error,FDUSD:Bybit:error,FDUSD,n/a,Bybit,0.000000,-9999.000000,NO,,"{""error"":""HTTP Error 403: Forbidden""}"
2026-09-12T17:00:56+00:00,cex_triangle,ETH:USDT-BTC-ETH-USDT,ETH,USDT->BTC->ETH->USDT,Binance,2.317829,-35.659128,NO,17802.09,"{""extra_buffer_bps"":8.0,""fee_bps_per_leg"":10.0,""top_of_book_only"":true}"
2026-09-12T17:00:56+00:00,cex_triangle,ETH:USDT-ETH-BTC-USDT,ETH,USDT->ETH->BTC->USDT,Binance,-5.412641,-43.366429,NO,51218.34,"{""extra_buffer_bps"":8.0,""fee_bps_per_leg"":10.0,""top_of_book_only"":true}"
2026-09-12T17:00:56+00:00,cex_triangle,SOL:USDT-BTC-SOL-USDT,SOL,USDT->BTC->SOL->USDT,Binance,0.339628,-37.631400,NO,377.48,"{""extra_buffer_bps"":8.0,""fee_bps_per_leg"":10.0,""top_of_book_only"":true}"
2026-09-12T17:00:56+00:00,cex_triangle,SOL:USDT-SOL-BTC-USDT,SOL,USDT->SOL->BTC->USDT,Binance,-2.078166,-40.041948,NO,700.37,"{""extra_buffer_bps"":8.0,""fee_bps_per_leg"":10.0,""top_of_book_only"":true}"
2026-09-12T17:00:56+00:00,stable_dislocation,USDC:Binance,USDC,above peg,Binance,0.650000,0.650000,NO,1298142.88,"{""mid"":1.000065,""note"":""Peg deviation is a research signal; redemption, venue and issuer risks matter."",""signed_deviation_bps"":0.6499999999998174,""watch_threshold_bps"":10.0}"
2026-09-12T17:00:56+00:00,stable_dislocation_error,USDC:Bybit:error,USDC,n/a,Bybit,0.000000,-9999.000000,NO,,"{""error"":""HTTP Error 403: Forbidden""}"
2026-09-12T17:00:56+00:00,stable_dislocation,FDUSD:Binance,FDUSD,below peg,Binance,12.500000,12.500000,YES,398117.77,"{""mid"":0.99875,""note"":""Peg deviation is a research signal; redemption, venue and issuer risks matter."",""signed_deviation_bps"":-12.499999999999734,""watch_threshold_bps"":10.0}"
2026-09-12T17:00:56+00:00,stable_dislocation_error,FDUSD:Bybit:error,FDUSD,n/a,Bybit,0.000000,-9999.000000,NO,,"{""error"":""HTTP Error 403: Forbidden""}"
2026-09-12T17:21:51+00:00,cex_triangle,ETH:USDT-BTC-ETH-USDT,ETH,USDT->BTC->ETH->USDT,Binance,-2.401369,-40.364183,NO,95940.53,"{""extra_buffer_bps"":8.0,""fee_bps_per_leg"":10.0,""top_of_book_only"":true}"
2026-09-12T17:21:51+00:00,cex_triangle,ETH:USDT-ETH-BTC-USDT,ETH,USDT->ETH->BTC->USDT,Binance,-0.696805,-38.664727,NO,43158.97,"{""extra_buffer_bps"":8.0,""fee_bps_per_leg"":10.0,""top_of_book_only"":true}"
2026-09-12T17:21:51+00:00,cex_triangle,SOL:USDT-BTC-SOL-USDT,SOL,USDT->BTC->SOL->USDT,Binance,-0.828092,-38.795621,NO,876.14,"{""extra_buffer_bps"":8.0,""fee_bps_per_leg"":10.0,""top_of_book_only"":true}"
2026-09-12T17:21:51+00:00,cex_triangle,SOL:USDT-SOL-BTC-USDT,SOL,USDT->SOL->BTC->USDT,Binance,-0.910115,-38.877397,NO,1058.26,"{""extra_buffer_bps"":8.0,""fee_bps_per_leg"":10.0,""top_of_book_only"":true}"
2026-09-12T17:21:51+00:00,stable_dislocation,USDC:Binance,USDC,above peg,Binance,1.150000,1.150000,NO,855952.14,"{""mid"":1.000115,""note"":""Peg deviation is a research signal; redemption, venue and issuer risks matter."",""signed_deviation_bps"":1.1500000000008725,""watch_threshold_bps"":10.0}"
2026-09-12T17:21:51+00:00,stable_dislocation_error,USDC:Bybit:error,USDC,n/a,Bybit,0.000000,-9999.000000,NO,,"{""error"":""HTTP Error 403: Forbidden""}"
2026-09-12T17:21:51+00:00,stable_dislocation,FDUSD:Binance,FDUSD,below peg,Binance,12.500000,12.500000,YES,464958.77,"{""mid"":0.99875,""note"":""Peg deviation is a research signal; redemption, venue and issuer risks matter."",""signed_deviation_bps"":-12.499999999999734,""watch_threshold_bps"":10.0}"
2026-09-12T17:21:51+00:00,stable_dislocation_error,FDUSD:Bybit:error,FDUSD,n/a,Bybit,0.000000,-9999.000000,NO,,"{""error"":""HTTP Error 403: Forbidden""}"
2026-09-12T18:02:02+00:00,cex_triangle,ETH:USDT-BTC-ETH-USDT,ETH,USDT->BTC->ETH->USDT,Binance,-1.670850,-39.635852,NO,70853.90,"{""extra_buffer_bps"":8.0,""fee_bps_per_leg"":10.0,""top_of_book_only"":true}"
2026-09-12T18:02:02+00:00,cex_triangle,ETH:USDT-ETH-BTC-USDT,ETH,USDT->ETH->BTC->USDT,Binance,-1.426505,-39.392240,NO,3939.53,"{""extra_buffer_bps"":8.0,""fee_bps_per_leg"":10.0,""top_of_book_only"":true}"
2026-09-12T18:02:02+00:00,cex_triangle,SOL:USDT-BTC-SOL-USDT,SOL,USDT->BTC->SOL->USDT,Binance,-0.765232,-38.732948,NO,1363.46,"{""extra_buffer_bps"":8.0,""fee_bps_per_leg"":10.0,""top_of_book_only"":true}"
2026-09-12T18:02:02+00:00,cex_triangle,SOL:USDT-SOL-BTC-USDT,SOL,USDT->SOL->BTC->USDT,Binance,-0.974629,-38.941718,NO,376.86,"{""extra_buffer_bps"":8.0,""fee_bps_per_leg"":10.0,""top_of_book_only"":true}"
2026-09-12T18:02:02+00:00,stable_dislocation,USDC:Binance,USDC,above peg,Binance,0.950000,0.950000,NO,1820540.83,"{""mid"":1.000095,""note"":""Peg deviation is a research signal; redemption, venue and issuer risks matter."",""signed_deviation_bps"":0.9499999999995623,""watch_threshold_bps"":10.0}"
2026-09-12T18:02:02+00:00,stable_dislocation_error,USDC:Bybit:error,USDC,n/a,Bybit,0.000000,-9999.000000,NO,,"{""error"":""HTTP Error 403: Forbidden""}"
2026-09-12T18:02:02+00:00,stable_dislocation,FDUSD:Binance,FDUSD,below peg,Binance,12.500000,12.500000,YES,512062.45,"{""mid"":0.99875,""note"":""Peg deviation is a research signal; redemption, venue and issuer risks matter."",""signed_deviation_bps"":-12.499999999999734,""watch_threshold_bps"":10.0}"
2026-09-12T18:02:02+00:00,stable_dislocation_error,FDUSD:Bybit:error,FDUSD,n/a,Bybit,0.000000,-9999.000000,NO,,"{""error"":""HTTP Error 403: Forbidden""}"
2026-09-12T18:38:19+00:00,cex_triangle,ETH:USDT-BTC-ETH-USDT,ETH,USDT->BTC->ETH->USDT,Binance,-0.052185,-38.022038,NO,22900.55,"{""extra_buffer_bps"":8.0,""fee_bps_per_leg"":10.0,""top_of_book_only"":true}"
2026-09-12T18:38:19+00:00,cex_triangle,ETH:USDT-ETH-BTC-USDT,ETH,USDT->ETH->BTC->USDT,Binance,-3.044009,-41.004897,NO,48762.28,"{""extra_buffer_bps"":8.0,""fee_bps_per_leg"":10.0,""top_of_book_only"":true}"
2026-09-12T18:38:19+00:00,cex_triangle,SOL:USDT-BTC-SOL-USDT,SOL,USDT->BTC->SOL->USDT,Binance,-0.021746,-37.991691,NO,1607.18,"{""extra_buffer_bps"":8.0,""fee_bps_per_leg"":10.0,""top_of_book_only"":true}"
2026-09-12T18:38:19+00:00,cex_triangle,SOL:USDT-SOL-BTC-USDT,SOL,USDT->SOL->BTC->USDT,Binance,-1.721083,-39.685935,NO,193.06,"{""extra_buffer_bps"":8.0,""fee_bps_per_leg"":10.0,""top_of_book_only"":true}"
2026-09-12T18:38:19+00:00,stable_dislocation,USDC:Binance,USDC,above peg,Binance,0.350000,0.350000,NO,764849.59,"{""mid"":1.000035,""note"":""Peg deviation is a research signal; redemption, venue and issuer risks matter."",""signed_deviation_bps"":0.3500000000000725,""watch_threshold_bps"":10.0}"
2026-09-12T18:38:19+00:00,stable_dislocation_error,USDC:Bybit:error,USDC,n/a,Bybit,0.000000,-9999.000000,NO,,"{""error"":""HTTP Error 403: Forbidden""}"
2026-09-12T18:38:19+00:00,stable_dislocation,FDUSD:Binance,FDUSD,below peg,Binance,12.500000,12.500000,YES,330028.40,"{""mid"":0.99875,""note"":""Peg deviation is a research signal; redemption, venue and issuer risks matter."",""signed_deviation_bps"":-12.499999999999734,""watch_threshold_bps"":10.0}"
2026-09-12T18:38:19+00:00,stable_dislocation_error,FDUSD:Bybit:error,FDUSD,n/a,Bybit,0.000000,-9999.000000,NO,,"{""error"":""HTTP Error 403: Forbidden""}"
2026-09-12T19:12:51+00:00,cex_triangle,ETH:USDT-BTC-ETH-USDT,ETH,USDT->BTC->ETH->USDT,Binance,-1.628695,-39.593824,NO,47304.14,"{""extra_buffer_bps"":8.0,""fee_bps_per_leg"":10.0,""top_of_book_only"":true}"
2026-09-12T19:12:51+00:00,cex_triangle,ETH:USDT-ETH-BTC-USDT,ETH,USDT->ETH->BTC->USDT,Binance,-1.471530,-39.437130,NO,19642.30,"{""extra_buffer_bps"":8.0,""fee_bps_per_leg"":10.0,""top_of_book_only"":true}"
2026-09-12T19:12:51+00:00,cex_triangle,SOL:USDT-BTC-SOL-USDT,SOL,USDT->BTC->SOL->USDT,Binance,0.114001,-37.856350,NO,437.79,"{""extra_buffer_bps"":8.0,""fee_bps_per_leg"":10.0,""top_of_book_only"":true}"
2026-09-12T19:12:51+00:00,cex_triangle,SOL:USDT-SOL-BTC-USDT,SOL,USDT->SOL->BTC->USDT,Binance,-1.858601,-39.823040,NO,85.24,"{""extra_buffer_bps"":8.0,""fee_bps_per_leg"":10.0,""top_of_book_only"":true}"
2026-09-12T19:12:51+00:00,stable_dislocation,USDC:Binance,USDC,above peg,Binance,0.550000,0.550000,NO,942986.15,"{""mid"":1.0000550000000001,""note"":""Peg deviation is a research signal; redemption, venue and issuer risks matter."",""signed_deviation_bps"":0.5500000000013827,""watch_threshold_bps"":10.0}"
2026-09-12T19:12:51+00:00,stable_dislocation_error,USDC:Bybit:error,USDC,n/a,Bybit,0.000000,-9999.000000,NO,,"{""error"":""HTTP Error 403: Forbidden""}"
2026-09-12T19:12:51+00:00,stable_dislocation,FDUSD:Binance,FDUSD,below peg,Binance,12.500000,12.500000,YES,80210.59,"{""mid"":0.99875,""note"":""Peg deviation is a research signal; redemption, venue and issuer risks matter."",""signed_deviation_bps"":-12.499999999999734,""watch_threshold_bps"":10.0}"
2026-09-12T19:12:51+00:00,stable_dislocation_error,FDUSD:Bybit:error,FDUSD,n/a,Bybit,0.000000,-9999.000000,NO,,"{""error"":""HTTP Error 403: Forbidden""}"
2026-09-12T19:33:49+00:00,cex_triangle,ETH:USDT-BTC-ETH-USDT,ETH,USDT->BTC->ETH->USDT,Binance,-3.876268,-41.834661,NO,39351.72,"{""extra_buffer_bps"":8.0,""fee_bps_per_leg"":10.0,""top_of_book_only"":true}"
2026-09-12T19:33:49+00:00,cex_triangle,ETH:USDT-ETH-BTC-USDT,ETH,USDT->ETH->BTC->USDT,Binance,0.775622,-37.196712,NO,15903.84,"{""extra_buffer_bps"":8.0,""fee_bps_per_leg"":10.0,""top_of_book_only"":true}"
2026-09-12T19:33:49+00:00,cex_triangle,SOL:USDT-BTC-SOL-USDT,SOL,USDT->BTC->SOL->USDT,Binance,0.206078,-37.764550,NO,398.03,"{""extra_buffer_bps"":8.0,""fee_bps_per_leg"":10.0,""top_of_book_only"":true}"
2026-09-12T19:33:49+00:00,cex_triangle,SOL:USDT-SOL-BTC-USDT,SOL,USDT->SOL->BTC->USDT,Binance,-1.951643,-39.915804,NO,329.70,"{""extra_buffer_bps"":8.0,""fee_bps_per_leg"":10.0,""top_of_book_only"":true}"
2026-09-12T19:33:49+00:00,stable_dislocation,USDC:Binance,USDC,above peg,Binance,0.550000,0.550000,NO,76372.82,"{""mid"":1.0000550000000001,""note"":""Peg deviation is a research signal; redemption, venue and issuer risks matter."",""signed_deviation_bps"":0.5500000000013827,""watch_threshold_bps"":10.0}"
2026-09-12T19:33:49+00:00,stable_dislocation_error,USDC:Bybit:error,USDC,n/a,Bybit,0.000000,-9999.000000,NO,,"{""error"":""HTTP Error 403: Forbidden""}"
2026-09-12T19:33:49+00:00,stable_dislocation,FDUSD:Binance,FDUSD,below peg,Binance,12.500000,12.500000,YES,40959.68,"{""mid"":0.99875,""note"":""Peg deviation is a research signal; redemption, venue and issuer risks matter."",""signed_deviation_bps"":-12.499999999999734,""watch_threshold_bps"":10.0}"
2026-09-12T19:33:49+00:00,stable_dislocation_error,FDUSD:Bybit:error,FDUSD,n/a,Bybit,0.000000,-9999.000000,NO,,"{""error"":""HTTP Error 403: Forbidden""}"
2026-09-12T19:52:09+00:00,cex_triangle,ETH:USDT-BTC-ETH-USDT,ETH,USDT->BTC->ETH->USDT,Binance,-3.855648,-41.814102,NO,74826.25,"{""extra_buffer_bps"":8.0,""fee_bps_per_leg"":10.0,""top_of_book_only"":true}"
2026-09-12T19:52:09+00:00,cex_triangle,ETH:USDT-ETH-BTC-USDT,ETH,USDT->ETH->BTC->USDT,Binance,0.753085,-37.219182,NO,492.96,"{""extra_buffer_bps"":8.0,""fee_bps_per_leg"":10.0,""top_of_book_only"":true}"
2026-09-12T19:52:09+00:00,cex_triangle,SOL:USDT-BTC-SOL-USDT,SOL,USDT->BTC->SOL->USDT,Binance,-1.653136,-39.618192,NO,2691.97,"{""extra_buffer_bps"":8.0,""fee_bps_per_leg"":10.0,""top_of_book_only"":true}"
2026-09-12T19:52:09+00:00,cex_triangle,SOL:USDT-SOL-BTC-USDT,SOL,USDT->SOL->BTC->USDT,Binance,-0.095798,-38.065520,NO,192.32,"{""extra_buffer_bps"":8.0,""fee_bps_per_leg"":10.0,""top_of_book_only"":true}"
2026-09-12T19:52:09+00:00,stable_dislocation,USDC:Binance,USDC,above peg,Binance,0.450000,0.450000,NO,2003617.18,"{""mid"":1.000045,""note"":""Peg deviation is a research signal; redemption, venue and issuer risks matter."",""signed_deviation_bps"":0.4500000000007276,""watch_threshold_bps"":10.0}"
2026-09-12T19:52:09+00:00,stable_dislocation_error,USDC:Bybit:error,USDC,n/a,Bybit,0.000000,-9999.000000,NO,,"{""error"":""HTTP Error 403: Forbidden""}"
2026-09-12T19:52:09+00:00,stable_dislocation,FDUSD:Binance,FDUSD,below peg,Binance,12.500000,12.500000,YES,492842.47,"{""mid"":0.99875,""note"":""Peg deviation is a research signal; redemption, venue and issuer risks matter."",""signed_deviation_bps"":-12.499999999999734,""watch_threshold_bps"":10.0}"
2026-09-12T19:52:09+00:00,stable_dislocation_error,FDUSD:Bybit:error,FDUSD,n/a,Bybit,0.000000,-9999.000000,NO,,"{""error"":""HTTP Error 403: Forbidden""}"
2026-09-12T21:03:31+00:00,cex_triangle,ETH:USDT-BTC-ETH-USDT,ETH,USDT->BTC->ETH->USDT,Binance,-1.006577,-38.973571,NO,41424.67,"{""extra_buffer_bps"":8.0,""fee_bps_per_leg"":10.0,""top_of_book_only"":true}"
2026-09-12T21:03:31+00:00,cex_triangle,ETH:USDT-ETH-BTC-USDT,ETH,USDT->ETH->BTC->USDT,Binance,-2.094528,-40.058261,NO,31820.58,"{""extra_buffer_bps"":8.0,""fee_bps_per_leg"":10.0,""top_of_book_only"":true}"
2026-09-12T21:03:31+00:00,cex_triangle,SOL:USDT-BTC-SOL-USDT,SOL,USDT->BTC->SOL->USDT,Binance,-2.973578,-40.934677,NO,221.25,"{""extra_buffer_bps"":8.0,""fee_bps_per_leg"":10.0,""top_of_book_only"":true}"
2026-09-12T21:03:31+00:00,cex_triangle,SOL:USDT-SOL-BTC-USDT,SOL,USDT->SOL->BTC->USDT,Binance,1.226465,-36.747221,NO,239.34,"{""extra_buffer_bps"":8.0,""fee_bps_per_leg"":10.0,""top_of_book_only"":true}"
2026-09-12T21:03:31+00:00,stable_dislocation,USDC:Binance,USDC,above peg,Binance,0.850000,0.850000,NO,1485252.81,"{""mid"":1.000085,""note"":""Peg deviation is a research signal; redemption, venue and issuer risks matter."",""signed_deviation_bps"":0.8499999999989072,""watch_threshold_bps"":10.0}"
2026-09-12T21:03:31+00:00,stable_dislocation_error,USDC:Bybit:error,USDC,n/a,Bybit,0.000000,-9999.000000,NO,,"{""error"":""HTTP Error 403: Forbidden""}"
2026-09-12T21:03:31+00:00,stable_dislocation,FDUSD:Binance,FDUSD,below peg,Binance,12.500000,12.500000,YES,32437.78,"{""mid"":0.99875,""note"":""Peg deviation is a research signal; redemption, venue and issuer risks matter."",""signed_deviation_bps"":-12.499999999999734,""watch_threshold_bps"":10.0}"
2026-09-12T21:03:31+00:00,stable_dislocation_error,FDUSD:Bybit:error,FDUSD,n/a,Bybit,0.000000,-9999.000000,NO,,"{""error"":""HTTP Error 403: Forbidden""}"
2026-09-12T21:55:50+00:00,cex_triangle,ETH:USDT-BTC-ETH-USDT,ETH,USDT->BTC->ETH->USDT,Binance,-1.842159,-39.806648,NO,26798.19,"{""extra_buffer_bps"":8.0,""fee_bps_per_leg"":10.0,""top_of_book_only"":true}"
2026-09-12T21:55:50+00:00,cex_triangle,ETH:USDT-ETH-BTC-USDT,ETH,USDT->ETH->BTC->USDT,Binance,-1.259894,-39.226128,NO,21915.93,"{""extra_buffer_bps"":8.0,""fee_bps_per_leg"":10.0,""top_of_book_only"":true}"
2026-09-12T21:55:50+00:00,cex_triangle,SOL:USDT-BTC-SOL-USDT,SOL,USDT->BTC->SOL->USDT,Binance,-1.686410,-39.651366,NO,304.52,"{""extra_buffer_bps"":8.0,""fee_bps_per_leg"":10.0,""top_of_book_only"":true}"
2026-09-12T21:55:50+00:00,cex_triangle,SOL:USDT-SOL-BTC-USDT,SOL,USDT->SOL->BTC->USDT,Binance,-0.061134,-38.030961,NO,1751.21,"{""extra_buffer_bps"":8.0,""fee_bps_per_leg"":10.0,""top_of_book_only"":true}"
2026-09-12T21:55:50+00:00,stable_dislocation,USDC:Binance,USDC,above peg,Binance,0.650000,0.650000,NO,1329027.74,"{""mid"":1.000065,""note"":""Peg deviation is a research signal; redemption, venue and issuer risks matter."",""signed_deviation_bps"":0.6499999999998174,""watch_threshold_bps"":10.0}"
2026-09-12T21:55:50+00:00,stable_dislocation_error,USDC:Bybit:error,USDC,n/a,Bybit,0.000000,-9999.000000,NO,,"{""error"":""HTTP Error 403: Forbidden""}"
2026-09-12T21:55:50+00:00,stable_dislocation,FDUSD:Binance,FDUSD,below peg,Binance,12.500000,12.500000,YES,27031.81,"{""mid"":0.99875,""note"":""Peg deviation is a research signal; redemption, venue and issuer risks matter."",""signed_deviation_bps"":-12.499999999999734,""watch_threshold_bps"":10.0}"
2026-09-12T21:55:50+00:00,stable_dislocation_error,FDUSD:Bybit:error,FDUSD,n/a,Bybit,0.000000,-9999.000000,NO,,"{""error"":""HTTP Error 403: Forbidden""}"
2026-09-12T22:13:02+00:00,cex_triangle,ETH:USDT-BTC-ETH-USDT,ETH,USDT->BTC->ETH->USDT,Binance,-4.433752,-42.390474,NO,47961.68,"{""extra_buffer_bps"":8.0,""fee_bps_per_leg"":10.0,""top_of_book_only"":true}"
2026-09-12T22:13:02+00:00,cex_triangle,ETH:USDT-ETH-BTC-USDT,ETH,USDT->ETH->BTC->USDT,Binance,1.332517,-36.641486,NO,21736.28,"{""extra_buffer_bps"":8.0,""fee_bps_per_leg"":10.0,""top_of_book_only"":true}"
2026-09-12T22:13:02+00:00,cex_triangle,SOL:USDT-BTC-SOL-USDT,SOL,USDT->BTC->SOL->USDT,Binance,-1.472107,-39.437705,NO,375.51,"{""extra_buffer_bps"":8.0,""fee_bps_per_leg"":10.0,""top_of_book_only"":true}"
2026-09-12T22:13:02+00:00,cex_triangle,SOL:USDT-SOL-BTC-USDT,SOL,USDT->SOL->BTC->USDT,Binance,-0.274906,-38.244092,NO,2721.51,"{""extra_buffer_bps"":8.0,""fee_bps_per_leg"":10.0,""top_of_book_only"":true}"
2026-09-12T22:13:02+00:00,stable_dislocation,USDC:Binance,USDC,above peg,Binance,0.650000,0.650000,NO,1753693.22,"{""mid"":1.000065,""note"":""Peg deviation is a research signal; redemption, venue and issuer risks matter."",""signed_deviation_bps"":0.6499999999998174,""watch_threshold_bps"":10.0}"
2026-09-12T22:13:02+00:00,stable_dislocation_error,USDC:Bybit:error,USDC,n/a,Bybit,0.000000,-9999.000000,NO,,"{""error"":""HTTP Error 403: Forbidden""}"
2026-09-12T22:13:02+00:00,stable_dislocation,FDUSD:Binance,FDUSD,below peg,Binance,12.500000,12.500000,YES,10969.72,"{""mid"":0.99875,""note"":""Peg deviation is a research signal; redemption, venue and issuer risks matter."",""signed_deviation_bps"":-12.499999999999734,""watch_threshold_bps"":10.0}"
2026-09-12T22:13:02+00:00,stable_dislocation_error,FDUSD:Bybit:error,FDUSD,n/a,Bybit,0.000000,-9999.000000,NO,,"{""error"":""HTTP Error 403: Forbidden""}"
2026-09-12T23:03:08+00:00,cex_triangle,ETH:USDT-BTC-ETH-USDT,ETH,USDT->BTC->ETH->USDT,Binance,2.909659,-35.069072,NO,57.79,"{""extra_buffer_bps"":8.0,""fee_bps_per_leg"":10.0,""top_of_book_only"":true}"
2026-09-12T23:03:08+00:00,cex_triangle,ETH:USDT-ETH-BTC-USDT,ETH,USDT->ETH->BTC->USDT,Binance,-6.009722,-43.961721,NO,1044.73,"{""extra_buffer_bps"":8.0,""fee_bps_per_leg"":10.0,""top_of_book_only"":true}"
2026-09-12T23:03:08+00:00,cex_triangle,SOL:USDT-BTC-SOL-USDT,SOL,USDT->BTC->SOL->USDT,Binance,1.500730,-36.473778,NO,1755.09,"{""extra_buffer_bps"":8.0,""fee_bps_per_leg"":10.0,""top_of_book_only"":true}"
2026-09-12T23:03:08+00:00,cex_triangle,SOL:USDT-SOL-BTC-USDT,SOL,USDT->SOL->BTC->USDT,Binance,-3.243719,-41.204008,NO,281.59,"{""extra_buffer_bps"":8.0,""fee_bps_per_leg"":10.0,""top_of_book_only"":true}"
2026-09-12T23:03:08+00:00,stable_dislocation,USDC:Binance,USDC,above peg,Binance,0.450000,0.450000,NO,2357357.29,"{""mid"":1.000045,""note"":""Peg deviation is a research signal; redemption, venue and issuer risks matter."",""signed_deviation_bps"":0.4500000000007276,""watch_threshold_bps"":10.0}"
2026-09-12T23:03:08+00:00,stable_dislocation_error,USDC:Bybit:error,USDC,n/a,Bybit,0.000000,-9999.000000,NO,,"{""error"":""HTTP Error 403: Forbidden""}"
2026-09-12T23:03:08+00:00,stable_dislocation,FDUSD:Binance,FDUSD,below peg,Binance,13.500000,13.500000,YES,12074.28,"{""mid"":0.99865,""note"":""Peg deviation is a research signal; redemption, venue and issuer risks matter."",""signed_deviation_bps"":-13.499999999999623,""watch_threshold_bps"":10.0}"
2026-09-12T23:03:08+00:00,stable_dislocation_error,FDUSD:Bybit:error,FDUSD,n/a,Bybit,0.000000,-9999.000000,NO,,"{""error"":""HTTP Error 403: Forbidden""}"
2026-09-12T23:40:52+00:00,cex_triangle,ETH:USDT-BTC-ETH-USDT,ETH,USDT->BTC->ETH->USDT,Binance,-1.201234,-39.167644,NO,21594.79,"{""extra_buffer_bps"":8.0,""fee_bps_per_leg"":10.0,""top_of_book_only"":true}"
2026-09-12T23:40:52+00:00,cex_triangle,ETH:USDT-ETH-BTC-USDT,ETH,USDT->ETH->BTC->USDT,Binance,-1.898920,-39.863239,NO,40515.90,"{""extra_buffer_bps"":8.0,""fee_bps_per_leg"":10.0,""top_of_book_only"":true}"
2026-09-12T23:40:52+00:00,cex_triangle,SOL:USDT-BTC-SOL-USDT,SOL,USDT->BTC->SOL->USDT,Binance,-0.998354,-38.965372,NO,376.20,"{""extra_buffer_bps"":8.0,""fee_bps_per_leg"":10.0,""top_of_book_only"":true}"
2026-09-12T23:40:52+00:00,cex_triangle,SOL:USDT-SOL-BTC-USDT,SOL,USDT->SOL->BTC->USDT,Binance,-0.745294,-38.713070,NO,1450.93,"{""extra_buffer_bps"":8.0,""fee_bps_per_leg"":10.0,""top_of_book_only"":true}"
2026-09-12T23:40:52+00:00,stable_dislocation,USDC:Binance,USDC,above peg,Binance,0.450000,0.450000,NO,3133550.67,"{""mid"":1.000045,""note"":""Peg deviation is a research signal; redemption, venue and issuer risks matter."",""signed_deviation_bps"":0.4500000000007276,""watch_threshold_bps"":10.0}"
2026-09-12T23:40:52+00:00,stable_dislocation_error,USDC:Bybit:error,USDC,n/a,Bybit,0.000000,-9999.000000,NO,,"{""error"":""HTTP Error 403: Forbidden""}"
2026-09-12T23:40:52+00:00,stable_dislocation,FDUSD:Binance,FDUSD,below peg,Binance,12.500000,12.500000,YES,60047.84,"{""mid"":0.99875,""note"":""Peg deviation is a research signal; redemption, venue and issuer risks matter."",""signed_deviation_bps"":-12.499999999999734,""watch_threshold_bps"":10.0}"
2026-09-12T23:40:52+00:00,stable_dislocation_error,FDUSD:Bybit:error,FDUSD,n/a,Bybit,0.000000,-9999.000000,NO,,"{""error"":""HTTP Error 403: Forbidden""}"
2026-09-13T01:01:31+00:00,cex_triangle,ETH:USDT-BTC-ETH-USDT,ETH,USDT->BTC->ETH->USDT,Binance,-3.693734,-41.652674,NO,39526.21,"{""extra_buffer_bps"":8.0,""fee_bps_per_leg"":10.0,""top_of_book_only"":true}"
2026-09-13T01:01:31+00:00,cex_triangle,ETH:USDT-ETH-BTC-USDT,ETH,USDT->ETH->BTC->USDT,Binance,0.594032,-37.377758,NO,24118.98,"{""extra_buffer_bps"":8.0,""fee_bps_per_leg"":10.0,""top_of_book_only"":true}"
2026-09-13T01:01:31+00:00,cex_triangle,SOL:USDT-BTC-SOL-USDT,SOL,USDT->BTC->SOL->USDT,Binance,-0.783348,-38.751011,NO,2356.70,"{""extra_buffer_bps"":8.0,""fee_bps_per_leg"":10.0,""top_of_book_only"":true}"
2026-09-13T01:01:31+00:00,cex_triangle,SOL:USDT-SOL-BTC-USDT,SOL,USDT->SOL->BTC->USDT,Binance,-0.959547,-38.926681,NO,183.20,"{""extra_buffer_bps"":8.0,""fee_bps_per_leg"":10.0,""top_of_book_only"":true}"
2026-09-13T01:01:31+00:00,stable_dislocation,USDC:Binance,USDC,above peg,Binance,0.450000,0.450000,NO,897370.87,"{""mid"":1.000045,""note"":""Peg deviation is a research signal; redemption, venue and issuer risks matter."",""signed_deviation_bps"":0.4500000000007276,""watch_threshold_bps"":10.0}"
2026-09-13T01:01:31+00:00,stable_dislocation_error,USDC:Bybit:error,USDC,n/a,Bybit,0.000000,-9999.000000,NO,,"{""error"":""HTTP Error 403: Forbidden""}"
2026-09-13T01:01:31+00:00,stable_dislocation,FDUSD:Binance,FDUSD,below peg,Binance,12.500000,12.500000,YES,4680.91,"{""mid"":0.99875,""note"":""Peg deviation is a research signal; redemption, venue and issuer risks matter."",""signed_deviation_bps"":-12.499999999999734,""watch_threshold_bps"":10.0}"
2026-09-13T01:01:31+00:00,stable_dislocation_error,FDUSD:Bybit:error,FDUSD,n/a,Bybit,0.000000,-9999.000000,NO,,"{""error"":""HTTP Error 403: Forbidden""}"
2026-09-13T01:36:02+00:00,cex_triangle,ETH:USDT-BTC-ETH-USDT,ETH,USDT->BTC->ETH->USDT,Binance,-1.626557,-39.591692,NO,30324.16,"{""extra_buffer_bps"":8.0,""fee_bps_per_leg"":10.0,""top_of_book_only"":true}"
2026-09-13T01:36:02+00:00,cex_triangle,ETH:USDT-ETH-BTC-USDT,ETH,USDT->ETH->BTC->USDT,Binance,-1.475512,-39.441100,NO,13518.41,"{""extra_buffer_bps"":8.0,""fee_bps_per_leg"":10.0,""top_of_book_only"":true}"
2026-09-13T01:36:02+00:00,cex_triangle,SOL:USDT-BTC-SOL-USDT,SOL,USDT->BTC->SOL->USDT,Binance,-0.776018,-38.743703,NO,499.24,"{""extra_buffer_bps"":8.0,""fee_bps_per_leg"":10.0,""top_of_book_only"":true}"
2026-09-13T01:36:02+00:00,cex_triangle,SOL:USDT-SOL-BTC-USDT,SOL,USDT->SOL->BTC->USDT,Binance,-0.964147,-38.931268,NO,1560.29,"{""extra_buffer_bps"":8.0,""fee_bps_per_leg"":10.0,""top_of_book_only"":true}"
2026-09-13T01:36:02+00:00,stable_dislocation,USDC:Binance,USDC,above peg,Binance,0.550000,0.550000,NO,1100785.04,"{""mid"":1.0000550000000001,""note"":""Peg deviation is a research signal; redemption, venue and issuer risks matter."",""signed_deviation_bps"":0.5500000000013827,""watch_threshold_bps"":10.0}"
2026-09-13T01:36:02+00:00,stable_dislocation_error,USDC:Bybit:error,USDC,n/a,Bybit,0.000000,-9999.000000,NO,,"{""error"":""HTTP Error 403: Forbidden""}"
2026-09-13T01:36:02+00:00,stable_dislocation,FDUSD:Binance,FDUSD,below peg,Binance,12.500000,12.500000,YES,208753.27,"{""mid"":0.99875,""note"":""Peg deviation is a research signal; redemption, venue and issuer risks matter."",""signed_deviation_bps"":-12.499999999999734,""watch_threshold_bps"":10.0}"
2026-09-13T01:36:02+00:00,stable_dislocation_error,FDUSD:Bybit:error,FDUSD,n/a,Bybit,0.000000,-9999.000000,NO,,"{""error"":""HTTP Error 403: Forbidden""}"
2026-09-13T06:33:51+00:00,cex_triangle,ETH:USDT-BTC-ETH-USDT,ETH,USDT->BTC->ETH->USDT,Binance,-3.221460,-41.181815,NO,1927.00,"{""extra_buffer_bps"":8.0,""fee_bps_per_leg"":10.0,""top_of_book_only"":true}"
2026-09-13T06:33:51+00:00,cex_triangle,ETH:USDT-ETH-BTC-USDT,ETH,USDT->ETH->BTC->USDT,Binance,0.115891,-37.854467,NO,938.46,"{""extra_buffer_bps"":8.0,""fee_bps_per_leg"":10.0,""top_of_book_only"":true}"
2026-09-13T06:33:51+00:00,cex_triangle,SOL:USDT-BTC-SOL-USDT,SOL,USDT->BTC->SOL->USDT,Binance,-3.156141,-41.116692,NO,394.48,"{""extra_buffer_bps"":8.0,""fee_bps_per_leg"":10.0,""top_of_book_only"":true}"
2026-09-13T06:33:51+00:00,cex_triangle,SOL:USDT-SOL-BTC-USDT,SOL,USDT->SOL->BTC->USDT,Binance,1.406357,-36.567868,NO,923.70,"{""extra_buffer_bps"":8.0,""fee_bps_per_leg"":10.0,""top_of_book_only"":true}"
2026-09-13T06:33:51+00:00,stable_dislocation,USDC:Binance,USDC,above peg,Binance,0.750000,0.750000,NO,1108050.64,"{""mid"":1.000075,""note"":""Peg deviation is a research signal; redemption, venue and issuer risks matter."",""signed_deviation_bps"":0.7500000000004725,""watch_threshold_bps"":10.0}"
2026-09-13T06:33:51+00:00,stable_dislocation_error,USDC:Bybit:error,USDC,n/a,Bybit,0.000000,-9999.000000,NO,,"{""error"":""HTTP Error 403: Forbidden""}"
2026-09-13T06:33:51+00:00,stable_dislocation,FDUSD:Binance,FDUSD,below peg,Binance,11.500000,11.500000,YES,21008.76,"{""mid"":0.99885,""note"":""Peg deviation is a research signal; redemption, venue and issuer risks matter."",""signed_deviation_bps"":-11.499999999999844,""watch_threshold_bps"":10.0}"
2026-09-13T06:33:51+00:00,stable_dislocation_error,FDUSD:Bybit:error,FDUSD,n/a,Bybit,0.000000,-9999.000000,NO,,"{""error"":""HTTP Error 403: Forbidden""}"
2026-09-13T11:51:08+00:00,cex_triangle,ETH:USDT-BTC-ETH-USDT,ETH,USDT->BTC->ETH->USDT,Binance,-3.276274,-41.236465,NO,72419.97,"{""extra_buffer_bps"":8.0,""fee_bps_per_leg"":10.0,""top_of_book_only"":true}"
2026-09-13T11:51:08+00:00,cex_triangle,ETH:USDT-ETH-BTC-USDT,ETH,USDT->ETH->BTC->USDT,Binance,0.140666,-37.829765,NO,27487.06,"{""extra_buffer_bps"":8.0,""fee_bps_per_leg"":10.0,""top_of_book_only"":true}"
2026-09-13T11:51:08+00:00,cex_triangle,SOL:USDT-BTC-SOL-USDT,SOL,USDT->BTC->SOL->USDT,Binance,-1.167699,-39.134210,NO,369.10,"{""extra_buffer_bps"":8.0,""fee_bps_per_leg"":10.0,""top_of_book_only"":true}"
2026-09-13T11:51:08+00:00,cex_triangle,SOL:USDT-SOL-BTC-USDT,SOL,USDT->SOL->BTC->USDT,Binance,-0.604849,-38.573046,NO,2140.11,"{""extra_buffer_bps"":8.0,""fee_bps_per_leg"":10.0,""top_of_book_only"":true}"
2026-09-13T11:51:08+00:00,stable_dislocation,USDC:Binance,USDC,above peg,Binance,2.150000,2.150000,NO,2682847.28,"{""mid"":1.000215,""note"":""Peg deviation is a research signal; redemption, venue and issuer risks matter."",""signed_deviation_bps"":2.1500000000007624,""watch_threshold_bps"":10.0}"
2026-09-13T11:51:08+00:00,stable_dislocation_error,USDC:Bybit:error,USDC,n/a,Bybit,0.000000,-9999.000000,NO,,"{""error"":""HTTP Error 403: Forbidden""}"
2026-09-13T11:51:08+00:00,stable_dislocation,FDUSD:Binance,FDUSD,below peg,Binance,12.500000,12.500000,YES,37740.66,"{""mid"":0.99875,""note"":""Peg deviation is a research signal; redemption, venue and issuer risks matter."",""signed_deviation_bps"":-12.499999999999734,""watch_threshold_bps"":10.0}"
2026-09-13T11:51:08+00:00,stable_dislocation_error,FDUSD:Bybit:error,FDUSD,n/a,Bybit,0.000000,-9999.000000,NO,,"{""error"":""HTTP Error 403: Forbidden""}"
2026-09-13T12:12:25+00:00,cex_triangle,ETH:USDT-BTC-ETH-USDT,ETH,USDT->BTC->ETH->USDT,Binance,-0.631846,-38.599962,NO,50540.91,"{""extra_buffer_bps"":8.0,""fee_bps_per_leg"":10.0,""top_of_book_only"":true}"
2026-09-13T12:12:25+00:00,cex_triangle,ETH:USDT-ETH-BTC-USDT,ETH,USDT->ETH->BTC->USDT,Binance,-2.504916,-40.467419,NO,41684.57,"{""extra_buffer_bps"":8.0,""fee_bps_per_leg"":10.0,""top_of_book_only"":true}"
2026-09-13T12:12:25+00:00,cex_triangle,SOL:USDT-BTC-SOL-USDT,SOL,USDT->BTC->SOL->USDT,Binance,-1.740064,-39.704859,NO,1047.49,"{""extra_buffer_bps"":8.0,""fee_bps_per_leg"":10.0,""top_of_book_only"":true}"
2026-09-13T12:12:25+00:00,cex_triangle,SOL:USDT-SOL-BTC-USDT,SOL,USDT->SOL->BTC->USDT,Binance,-0.032378,-38.002291,NO,646.17,"{""extra_buffer_bps"":8.0,""fee_bps_per_leg"":10.0,""top_of_book_only"":true}"
2026-09-13T12:12:25+00:00,stable_dislocation,USDC:Binance,USDC,above peg,Binance,2.050000,2.050000,NO,6122355.23,"{""mid"":1.000205,""note"":""Peg deviation is a research signal; redemption, venue and issuer risks matter."",""signed_deviation_bps"":2.0500000000001073,""watch_threshold_bps"":10.0}"
2026-09-13T12:12:25+00:00,stable_dislocation_error,USDC:Bybit:error,USDC,n/a,Bybit,0.000000,-9999.000000,NO,,"{""error"":""HTTP Error 403: Forbidden""}"
2026-09-13T12:12:25+00:00,stable_dislocation,FDUSD:Binance,FDUSD,below peg,Binance,12.500000,12.500000,YES,37321.16,"{""mid"":0.99875,""note"":""Peg deviation is a research signal; redemption, venue and issuer risks matter."",""signed_deviation_bps"":-12.499999999999734,""watch_threshold_bps"":10.0}"
2026-09-13T12:12:25+00:00,stable_dislocation_error,FDUSD:Bybit:error,FDUSD,n/a,Bybit,0.000000,-9999.000000,NO,,"{""error"":""HTTP Error 403: Forbidden""}"
2026-09-13T12:18:28+00:00,cex_triangle,ETH:USDT-BTC-ETH-USDT,ETH,USDT->BTC->ETH->USDT,Binance,-1.995663,-39.959692,NO,44690.58,"{""extra_buffer_bps"":8.0,""fee_bps_per_leg"":10.0,""top_of_book_only"":true}"
2026-09-13T12:18:28+00:00,cex_triangle,ETH:USDT-ETH-BTC-USDT,ETH,USDT->ETH->BTC->USDT,Binance,-1.140190,-39.106783,NO,75302.14,"{""extra_buffer_bps"":8.0,""fee_bps_per_leg"":10.0,""top_of_book_only"":true}"
2026-09-13T12:18:28+00:00,cex_triangle,SOL:USDT-BTC-SOL-USDT,SOL,USDT->BTC->SOL->USDT,Binance,-1.326048,-39.292084,NO,369.04,"{""extra_buffer_bps"":8.0,""fee_bps_per_leg"":10.0,""top_of_book_only"":true}"
2026-09-13T12:18:28+00:00,cex_triangle,SOL:USDT-SOL-BTC-USDT,SOL,USDT->SOL->BTC->USDT,Binance,-0.447281,-38.415951,NO,847.13,"{""extra_buffer_bps"":8.0,""fee_bps_per_leg"":10.0,""top_of_book_only"":true}"
2026-09-13T12:18:28+00:00,stable_dislocation,USDC:Binance,USDC,above peg,Binance,1.950000,1.950000,NO,4785535.08,"{""mid"":1.000195,""note"":""Peg deviation is a research signal; redemption, venue and issuer risks matter."",""signed_deviation_bps"":1.9499999999994522,""watch_threshold_bps"":10.0}"
2026-09-13T12:18:28+00:00,stable_dislocation_error,USDC:Bybit:error,USDC,n/a,Bybit,0.000000,-9999.000000,NO,,"{""error"":""HTTP Error 403: Forbidden""}"
2026-09-13T12:18:28+00:00,stable_dislocation,FDUSD:Binance,FDUSD,below peg,Binance,12.500000,12.500000,YES,40380.49,"{""mid"":0.99875,""note"":""Peg deviation is a research signal; redemption, venue and issuer risks matter."",""signed_deviation_bps"":-12.499999999999734,""watch_threshold_bps"":10.0}"
2026-09-13T12:18:28+00:00,stable_dislocation_error,FDUSD:Bybit:error,FDUSD,n/a,Bybit,0.000000,-9999.000000,NO,,"{""error"":""HTTP Error 403: Forbidden""}"
2026-09-13T15:16:46+00:00,cex_triangle,ETH:USDT-BTC-ETH-USDT,ETH,USDT->BTC->ETH->USDT,Binance,-2.614528,-40.576702,NO,28570.79,"{""extra_buffer_bps"":8.0,""fee_bps_per_leg"":10.0,""top_of_book_only"":true}"
2026-09-13T15:16:46+00:00,cex_triangle,ETH:USDT-ETH-BTC-USDT,ETH,USDT->ETH->BTC->USDT,Binance,-0.526932,-38.495363,NO,784.72,"{""extra_buffer_bps"":8.0,""fee_bps_per_leg"":10.0,""top_of_book_only"":true}"
2026-09-13T15:16:46+00:00,cex_triangle,SOL:USDT-BTC-SOL-USDT,SOL,USDT->BTC->SOL->USDT,Binance,-2.475859,-40.438449,NO,371.00,"{""extra_buffer_bps"":8.0,""fee_bps_per_leg"":10.0,""top_of_book_only"":true}"
2026-09-13T15:16:46+00:00,cex_triangle,SOL:USDT-SOL-BTC-USDT,SOL,USDT->SOL->BTC->USDT,Binance,0.709560,-37.262576,NO,784.72,"{""extra_buffer_bps"":8.0,""fee_bps_per_leg"":10.0,""top_of_book_only"":true}"
2026-09-13T15:16:46+00:00,stable_dislocation,USDC:Binance,USDC,above peg,Binance,1.850000,1.850000,NO,1427307.14,"{""mid"":1.000185,""note"":""Peg deviation is a research signal; redemption, venue and issuer risks matter."",""signed_deviation_bps"":1.8500000000010175,""watch_threshold_bps"":10.0}"
2026-09-13T15:16:46+00:00,stable_dislocation_error,USDC:Bybit:error,USDC,n/a,Bybit,0.000000,-9999.000000,NO,,"{""error"":""HTTP Error 403: Forbidden""}"
2026-09-13T15:16:46+00:00,stable_dislocation,FDUSD:Binance,FDUSD,below peg,Binance,12.500000,12.500000,YES,34989.96,"{""mid"":0.99875,""note"":""Peg deviation is a research signal; redemption, venue and issuer risks matter."",""signed_deviation_bps"":-12.499999999999734,""watch_threshold_bps"":10.0}"
2026-09-13T15:16:46+00:00,stable_dislocation_error,FDUSD:Bybit:error,FDUSD,n/a,Bybit,0.000000,-9999.000000,NO,,"{""error"":""HTTP Error 403: Forbidden""}"
2026-09-13T16:18:15+00:00,cex_triangle,ETH:USDT-BTC-ETH-USDT,ETH,USDT->BTC->ETH->USDT,Binance,-3.420397,-41.380156,NO,58140.83,"{""extra_buffer_bps"":8.0,""fee_bps_per_leg"":10.0,""top_of_book_only"":true}"
2026-09-13T16:18:15+00:00,cex_triangle,ETH:USDT-ETH-BTC-USDT,ETH,USDT->ETH->BTC->USDT,Binance,0.290868,-37.680013,NO,11654.81,"{""extra_buffer_bps"":8.0,""fee_bps_per_leg"":10.0,""top_of_book_only"":true}"
2026-09-13T16:18:15+00:00,cex_triangle,SOL:USDT-BTC-SOL-USDT,SOL,USDT->BTC->SOL->USDT,Binance,-2.996707,-40.957736,NO,1927.72,"{""extra_buffer_bps"":8.0,""fee_bps_per_leg"":10.0,""top_of_book_only"":true}"
2026-09-13T16:18:15+00:00,cex_triangle,SOL:USDT-SOL-BTC-USDT,SOL,USDT->SOL->BTC->USDT,Binance,1.235661,-36.738052,NO,372.20,"{""extra_buffer_bps"":8.0,""fee_bps_per_leg"":10.0,""top_of_book_only"":true}"
2026-09-13T16:18:15+00:00,stable_dislocation,USDC:Binance,USDC,above peg,Binance,1.750000,1.750000,NO,5362096.40,"{""mid"":1.000175,""note"":""Peg deviation is a research signal; redemption, venue and issuer risks matter."",""signed_deviation_bps"":1.7500000000003624,""watch_threshold_bps"":10.0}"
2026-09-13T16:18:15+00:00,stable_dislocation_error,USDC:Bybit:error,USDC,n/a,Bybit,0.000000,-9999.000000,NO,,"{""error"":""HTTP Error 403: Forbidden""}"
2026-09-13T16:18:15+00:00,stable_dislocation,FDUSD:Binance,FDUSD,below peg,Binance,12.500000,12.500000,YES,29996.96,"{""mid"":0.99875,""note"":""Peg deviation is a research signal; redemption, venue and issuer risks matter."",""signed_deviation_bps"":-12.499999999999734,""watch_threshold_bps"":10.0}"
2026-09-13T16:18:15+00:00,stable_dislocation_error,FDUSD:Bybit:error,FDUSD,n/a,Bybit,0.000000,-9999.000000,NO,,"{""error"":""HTTP Error 403: Forbidden""}"
2026-09-13T16:33:44+00:00,cex_triangle,ETH:USDT-BTC-ETH-USDT,ETH,USDT->BTC->ETH->USDT,Binance,-3.595829,-41.555062,NO,113268.98,"{""extra_buffer_bps"":8.0,""fee_bps_per_leg"":10.0,""top_of_book_only"":true}"
2026-09-13T16:33:44+00:00,cex_triangle,ETH:USDT-ETH-BTC-USDT,ETH,USDT->ETH->BTC->USDT,Binance,0.468328,-37.503086,NO,18437.24,"{""extra_buffer_bps"":8.0,""fee_bps_per_leg"":10.0,""top_of_book_only"":true}"
2026-09-13T16:33:44+00:00,cex_triangle,SOL:USDT-BTC-SOL-USDT,SOL,USDT->BTC->SOL->USDT,Binance,-1.122799,-39.089444,NO,2491.27,"{""extra_buffer_bps"":8.0,""fee_bps_per_leg"":10.0,""top_of_book_only"":true}"
2026-09-13T16:33:44+00:00,cex_triangle,SOL:USDT-SOL-BTC-USDT,SOL,USDT->SOL->BTC->USDT,Binance,-0.639709,-38.607801,NO,191.00,"{""extra_buffer_bps"":8.0,""fee_bps_per_leg"":10.0,""top_of_book_only"":true}"
2026-09-13T16:33:44+00:00,stable_dislocation,USDC:Binance,USDC,above peg,Binance,1.750000,1.750000,NO,3941193.89,"{""mid"":1.000175,""note"":""Peg deviation is a research signal; redemption, venue and issuer risks matter."",""signed_deviation_bps"":1.7500000000003624,""watch_threshold_bps"":10.0}"
2026-09-13T16:33:44+00:00,stable_dislocation_error,USDC:Bybit:error,USDC,n/a,Bybit,0.000000,-9999.000000,NO,,"{""error"":""HTTP Error 403: Forbidden""}"
2026-09-13T16:33:44+00:00,stable_dislocation,FDUSD:Binance,FDUSD,below peg,Binance,12.500000,12.500000,YES,28049.30,"{""mid"":0.99875,""note"":""Peg deviation is a research signal; redemption, venue and issuer risks matter."",""signed_deviation_bps"":-12.499999999999734,""watch_threshold_bps"":10.0}"
2026-09-13T16:33:44+00:00,stable_dislocation_error,FDUSD:Bybit:error,FDUSD,n/a,Bybit,0.000000,-9999.000000,NO,,"{""error"":""HTTP Error 403: Forbidden""}"
2026-09-13T18:25:39+00:00,cex_triangle,ETH:USDT-BTC-ETH-USDT,ETH,USDT->BTC->ETH->USDT,Binance,-1.987202,-39.951256,NO,32499.00,"{""extra_buffer_bps"":8.0,""fee_bps_per_leg"":10.0,""top_of_book_only"":true}"
2026-09-13T18:25:39+00:00,cex_triangle,ETH:USDT-ETH-BTC-USDT,ETH,USDT->ETH->BTC->USDT,Binance,-1.138699,-39.105296,NO,52757.65,"{""extra_buffer_bps"":8.0,""fee_bps_per_leg"":10.0,""top_of_book_only"":true}"
2026-09-13T18:25:39+00:00,cex_triangle,SOL:USDT-BTC-SOL-USDT,SOL,USDT->BTC->SOL->USDT,Binance,-1.923048,-39.887294,NO,374.09,"{""extra_buffer_bps"":8.0,""fee_bps_per_leg"":10.0,""top_of_book_only"":true}"
2026-09-13T18:25:39+00:00,cex_triangle,SOL:USDT-SOL-BTC-USDT,SOL,USDT->SOL->BTC->USDT,Binance,0.168473,-37.802042,NO,1890.81,"{""extra_buffer_bps"":8.0,""fee_bps_per_leg"":10.0,""top_of_book_only"":true}"
2026-09-13T18:25:39+00:00,stable_dislocation,USDC:Binance,USDC,above peg,Binance,1.950000,1.950000,NO,762547.86,"{""mid"":1.000195,""note"":""Peg deviation is a research signal; redemption, venue and issuer risks matter."",""signed_deviation_bps"":1.9499999999994522,""watch_threshold_bps"":10.0}"
2026-09-13T18:25:39+00:00,stable_dislocation_error,USDC:Bybit:error,USDC,n/a,Bybit,0.000000,-9999.000000,NO,,"{""error"":""HTTP Error 403: Forbidden""}"
2026-09-13T18:25:39+00:00,stable_dislocation,FDUSD:Binance,FDUSD,below peg,Binance,11.500000,11.500000,YES,74847.08,"{""mid"":0.99885,""note"":""Peg deviation is a research signal; redemption, venue and issuer risks matter."",""signed_deviation_bps"":-11.499999999999844,""watch_threshold_bps"":10.0}"
2026-09-13T18:25:39+00:00,stable_dislocation_error,FDUSD:Bybit:error,FDUSD,n/a,Bybit,0.000000,-9999.000000,NO,,"{""error"":""HTTP Error 403: Forbidden""}"
2026-09-13T19:00:47+00:00,cex_cross_spot,BTC:buy Binance / sell Bybit,BTC,buy Binance / sell Bybit,Binance<->Bybit,0.386558,-29.613442,NO,64985.61,"{""buffer_bps"":30.0,""buy_ask"":77349.41,""note"":""Assumes capital already present on both venues; transfer/rebalancing costs not included."",""sell_bid"":77352.4}"
2026-09-13T19:00:47+00:00,cex_cross_spot,BTC:buy Bybit / sell Binance,BTC,buy Bybit / sell Binance,Binance<->Bybit,-0.400763,-30.400763,NO,20819.58,"{""buffer_bps"":30.0,""buy_ask"":77352.5,""note"":""Assumes capital already present on both venues; transfer/rebalancing costs not included."",""sell_bid"":77349.4}"
2026-09-13T19:00:47+00:00,cex_cross_spot,ETH:buy Binance / sell Bybit,ETH,buy Binance / sell Bybit,Binance<->Bybit,1.075731,-28.924269,NO,37047.82,"{""buffer_bps"":30.0,""buy_ask"":2509.92,""note"":""Assumes capital already present on both venues; transfer/rebalancing costs not included."",""sell_bid"":2510.19}"
2026-09-13T19:00:47+00:00,cex_cross_spot,ETH:buy Bybit / sell Binance,ETH,buy Bybit / sell Binance,Binance<->Bybit,-1.155286,-31.155286,NO,16179.97,"{""buffer_bps"":30.0,""buy_ask"":2510.2,""note"":""Assumes capital already present on both venues; transfer/rebalancing costs not included."",""sell_bid"":2509.91}"
2026-09-13T19:00:47+00:00,cex_cross_spot,SOL:buy Binance / sell Bybit,SOL,buy Binance / sell Bybit,Binance<->Bybit,0.000000,-30.000000,NO,1225.32,"{""buffer_bps"":30.0,""buy_ask"":101.22,""note"":""Assumes capital already present on both venues; transfer/rebalancing costs not included."",""sell_bid"":101.22}"
2026-09-13T19:00:47+00:00,cex_cross_spot,SOL:buy Bybit / sell Binance,SOL,buy Bybit / sell Binance,Binance<->Bybit,-1.975699,-31.975699,NO,9452.52,"{""buffer_bps"":30.0,""buy_ask"":101.23,""note"":""Assumes capital already present on both venues; transfer/rebalancing costs not included."",""sell_bid"":101.21}"
2026-09-13T19:00:47+00:00,cex_triangle,ETH:USDT-BTC-ETH-USDT,ETH,USDT->BTC->ETH->USDT,Binance,-0.312171,-38.281245,NO,86479.63,"{""extra_buffer_bps"":8.0,""fee_bps_per_leg"":10.0,""top_of_book_only"":true}"
2026-09-13T19:00:47+00:00,cex_triangle,ETH:USDT-ETH-BTC-USDT,ETH,USDT->ETH->BTC->USDT,Binance,-2.810703,-40.772289,NO,112153.07,"{""extra_buffer_bps"":8.0,""fee_bps_per_leg"":10.0,""top_of_book_only"":true}"
2026-09-13T19:00:47+00:00,cex_triangle,SOL:USDT-BTC-SOL-USDT,SOL,USDT->BTC->SOL->USDT,Binance,0.596020,-37.375777,NO,2560.16,"{""extra_buffer_bps"":8.0,""fee_bps_per_leg"":10.0,""top_of_book_only"":true}"
2026-09-13T19:00:47+00:00,cex_triangle,SOL:USDT-SOL-BTC-USDT,SOL,USDT->SOL->BTC->USDT,Binance,-2.349336,-40.312305,NO,374.27,"{""extra_buffer_bps"":8.0,""fee_bps_per_leg"":10.0,""top_of_book_only"":true}"
2026-09-13T19:00:47+00:00,spot_perp_basis,BTC:Binance,BTC,short spot / long perp,Binance,3.833902,3.833902,NO,,"{""funding_rate"":7.646e-05,""mark_price"":77319.8,""note"":""Basis magnitude is a carry signal, not immediate executable profit."",""perp_mid"":77319.75,""signed_basis_bps"":-3.833901501892889,""spot_mid"":77349.405}"
2026-09-13T19:00:47+00:00,spot_perp_basis,BTC:Bybit,BTC,short spot / long perp,Bybit,3.658578,3.658578,NO,,"{""funding_rate"":0.0001,""mark_price"":77324.2,""note"":""Basis magnitude is a carry signal, not immediate executable profit."",""perp_mid"":77324.15,""signed_basis_bps"":-3.6585783643572345,""spot_mid"":77352.45}"
2026-09-13T19:00:47+00:00,spot_perp_basis,ETH:Binance,ETH,short spot / long perp,Binance,3.187359,3.187359,NO,,"{""funding_rate"":-2.46e-05,""mark_price"":2509.12,""note"":""Basis magnitude is a carry signal, not immediate executable profit."",""perp_mid"":2509.115,""signed_basis_bps"":-3.187358934466644,""spot_mid"":2509.915}"
2026-09-13T19:00:47+00:00,spot_perp_basis,ETH:Bybit,ETH,short spot / long perp,Bybit,5.417906,5.417906,NO,,"{""funding_rate"":8.734e-05,""mark_price"":2508.83,""note"":""Basis magnitude is a carry signal, not immediate executable profit."",""perp_mid"":2508.835,""signed_basis_bps"":-5.417905780227272,""spot_mid"":2510.1949999999997}"
2026-09-13T19:00:47+00:00,spot_perp_basis,SOL:Binance,SOL,short spot / long perp,Binance,6.915971,6.915971,NO,,"{""funding_rate"":7.124e-05,""mark_price"":101.15038598,""note"":""Basis magnitude is a carry signal, not immediate executable profit."",""perp_mid"":101.14500000000001,""signed_basis_bps"":-6.915970952920958,""spot_mid"":101.215}"
2026-09-13T19:00:47+00:00,spot_perp_basis,SOL:Bybit,SOL,short spot / long perp,Bybit,6.915288,6.915288,NO,,"{""funding_rate"":9.232e-05,""mark_price"":101.153,""note"":""Basis magnitude is a carry signal, not immediate executable profit."",""perp_mid"":101.155,""signed_basis_bps"":-6.915287725363095,""spot_mid"":101.225}"
2026-09-13T19:00:47+00:00,stable_dislocation,USDC:Binance,USDC,above peg,Binance,1.850000,1.850000,NO,290410.26,"{""mid"":1.000185,""note"":""Peg deviation is a research signal; redemption, venue and issuer risks matter."",""signed_deviation_bps"":1.8500000000010175,""watch_threshold_bps"":10.0}"
2026-09-13T19:00:47+00:00,stable_dislocation,USDC:Bybit,USDC,above peg,Bybit,1.500000,1.500000,NO,9290145.05,"{""mid"":1.00015,""note"":""Peg deviation is a research signal; redemption, venue and issuer risks matter."",""signed_deviation_bps"":1.500000000000945,""watch_threshold_bps"":10.0}"
2026-09-13T19:00:47+00:00,stable_dislocation,FDUSD:Binance,FDUSD,below peg,Binance,11.500000,11.500000,YES,21446.23,"{""mid"":0.99885,""note"":""Peg deviation is a research signal; redemption, venue and issuer risks matter."",""signed_deviation_bps"":-11.499999999999844,""watch_threshold_bps"":10.0}"
2026-09-13T19:00:47+00:00,stable_dislocation_error,FDUSD:Bybit:error,FDUSD,n/a,Bybit,0.000000,-9999.000000,NO,,"{""error"":""Bybit spot FDUSDUSDT: {'retCode': 10001, 'retMsg': 'Not supported symbols', 'result': {}, 'retExtInfo': {}, 'time': 1789326063191}""}"
2026-09-13T19:22:44+00:00,cex_triangle,ETH:USDT-BTC-ETH-USDT,ETH,USDT->BTC->ETH->USDT,Binance,-1.944453,-39.908635,NO,24592.26,"{""extra_buffer_bps"":8.0,""fee_bps_per_leg"":10.0,""top_of_book_only"":true}"
2026-09-13T19:22:44+00:00,cex_triangle,ETH:USDT-ETH-BTC-USDT,ETH,USDT->ETH->BTC->USDT,Binance,-1.177662,-39.144143,NO,34064.80,"{""extra_buffer_bps"":8.0,""fee_bps_per_leg"":10.0,""top_of_book_only"":true}"
2026-09-13T19:22:44+00:00,cex_triangle,SOL:USDT-BTC-SOL-USDT,SOL,USDT->BTC->SOL->USDT,Binance,0.534949,-37.436664,NO,373.44,"{""extra_buffer_bps"":8.0,""fee_bps_per_leg"":10.0,""top_of_book_only"":true}"
2026-09-13T19:22:44+00:00,cex_triangle,SOL:USDT-SOL-BTC-USDT,SOL,USDT->SOL->BTC->USDT,Binance,-2.291080,-40.254223,NO,740.26,"{""extra_buffer_bps"":8.0,""fee_bps_per_leg"":10.0,""top_of_book_only"":true}"
2026-09-13T19:22:44+00:00,stable_dislocation,USDC:Binance,USDC,above peg,Binance,2.050000,2.050000,NO,1036254.21,"{""mid"":1.000205,""note"":""Peg deviation is a research signal; redemption, venue and issuer risks matter."",""signed_deviation_bps"":2.0500000000001073,""watch_threshold_bps"":10.0}"
2026-09-13T19:22:44+00:00,stable_dislocation_error,USDC:Bybit:error,USDC,n/a,Bybit,0.000000,-9999.000000,NO,,"{""error"":""HTTP Error 403: Forbidden""}"
2026-09-13T19:22:44+00:00,stable_dislocation,FDUSD:Binance,FDUSD,below peg,Binance,11.500000,11.500000,YES,48208.08,"{""mid"":0.99885,""note"":""Peg deviation is a research signal; redemption, venue and issuer risks matter."",""signed_deviation_bps"":-11.499999999999844,""watch_threshold_bps"":10.0}"
2026-09-13T19:22:44+00:00,stable_dislocation_error,FDUSD:Bybit:error,FDUSD,n/a,Bybit,0.000000,-9999.000000,NO,,"{""error"":""HTTP Error 403: Forbidden""}"
2026-09-13T21:06:30+00:00,cex_triangle,ETH:USDT-BTC-ETH-USDT,ETH,USDT->BTC->ETH->USDT,Binance,-2.906453,-40.867753,NO,29946.53,"{""extra_buffer_bps"":8.0,""fee_bps_per_leg"":10.0,""top_of_book_only"":true}"
2026-09-13T21:06:30+00:00,cex_triangle,ETH:USDT-ETH-BTC-USDT,ETH,USDT->ETH->BTC->USDT,Binance,-0.211620,-38.180996,NO,3118.15,"{""extra_buffer_bps"":8.0,""fee_bps_per_leg"":10.0,""top_of_book_only"":true}"
2026-09-13T21:06:30+00:00,cex_triangle,SOL:USDT-BTC-SOL-USDT,SOL,USDT->BTC->SOL->USDT,Binance,-0.980978,-38.948048,NO,1179.08,"{""extra_buffer_bps"":8.0,""fee_bps_per_leg"":10.0,""top_of_book_only"":true}"
2026-09-13T21:06:30+00:00,cex_triangle,SOL:USDT-SOL-BTC-USDT,SOL,USDT->SOL->BTC->USDT,Binance,-0.768994,-38.736699,NO,192.44,"{""extra_buffer_bps"":8.0,""fee_bps_per_leg"":10.0,""top_of_book_only"":true}"
2026-09-13T21:06:30+00:00,stable_dislocation,USDC:Binance,USDC,above peg,Binance,2.350000,2.350000,NO,1469509.60,"{""mid"":1.000235,""note"":""Peg deviation is a research signal; redemption, venue and issuer risks matter."",""signed_deviation_bps"":2.349999999999852,""watch_threshold_bps"":10.0}"
2026-09-13T21:06:30+00:00,stable_dislocation_error,USDC:Bybit:error,USDC,n/a,Bybit,0.000000,-9999.000000,NO,,"{""error"":""HTTP Error 403: Forbidden""}"
2026-09-13T21:06:30+00:00,stable_dislocation,FDUSD:Binance,FDUSD,below peg,Binance,11.500000,11.500000,YES,239214.60,"{""mid"":0.99885,""note"":""Peg deviation is a research signal; redemption, venue and issuer risks matter."",""signed_deviation_bps"":-11.499999999999844,""watch_threshold_bps"":10.0}"
2026-09-13T21:06:30+00:00,stable_dislocation_error,FDUSD:Bybit:error,FDUSD,n/a,Bybit,0.000000,-9999.000000,NO,,"{""error"":""HTTP Error 403: Forbidden""}"
2026-09-13T21:24:19+00:00,cex_triangle,ETH:USDT-BTC-ETH-USDT,ETH,USDT->BTC->ETH->USDT,Binance,-3.997705,-41.955734,NO,43716.58,"{""extra_buffer_bps"":8.0,""fee_bps_per_leg"":10.0,""top_of_book_only"":true}"
2026-09-13T21:24:19+00:00,cex_triangle,ETH:USDT-ETH-BTC-USDT,ETH,USDT->ETH->BTC->USDT,Binance,0.879149,-37.093496,NO,10305.07,"{""extra_buffer_bps"":8.0,""fee_bps_per_leg"":10.0,""top_of_book_only"":true}"
2026-09-13T21:24:19+00:00,cex_triangle,SOL:USDT-BTC-SOL-USDT,SOL,USDT->BTC->SOL->USDT,Binance,-0.259227,-38.228460,NO,192.61,"{""extra_buffer_bps"":8.0,""fee_bps_per_leg"":10.0,""top_of_book_only"":true}"
2026-09-13T21:24:19+00:00,cex_triangle,SOL:USDT-SOL-BTC-USDT,SOL,USDT->SOL->BTC->USDT,Binance,-1.490472,-39.456015,NO,78.14,"{""extra_buffer_bps"":8.0,""fee_bps_per_leg"":10.0,""top_of_book_only"":true}"
2026-09-13T21:24:19+00:00,stable_dislocation,USDC:Binance,USDC,above peg,Binance,2.550000,2.550000,NO,1986624.53,"{""mid"":1.0002550000000001,""note"":""Peg deviation is a research signal; redemption, venue and issuer risks matter."",""signed_deviation_bps"":2.5500000000011624,""watch_threshold_bps"":10.0}"
2026-09-13T21:24:19+00:00,stable_dislocation_error,USDC:Bybit:error,USDC,n/a,Bybit,0.000000,-9999.000000,NO,,"{""error"":""HTTP Error 403: Forbidden""}"
2026-09-13T21:24:19+00:00,stable_dislocation,FDUSD:Binance,FDUSD,below peg,Binance,11.500000,11.500000,YES,178695.22,"{""mid"":0.99885,""note"":""Peg deviation is a research signal; redemption, venue and issuer risks matter."",""signed_deviation_bps"":-11.499999999999844,""watch_threshold_bps"":10.0}"
2026-09-13T21:24:19+00:00,stable_dislocation_error,FDUSD:Bybit:error,FDUSD,n/a,Bybit,0.000000,-9999.000000,NO,,"{""error"":""HTTP Error 403: Forbidden""}"
2026-09-13T22:22:29+00:00,cex_triangle,ETH:USDT-BTC-ETH-USDT,ETH,USDT->BTC->ETH->USDT,Binance,-0.360587,-38.329517,NO,38032.78,"{""extra_buffer_bps"":8.0,""fee_bps_per_leg"":10.0,""top_of_book_only"":true}"
2026-09-13T22:22:29+00:00,cex_triangle,ETH:USDT-ETH-BTC-USDT,ETH,USDT->ETH->BTC->USDT,Binance,-2.776142,-40.737832,NO,31060.64,"{""extra_buffer_bps"":8.0,""fee_bps_per_leg"":10.0,""top_of_book_only"":true}"
2026-09-13T22:22:29+00:00,cex_triangle,SOL:USDT-BTC-SOL-USDT,SOL,USDT->BTC->SOL->USDT,Binance,1.004433,-36.968587,NO,1783.10,"{""extra_buffer_bps"":8.0,""fee_bps_per_leg"":10.0,""top_of_book_only"":true}"
2026-09-13T22:22:29+00:00,cex_triangle,SOL:USDT-SOL-BTC-USDT,SOL,USDT->SOL->BTC->USDT,Binance,-2.776136,-40.737826,NO,729.48,"{""extra_buffer_bps"":8.0,""fee_bps_per_leg"":10.0,""top_of_book_only"":true}"
2026-09-13T22:22:29+00:00,stable_dislocation,USDC:Binance,USDC,above peg,Binance,2.450000,2.450000,NO,871344.07,"{""mid"":1.000245,""note"":""Peg deviation is a research signal; redemption, venue and issuer risks matter."",""signed_deviation_bps"":2.4500000000005073,""watch_threshold_bps"":10.0}"
2026-09-13T22:22:29+00:00,stable_dislocation_error,USDC:Bybit:error,USDC,n/a,Bybit,0.000000,-9999.000000,NO,,"{""error"":""HTTP Error 403: Forbidden""}"
2026-09-13T22:22:29+00:00,stable_dislocation,FDUSD:Binance,FDUSD,below peg,Binance,11.500000,11.500000,YES,3034.35,"{""mid"":0.99885,""note"":""Peg deviation is a research signal; redemption, venue and issuer risks matter."",""signed_deviation_bps"":-11.499999999999844,""watch_threshold_bps"":10.0}"
2026-09-13T22:22:29+00:00,stable_dislocation_error,FDUSD:Bybit:error,FDUSD,n/a,Bybit,0.000000,-9999.000000,NO,,"{""error"":""HTTP Error 403: Forbidden""}"
2026-09-13T23:15:27+00:00,cex_triangle,ETH:USDT-BTC-ETH-USDT,ETH,USDT->BTC->ETH->USDT,Binance,-2.621422,-40.583575,NO,129697.24,"{""extra_buffer_bps"":8.0,""fee_bps_per_leg"":10.0,""top_of_book_only"":true}"
2026-09-13T23:15:27+00:00,cex_triangle,ETH:USDT-ETH-BTC-USDT,ETH,USDT->ETH->BTC->USDT,Binance,-0.519248,-38.487701,NO,34620.37,"{""extra_buffer_bps"":8.0,""fee_bps_per_leg"":10.0,""top_of_book_only"":true}"
2026-09-13T23:15:27+00:00,cex_triangle,SOL:USDT-BTC-SOL-USDT,SOL,USDT->BTC->SOL->USDT,Binance,-1.516947,-39.482411,NO,189.18,"{""extra_buffer_bps"":8.0,""fee_bps_per_leg"":10.0,""top_of_book_only"":true}"
2026-09-13T23:15:27+00:00,cex_triangle,SOL:USDT-SOL-BTC-USDT,SOL,USDT->SOL->BTC->USDT,Binance,-0.257570,-38.226808,NO,1157.75,"{""extra_buffer_bps"":8.0,""fee_bps_per_leg"":10.0,""top_of_book_only"":true}"
2026-09-13T23:15:27+00:00,stable_dislocation,USDC:Binance,USDC,above peg,Binance,3.050000,3.050000,NO,1738414.37,"{""mid"":1.000305,""note"":""Peg deviation is a research signal; redemption, venue and issuer risks matter."",""signed_deviation_bps"":3.049999999999997,""watch_threshold_bps"":10.0}"
2026-09-13T23:15:27+00:00,stable_dislocation_error,USDC:Bybit:error,USDC,n/a,Bybit,0.000000,-9999.000000,NO,,"{""error"":""HTTP Error 403: Forbidden""}"
2026-09-13T23:15:27+00:00,stable_dislocation,FDUSD:Binance,FDUSD,below peg,Binance,11.500000,11.500000,YES,396227.67,"{""mid"":0.99885,""note"":""Peg deviation is a research signal; redemption, venue and issuer risks matter."",""signed_deviation_bps"":-11.499999999999844,""watch_threshold_bps"":10.0}"
2026-09-13T23:15:27+00:00,stable_dislocation_error,FDUSD:Bybit:error,FDUSD,n/a,Bybit,0.000000,-9999.000000,NO,,"{""error"":""HTTP Error 403: Forbidden""}"
2026-09-13T23:21:20+00:00,cex_triangle,ETH:USDT-BTC-ETH-USDT,ETH,USDT->BTC->ETH->USDT,Binance,-3.696025,-41.654958,NO,4375.99,"{""extra_buffer_bps"":8.0,""fee_bps_per_leg"":10.0,""top_of_book_only"":true}"
2026-09-13T23:21:20+00:00,cex_triangle,ETH:USDT-ETH-BTC-USDT,ETH,USDT->ETH->BTC->USDT,Binance,0.555668,-37.416008,NO,11314.49,"{""extra_buffer_bps"":8.0,""fee_bps_per_leg"":10.0,""top_of_book_only"":true}"
2026-09-13T23:21:20+00:00,cex_triangle,SOL:USDT-BTC-SOL-USDT,SOL,USDT->BTC->SOL->USDT,Binance,-5.258032,-43.212284,NO,2840.17,"{""extra_buffer_bps"":8.0,""fee_bps_per_leg"":10.0,""top_of_book_only"":true}"
2026-09-13T23:21:20+00:00,cex_triangle,SOL:USDT-SOL-BTC-USDT,SOL,USDT->SOL->BTC->USDT,Binance,3.483998,-34.496454,NO,428.82,"{""extra_buffer_bps"":8.0,""fee_bps_per_leg"":10.0,""top_of_book_only"":true}"
2026-09-13T23:21:20+00:00,stable_dislocation,USDC:Binance,USDC,above peg,Binance,2.850000,2.850000,NO,1451142.71,"{""mid"":1.0002849999999999,""note"":""Peg deviation is a research signal; redemption, venue and issuer risks matter."",""signed_deviation_bps"":2.849999999998687,""watch_threshold_bps"":10.0}"
2026-09-13T23:21:20+00:00,stable_dislocation_error,USDC:Bybit:error,USDC,n/a,Bybit,0.000000,-9999.000000,NO,,"{""error"":""HTTP Error 403: Forbidden""}"
2026-09-13T23:21:20+00:00,stable_dislocation,FDUSD:Binance,FDUSD,below peg,Binance,11.500000,11.500000,YES,392331.96,"{""mid"":0.99885,""note"":""Peg deviation is a research signal; redemption, venue and issuer risks matter."",""signed_deviation_bps"":-11.499999999999844,""watch_threshold_bps"":10.0}"
2026-09-13T23:21:20+00:00,stable_dislocation_error,FDUSD:Bybit:error,FDUSD,n/a,Bybit,0.000000,-9999.000000,NO,,"{""error"":""HTTP Error 403: Forbidden""}"
2026-09-14T00:58:56+00:00,cex_triangle,ETH:USDT-BTC-ETH-USDT,ETH,USDT->BTC->ETH->USDT,Binance,-3.112032,-41.072715,NO,20100.50,"{""extra_buffer_bps"":8.0,""fee_bps_per_leg"":10.0,""top_of_book_only"":true}"
2026-09-14T00:58:56+00:00,cex_triangle,ETH:USDT-ETH-BTC-USDT,ETH,USDT->ETH->BTC->USDT,Binance,-0.020701,-37.990649,NO,537.02,"{""extra_buffer_bps"":8.0,""fee_bps_per_leg"":10.0,""top_of_book_only"":true}"
2026-09-14T00:58:56+00:00,cex_triangle,SOL:USDT-BTC-SOL-USDT,SOL,USDT->BTC->SOL->USDT,Binance,-3.081049,-41.041825,NO,429.47,"{""extra_buffer_bps"":8.0,""fee_bps_per_leg"":10.0,""top_of_book_only"":true}"
2026-09-14T00:58:56+00:00,cex_triangle,SOL:USDT-SOL-BTC-USDT,SOL,USDT->SOL->BTC->USDT,Binance,1.306263,-36.667662,NO,537.02,"{""extra_buffer_bps"":8.0,""fee_bps_per_leg"":10.0,""top_of_book_only"":true}"
2026-09-14T00:58:56+00:00,stable_dislocation,USDC:Binance,USDC,above peg,Binance,3.250000,3.250000,NO,2948158.57,"{""mid"":1.0003250000000001,""note"":""Peg deviation is a research signal; redemption, venue and issuer risks matter."",""signed_deviation_bps"":3.2500000000013074,""watch_threshold_bps"":10.0}"
2026-09-14T00:58:56+00:00,stable_dislocation_error,USDC:Bybit:error,USDC,n/a,Bybit,0.000000,-9999.000000,NO,,"{""error"":""HTTP Error 403: Forbidden""}"
2026-09-14T00:58:56+00:00,stable_dislocation,FDUSD:Binance,FDUSD,below peg,Binance,11.500000,11.500000,YES,21859.93,"{""mid"":0.99885,""note"":""Peg deviation is a research signal; redemption, venue and issuer risks matter."",""signed_deviation_bps"":-11.499999999999844,""watch_threshold_bps"":10.0}"
2026-09-14T00:58:56+00:00,stable_dislocation_error,FDUSD:Bybit:error,FDUSD,n/a,Bybit,0.000000,-9999.000000,NO,,"{""error"":""HTTP Error 403: Forbidden""}"
2026-09-14T01:21:53+00:00,cex_triangle,ETH:USDT-BTC-ETH-USDT,ETH,USDT->BTC->ETH->USDT,Binance,-0.010908,-37.980885,NO,3228.99,"{""extra_buffer_bps"":8.0,""fee_bps_per_leg"":10.0,""top_of_book_only"":true}"
2026-09-14T01:21:53+00:00,cex_triangle,ETH:USDT-ETH-BTC-USDT,ETH,USDT->ETH->BTC->USDT,Binance,-3.125757,-41.086399,NO,12022.35,"{""extra_buffer_bps"":8.0,""fee_bps_per_leg"":10.0,""top_of_book_only"":true}"
2026-09-14T01:21:53+00:00,cex_triangle,SOL:USDT-BTC-SOL-USDT,SOL,USDT->BTC->SOL->USDT,Binance,-2.845916,-40.807396,NO,3228.99,"{""extra_buffer_bps"":8.0,""fee_bps_per_leg"":10.0,""top_of_book_only"":true}"
2026-09-14T01:21:53+00:00,cex_triangle,SOL:USDT-SOL-BTC-USDT,SOL,USDT->SOL->BTC->USDT,Binance,1.067311,-36.905898,NO,0.40,"{""extra_buffer_bps"":8.0,""fee_bps_per_leg"":10.0,""top_of_book_only"":true}"
2026-09-14T01:21:53+00:00,stable_dislocation,USDC:Binance,USDC,above peg,Binance,3.250000,3.250000,NO,2241744.13,"{""mid"":1.0003250000000001,""note"":""Peg deviation is a research signal; redemption, venue and issuer risks matter."",""signed_deviation_bps"":3.2500000000013074,""watch_threshold_bps"":10.0}"
2026-09-14T01:21:53+00:00,stable_dislocation_error,USDC:Bybit:error,USDC,n/a,Bybit,0.000000,-9999.000000,NO,,"{""error"":""HTTP Error 403: Forbidden""}"
2026-09-14T01:21:53+00:00,stable_dislocation,FDUSD:Binance,FDUSD,below peg,Binance,11.500000,11.500000,YES,25867.51,"{""mid"":0.99885,""note"":""Peg deviation is a research signal; redemption, venue and issuer risks matter."",""signed_deviation_bps"":-11.499999999999844,""watch_threshold_bps"":10.0}"
2026-09-14T01:21:53+00:00,stable_dislocation_error,FDUSD:Bybit:error,FDUSD,n/a,Bybit,0.000000,-9999.000000,NO,,"{""error"":""HTTP Error 403: Forbidden""}"
2026-09-14T06:07:50+00:00,cex_triangle,ETH:USDT-BTC-ETH-USDT,ETH,USDT->BTC->ETH->USDT,Binance,-4.529946,-42.486380,NO,6813.03,"{""extra_buffer_bps"":8.0,""fee_bps_per_leg"":10.0,""top_of_book_only"":true}"
2026-09-14T06:07:50+00:00,cex_triangle,ETH:USDT-ETH-BTC-USDT,ETH,USDT->ETH->BTC->USDT,Binance,1.409944,-36.564292,NO,32403.10,"{""extra_buffer_bps"":8.0,""fee_bps_per_leg"":10.0,""top_of_book_only"":true}"
2026-09-14T06:07:50+00:00,cex_triangle,SOL:USDT-BTC-SOL-USDT,SOL,USDT->BTC->SOL->USDT,Binance,-1.720719,-39.685572,NO,637.85,"{""extra_buffer_bps"":8.0,""fee_bps_per_leg"":10.0,""top_of_book_only"":true}"
2026-09-14T06:07:50+00:00,cex_triangle,SOL:USDT-SOL-BTC-USDT,SOL,USDT->SOL->BTC->USDT,Binance,-0.023606,-37.993545,NO,305.97,"{""extra_buffer_bps"":8.0,""fee_bps_per_leg"":10.0,""top_of_book_only"":true}"
2026-09-14T06:07:50+00:00,stable_dislocation,USDC:Binance,USDC,above peg,Binance,2.650000,2.650000,NO,1825950.87,"{""mid"":1.000265,""note"":""Peg deviation is a research signal; redemption, venue and issuer risks matter."",""signed_deviation_bps"":2.649999999999597,""watch_threshold_bps"":10.0}"
2026-09-14T06:07:50+00:00,stable_dislocation_error,USDC:Bybit:error,USDC,n/a,Bybit,0.000000,-9999.000000,NO,,"{""error"":""HTTP Error 403: Forbidden""}"
2026-09-14T06:07:50+00:00,stable_dislocation,FDUSD:Binance,FDUSD,below peg,Binance,10.500000,10.500000,YES,71649.10,"{""mid"":0.99895,""note"":""Peg deviation is a research signal; redemption, venue and issuer risks matter."",""signed_deviation_bps"":-10.499999999999954,""watch_threshold_bps"":10.0}"
2026-09-14T06:07:50+00:00,stable_dislocation_error,FDUSD:Bybit:error,FDUSD,n/a,Bybit,0.000000,-9999.000000,NO,,"{""error"":""HTTP Error 403: Forbidden""}"
2026-09-14T06:33:46+00:00,cex_triangle,ETH:USDT-BTC-ETH-USDT,ETH,USDT->BTC->ETH->USDT,Binance,0.820970,-37.151500,NO,12685.69,"{""extra_buffer_bps"":8.0,""fee_bps_per_leg"":10.0,""top_of_book_only"":true}"
2026-09-14T06:33:46+00:00,cex_triangle,ETH:USDT-ETH-BTC-USDT,ETH,USDT->ETH->BTC->USDT,Binance,-3.946260,-41.904443,NO,20110.31,"{""extra_buffer_bps"":8.0,""fee_bps_per_leg"":10.0,""top_of_book_only"":true}"
2026-09-14T06:33:46+00:00,cex_triangle,SOL:USDT-BTC-SOL-USDT,SOL,USDT->BTC->SOL->USDT,Binance,0.076585,-37.893655,NO,192.25,"{""extra_buffer_bps"":8.0,""fee_bps_per_leg"":10.0,""top_of_book_only"":true}"
2026-09-14T06:33:46+00:00,cex_triangle,SOL:USDT-SOL-BTC-USDT,SOL,USDT->SOL->BTC->USDT,Binance,-1.829654,-39.794181,NO,942.71,"{""extra_buffer_bps"":8.0,""fee_bps_per_leg"":10.0,""top_of_book_only"":true}"
2026-09-14T06:33:46+00:00,stable_dislocation,USDC:Binance,USDC,above peg,Binance,3.050000,3.050000,NO,1386263.75,"{""mid"":1.000305,""note"":""Peg deviation is a research signal; redemption, venue and issuer risks matter."",""signed_deviation_bps"":3.049999999999997,""watch_threshold_bps"":10.0}"
2026-09-14T06:33:46+00:00,stable_dislocation_error,USDC:Bybit:error,USDC,n/a,Bybit,0.000000,-9999.000000,NO,,"{""error"":""HTTP Error 403: Forbidden""}"
2026-09-14T06:33:46+00:00,stable_dislocation,FDUSD:Binance,FDUSD,below peg,Binance,10.500000,10.500000,YES,175587.24,"{""mid"":0.99895,""note"":""Peg deviation is a research signal; redemption, venue and issuer risks matter."",""signed_deviation_bps"":-10.499999999999954,""watch_threshold_bps"":10.0}"
2026-09-14T06:33:46+00:00,stable_dislocation_error,FDUSD:Bybit:error,FDUSD,n/a,Bybit,0.000000,-9999.000000,NO,,"{""error"":""HTTP Error 403: Forbidden""}"
2026-09-14T06:42:39+00:00,cex_triangle,ETH:USDT-BTC-ETH-USDT,ETH,USDT->BTC->ETH->USDT,Binance,-2.956633,-40.917782,NO,2958.78,"{""extra_buffer_bps"":8.0,""fee_bps_per_leg"":10.0,""top_of_book_only"":true}"
2026-09-14T06:42:39+00:00,cex_triangle,ETH:USDT-ETH-BTC-USDT,ETH,USDT->ETH->BTC->USDT,Binance,-0.166990,-38.136500,NO,13637.97,"{""extra_buffer_bps"":8.0,""fee_bps_per_leg"":10.0,""top_of_book_only"":true}"
2026-09-14T06:42:39+00:00,cex_triangle,SOL:USDT-BTC-SOL-USDT,SOL,USDT->BTC->SOL->USDT,Binance,-0.459087,-38.427721,NO,1153.10,"{""extra_buffer_bps"":8.0,""fee_bps_per_leg"":10.0,""top_of_book_only"":true}"
2026-09-14T06:42:39+00:00,cex_triangle,SOL:USDT-SOL-BTC-USDT,SOL,USDT->SOL->BTC->USDT,Binance,-1.289682,-39.255826,NO,788.94,"{""extra_buffer_bps"":8.0,""fee_bps_per_leg"":10.0,""top_of_book_only"":true}"
2026-09-14T06:42:39+00:00,stable_dislocation,USDC:Binance,USDC,above peg,Binance,3.050000,3.050000,NO,2115965.60,"{""mid"":1.000305,""note"":""Peg deviation is a research signal; redemption, venue and issuer risks matter."",""signed_deviation_bps"":3.049999999999997,""watch_threshold_bps"":10.0}"
2026-09-14T06:42:39+00:00,stable_dislocation_error,USDC:Bybit:error,USDC,n/a,Bybit,0.000000,-9999.000000,NO,,"{""error"":""HTTP Error 403: Forbidden""}"
2026-09-14T06:42:39+00:00,stable_dislocation,FDUSD:Binance,FDUSD,below peg,Binance,10.500000,10.500000,YES,189075.73,"{""mid"":0.99895,""note"":""Peg deviation is a research signal; redemption, venue and issuer risks matter."",""signed_deviation_bps"":-10.499999999999954,""watch_threshold_bps"":10.0}"
2026-09-14T06:42:39+00:00,stable_dislocation_error,FDUSD:Bybit:error,FDUSD,n/a,Bybit,0.000000,-9999.000000,NO,,"{""error"":""HTTP Error 403: Forbidden""}"
2026-09-14T13:27:02+00:00,cex_triangle,ETH:USDT-BTC-ETH-USDT,ETH,USDT->BTC->ETH->USDT,Binance,-3.032441,-40.993362,NO,66766.44,"{""extra_buffer_bps"":8.0,""fee_bps_per_leg"":10.0,""top_of_book_only"":true}"
2026-09-14T13:27:02+00:00,cex_triangle,ETH:USDT-ETH-BTC-USDT,ETH,USDT->ETH->BTC->USDT,Binance,-0.119271,-38.088924,NO,31.51,"{""extra_buffer_bps"":8.0,""fee_bps_per_leg"":10.0,""top_of_book_only"":true}"
2026-09-14T13:27:02+00:00,cex_triangle,SOL:USDT-BTC-SOL-USDT,SOL,USDT->BTC->SOL->USDT,Binance,-1.882426,-39.846795,NO,435.66,"{""extra_buffer_bps"":8.0,""fee_bps_per_leg"":10.0,""top_of_book_only"":true}"
2026-09-14T13:27:02+00:00,cex_triangle,SOL:USDT-SOL-BTC-USDT,SOL,USDT->SOL->BTC->USDT,Binance,0.122849,-37.847529,NO,435.58,"{""extra_buffer_bps"":8.0,""fee_bps_per_leg"":10.0,""top_of_book_only"":true}"
2026-09-14T13:27:02+00:00,stable_dislocation,USDC:Binance,USDC,above peg,Binance,2.950000,2.950000,NO,4307790.95,"{""mid"":1.000295,""note"":""Peg deviation is a research signal; redemption, venue and issuer risks matter."",""signed_deviation_bps"":2.949999999999342,""watch_threshold_bps"":10.0}"
2026-09-14T13:27:02+00:00,stable_dislocation_error,USDC:Bybit:error,USDC,n/a,Bybit,0.000000,-9999.000000,NO,,"{""error"":""HTTP Error 403: Forbidden""}"
2026-09-14T13:27:02+00:00,stable_dislocation,FDUSD:Binance,FDUSD,below peg,Binance,11.500000,11.500000,YES,51767.99,"{""mid"":0.99885,""note"":""Peg deviation is a research signal; redemption, venue and issuer risks matter."",""signed_deviation_bps"":-11.499999999999844,""watch_threshold_bps"":10.0}"
2026-09-14T13:27:02+00:00,stable_dislocation_error,FDUSD:Bybit:error,FDUSD,n/a,Bybit,0.000000,-9999.000000,NO,,"{""error"":""HTTP Error 403: Forbidden""}"
2026-09-14T13:55:06+00:00,cex_triangle,ETH:USDT-BTC-ETH-USDT,ETH,USDT->BTC->ETH->USDT,Binance,2.372502,-35.604618,NO,6358.09,"{""extra_buffer_bps"":8.0,""fee_bps_per_leg"":10.0,""top_of_book_only"":true}"
2026-09-14T13:55:06+00:00,cex_triangle,ETH:USDT-ETH-BTC-USDT,ETH,USDT->ETH->BTC->USDT,Binance,-5.535438,-43.488858,NO,26766.79,"{""extra_buffer_bps"":8.0,""fee_bps_per_leg"":10.0,""top_of_book_only"":true}"
2026-09-14T13:55:06+00:00,cex_triangle,SOL:USDT-BTC-SOL-USDT,SOL,USDT->BTC->SOL->USDT,Binance,2.331481,-35.645516,NO,1392.25,"{""extra_buffer_bps"":8.0,""fee_bps_per_leg"":10.0,""top_of_book_only"":true}"
2026-09-14T13:55:06+00:00,cex_triangle,SOL:USDT-SOL-BTC-USDT,SOL,USDT->SOL->BTC->USDT,Binance,-4.087860,-42.045618,NO,437.13,"{""extra_buffer_bps"":8.0,""fee_bps_per_leg"":10.0,""top_of_book_only"":true}"
2026-09-14T13:55:06+00:00,stable_dislocation,USDC:Binance,USDC,above peg,Binance,2.650000,2.650000,NO,3040833.41,"{""mid"":1.000265,""note"":""Peg deviation is a research signal; redemption, venue and issuer risks matter."",""signed_deviation_bps"":2.649999999999597,""watch_threshold_bps"":10.0}"
2026-09-14T13:55:06+00:00,stable_dislocation_error,USDC:Bybit:error,USDC,n/a,Bybit,0.000000,-9999.000000,NO,,"{""error"":""HTTP Error 403: Forbidden""}"
2026-09-14T13:55:06+00:00,stable_dislocation,FDUSD:Binance,FDUSD,below peg,Binance,9.500000,9.500000,NO,11467.52,"{""mid"":0.99905,""note"":""Peg deviation is a research signal; redemption, venue and issuer risks matter."",""signed_deviation_bps"":-9.500000000000064,""watch_threshold_bps"":10.0}"
2026-09-14T13:55:06+00:00,stable_dislocation_error,FDUSD:Bybit:error,FDUSD,n/a,Bybit,0.000000,-9999.000000,NO,,"{""error"":""HTTP Error 403: Forbidden""}"
2026-09-14T18:50:23+00:00,cex_triangle,ETH:USDT-BTC-ETH-USDT,ETH,USDT->BTC->ETH->USDT,Binance,0.609071,-37.362764,NO,3098.64,"{""extra_buffer_bps"":8.0,""fee_bps_per_leg"":10.0,""top_of_book_only"":true}"
2026-09-14T18:50:23+00:00,cex_triangle,ETH:USDT-ETH-BTC-USDT,ETH,USDT->ETH->BTC->USDT,Binance,-3.766632,-41.725354,NO,14496.62,"{""extra_buffer_bps"":8.0,""fee_bps_per_leg"":10.0,""top_of_book_only"":true}"
2026-09-14T18:50:23+00:00,cex_triangle,SOL:USDT-BTC-SOL-USDT,SOL,USDT->BTC->SOL->USDT,Binance,-2.836865,-40.798373,NO,2566.15,"{""extra_buffer_bps"":8.0,""fee_bps_per_leg"":10.0,""top_of_book_only"":true}"
2026-09-14T18:50:23+00:00,cex_triangle,SOL:USDT-SOL-BTC-USDT,SOL,USDT->SOL->BTC->USDT,Binance,1.107310,-36.866019,NO,986.94,"{""extra_buffer_bps"":8.0,""fee_bps_per_leg"":10.0,""top_of_book_only"":true}"
2026-09-14T18:50:23+00:00,stable_dislocation,USDC:Binance,USDC,above peg,Binance,0.150000,0.150000,NO,1383696.84,"{""mid"":1.0000149999999999,""note"":""Peg deviation is a research signal; redemption, venue and issuer risks matter."",""signed_deviation_bps"":0.14999999999876223,""watch_threshold_bps"":10.0}"
2026-09-14T18:50:23+00:00,stable_dislocation_error,USDC:Bybit:error,USDC,n/a,Bybit,0.000000,-9999.000000,NO,,"{""error"":""HTTP Error 403: Forbidden""}"
2026-09-14T18:50:23+00:00,stable_dislocation,FDUSD:Binance,FDUSD,below peg,Binance,9.500000,9.500000,NO,50856.09,"{""mid"":0.99905,""note"":""Peg deviation is a research signal; redemption, venue and issuer risks matter."",""signed_deviation_bps"":-9.500000000000064,""watch_threshold_bps"":10.0}"
2026-09-14T18:50:23+00:00,stable_dislocation_error,FDUSD:Bybit:error,FDUSD,n/a,Bybit,0.000000,-9999.000000,NO,,"{""error"":""HTTP Error 403: Forbidden""}"
2026-09-14T19:16:53+00:00,cex_triangle,ETH:USDT-BTC-ETH-USDT,ETH,USDT->BTC->ETH->USDT,Binance,-1.387501,-39.353353,NO,32853.23,"{""extra_buffer_bps"":8.0,""fee_bps_per_leg"":10.0,""top_of_book_only"":true}"
2026-09-14T19:16:53+00:00,cex_triangle,ETH:USDT-ETH-BTC-USDT,ETH,USDT->ETH->BTC->USDT,Binance,-1.767656,-39.732368,NO,40519.50,"{""extra_buffer_bps"":8.0,""fee_bps_per_leg"":10.0,""top_of_book_only"":true}"
2026-09-14T19:16:53+00:00,cex_triangle,SOL:USDT-BTC-SOL-USDT,SOL,USDT->BTC->SOL->USDT,Binance,-0.615239,-38.583405,NO,1177.25,"{""extra_buffer_bps"":8.0,""fee_bps_per_leg"":10.0,""top_of_book_only"":true}"
2026-09-14T19:16:53+00:00,cex_triangle,SOL:USDT-SOL-BTC-USDT,SOL,USDT->SOL->BTC->USDT,Binance,-1.117033,-39.083695,NO,445.75,"{""extra_buffer_bps"":8.0,""fee_bps_per_leg"":10.0,""top_of_book_only"":true}"
2026-09-14T19:16:53+00:00,stable_dislocation,USDC:Binance,USDC,above peg,Binance,0.050000,0.050000,NO,2684512.00,"{""mid"":1.000005,""note"":""Peg deviation is a research signal; redemption, venue and issuer risks matter."",""signed_deviation_bps"":0.05000000000032756,""watch_threshold_bps"":10.0}"
2026-09-14T19:16:53+00:00,stable_dislocation_error,USDC:Bybit:error,USDC,n/a,Bybit,0.000000,-9999.000000,NO,,"{""error"":""HTTP Error 403: Forbidden""}"
2026-09-14T19:16:53+00:00,stable_dislocation,FDUSD:Binance,FDUSD,below peg,Binance,10.500000,10.500000,YES,25920.05,"{""mid"":0.99895,""note"":""Peg deviation is a research signal; redemption, venue and issuer risks matter."",""signed_deviation_bps"":-10.499999999999954,""watch_threshold_bps"":10.0}"
2026-09-14T19:16:53+00:00,stable_dislocation_error,FDUSD:Bybit:error,FDUSD,n/a,Bybit,0.000000,-9999.000000,NO,,"{""error"":""HTTP Error 403: Forbidden""}"
2026-09-14T22:17:18+00:00,cex_triangle,ETH:USDT-BTC-ETH-USDT,ETH,USDT->BTC->ETH->USDT,Binance,-2.205423,-40.168823,NO,41270.90,"{""extra_buffer_bps"":8.0,""fee_bps_per_leg"":10.0,""top_of_book_only"":true}"
2026-09-14T22:17:18+00:00,cex_triangle,ETH:USDT-ETH-BTC-USDT,ETH,USDT->ETH->BTC->USDT,Binance,-0.922613,-38.889858,NO,83033.67,"{""extra_buffer_bps"":8.0,""fee_bps_per_leg"":10.0,""top_of_book_only"":true}"
2026-09-14T22:17:18+00:00,cex_triangle,SOL:USDT-BTC-SOL-USDT,SOL,USDT->BTC->SOL->USDT,Binance,-2.194498,-40.157931,NO,1192.23,"{""extra_buffer_bps"":8.0,""fee_bps_per_leg"":10.0,""top_of_book_only"":true}"
2026-09-14T22:17:18+00:00,cex_triangle,SOL:USDT-SOL-BTC-USDT,SOL,USDT->SOL->BTC->USDT,Binance,0.464404,-37.506998,NO,2708.56,"{""extra_buffer_bps"":8.0,""fee_bps_per_leg"":10.0,""top_of_book_only"":true}"
2026-09-14T22:17:18+00:00,stable_dislocation,USDC:Binance,USDC,above peg,Binance,0.750000,0.750000,NO,3255034.84,"{""mid"":1.000075,""note"":""Peg deviation is a research signal; redemption, venue and issuer risks matter."",""signed_deviation_bps"":0.7500000000004725,""watch_threshold_bps"":10.0}"
2026-09-14T22:17:18+00:00,stable_dislocation_error,USDC:Bybit:error,USDC,n/a,Bybit,0.000000,-9999.000000,NO,,"{""error"":""HTTP Error 403: Forbidden""}"
2026-09-14T22:17:18+00:00,stable_dislocation,FDUSD:Binance,FDUSD,below peg,Binance,10.500000,10.500000,YES,78577.34,"{""mid"":0.99895,""note"":""Peg deviation is a research signal; redemption, venue and issuer risks matter."",""signed_deviation_bps"":-10.499999999999954,""watch_threshold_bps"":10.0}"
2026-09-14T22:17:18+00:00,stable_dislocation_error,FDUSD:Bybit:error,FDUSD,n/a,Bybit,0.000000,-9999.000000,NO,,"{""error"":""HTTP Error 403: Forbidden""}"
2026-09-14T23:05:32+00:00,cex_triangle,ETH:USDT-BTC-ETH-USDT,ETH,USDT->BTC->ETH->USDT,Binance,-3.487895,-41.447451,NO,24174.05,"{""extra_buffer_bps"":8.0,""fee_bps_per_leg"":10.0,""top_of_book_only"":true}"
2026-09-14T23:05:32+00:00,cex_triangle,ETH:USDT-ETH-BTC-USDT,ETH,USDT->ETH->BTC->USDT,Binance,0.344494,-37.626549,NO,70448.07,"{""extra_buffer_bps"":8.0,""fee_bps_per_leg"":10.0,""top_of_book_only"":true}"
2026-09-14T23:05:32+00:00,cex_triangle,SOL:USDT-BTC-SOL-USDT,SOL,USDT->BTC->SOL->USDT,Binance,-1.946507,-39.910683,NO,1507.78,"{""extra_buffer_bps"":8.0,""fee_bps_per_leg"":10.0,""top_of_book_only"":true}"
2026-09-14T23:05:32+00:00,cex_triangle,SOL:USDT-SOL-BTC-USDT,SOL,USDT->SOL->BTC->USDT,Binance,0.208942,-37.761694,NO,1379.86,"{""extra_buffer_bps"":8.0,""fee_bps_per_leg"":10.0,""top_of_book_only"":true}"
2026-09-14T23:05:32+00:00,stable_dislocation,USDC:Binance,USDC,above peg,Binance,0.650000,0.650000,NO,922987.38,"{""mid"":1.000065,""note"":""Peg deviation is a research signal; redemption, venue and issuer risks matter."",""signed_deviation_bps"":0.6499999999998174,""watch_threshold_bps"":10.0}"
2026-09-14T23:05:32+00:00,stable_dislocation_error,USDC:Bybit:error,USDC,n/a,Bybit,0.000000,-9999.000000,NO,,"{""error"":""HTTP Error 403: Forbidden""}"
2026-09-14T23:05:32+00:00,stable_dislocation,FDUSD:Binance,FDUSD,below peg,Binance,10.500000,10.500000,YES,256206.86,"{""mid"":0.99895,""note"":""Peg deviation is a research signal; redemption, venue and issuer risks matter."",""signed_deviation_bps"":-10.499999999999954,""watch_threshold_bps"":10.0}"
2026-09-14T23:05:32+00:00,stable_dislocation_error,FDUSD:Bybit:error,FDUSD,n/a,Bybit,0.000000,-9999.000000,NO,,"{""error"":""HTTP Error 403: Forbidden""}"
2026-09-15T00:58:20+00:00,cex_triangle,ETH:USDT-BTC-ETH-USDT,ETH,USDT->BTC->ETH->USDT,Binance,-0.597104,-38.565325,NO,12044.76,"{""extra_buffer_bps"":8.0,""fee_bps_per_leg"":10.0,""top_of_book_only"":true}"
2026-09-15T00:58:20+00:00,cex_triangle,ETH:USDT-ETH-BTC-USDT,ETH,USDT->ETH->BTC->USDT,Binance,-2.542920,-40.505309,NO,14861.68,"{""extra_buffer_bps"":8.0,""fee_bps_per_leg"":10.0,""top_of_book_only"":true}"
2026-09-15T00:58:20+00:00,cex_triangle,SOL:USDT-BTC-SOL-USDT,SOL,USDT->BTC->SOL->USDT,Binance,-0.270834,-38.240032,NO,2212.51,"{""extra_buffer_bps"":8.0,""fee_bps_per_leg"":10.0,""top_of_book_only"":true}"
2026-09-15T00:58:20+00:00,cex_triangle,SOL:USDT-SOL-BTC-USDT,SOL,USDT->SOL->BTC->USDT,Binance,-1.466711,-39.432325,NO,2404.31,"{""extra_buffer_bps"":8.0,""fee_bps_per_leg"":10.0,""top_of_book_only"":true}"
2026-09-15T00:58:20+00:00,stable_dislocation,USDC:Binance,USDC,above peg,Binance,0.950000,0.950000,NO,4347511.24,"{""mid"":1.000095,""note"":""Peg deviation is a research signal; redemption, venue and issuer risks matter."",""signed_deviation_bps"":0.9499999999995623,""watch_threshold_bps"":10.0}"
2026-09-15T00:58:20+00:00,stable_dislocation_error,USDC:Bybit:error,USDC,n/a,Bybit,0.000000,-9999.000000,NO,,"{""error"":""HTTP Error 403: Forbidden""}"
2026-09-15T00:58:20+00:00,stable_dislocation,FDUSD:Binance,FDUSD,below peg,Binance,11.500000,11.500000,YES,181401.06,"{""mid"":0.99885,""note"":""Peg deviation is a research signal; redemption, venue and issuer risks matter."",""signed_deviation_bps"":-11.499999999999844,""watch_threshold_bps"":10.0}"
2026-09-15T00:58:20+00:00,stable_dislocation_error,FDUSD:Bybit:error,FDUSD,n/a,Bybit,0.000000,-9999.000000,NO,,"{""error"":""HTTP Error 403: Forbidden""}"
2026-09-15T01:25:02+00:00,cex_triangle,ETH:USDT-BTC-ETH-USDT,ETH,USDT->BTC->ETH->USDT,Binance,-4.618696,-42.574864,NO,35052.54,"{""extra_buffer_bps"":8.0,""fee_bps_per_leg"":10.0,""top_of_book_only"":true}"
2026-09-15T01:25:02+00:00,cex_triangle,ETH:USDT-ETH-BTC-USDT,ETH,USDT->ETH->BTC->USDT,Binance,1.481466,-36.492984,NO,53944.74,"{""extra_buffer_bps"":8.0,""fee_bps_per_leg"":10.0,""top_of_book_only"":true}"
2026-09-15T01:25:02+00:00,cex_triangle,SOL:USDT-BTC-SOL-USDT,SOL,USDT->BTC->SOL->USDT,Binance,-3.319413,-41.279474,NO,1276.98,"{""extra_buffer_bps"":8.0,""fee_bps_per_leg"":10.0,""top_of_book_only"":true}"
2026-09-15T01:25:02+00:00,cex_triangle,SOL:USDT-SOL-BTC-USDT,SOL,USDT->SOL->BTC->USDT,Binance,1.582450,-36.392303,NO,3833.67,"{""extra_buffer_bps"":8.0,""fee_bps_per_leg"":10.0,""top_of_book_only"":true}"
2026-09-15T01:25:02+00:00,stable_dislocation,USDC:Binance,USDC,above peg,Binance,0.950000,0.950000,NO,6236384.22,"{""mid"":1.000095,""note"":""Peg deviation is a research signal; redemption, venue and issuer risks matter."",""signed_deviation_bps"":0.9499999999995623,""watch_threshold_bps"":10.0}"
2026-09-15T01:25:02+00:00,stable_dislocation_error,USDC:Bybit:error,USDC,n/a,Bybit,0.000000,-9999.000000,NO,,"{""error"":""HTTP Error 403: Forbidden""}"
2026-09-15T01:25:02+00:00,stable_dislocation,FDUSD:Binance,FDUSD,below peg,Binance,12.500000,12.500000,YES,17314.20,"{""mid"":0.99875,""note"":""Peg deviation is a research signal; redemption, venue and issuer risks matter."",""signed_deviation_bps"":-12.499999999999734,""watch_threshold_bps"":10.0}"
2026-09-15T01:25:02+00:00,stable_dislocation_error,FDUSD:Bybit:error,FDUSD,n/a,Bybit,0.000000,-9999.000000,NO,,"{""error"":""HTTP Error 403: Forbidden""}"
2026-09-15T05:23:50+00:00,cex_triangle,ETH:USDT-BTC-ETH-USDT,ETH,USDT->BTC->ETH->USDT,Binance,-0.084675,-38.054431,NO,56330.25,"{""extra_buffer_bps"":8.0,""fee_bps_per_leg"":10.0,""top_of_book_only"":true}"
2026-09-15T05:23:50+00:00,cex_triangle,ETH:USDT-ETH-BTC-USDT,ETH,USDT->ETH->BTC->USDT,Binance,-3.072158,-41.032960,NO,14445.62,"{""extra_buffer_bps"":8.0,""fee_bps_per_leg"":10.0,""top_of_book_only"":true}"
2026-09-15T05:23:50+00:00,cex_triangle,SOL:USDT-BTC-SOL-USDT,SOL,USDT->BTC->SOL->USDT,Binance,-0.556316,-38.524659,NO,1763.10,"{""extra_buffer_bps"":8.0,""fee_bps_per_leg"":10.0,""top_of_book_only"":true}"
2026-09-15T05:23:50+00:00,cex_triangle,SOL:USDT-SOL-BTC-USDT,SOL,USDT->SOL->BTC->USDT,Binance,-1.205198,-39.171596,NO,7239.61,"{""extra_buffer_bps"":8.0,""fee_bps_per_leg"":10.0,""top_of_book_only"":true}"
2026-09-15T05:23:50+00:00,stable_dislocation,USDC:Binance,USDC,above peg,Binance,1.650000,1.650000,NO,2370628.24,"{""mid"":1.000165,""note"":""Peg deviation is a research signal; redemption, venue and issuer risks matter."",""signed_deviation_bps"":1.6499999999997073,""watch_threshold_bps"":10.0}"
2026-09-15T05:23:50+00:00,stable_dislocation_error,USDC:Bybit:error,USDC,n/a,Bybit,0.000000,-9999.000000,NO,,"{""error"":""HTTP Error 403: Forbidden""}"
2026-09-15T05:23:50+00:00,stable_dislocation,FDUSD:Binance,FDUSD,below peg,Binance,12.500000,12.500000,YES,173438.62,"{""mid"":0.99875,""note"":""Peg deviation is a research signal; redemption, venue and issuer risks matter."",""signed_deviation_bps"":-12.499999999999734,""watch_threshold_bps"":10.0}"
2026-09-15T05:23:50+00:00,stable_dislocation_error,FDUSD:Bybit:error,FDUSD,n/a,Bybit,0.000000,-9999.000000,NO,,"{""error"":""HTTP Error 403: Forbidden""}"
2026-09-15T05:39:09+00:00,cex_triangle,ETH:USDT-BTC-ETH-USDT,ETH,USDT->BTC->ETH->USDT,Binance,0.984225,-36.988735,NO,92.86,"{""extra_buffer_bps"":8.0,""fee_bps_per_leg"":10.0,""top_of_book_only"":true}"
2026-09-15T05:39:09+00:00,cex_triangle,ETH:USDT-ETH-BTC-USDT,ETH,USDT->ETH->BTC->USDT,Binance,-4.137671,-42.095280,NO,14620.57,"{""extra_buffer_bps"":8.0,""fee_bps_per_leg"":10.0,""top_of_book_only"":true}"
2026-09-15T05:39:09+00:00,cex_triangle,SOL:USDT-BTC-SOL-USDT,SOL,USDT->BTC->SOL->USDT,Binance,1.247322,-36.726427,NO,92.86,"{""extra_buffer_bps"":8.0,""fee_bps_per_leg"":10.0,""top_of_book_only"":true}"
2026-09-15T05:39:09+00:00,cex_triangle,SOL:USDT-SOL-BTC-USDT,SOL,USDT->SOL->BTC->USDT,Binance,-3.007351,-40.968348,NO,4501.76,"{""extra_buffer_bps"":8.0,""fee_bps_per_leg"":10.0,""top_of_book_only"":true}"
2026-09-15T05:39:09+00:00,stable_dislocation,USDC:Binance,USDC,above peg,Binance,1.350000,1.350000,NO,870168.11,"{""mid"":1.000135,""note"":""Peg deviation is a research signal; redemption, venue and issuer risks matter."",""signed_deviation_bps"":1.3499999999999623,""watch_threshold_bps"":10.0}"
2026-09-15T05:39:09+00:00,stable_dislocation_error,USDC:Bybit:error,USDC,n/a,Bybit,0.000000,-9999.000000,NO,,"{""error"":""HTTP Error 403: Forbidden""}"
2026-09-15T05:39:09+00:00,stable_dislocation,FDUSD:Binance,FDUSD,below peg,Binance,12.500000,12.500000,YES,155084.67,"{""mid"":0.99875,""note"":""Peg deviation is a research signal; redemption, venue and issuer risks matter."",""signed_deviation_bps"":-12.499999999999734,""watch_threshold_bps"":10.0}"
2026-09-15T05:39:09+00:00,stable_dislocation_error,FDUSD:Bybit:error,FDUSD,n/a,Bybit,0.000000,-9999.000000,NO,,"{""error"":""HTTP Error 403: Forbidden""}"
2026-09-15T05:47:33+00:00,cex_triangle,ETH:USDT-BTC-ETH-USDT,ETH,USDT->BTC->ETH->USDT,Binance,-2.532867,-40.495286,NO,893.40,"{""extra_buffer_bps"":8.0,""fee_bps_per_leg"":10.0,""top_of_book_only"":true}"
2026-09-15T05:47:33+00:00,cex_triangle,ETH:USDT-ETH-BTC-USDT,ETH,USDT->ETH->BTC->USDT,Binance,-0.618160,-38.586317,NO,30682.98,"{""extra_buffer_bps"":8.0,""fee_bps_per_leg"":10.0,""top_of_book_only"":true}"
2026-09-15T05:47:33+00:00,cex_triangle,SOL:USDT-BTC-SOL-USDT,SOL,USDT->BTC->SOL->USDT,Binance,-0.980667,-38.947738,NO,893.40,"{""extra_buffer_bps"":8.0,""fee_bps_per_leg"":10.0,""top_of_book_only"":true}"
2026-09-15T05:47:33+00:00,cex_triangle,SOL:USDT-SOL-BTC-USDT,SOL,USDT->SOL->BTC->USDT,Binance,-0.775987,-38.743672,NO,1357.57,"{""extra_buffer_bps"":8.0,""fee_bps_per_leg"":10.0,""top_of_book_only"":true}"
2026-09-15T05:47:33+00:00,stable_dislocation,USDC:Binance,USDC,above peg,Binance,1.450000,1.450000,NO,1656679.46,"{""mid"":1.000145,""note"":""Peg deviation is a research signal; redemption, venue and issuer risks matter."",""signed_deviation_bps"":1.4500000000006175,""watch_threshold_bps"":10.0}"
2026-09-15T05:47:33+00:00,stable_dislocation_error,USDC:Bybit:error,USDC,n/a,Bybit,0.000000,-9999.000000,NO,,"{""error"":""HTTP Error 403: Forbidden""}"
2026-09-15T05:47:33+00:00,stable_dislocation,FDUSD:Binance,FDUSD,below peg,Binance,12.500000,12.500000,YES,160895.69,"{""mid"":0.99875,""note"":""Peg deviation is a research signal; redemption, venue and issuer risks matter."",""signed_deviation_bps"":-12.499999999999734,""watch_threshold_bps"":10.0}"
2026-09-15T05:47:33+00:00,stable_dislocation_error,FDUSD:Bybit:error,FDUSD,n/a,Bybit,0.000000,-9999.000000,NO,,"{""error"":""HTTP Error 403: Forbidden""}"
2026-09-15T07:38:49+00:00,cex_triangle,ETH:USDT-BTC-ETH-USDT,ETH,USDT->BTC->ETH->USDT,Binance,-0.622296,-38.590441,NO,34492.40,"{""extra_buffer_bps"":8.0,""fee_bps_per_leg"":10.0,""top_of_book_only"":true}"
2026-09-15T07:38:49+00:00,cex_triangle,ETH:USDT-ETH-BTC-USDT,ETH,USDT->ETH->BTC->USDT,Binance,-2.531864,-40.494286,NO,20521.88,"{""extra_buffer_bps"":8.0,""fee_bps_per_leg"":10.0,""top_of_book_only"":true}"
2026-09-15T07:38:49+00:00,cex_triangle,SOL:USDT-BTC-SOL-USDT,SOL,USDT->BTC->SOL->USDT,Binance,-1.532342,-39.497759,NO,492.77,"{""extra_buffer_bps"":8.0,""fee_bps_per_leg"":10.0,""top_of_book_only"":true}"
2026-09-15T07:38:49+00:00,cex_triangle,SOL:USDT-SOL-BTC-USDT,SOL,USDT->SOL->BTC->USDT,Binance,-0.229468,-38.198790,NO,1760.02,"{""extra_buffer_bps"":8.0,""fee_bps_per_leg"":10.0,""top_of_book_only"":true}"
2026-09-15T07:38:49+00:00,stable_dislocation,USDC:Binance,USDC,above peg,Binance,2.150000,2.150000,NO,4280258.45,"{""mid"":1.000215,""note"":""Peg deviation is a research signal; redemption, venue and issuer risks matter."",""signed_deviation_bps"":2.1500000000007624,""watch_threshold_bps"":10.0}"
2026-09-15T07:38:49+00:00,stable_dislocation_error,USDC:Bybit:error,USDC,n/a,Bybit,0.000000,-9999.000000,NO,,"{""error"":""HTTP Error 403: Forbidden""}"
2026-09-15T07:38:49+00:00,stable_dislocation,FDUSD:Binance,FDUSD,below peg,Binance,11.500000,11.500000,YES,11662.99,"{""mid"":0.99885,""note"":""Peg deviation is a research signal; redemption, venue and issuer risks matter."",""signed_deviation_bps"":-11.499999999999844,""watch_threshold_bps"":10.0}"
2026-09-15T07:38:49+00:00,stable_dislocation_error,FDUSD:Bybit:error,FDUSD,n/a,Bybit,0.000000,-9999.000000,NO,,"{""error"":""HTTP Error 403: Forbidden""}"
2026-09-15T10:18:24+00:00,cex_triangle,ETH:USDT-BTC-ETH-USDT,ETH,USDT->BTC->ETH->USDT,Binance,-1.181679,-39.148147,NO,50089.03,"{""extra_buffer_bps"":8.0,""fee_bps_per_leg"":10.0,""top_of_book_only"":true}"
2026-09-15T10:18:24+00:00,cex_triangle,ETH:USDT-ETH-BTC-USDT,ETH,USDT->ETH->BTC->USDT,Binance,-1.968696,-39.932805,NO,54.50,"{""extra_buffer_bps"":8.0,""fee_bps_per_leg"":10.0,""top_of_book_only"":true}"
2026-09-15T10:18:24+00:00,cex_triangle,SOL:USDT-BTC-SOL-USDT,SOL,USDT->BTC->SOL->USDT,Binance,-0.805173,-38.772770,NO,404.22,"{""extra_buffer_bps"":8.0,""fee_bps_per_leg"":10.0,""top_of_book_only"":true}"
2026-09-15T10:18:24+00:00,cex_triangle,SOL:USDT-SOL-BTC-USDT,SOL,USDT->SOL->BTC->USDT,Binance,-0.949921,-38.917084,NO,1657.91,"{""extra_buffer_bps"":8.0,""fee_bps_per_leg"":10.0,""top_of_book_only"":true}"
2026-09-15T10:18:24+00:00,stable_dislocation,USDC:Binance,USDC,above peg,Binance,2.850000,2.850000,NO,1148353.93,"{""mid"":1.0002849999999999,""note"":""Peg deviation is a research signal; redemption, venue and issuer risks matter."",""signed_deviation_bps"":2.849999999998687,""watch_threshold_bps"":10.0}"
2026-09-15T10:18:24+00:00,stable_dislocation_error,USDC:Bybit:error,USDC,n/a,Bybit,0.000000,-9999.000000,NO,,"{""error"":""HTTP Error 403: Forbidden""}"
2026-09-15T10:18:24+00:00,stable_dislocation,FDUSD:Binance,FDUSD,below peg,Binance,12.500000,12.500000,YES,191622.78,"{""mid"":0.99875,""note"":""Peg deviation is a research signal; redemption, venue and issuer risks matter."",""signed_deviation_bps"":-12.499999999999734,""watch_threshold_bps"":10.0}"
2026-09-15T10:18:24+00:00,stable_dislocation_error,FDUSD:Bybit:error,FDUSD,n/a,Bybit,0.000000,-9999.000000,NO,,"{""error"":""HTTP Error 403: Forbidden""}"
2026-09-15T10:33:38+00:00,cex_triangle,ETH:USDT-BTC-ETH-USDT,ETH,USDT->BTC->ETH->USDT,Binance,-5.335173,-43.289194,NO,62406.59,"{""extra_buffer_bps"":8.0,""fee_bps_per_leg"":10.0,""top_of_book_only"":true}"
2026-09-15T10:33:38+00:00,cex_triangle,ETH:USDT-ETH-BTC-USDT,ETH,USDT->ETH->BTC->USDT,Binance,2.186167,-35.790395,NO,32088.49,"{""extra_buffer_bps"":8.0,""fee_bps_per_leg"":10.0,""top_of_book_only"":true}"
2026-09-15T10:33:38+00:00,cex_triangle,SOL:USDT-BTC-SOL-USDT,SOL,USDT->BTC->SOL->USDT,Binance,-5.367286,-43.321211,NO,191.42,"{""extra_buffer_bps"":8.0,""fee_bps_per_leg"":10.0,""top_of_book_only"":true}"
2026-09-15T10:33:38+00:00,cex_triangle,SOL:USDT-SOL-BTC-USDT,SOL,USDT->SOL->BTC->USDT,Binance,3.612737,-34.368101,NO,191.32,"{""extra_buffer_bps"":8.0,""fee_bps_per_leg"":10.0,""top_of_book_only"":true}"
2026-09-15T10:33:38+00:00,stable_dislocation,USDC:Binance,USDC,above peg,Binance,2.850000,2.850000,NO,3145331.88,"{""mid"":1.0002849999999999,""note"":""Peg deviation is a research signal; redemption, venue and issuer risks matter."",""signed_deviation_bps"":2.849999999998687,""watch_threshold_bps"":10.0}"
2026-09-15T10:33:38+00:00,stable_dislocation_error,USDC:Bybit:error,USDC,n/a,Bybit,0.000000,-9999.000000,NO,,"{""error"":""HTTP Error 403: Forbidden""}"
2026-09-15T10:33:38+00:00,stable_dislocation,FDUSD:Binance,FDUSD,below peg,Binance,12.500000,12.500000,YES,116732.75,"{""mid"":0.99875,""note"":""Peg deviation is a research signal; redemption, venue and issuer risks matter."",""signed_deviation_bps"":-12.499999999999734,""watch_threshold_bps"":10.0}"
2026-09-15T10:33:38+00:00,stable_dislocation_error,FDUSD:Bybit:error,FDUSD,n/a,Bybit,0.000000,-9999.000000,NO,,"{""error"":""HTTP Error 403: Forbidden""}"
2026-09-15T11:01:19+00:00,cex_triangle,ETH:USDT-BTC-ETH-USDT,ETH,USDT->BTC->ETH->USDT,Binance,-2.182654,-40.146123,NO,98897.14,"{""extra_buffer_bps"":8.0,""fee_bps_per_leg"":10.0,""top_of_book_only"":true}"
2026-09-15T11:01:19+00:00,cex_triangle,ETH:USDT-ETH-BTC-USDT,ETH,USDT->ETH->BTC->USDT,Binance,-0.959863,-38.926996,NO,1082.30,"{""extra_buffer_bps"":8.0,""fee_bps_per_leg"":10.0,""top_of_book_only"":true}"
2026-09-15T11:01:19+00:00,cex_triangle,SOL:USDT-BTC-SOL-USDT,SOL,USDT->BTC->SOL->USDT,Binance,-0.452339,-38.420993,NO,3681.22,"{""extra_buffer_bps"":8.0,""fee_bps_per_leg"":10.0,""top_of_book_only"":true}"
2026-09-15T11:01:19+00:00,cex_triangle,SOL:USDT-SOL-BTC-USDT,SOL,USDT->SOL->BTC->USDT,Binance,-1.303261,-39.269365,NO,191.55,"{""extra_buffer_bps"":8.0,""fee_bps_per_leg"":10.0,""top_of_book_only"":true}"
2026-09-15T11:01:19+00:00,stable_dislocation,USDC:Binance,USDC,above peg,Binance,3.050000,3.050000,NO,3206948.85,"{""mid"":1.000305,""note"":""Peg deviation is a research signal; redemption, venue and issuer risks matter."",""signed_deviation_bps"":3.049999999999997,""watch_threshold_bps"":10.0}"
2026-09-15T11:01:19+00:00,stable_dislocation_error,USDC:Bybit:error,USDC,n/a,Bybit,0.000000,-9999.000000,NO,,"{""error"":""HTTP Error 403: Forbidden""}"
2026-09-15T11:01:19+00:00,stable_dislocation,FDUSD:Binance,FDUSD,below peg,Binance,12.500000,12.500000,YES,174108.82,"{""mid"":0.99875,""note"":""Peg deviation is a research signal; redemption, venue and issuer risks matter."",""signed_deviation_bps"":-12.499999999999734,""watch_threshold_bps"":10.0}"
2026-09-15T11:01:19+00:00,stable_dislocation_error,FDUSD:Bybit:error,FDUSD,n/a,Bybit,0.000000,-9999.000000,NO,,"{""error"":""HTTP Error 403: Forbidden""}"
2026-09-15T13:28:26+00:00,cex_triangle,ETH:USDT-BTC-ETH-USDT,ETH,USDT->BTC->ETH->USDT,Binance,-4.555022,-42.511381,NO,37644.74,"{""extra_buffer_bps"":8.0,""fee_bps_per_leg"":10.0,""top_of_book_only"":true}"
2026-09-15T13:28:26+00:00,cex_triangle,ETH:USDT-ETH-BTC-USDT,ETH,USDT->ETH->BTC->USDT,Binance,1.410374,-36.563863,NO,10682.39,"{""extra_buffer_bps"":8.0,""fee_bps_per_leg"":10.0,""top_of_book_only"":true}"
2026-09-15T13:28:26+00:00,cex_triangle,SOL:USDT-BTC-SOL-USDT,SOL,USDT->BTC->SOL->USDT,Binance,-3.934958,-41.893175,NO,4869.72,"{""extra_buffer_bps"":8.0,""fee_bps_per_leg"":10.0,""top_of_book_only"":true}"
2026-09-15T13:28:26+00:00,cex_triangle,SOL:USDT-SOL-BTC-USDT,SOL,USDT->SOL->BTC->USDT,Binance,2.181965,-35.794584,NO,1072.39,"{""extra_buffer_bps"":8.0,""fee_bps_per_leg"":10.0,""top_of_book_only"":true}"
2026-09-15T13:28:26+00:00,stable_dislocation,USDC:Binance,USDC,above peg,Binance,2.550000,2.550000,NO,1937222.18,"{""mid"":1.0002550000000001,""note"":""Peg deviation is a research signal; redemption, venue and issuer risks matter."",""signed_deviation_bps"":2.5500000000011624,""watch_threshold_bps"":10.0}"
2026-09-15T13:28:26+00:00,stable_dislocation_error,USDC:Bybit:error,USDC,n/a,Bybit,0.000000,-9999.000000,NO,,"{""error"":""HTTP Error 403: Forbidden""}"
2026-09-15T13:28:26+00:00,stable_dislocation,FDUSD:Binance,FDUSD,below peg,Binance,11.500000,11.500000,YES,30555.29,"{""mid"":0.99885,""note"":""Peg deviation is a research signal; redemption, venue and issuer risks matter."",""signed_deviation_bps"":-11.499999999999844,""watch_threshold_bps"":10.0}"
2026-09-15T13:28:26+00:00,stable_dislocation_error,FDUSD:Bybit:error,FDUSD,n/a,Bybit,0.000000,-9999.000000,NO,,"{""error"":""HTTP Error 403: Forbidden""}"
2026-09-15T15:29:12+00:00,cex_triangle,ETH:USDT-BTC-ETH-USDT,ETH,USDT->BTC->ETH->USDT,Binance,-2.777681,-40.739366,NO,68375.02,"{""extra_buffer_bps"":8.0,""fee_bps_per_leg"":10.0,""top_of_book_only"":true}"
2026-09-15T15:29:12+00:00,cex_triangle,ETH:USDT-ETH-BTC-USDT,ETH,USDT->ETH->BTC->USDT,Binance,-0.411531,-38.380307,NO,18844.19,"{""extra_buffer_bps"":8.0,""fee_bps_per_leg"":10.0,""top_of_book_only"":true}"
2026-09-15T15:29:12+00:00,cex_triangle,SOL:USDT-BTC-SOL-USDT,SOL,USDT->BTC->SOL->USDT,Binance,0.540606,-37.431024,NO,1049.84,"{""extra_buffer_bps"":8.0,""fee_bps_per_leg"":10.0,""top_of_book_only"":true}"
2026-09-15T15:29:12+00:00,cex_triangle,SOL:USDT-SOL-BTC-USDT,SOL,USDT->SOL->BTC->USDT,Binance,-2.312726,-40.275805,NO,1068.83,"{""extra_buffer_bps"":8.0,""fee_bps_per_leg"":10.0,""top_of_book_only"":true}"
2026-09-15T15:29:12+00:00,stable_dislocation,USDC:Binance,USDC,above peg,Binance,4.750000,4.750000,NO,2337477.45,"{""mid"":1.000475,""note"":""Peg deviation is a research signal; redemption, venue and issuer risks matter."",""signed_deviation_bps"":4.750000000000032,""watch_threshold_bps"":10.0}"
2026-09-15T15:29:12+00:00,stable_dislocation_error,USDC:Bybit:error,USDC,n/a,Bybit,0.000000,-9999.000000,NO,,"{""error"":""HTTP Error 403: Forbidden""}"
2026-09-15T15:29:12+00:00,stable_dislocation,FDUSD:Binance,FDUSD,below peg,Binance,9.500000,9.500000,NO,1137.97,"{""mid"":0.99905,""note"":""Peg deviation is a research signal; redemption, venue and issuer risks matter."",""signed_deviation_bps"":-9.500000000000064,""watch_threshold_bps"":10.0}"
2026-09-15T15:29:12+00:00,stable_dislocation_error,FDUSD:Bybit:error,FDUSD,n/a,Bybit,0.000000,-9999.000000,NO,,"{""error"":""HTTP Error 403: Forbidden""}"
2026-09-15T15:34:34+00:00,cex_triangle,ETH:USDT-BTC-ETH-USDT,ETH,USDT->BTC->ETH->USDT,Binance,-1.208689,-39.175076,NO,41904.16,"{""extra_buffer_bps"":8.0,""fee_bps_per_leg"":10.0,""top_of_book_only"":true}"
2026-09-15T15:34:34+00:00,cex_triangle,ETH:USDT-ETH-BTC-USDT,ETH,USDT->ETH->BTC->USDT,Binance,-1.977679,-39.941762,NO,60314.80,"{""extra_buffer_bps"":8.0,""fee_bps_per_leg"":10.0,""top_of_book_only"":true}"
2026-09-15T15:34:34+00:00,cex_triangle,SOL:USDT-BTC-SOL-USDT,SOL,USDT->BTC->SOL->USDT,Binance,-0.584293,-38.552552,NO,188.67,"{""extra_buffer_bps"":8.0,""fee_bps_per_leg"":10.0,""top_of_book_only"":true}"
2026-09-15T15:34:34+00:00,cex_triangle,SOL:USDT-SOL-BTC-USDT,SOL,USDT->SOL->BTC->USDT,Binance,-1.191228,-39.157668,NO,188.66,"{""extra_buffer_bps"":8.0,""fee_bps_per_leg"":10.0,""top_of_book_only"":true}"
2026-09-15T15:34:34+00:00,stable_dislocation,USDC:Binance,USDC,above peg,Binance,5.250000,5.250000,NO,44519.58,"{""mid"":1.000525,""note"":""Peg deviation is a research signal; redemption, venue and issuer risks matter."",""signed_deviation_bps"":5.250000000001087,""watch_threshold_bps"":10.0}"
2026-09-15T15:34:34+00:00,stable_dislocation_error,USDC:Bybit:error,USDC,n/a,Bybit,0.000000,-9999.000000,NO,,"{""error"":""HTTP Error 403: Forbidden""}"
2026-09-15T15:34:34+00:00,stable_dislocation,FDUSD:Binance,FDUSD,below peg,Binance,9.500000,9.500000,NO,19641.31,"{""mid"":0.99905,""note"":""Peg deviation is a research signal; redemption, venue and issuer risks matter."",""signed_deviation_bps"":-9.500000000000064,""watch_threshold_bps"":10.0}"
2026-09-15T15:34:34+00:00,stable_dislocation_error,FDUSD:Bybit:error,FDUSD,n/a,Bybit,0.000000,-9999.000000,NO,,"{""error"":""HTTP Error 403: Forbidden""}"
2026-09-15T18:08:28+00:00,cex_triangle,ETH:USDT-BTC-ETH-USDT,ETH,USDT->BTC->ETH->USDT,Binance,4.059370,-33.922806,NO,8920.64,"{""extra_buffer_bps"":8.0,""fee_bps_per_leg"":10.0,""top_of_book_only"":true}"
2026-09-15T18:08:28+00:00,cex_triangle,ETH:USDT-ETH-BTC-USDT,ETH,USDT->ETH->BTC->USDT,Binance,-7.255334,-45.203600,NO,31.18,"{""extra_buffer_bps"":8.0,""fee_bps_per_leg"":10.0,""top_of_book_only"":true}"
2026-09-15T18:08:28+00:00,cex_triangle,SOL:USDT-BTC-SOL-USDT,SOL,USDT->BTC->SOL->USDT,Binance,1.777656,-36.197682,NO,1330.26,"{""extra_buffer_bps"":8.0,""fee_bps_per_leg"":10.0,""top_of_book_only"":true}"
2026-09-15T18:08:28+00:00,cex_triangle,SOL:USDT-SOL-BTC-USDT,SOL,USDT->SOL->BTC->USDT,Binance,-3.548399,-41.507774,NO,863.22,"{""extra_buffer_bps"":8.0,""fee_bps_per_leg"":10.0,""top_of_book_only"":true}"
2026-09-15T18:08:28+00:00,stable_dislocation,USDC:Binance,USDC,above peg,Binance,5.050000,5.050000,NO,232155.02,"{""mid"":1.000505,""note"":""Peg deviation is a research signal; redemption, venue and issuer risks matter."",""signed_deviation_bps"":5.049999999999777,""watch_threshold_bps"":10.0}"
2026-09-15T18:08:28+00:00,stable_dislocation_error,USDC:Bybit:error,USDC,n/a,Bybit,0.000000,-9999.000000,NO,,"{""error"":""HTTP Error 403: Forbidden""}"
2026-09-15T18:08:28+00:00,stable_dislocation,FDUSD:Binance,FDUSD,below peg,Binance,8.500000,8.500000,NO,8082.72,"{""mid"":0.99915,""note"":""Peg deviation is a research signal; redemption, venue and issuer risks matter."",""signed_deviation_bps"":-8.500000000000174,""watch_threshold_bps"":10.0}"
2026-09-15T18:08:28+00:00,stable_dislocation_error,FDUSD:Bybit:error,FDUSD,n/a,Bybit,0.000000,-9999.000000,NO,,"{""error"":""HTTP Error 403: Forbidden""}"
2026-09-15T19:19:29+00:00,cex_triangle,ETH:USDT-BTC-ETH-USDT,ETH,USDT->BTC->ETH->USDT,Binance,-2.594495,-40.556729,NO,95185.29,"{""extra_buffer_bps"":8.0,""fee_bps_per_leg"":10.0,""top_of_book_only"":true}"
2026-09-15T19:19:29+00:00,cex_triangle,ETH:USDT-ETH-BTC-USDT,ETH,USDT->ETH->BTC->USDT,Binance,-0.604951,-38.573148,NO,10857.01,"{""extra_buffer_bps"":8.0,""fee_bps_per_leg"":10.0,""top_of_book_only"":true}"
2026-09-15T19:19:29+00:00,cex_triangle,SOL:USDT-BTC-SOL-USDT,SOL,USDT->BTC->SOL->USDT,Binance,-0.631432,-38.599550,NO,186.72,"{""extra_buffer_bps"":8.0,""fee_bps_per_leg"":10.0,""top_of_book_only"":true}"
2026-09-15T19:19:29+00:00,cex_triangle,SOL:USDT-SOL-BTC-USDT,SOL,USDT->SOL->BTC->USDT,Binance,-1.161114,-39.127645,NO,1546.87,"{""extra_buffer_bps"":8.0,""fee_bps_per_leg"":10.0,""top_of_book_only"":true}"
2026-09-15T19:19:29+00:00,stable_dislocation,USDC:Binance,USDC,above peg,Binance,5.650000,5.650000,NO,2020237.88,"{""mid"":1.000565,""note"":""Peg deviation is a research signal; redemption, venue and issuer risks matter."",""signed_deviation_bps"":5.649999999999267,""watch_threshold_bps"":10.0}"
2026-09-15T19:19:29+00:00,stable_dislocation_error,USDC:Bybit:error,USDC,n/a,Bybit,0.000000,-9999.000000,NO,,"{""error"":""HTTP Error 403: Forbidden""}"
2026-09-15T19:19:29+00:00,stable_dislocation,FDUSD:Binance,FDUSD,below peg,Binance,12.500000,12.500000,YES,98871.21,"{""mid"":0.99875,""note"":""Peg deviation is a research signal; redemption, venue and issuer risks matter."",""signed_deviation_bps"":-12.499999999999734,""watch_threshold_bps"":10.0}"
2026-09-15T19:19:29+00:00,stable_dislocation_error,FDUSD:Bybit:error,FDUSD,n/a,Bybit,0.000000,-9999.000000,NO,,"{""error"":""HTTP Error 403: Forbidden""}"
2026-09-15T22:30:00+00:00,cex_triangle,ETH:USDT-BTC-ETH-USDT,ETH,USDT->BTC->ETH->USDT,Binance,-3.039958,-41.000858,NO,14510.21,"{""extra_buffer_bps"":8.0,""fee_bps_per_leg"":10.0,""top_of_book_only"":true}"
2026-09-15T22:30:00+00:00,cex_triangle,ETH:USDT-ETH-BTC-USDT,ETH,USDT->ETH->BTC->USDT,Binance,-0.155758,-38.125301,NO,46864.62,"{""extra_buffer_bps"":8.0,""fee_bps_per_leg"":10.0,""top_of_book_only"":true}"
2026-09-15T22:30:00+00:00,cex_triangle,SOL:USDT-BTC-SOL-USDT,SOL,USDT->BTC->SOL->USDT,Binance,-1.262568,-39.228794,NO,1083.33,"{""extra_buffer_bps"":8.0,""fee_bps_per_leg"":10.0,""top_of_book_only"":true}"
2026-09-15T22:30:00+00:00,cex_triangle,SOL:USDT-SOL-BTC-USDT,SOL,USDT->SOL->BTC->USDT,Binance,-0.551485,-38.519842,NO,1123.94,"{""extra_buffer_bps"":8.0,""fee_bps_per_leg"":10.0,""top_of_book_only"":true}"
2026-09-15T22:30:00+00:00,stable_dislocation,USDC:Binance,USDC,above peg,Binance,6.150000,6.150000,NO,467579.72,"{""mid"":1.000615,""note"":""Peg deviation is a research signal; redemption, venue and issuer risks matter."",""signed_deviation_bps"":6.150000000000322,""watch_threshold_bps"":10.0}"
2026-09-15T22:30:00+00:00,stable_dislocation_error,USDC:Bybit:error,USDC,n/a,Bybit,0.000000,-9999.000000,NO,,"{""error"":""HTTP Error 403: Forbidden""}"
2026-09-15T22:30:00+00:00,stable_dislocation,FDUSD:Binance,FDUSD,below peg,Binance,13.500000,13.500000,YES,92128.84,"{""mid"":0.99865,""note"":""Peg deviation is a research signal; redemption, venue and issuer risks matter."",""signed_deviation_bps"":-13.499999999999623,""watch_threshold_bps"":10.0}"
2026-09-15T22:30:00+00:00,stable_dislocation_error,FDUSD:Bybit:error,FDUSD,n/a,Bybit,0.000000,-9999.000000,NO,,"{""error"":""HTTP Error 403: Forbidden""}"
2026-09-16T00:21:55+00:00,cex_triangle,ETH:USDT-BTC-ETH-USDT,ETH,USDT->BTC->ETH->USDT,Binance,-2.427713,-40.390447,NO,119024.46,"{""extra_buffer_bps"":8.0,""fee_bps_per_leg"":10.0,""top_of_book_only"":true}"
2026-09-16T00:21:55+00:00,cex_triangle,ETH:USDT-ETH-BTC-USDT,ETH,USDT->ETH->BTC->USDT,Binance,-0.766986,-38.734698,NO,13175.17,"{""extra_buffer_bps"":8.0,""fee_bps_per_leg"":10.0,""top_of_book_only"":true}"
2026-09-16T00:21:55+00:00,cex_triangle,SOL:USDT-BTC-SOL-USDT,SOL,USDT->BTC->SOL->USDT,Binance,-0.920114,-38.887367,NO,1079.11,"{""extra_buffer_bps"":8.0,""fee_bps_per_leg"":10.0,""top_of_book_only"":true}"
2026-09-16T00:21:55+00:00,cex_triangle,SOL:USDT-SOL-BTC-USDT,SOL,USDT->SOL->BTC->USDT,Binance,-0.893080,-38.860413,NO,474.28,"{""extra_buffer_bps"":8.0,""fee_bps_per_leg"":10.0,""top_of_book_only"":true}"
2026-09-16T00:21:55+00:00,stable_dislocation,USDC:Binance,USDC,above peg,Binance,6.150000,6.150000,NO,953432.24,"{""mid"":1.000615,""note"":""Peg deviation is a research signal; redemption, venue and issuer risks matter."",""signed_deviation_bps"":6.150000000000322,""watch_threshold_bps"":10.0}"
2026-09-16T00:21:55+00:00,stable_dislocation_error,USDC:Bybit:error,USDC,n/a,Bybit,0.000000,-9999.000000,NO,,"{""error"":""HTTP Error 403: Forbidden""}"
2026-09-16T00:21:55+00:00,stable_dislocation,FDUSD:Binance,FDUSD,below peg,Binance,13.500000,13.500000,YES,18356.27,"{""mid"":0.99865,""note"":""Peg deviation is a research signal; redemption, venue and issuer risks matter."",""signed_deviation_bps"":-13.499999999999623,""watch_threshold_bps"":10.0}"
2026-09-16T00:21:55+00:00,stable_dislocation_error,FDUSD:Bybit:error,FDUSD,n/a,Bybit,0.000000,-9999.000000,NO,,"{""error"":""HTTP Error 403: Forbidden""}"
2026-09-16T00:55:01+00:00,cex_cross_spot,BTC:buy Binance / sell Bybit,BTC,buy Binance / sell Bybit,Binance<->Bybit,-0.419880,-30.419880,NO,21008.66,"{""buffer_bps"":30.0,""buy_ask"":75735.98,""note"":""Assumes capital already present on both venues; transfer/rebalancing costs not included."",""sell_bid"":75732.8}"
2026-09-16T00:55:01+00:00,cex_cross_spot,BTC:buy Bybit / sell Binance,BTC,buy Bybit / sell Binance,Binance<->Bybit,0.405372,-29.594628,NO,19011.00,"{""buffer_bps"":30.0,""buy_ask"":75732.9,""note"":""Assumes capital already present on both venues; transfer/rebalancing costs not included."",""sell_bid"":75735.97}"
2026-09-16T00:55:01+00:00,cex_cross_spot,ETH:buy Binance / sell Bybit,ETH,buy Binance / sell Bybit,Binance<->Bybit,-0.541658,-30.541658,NO,5863.89,"{""buffer_bps"":30.0,""buy_ask"":2400.04,""note"":""Assumes capital already present on both venues; transfer/rebalancing costs not included."",""sell_bid"":2399.91}"
2026-09-16T00:55:01+00:00,cex_cross_spot,ETH:buy Bybit / sell Binance,ETH,buy Bybit / sell Binance,Binance<->Bybit,0.458349,-29.541651,NO,14353.83,"{""buffer_bps"":30.0,""buy_ask"":2399.92,""note"":""Assumes capital already present on both venues; transfer/rebalancing costs not included."",""sell_bid"":2400.03}"
2026-09-16T00:55:01+00:00,cex_cross_spot,SOL:buy Binance / sell Bybit,SOL,buy Binance / sell Bybit,Binance<->Bybit,-1.030715,-31.030715,NO,1519.60,"{""buffer_bps"":30.0,""buy_ask"":97.02,""note"":""Assumes capital already present on both venues; transfer/rebalancing costs not included."",""sell_bid"":97.01}"
2026-09-16T00:55:01+00:00,cex_cross_spot,SOL:buy Bybit / sell Binance,SOL,buy Bybit / sell Binance,Binance<->Bybit,-1.030715,-31.030715,NO,1214.66,"{""buffer_bps"":30.0,""buy_ask"":97.02,""note"":""Assumes capital already present on both venues; transfer/rebalancing costs not included."",""sell_bid"":97.01}"
2026-09-16T00:55:01+00:00,cex_triangle,ETH:USDT-BTC-ETH-USDT,ETH,USDT->BTC->ETH->USDT,Binance,-3.334538,-41.294554,NO,23769.90,"{""extra_buffer_bps"":8.0,""fee_bps_per_leg"":10.0,""top_of_book_only"":true}"
2026-09-16T00:55:01+00:00,cex_triangle,ETH:USDT-ETH-BTC-USDT,ETH,USDT->ETH->BTC->USDT,Binance,0.137036,-37.833384,NO,10976.06,"{""extra_buffer_bps"":8.0,""fee_bps_per_leg"":10.0,""top_of_book_only"":true}"
2026-09-16T00:55:01+00:00,cex_triangle,SOL:USDT-BTC-SOL-USDT,SOL,USDT->BTC->SOL->USDT,Binance,-1.583501,-39.548765,NO,1214.66,"{""extra_buffer_bps"":8.0,""fee_bps_per_leg"":10.0,""top_of_book_only"":true}"
2026-09-16T00:55:01+00:00,cex_triangle,SOL:USDT-SOL-BTC-USDT,SOL,USDT->SOL->BTC->USDT,Binance,-0.229069,-38.198393,NO,1376.57,"{""extra_buffer_bps"":8.0,""fee_bps_per_leg"":10.0,""top_of_book_only"":true}"
2026-09-16T00:55:01+00:00,spot_perp_basis,BTC:Binance,BTC,short spot / long perp,Binance,2.188524,2.188524,NO,,"{""funding_rate"":3.282e-05,""mark_price"":75719.1,""note"":""Basis magnitude is a carry signal, not immediate executable profit."",""perp_mid"":75719.4,""signed_basis_bps"":-2.188524013853055,""spot_mid"":75735.975}"
2026-09-16T00:55:01+00:00,spot_perp_basis,BTC:Bybit,BTC,short spot / long perp,Bybit,2.323958,2.323958,NO,,"{""funding_rate"":2.881e-05,""mark_price"":75719.74,""note"":""Basis magnitude is a carry signal, not immediate executable profit."",""perp_mid"":75715.25,""signed_basis_bps"":-2.323958493574141,""spot_mid"":75732.85}"
2026-09-16T00:55:01+00:00,spot_perp_basis,ETH:Binance,ETH,short spot / long perp,Binance,2.791626,2.791626,NO,,"{""funding_rate"":-3.07e-06,""mark_price"":2399.37,""note"":""Basis magnitude is a carry signal, not immediate executable profit."",""perp_mid"":2399.365,""signed_basis_bps"":-2.7916259554550127,""spot_mid"":2400.035}"
2026-09-16T00:55:01+00:00,spot_perp_basis,ETH:Bybit,ETH,short spot / long perp,Bybit,4.708500,4.708500,NO,,"{""funding_rate"":-8.043e-05,""mark_price"":2399.16,""note"":""Basis magnitude is a carry signal, not immediate executable profit."",""perp_mid"":2398.785,""signed_basis_bps"":-4.7085000927116205,""spot_mid"":2399.915}"
2026-09-16T00:55:01+00:00,spot_perp_basis,SOL:Binance,SOL,short spot / long perp,Binance,6.184611,6.184611,NO,,"{""funding_rate"":-3.996e-05,""mark_price"":96.97260367,""note"":""Basis magnitude is a carry signal, not immediate executable profit."",""perp_mid"":96.955,""signed_basis_bps"":-6.184610627222309,""spot_mid"":97.015}"
2026-09-16T00:55:01+00:00,spot_perp_basis,SOL:Bybit,SOL,short spot / long perp,Bybit,8.246148,8.246148,NO,,"{""funding_rate"":-0.00017747,""mark_price"":96.945,""note"":""Basis magnitude is a carry signal, not immediate executable profit."",""perp_mid"":96.935,""signed_basis_bps"":-8.246147502963819,""spot_mid"":97.015}"
2026-09-16T00:55:01+00:00,stable_dislocation,USDC:Binance,USDC,above peg,Binance,6.250000,6.250000,NO,1581593.98,"{""mid"":1.0006249999999999,""note"":""Peg deviation is a research signal; redemption, venue and issuer risks matter."",""signed_deviation_bps"":6.2499999999987566,""watch_threshold_bps"":10.0}"
2026-09-16T00:55:01+00:00,stable_dislocation,USDC:Bybit,USDC,above peg,Bybit,6.500000,6.500000,NO,5368585.38,"{""mid"":1.0006499999999998,""note"":""Peg deviation is a research signal; redemption, venue and issuer risks matter."",""signed_deviation_bps"":6.499999999998174,""watch_threshold_bps"":10.0}"
2026-09-16T00:55:01+00:00,stable_dislocation,FDUSD:Binance,FDUSD,below peg,Binance,14.500000,14.500000,YES,4384.85,"{""mid"":0.99855,""note"":""Peg deviation is a research signal; redemption, venue and issuer risks matter."",""signed_deviation_bps"":-14.499999999999513,""watch_threshold_bps"":10.0}"
2026-09-16T00:55:01+00:00,stable_dislocation_error,FDUSD:Bybit:error,FDUSD,n/a,Bybit,0.000000,-9999.000000,NO,,"{""error"":""Bybit spot FDUSDUSDT: {'retCode': 10001, 'retMsg': 'Not supported symbols', 'result': {}, 'retExtInfo': {}, 'time': 1789520116275}""}"
2026-09-16T01:21:21+00:00,cex_triangle,ETH:USDT-BTC-ETH-USDT,ETH,USDT->BTC->ETH->USDT,Binance,-4.624613,-42.580763,NO,64273.11,"{""extra_buffer_bps"":8.0,""fee_bps_per_leg"":10.0,""top_of_book_only"":true}"
2026-09-16T01:21:21+00:00,cex_triangle,ETH:USDT-ETH-BTC-USDT,ETH,USDT->ETH->BTC->USDT,Binance,1.427799,-36.546490,NO,3211.88,"{""extra_buffer_bps"":8.0,""fee_bps_per_leg"":10.0,""top_of_book_only"":true}"
2026-09-16T01:21:21+00:00,cex_triangle,SOL:USDT-BTC-SOL-USDT,SOL,USDT->BTC->SOL->USDT,Binance,-4.076537,-42.034330,NO,2405.45,"{""extra_buffer_bps"":8.0,""fee_bps_per_leg"":10.0,""top_of_book_only"":true}"
2026-09-16T01:21:21+00:00,cex_triangle,SOL:USDT-SOL-BTC-USDT,SOL,USDT->SOL->BTC->USDT,Binance,2.266687,-35.710116,NO,1314.13,"{""extra_buffer_bps"":8.0,""fee_bps_per_leg"":10.0,""top_of_book_only"":true}"
2026-09-16T01:21:21+00:00,stable_dislocation,USDC:Binance,USDC,above peg,Binance,6.450000,6.450000,NO,3204963.87,"{""mid"":1.000645,""note"":""Peg deviation is a research signal; redemption, venue and issuer risks matter."",""signed_deviation_bps"":6.450000000000067,""watch_threshold_bps"":10.0}"
2026-09-16T01:21:21+00:00,stable_dislocation_error,USDC:Bybit:error,USDC,n/a,Bybit,0.000000,-9999.000000,NO,,"{""error"":""HTTP Error 403: Forbidden""}"
2026-09-16T01:21:21+00:00,stable_dislocation,FDUSD:Binance,FDUSD,below peg,Binance,13.500000,13.500000,YES,40883.68,"{""mid"":0.99865,""note"":""Peg deviation is a research signal; redemption, venue and issuer risks matter."",""signed_deviation_bps"":-13.499999999999623,""watch_threshold_bps"":10.0}"
2026-09-16T01:21:21+00:00,stable_dislocation_error,FDUSD:Bybit:error,FDUSD,n/a,Bybit,0.000000,-9999.000000,NO,,"{""error"":""HTTP Error 403: Forbidden""}"
2026-09-16T05:05:10+00:00,cex_triangle,ETH:USDT-BTC-ETH-USDT,ETH,USDT->BTC->ETH->USDT,Binance,0.262927,-37.707871,NO,15300.94,"{""extra_buffer_bps"":8.0,""fee_bps_per_leg"":10.0,""top_of_book_only"":true}"
2026-09-16T05:05:10+00:00,cex_triangle,ETH:USDT-ETH-BTC-USDT,ETH,USDT->ETH->BTC->USDT,Binance,-3.463393,-41.423023,NO,34299.49,"{""extra_buffer_bps"":8.0,""fee_bps_per_leg"":10.0,""top_of_book_only"":true}"
2026-09-16T05:05:10+00:00,cex_triangle,SOL:USDT-BTC-SOL-USDT,SOL,USDT->BTC->SOL->USDT,Binance,-0.826755,-38.794288,NO,1086.19,"{""extra_buffer_bps"":8.0,""fee_bps_per_leg"":10.0,""top_of_book_only"":true}"
2026-09-16T05:05:10+00:00,cex_triangle,SOL:USDT-SOL-BTC-USDT,SOL,USDT->SOL->BTC->USDT,Binance,-0.985025,-38.952083,NO,1481.04,"{""extra_buffer_bps"":8.0,""fee_bps_per_leg"":10.0,""top_of_book_only"":true}"
2026-09-16T05:05:10+00:00,stable_dislocation,USDC:Binance,USDC,above peg,Binance,7.150000,7.150000,NO,1224578.83,"{""mid"":1.000715,""note"":""Peg deviation is a research signal; redemption, venue and issuer risks matter."",""signed_deviation_bps"":7.150000000000212,""watch_threshold_bps"":10.0}"
2026-09-16T05:05:10+00:00,stable_dislocation_error,USDC:Bybit:error,USDC,n/a,Bybit,0.000000,-9999.000000,NO,,"{""error"":""HTTP Error 403: Forbidden""}"
2026-09-16T05:05:10+00:00,stable_dislocation,FDUSD:Binance,FDUSD,below peg,Binance,13.500000,13.500000,YES,51734.66,"{""mid"":0.99865,""note"":""Peg deviation is a research signal; redemption, venue and issuer risks matter."",""signed_deviation_bps"":-13.499999999999623,""watch_threshold_bps"":10.0}"
2026-09-16T05:05:10+00:00,stable_dislocation_error,FDUSD:Bybit:error,FDUSD,n/a,Bybit,0.000000,-9999.000000,NO,,"{""error"":""HTTP Error 403: Forbidden""}"
2026-09-16T05:35:02+00:00,cex_triangle,ETH:USDT-BTC-ETH-USDT,ETH,USDT->BTC->ETH->USDT,Binance,-3.011726,-40.972710,NO,16674.50,"{""extra_buffer_bps"":8.0,""fee_bps_per_leg"":10.0,""top_of_book_only"":true}"
2026-09-16T05:35:02+00:00,cex_triangle,ETH:USDT-ETH-BTC-USDT,ETH,USDT->ETH->BTC->USDT,Binance,-0.186807,-38.156257,NO,29955.50,"{""extra_buffer_bps"":8.0,""fee_bps_per_leg"":10.0,""top_of_book_only"":true}"
2026-09-16T05:35:02+00:00,cex_triangle,SOL:USDT-BTC-SOL-USDT,SOL,USDT->BTC->SOL->USDT,Binance,-2.239933,-40.203230,NO,1668.63,"{""extra_buffer_bps"":8.0,""fee_bps_per_leg"":10.0,""top_of_book_only"":true}"
2026-09-16T05:35:02+00:00,cex_triangle,SOL:USDT-SOL-BTC-USDT,SOL,USDT->SOL->BTC->USDT,Binance,0.428010,-37.543283,NO,977.61,"{""extra_buffer_bps"":8.0,""fee_bps_per_leg"":10.0,""top_of_book_only"":true}"
2026-09-16T05:35:02+00:00,stable_dislocation,USDC:Binance,USDC,above peg,Binance,6.850000,6.850000,NO,3885961.46,"{""mid"":1.000685,""note"":""Peg deviation is a research signal; redemption, venue and issuer risks matter."",""signed_deviation_bps"":6.850000000000467,""watch_threshold_bps"":10.0}"
2026-09-16T05:35:02+00:00,stable_dislocation_error,USDC:Bybit:error,USDC,n/a,Bybit,0.000000,-9999.000000,NO,,"{""error"":""HTTP Error 403: Forbidden""}"
2026-09-16T05:35:02+00:00,stable_dislocation,FDUSD:Binance,FDUSD,below peg,Binance,13.500000,13.500000,YES,58094.38,"{""mid"":0.99865,""note"":""Peg deviation is a research signal; redemption, venue and issuer risks matter."",""signed_deviation_bps"":-13.499999999999623,""watch_threshold_bps"":10.0}"
2026-09-16T05:35:02+00:00,stable_dislocation_error,FDUSD:Bybit:error,FDUSD,n/a,Bybit,0.000000,-9999.000000,NO,,"{""error"":""HTTP Error 403: Forbidden""}"
2026-09-16T07:37:26+00:00,cex_triangle,ETH:USDT-BTC-ETH-USDT,ETH,USDT->BTC->ETH->USDT,Binance,-1.260042,-39.226276,NO,105145.77,"{""extra_buffer_bps"":8.0,""fee_bps_per_leg"":10.0,""top_of_book_only"":true}"
2026-09-16T07:37:26+00:00,cex_triangle,ETH:USDT-ETH-BTC-USDT,ETH,USDT->ETH->BTC->USDT,Binance,-1.941724,-39.905915,NO,40.09,"{""extra_buffer_bps"":8.0,""fee_bps_per_leg"":10.0,""top_of_book_only"":true}"
2026-09-16T07:37:26+00:00,cex_triangle,SOL:USDT-BTC-SOL-USDT,SOL,USDT->BTC->SOL->USDT,Binance,-1.339614,-39.305609,NO,3299.22,"{""extra_buffer_bps"":8.0,""fee_bps_per_leg"":10.0,""top_of_book_only"":true}"
2026-09-16T07:37:26+00:00,cex_triangle,SOL:USDT-SOL-BTC-USDT,SOL,USDT->SOL->BTC->USDT,Binance,-0.473061,-38.441653,NO,1068.44,"{""extra_buffer_bps"":8.0,""fee_bps_per_leg"":10.0,""top_of_book_only"":true}"
2026-09-16T07:37:26+00:00,stable_dislocation,USDC:Binance,USDC,above peg,Binance,7.850000,7.850000,NO,270285.66,"{""mid"":1.000785,""note"":""Peg deviation is a research signal; redemption, venue and issuer risks matter."",""signed_deviation_bps"":7.850000000000357,""watch_threshold_bps"":10.0}"
2026-09-16T07:37:26+00:00,stable_dislocation_error,USDC:Bybit:error,USDC,n/a,Bybit,0.000000,-9999.000000,NO,,"{""error"":""HTTP Error 403: Forbidden""}"
2026-09-16T07:37:26+00:00,stable_dislocation,FDUSD:Binance,FDUSD,below peg,Binance,13.500000,13.500000,YES,61956.14,"{""mid"":0.99865,""note"":""Peg deviation is a research signal; redemption, venue and issuer risks matter."",""signed_deviation_bps"":-13.499999999999623,""watch_threshold_bps"":10.0}"
2026-09-16T07:37:26+00:00,stable_dislocation_error,FDUSD:Bybit:error,FDUSD,n/a,Bybit,0.000000,-9999.000000,NO,,"{""error"":""HTTP Error 403: Forbidden""}"
2026-09-16T10:00:41+00:00,cex_triangle,ETH:USDT-BTC-ETH-USDT,ETH,USDT->BTC->ETH->USDT,Binance,-3.254168,-41.214426,NO,87463.78,"{""extra_buffer_bps"":8.0,""fee_bps_per_leg"":10.0,""top_of_book_only"":true}"
2026-09-16T10:00:41+00:00,cex_triangle,ETH:USDT-ETH-BTC-USDT,ETH,USDT->ETH->BTC->USDT,Binance,0.052772,-37.917396,NO,40671.61,"{""extra_buffer_bps"":8.0,""fee_bps_per_leg"":10.0,""top_of_book_only"":true}"
2026-09-16T10:00:41+00:00,cex_triangle,SOL:USDT-BTC-SOL-USDT,SOL,USDT->BTC->SOL->USDT,Binance,-0.396574,-38.365395,NO,531.28,"{""extra_buffer_bps"":8.0,""fee_bps_per_leg"":10.0,""top_of_book_only"":true}"
2026-09-16T10:00:41+00:00,cex_triangle,SOL:USDT-SOL-BTC-USDT,SOL,USDT->SOL->BTC->USDT,Binance,-1.413066,-39.378841,NO,1089.23,"{""extra_buffer_bps"":8.0,""fee_bps_per_leg"":10.0,""top_of_book_only"":true}"
2026-09-16T10:00:41+00:00,stable_dislocation,USDC:Binance,USDC,above peg,Binance,7.850000,7.850000,NO,1275700.01,"{""mid"":1.000785,""note"":""Peg deviation is a research signal; redemption, venue and issuer risks matter."",""signed_deviation_bps"":7.850000000000357,""watch_threshold_bps"":10.0}"
2026-09-16T10:00:41+00:00,stable_dislocation_error,USDC:Bybit:error,USDC,n/a,Bybit,0.000000,-9999.000000,NO,,"{""error"":""HTTP Error 403: Forbidden""}"
2026-09-16T10:00:41+00:00,stable_dislocation,FDUSD:Binance,FDUSD,below peg,Binance,13.500000,13.500000,YES,604237.47,"{""mid"":0.99865,""note"":""Peg deviation is a research signal; redemption, venue and issuer risks matter."",""signed_deviation_bps"":-13.499999999999623,""watch_threshold_bps"":10.0}"
2026-09-16T10:00:41+00:00,stable_dislocation_error,FDUSD:Bybit:error,FDUSD,n/a,Bybit,0.000000,-9999.000000,NO,,"{""error"":""HTTP Error 403: Forbidden""}"
2026-09-16T10:10:38+00:00,cex_triangle,ETH:USDT-BTC-ETH-USDT,ETH,USDT->BTC->ETH->USDT,Binance,-2.401426,-40.364239,NO,52367.29,"{""extra_buffer_bps"":8.0,""fee_bps_per_leg"":10.0,""top_of_book_only"":true}"
2026-09-16T10:10:38+00:00,cex_triangle,ETH:USDT-ETH-BTC-USDT,ETH,USDT->ETH->BTC->USDT,Binance,-0.803221,-38.770824,NO,43627.49,"{""extra_buffer_bps"":8.0,""fee_bps_per_leg"":10.0,""top_of_book_only"":true}"
2026-09-16T10:10:38+00:00,cex_triangle,SOL:USDT-BTC-SOL-USDT,SOL,USDT->BTC->SOL->USDT,Binance,-0.514993,-38.483460,NO,1088.28,"{""extra_buffer_bps"":8.0,""fee_bps_per_leg"":10.0,""top_of_book_only"":true}"
2026-09-16T10:10:38+00:00,cex_triangle,SOL:USDT-SOL-BTC-USDT,SOL,USDT->SOL->BTC->USDT,Binance,-1.296158,-39.262283,NO,1332.23,"{""extra_buffer_bps"":8.0,""fee_bps_per_leg"":10.0,""top_of_book_only"":true}"
2026-09-16T10:10:38+00:00,stable_dislocation,USDC:Binance,USDC,above peg,Binance,8.050000,8.050000,NO,1592090.65,"{""mid"":1.000805,""note"":""Peg deviation is a research signal; redemption, venue and issuer risks matter."",""signed_deviation_bps"":8.049999999999446,""watch_threshold_bps"":10.0}"
2026-09-16T10:10:38+00:00,stable_dislocation_error,USDC:Bybit:error,USDC,n/a,Bybit,0.000000,-9999.000000,NO,,"{""error"":""HTTP Error 403: Forbidden""}"
2026-09-16T10:10:38+00:00,stable_dislocation,FDUSD:Binance,FDUSD,below peg,Binance,13.500000,13.500000,YES,608968.31,"{""mid"":0.99865,""note"":""Peg deviation is a research signal; redemption, venue and issuer risks matter."",""signed_deviation_bps"":-13.499999999999623,""watch_threshold_bps"":10.0}"
2026-09-16T10:10:38+00:00,stable_dislocation_error,FDUSD:Bybit:error,FDUSD,n/a,Bybit,0.000000,-9999.000000,NO,,"{""error"":""HTTP Error 403: Forbidden""}"
2026-09-16T10:25:58+00:00,cex_triangle,ETH:USDT-BTC-ETH-USDT,ETH,USDT->BTC->ETH->USDT,Binance,0.054650,-37.915523,NO,36842.80,"{""extra_buffer_bps"":8.0,""fee_bps_per_leg"":10.0,""top_of_book_only"":true}"
2026-09-16T10:25:58+00:00,cex_triangle,ETH:USDT-ETH-BTC-USDT,ETH,USDT->ETH->BTC->USDT,Binance,-3.260145,-41.220385,NO,105721.87,"{""extra_buffer_bps"":8.0,""fee_bps_per_leg"":10.0,""top_of_book_only"":true}"
2026-09-16T10:25:58+00:00,cex_triangle,SOL:USDT-BTC-SOL-USDT,SOL,USDT->BTC->SOL->USDT,Binance,-0.603358,-38.571559,NO,2744.87,"{""extra_buffer_bps"":8.0,""fee_bps_per_leg"":10.0,""top_of_book_only"":true}"
2026-09-16T10:25:58+00:00,cex_triangle,SOL:USDT-SOL-BTC-USDT,SOL,USDT->SOL->BTC->USDT,Binance,-1.207158,-39.173550,NO,1045.22,"{""extra_buffer_bps"":8.0,""fee_bps_per_leg"":10.0,""top_of_book_only"":true}"
2026-09-16T10:25:58+00:00,stable_dislocation,USDC:Binance,USDC,above peg,Binance,7.950000,7.950000,NO,1867547.20,"{""mid"":1.000795,""note"":""Peg deviation is a research signal; redemption, venue and issuer risks matter."",""signed_deviation_bps"":7.950000000001012,""watch_threshold_bps"":10.0}"
2026-09-16T10:25:58+00:00,stable_dislocation_error,USDC:Bybit:error,USDC,n/a,Bybit,0.000000,-9999.000000,NO,,"{""error"":""HTTP Error 403: Forbidden""}"
2026-09-16T10:25:58+00:00,stable_dislocation,FDUSD:Binance,FDUSD,below peg,Binance,13.500000,13.500000,YES,606928.97,"{""mid"":0.99865,""note"":""Peg deviation is a research signal; redemption, venue and issuer risks matter."",""signed_deviation_bps"":-13.499999999999623,""watch_threshold_bps"":10.0}"
2026-09-16T10:25:58+00:00,stable_dislocation_error,FDUSD:Bybit:error,FDUSD,n/a,Bybit,0.000000,-9999.000000,NO,,"{""error"":""HTTP Error 403: Forbidden""}"
2026-09-16T13:27:11+00:00,cex_triangle,ETH:USDT-BTC-ETH-USDT,ETH,USDT->BTC->ETH->USDT,Binance,1.954683,-36.021185,NO,22909.74,"{""extra_buffer_bps"":8.0,""fee_bps_per_leg"":10.0,""top_of_book_only"":true}"
2026-09-16T13:27:11+00:00,cex_triangle,ETH:USDT-ETH-BTC-USDT,ETH,USDT->ETH->BTC->USDT,Binance,-5.151165,-43.105737,NO,64737.81,"{""extra_buffer_bps"":8.0,""fee_bps_per_leg"":10.0,""top_of_book_only"":true}"
2026-09-16T13:27:11+00:00,cex_triangle,SOL:USDT-BTC-SOL-USDT,SOL,USDT->BTC->SOL->USDT,Binance,3.831377,-34.150115,NO,20.64,"{""extra_buffer_bps"":8.0,""fee_bps_per_leg"":10.0,""top_of_book_only"":true}"
2026-09-16T13:27:11+00:00,cex_triangle,SOL:USDT-SOL-BTC-USDT,SOL,USDT->SOL->BTC->USDT,Binance,-5.635393,-43.588514,NO,4723.80,"{""extra_buffer_bps"":8.0,""fee_bps_per_leg"":10.0,""top_of_book_only"":true}"
2026-09-16T13:27:11+00:00,stable_dislocation,USDC:Binance,USDC,above peg,Binance,7.450000,7.450000,NO,3276793.03,"{""mid"":1.000745,""note"":""Peg deviation is a research signal; redemption, venue and issuer risks matter."",""signed_deviation_bps"":7.449999999999957,""watch_threshold_bps"":10.0}"
2026-09-16T13:27:11+00:00,stable_dislocation_error,USDC:Bybit:error,USDC,n/a,Bybit,0.000000,-9999.000000,NO,,"{""error"":""HTTP Error 403: Forbidden""}"
2026-09-16T13:27:11+00:00,stable_dislocation,FDUSD:Binance,FDUSD,below peg,Binance,12.500000,12.500000,YES,13005.37,"{""mid"":0.99875,""note"":""Peg deviation is a research signal; redemption, venue and issuer risks matter."",""signed_deviation_bps"":-12.499999999999734,""watch_threshold_bps"":10.0}"
2026-09-16T13:27:11+00:00,stable_dislocation_error,FDUSD:Bybit:error,FDUSD,n/a,Bybit,0.000000,-9999.000000,NO,,"{""error"":""HTTP Error 403: Forbidden""}"
2026-09-16T14:33:43+00:00,cex_triangle,ETH:USDT-BTC-ETH-USDT,ETH,USDT->BTC->ETH->USDT,Binance,0.361992,-37.609103,NO,9992.33,"{""extra_buffer_bps"":8.0,""fee_bps_per_leg"":10.0,""top_of_book_only"":true}"
2026-09-16T14:33:43+00:00,cex_triangle,ETH:USDT-ETH-BTC-USDT,ETH,USDT->ETH->BTC->USDT,Binance,-3.569496,-41.528809,NO,49497.64,"{""extra_buffer_bps"":8.0,""fee_bps_per_leg"":10.0,""top_of_book_only"":true}"
2026-09-16T14:33:43+00:00,cex_triangle,SOL:USDT-BTC-SOL-USDT,SOL,USDT->BTC->SOL->USDT,Binance,-1.015625,-38.982591,NO,1674.68,"{""extra_buffer_bps"":8.0,""fee_bps_per_leg"":10.0,""top_of_book_only"":true}"
2026-09-16T14:33:43+00:00,cex_triangle,SOL:USDT-SOL-BTC-USDT,SOL,USDT->SOL->BTC->USDT,Binance,-0.795775,-38.763400,NO,1086.44,"{""extra_buffer_bps"":8.0,""fee_bps_per_leg"":10.0,""top_of_book_only"":true}"
2026-09-16T14:33:43+00:00,stable_dislocation,USDC:Binance,USDC,above peg,Binance,6.850000,6.850000,NO,843623.27,"{""mid"":1.000685,""note"":""Peg deviation is a research signal; redemption, venue and issuer risks matter."",""signed_deviation_bps"":6.850000000000467,""watch_threshold_bps"":10.0}"
2026-09-16T14:33:43+00:00,stable_dislocation_error,USDC:Bybit:error,USDC,n/a,Bybit,0.000000,-9999.000000,NO,,"{""error"":""HTTP Error 403: Forbidden""}"
2026-09-16T14:33:43+00:00,stable_dislocation,FDUSD:Binance,FDUSD,below peg,Binance,12.500000,12.500000,YES,36582.38,"{""mid"":0.99875,""note"":""Peg deviation is a research signal; redemption, venue and issuer risks matter."",""signed_deviation_bps"":-12.499999999999734,""watch_threshold_bps"":10.0}"
2026-09-16T14:33:43+00:00,stable_dislocation_error,FDUSD:Bybit:error,FDUSD,n/a,Bybit,0.000000,-9999.000000,NO,,"{""error"":""HTTP Error 403: Forbidden""}"
2026-09-16T15:14:27+00:00,cex_triangle,ETH:USDT-BTC-ETH-USDT,ETH,USDT->BTC->ETH->USDT,Binance,-1.940039,-39.904235,NO,6011.31,"{""extra_buffer_bps"":8.0,""fee_bps_per_leg"":10.0,""top_of_book_only"":true}"
2026-09-16T15:14:27+00:00,cex_triangle,ETH:USDT-ETH-BTC-USDT,ETH,USDT->ETH->BTC->USDT,Binance,-1.266833,-39.233046,NO,35258.20,"{""extra_buffer_bps"":8.0,""fee_bps_per_leg"":10.0,""top_of_book_only"":true}"
2026-09-16T15:14:27+00:00,cex_triangle,SOL:USDT-BTC-SOL-USDT,SOL,USDT->BTC->SOL->USDT,Binance,-2.941455,-40.902649,NO,1062.90,"{""extra_buffer_bps"":8.0,""fee_bps_per_leg"":10.0,""top_of_book_only"":true}"
2026-09-16T15:14:27+00:00,cex_triangle,SOL:USDT-SOL-BTC-USDT,SOL,USDT->SOL->BTC->USDT,Binance,1.134120,-36.839289,NO,1348.69,"{""extra_buffer_bps"":8.0,""fee_bps_per_leg"":10.0,""top_of_book_only"":true}"
2026-09-16T15:14:27+00:00,stable_dislocation,USDC:Binance,USDC,above peg,Binance,5.850000,5.850000,NO,1724148.65,"{""mid"":1.000585,""note"":""Peg deviation is a research signal; redemption, venue and issuer risks matter."",""signed_deviation_bps"":5.850000000000577,""watch_threshold_bps"":10.0}"
2026-09-16T15:14:27+00:00,stable_dislocation_error,USDC:Bybit:error,USDC,n/a,Bybit,0.000000,-9999.000000,NO,,"{""error"":""HTTP Error 403: Forbidden""}"
2026-09-16T15:14:27+00:00,stable_dislocation,FDUSD:Binance,FDUSD,below peg,Binance,12.500000,12.500000,YES,73752.00,"{""mid"":0.99875,""note"":""Peg deviation is a research signal; redemption, venue and issuer risks matter."",""signed_deviation_bps"":-12.499999999999734,""watch_threshold_bps"":10.0}"
2026-09-16T15:14:27+00:00,stable_dislocation_error,FDUSD:Bybit:error,FDUSD,n/a,Bybit,0.000000,-9999.000000,NO,,"{""error"":""HTTP Error 403: Forbidden""}"
2026-09-16T18:09:14+00:00,cex_triangle,ETH:USDT-BTC-ETH-USDT,ETH,USDT->BTC->ETH->USDT,Binance,-8.260961,-46.206212,NO,31153.65,"{""extra_buffer_bps"":8.0,""fee_bps_per_leg"":10.0,""top_of_book_only"":true}"
2026-09-16T18:09:14+00:00,cex_triangle,ETH:USDT-ETH-BTC-USDT,ETH,USDT->ETH->BTC->USDT,Binance,5.070921,-32.914286,NO,26806.28,"{""extra_buffer_bps"":8.0,""fee_bps_per_leg"":10.0,""top_of_book_only"":true}"
2026-09-16T18:09:14+00:00,cex_triangle,SOL:USDT-BTC-SOL-USDT,SOL,USDT->BTC->SOL->USDT,Binance,-5.980768,-43.932854,NO,826.05,"{""extra_buffer_bps"":8.0,""fee_bps_per_leg"":10.0,""top_of_book_only"":true}"
2026-09-16T18:09:14+00:00,cex_triangle,SOL:USDT-SOL-BTC-USDT,SOL,USDT->SOL->BTC->USDT,Binance,4.196034,-33.786551,NO,1104.23,"{""extra_buffer_bps"":8.0,""fee_bps_per_leg"":10.0,""top_of_book_only"":true}"
2026-09-16T18:09:14+00:00,stable_dislocation,USDC:Binance,USDC,above peg,Binance,7.650000,7.650000,NO,589592.64,"{""mid"":1.000765,""note"":""Peg deviation is a research signal; redemption, venue and issuer risks matter."",""signed_deviation_bps"":7.6499999999990465,""watch_threshold_bps"":10.0}"
2026-09-16T18:09:14+00:00,stable_dislocation_error,USDC:Bybit:error,USDC,n/a,Bybit,0.000000,-9999.000000,NO,,"{""error"":""HTTP Error 403: Forbidden""}"
2026-09-16T18:09:14+00:00,stable_dislocation,FDUSD:Binance,FDUSD,below peg,Binance,12.500000,12.500000,YES,9618.44,"{""mid"":0.99875,""note"":""Peg deviation is a research signal; redemption, venue and issuer risks matter."",""signed_deviation_bps"":-12.499999999999734,""watch_threshold_bps"":10.0}"
2026-09-16T18:09:14+00:00,stable_dislocation_error,FDUSD:Bybit:error,FDUSD,n/a,Bybit,0.000000,-9999.000000,NO,,"{""error"":""HTTP Error 403: Forbidden""}"
2026-09-16T18:33:24+00:00,cex_triangle,ETH:USDT-BTC-ETH-USDT,ETH,USDT->BTC->ETH->USDT,Binance,10.496449,-27.505019,NO,11657.24,"{""extra_buffer_bps"":8.0,""fee_bps_per_leg"":10.0,""top_of_book_only"":true}"
2026-09-16T18:33:24+00:00,cex_triangle,ETH:USDT-ETH-BTC-USDT,ETH,USDT->ETH->BTC->USDT,Binance,-13.672627,-51.601660,NO,17630.90,"{""extra_buffer_bps"":8.0,""fee_bps_per_leg"":10.0,""top_of_book_only"":true}"
2026-09-16T18:33:24+00:00,cex_triangle,SOL:USDT-BTC-SOL-USDT,SOL,USDT->BTC->SOL->USDT,Binance,7.563058,-30.429618,NO,1151.76,"{""extra_buffer_bps"":8.0,""fee_bps_per_leg"":10.0,""top_of_book_only"":true}"
2026-09-16T18:33:24+00:00,cex_triangle,SOL:USDT-SOL-BTC-USDT,SOL,USDT->SOL->BTC->USDT,Binance,-9.354403,-47.296378,NO,1093.60,"{""extra_buffer_bps"":8.0,""fee_bps_per_leg"":10.0,""top_of_book_only"":true}"
2026-09-16T18:33:24+00:00,stable_dislocation,USDC:Binance,USDC,above peg,Binance,7.750000,7.750000,NO,1046552.23,"{""mid"":1.000775,""note"":""Peg deviation is a research signal; redemption, venue and issuer risks matter."",""signed_deviation_bps"":7.749999999999702,""watch_threshold_bps"":10.0}"
2026-09-16T18:33:24+00:00,stable_dislocation_error,USDC:Bybit:error,USDC,n/a,Bybit,0.000000,-9999.000000,NO,,"{""error"":""HTTP Error 403: Forbidden""}"
2026-09-16T18:33:24+00:00,stable_dislocation,FDUSD:Binance,FDUSD,below peg,Binance,12.500000,12.500000,YES,112583.45,"{""mid"":0.99875,""note"":""Peg deviation is a research signal; redemption, venue and issuer risks matter."",""signed_deviation_bps"":-12.499999999999734,""watch_threshold_bps"":10.0}"
2026-09-16T18:33:24+00:00,stable_dislocation_error,FDUSD:Bybit:error,FDUSD,n/a,Bybit,0.000000,-9999.000000,NO,,"{""error"":""HTTP Error 403: Forbidden""}"
2026-09-16T19:00:54+00:00,cex_triangle,ETH:USDT-BTC-ETH-USDT,ETH,USDT->BTC->ETH->USDT,Binance,20.443903,-17.587378,NO,19698.27,"{""extra_buffer_bps"":8.0,""fee_bps_per_leg"":10.0,""top_of_book_only"":true}"
2026-09-16T19:00:54+00:00,cex_triangle,ETH:USDT-ETH-BTC-USDT,ETH,USDT->ETH->BTC->USDT,Binance,-23.589000,-61.488314,NO,20615.78,"{""extra_buffer_bps"":8.0,""fee_bps_per_leg"":10.0,""top_of_book_only"":true}"
2026-09-16T19:00:54+00:00,cex_triangle,SOL:USDT-BTC-SOL-USDT,SOL,USDT->BTC->SOL->USDT,Binance,19.626415,-18.402416,NO,1415.08,"{""extra_buffer_bps"":8.0,""fee_bps_per_leg"":10.0,""top_of_book_only"":true}"
2026-09-16T19:00:54+00:00,cex_triangle,SOL:USDT-SOL-BTC-USDT,SOL,USDT->SOL->BTC->USDT,Binance,-21.372810,-59.278766,NO,1282.80,"{""extra_buffer_bps"":8.0,""fee_bps_per_leg"":10.0,""top_of_book_only"":true}"
2026-09-16T19:00:54+00:00,stable_dislocation,USDC:Binance,USDC,above peg,Binance,8.450000,8.450000,NO,514047.44,"{""mid"":1.000845,""note"":""Peg deviation is a research signal; redemption, venue and issuer risks matter."",""signed_deviation_bps"":8.449999999999847,""watch_threshold_bps"":10.0}"
2026-09-16T19:00:54+00:00,stable_dislocation_error,USDC:Bybit:error,USDC,n/a,Bybit,0.000000,-9999.000000,NO,,"{""error"":""HTTP Error 403: Forbidden""}"
2026-09-16T19:00:54+00:00,stable_dislocation,FDUSD:Binance,FDUSD,below peg,Binance,12.500000,12.500000,YES,2168.18,"{""mid"":0.99875,""note"":""Peg deviation is a research signal; redemption, venue and issuer risks matter."",""signed_deviation_bps"":-12.499999999999734,""watch_threshold_bps"":10.0}"
2026-09-16T19:00:54+00:00,stable_dislocation_error,FDUSD:Bybit:error,FDUSD,n/a,Bybit,0.000000,-9999.000000,NO,,"{""error"":""HTTP Error 403: Forbidden""}"
2026-09-16T21:47:59+00:00,cex_triangle,ETH:USDT-BTC-ETH-USDT,ETH,USDT->BTC->ETH->USDT,Binance,-0.510223,-38.478704,NO,7000.43,"{""extra_buffer_bps"":8.0,""fee_bps_per_leg"":10.0,""top_of_book_only"":true}"
2026-09-16T21:47:59+00:00,cex_triangle,ETH:USDT-ETH-BTC-USDT,ETH,USDT->ETH->BTC->USDT,Binance,-2.693379,-40.655316,NO,31.73,"{""extra_buffer_bps"":8.0,""fee_bps_per_leg"":10.0,""top_of_book_only"":true}"
2026-09-16T21:47:59+00:00,cex_triangle,SOL:USDT-BTC-SOL-USDT,SOL,USDT->BTC->SOL->USDT,Binance,-1.671620,-39.636620,NO,1519.17,"{""extra_buffer_bps"":8.0,""fee_bps_per_leg"":10.0,""top_of_book_only"":true}"
2026-09-16T21:47:59+00:00,cex_triangle,SOL:USDT-SOL-BTC-USDT,SOL,USDT->SOL->BTC->USDT,Binance,-0.119892,-38.089543,NO,294.84,"{""extra_buffer_bps"":8.0,""fee_bps_per_leg"":10.0,""top_of_book_only"":true}"
2026-09-16T21:47:59+00:00,stable_dislocation,USDC:Binance,USDC,above peg,Binance,6.850000,6.850000,NO,221877.77,"{""mid"":1.000685,""note"":""Peg deviation is a research signal; redemption, venue and issuer risks matter."",""signed_deviation_bps"":6.850000000000467,""watch_threshold_bps"":10.0}"
2026-09-16T21:47:59+00:00,stable_dislocation_error,USDC:Bybit:error,USDC,n/a,Bybit,0.000000,-9999.000000,NO,,"{""error"":""HTTP Error 403: Forbidden""}"
2026-09-16T21:47:59+00:00,stable_dislocation,FDUSD:Binance,FDUSD,below peg,Binance,14.500000,14.500000,YES,175423.06,"{""mid"":0.99855,""note"":""Peg deviation is a research signal; redemption, venue and issuer risks matter."",""signed_deviation_bps"":-14.499999999999513,""watch_threshold_bps"":10.0}"
2026-09-16T21:47:59+00:00,stable_dislocation_error,FDUSD:Bybit:error,FDUSD,n/a,Bybit,0.000000,-9999.000000,NO,,"{""error"":""HTTP Error 403: Forbidden""}"
2026-09-16T21:57:52+00:00,cex_triangle,ETH:USDT-BTC-ETH-USDT,ETH,USDT->BTC->ETH->USDT,Binance,0.372587,-37.598539,NO,14834.79,"{""extra_buffer_bps"":8.0,""fee_bps_per_leg"":10.0,""top_of_book_only"":true}"
2026-09-16T21:57:52+00:00,cex_triangle,ETH:USDT-ETH-BTC-USDT,ETH,USDT->ETH->BTC->USDT,Binance,-3.573878,-41.533177,NO,62254.28,"{""extra_buffer_bps"":8.0,""fee_bps_per_leg"":10.0,""top_of_book_only"":true}"
2026-09-16T21:57:52+00:00,cex_triangle,SOL:USDT-BTC-SOL-USDT,SOL,USDT->BTC->SOL->USDT,Binance,-0.064740,-38.034556,NO,1336.78,"{""extra_buffer_bps"":8.0,""fee_bps_per_leg"":10.0,""top_of_book_only"":true}"
2026-09-16T21:57:52+00:00,cex_triangle,SOL:USDT-SOL-BTC-USDT,SOL,USDT->SOL->BTC->USDT,Binance,-1.723505,-39.688350,NO,295.44,"{""extra_buffer_bps"":8.0,""fee_bps_per_leg"":10.0,""top_of_book_only"":true}"
2026-09-16T21:57:52+00:00,stable_dislocation,USDC:Binance,USDC,above peg,Binance,6.150000,6.150000,NO,489412.25,"{""mid"":1.000615,""note"":""Peg deviation is a research signal; redemption, venue and issuer risks matter."",""signed_deviation_bps"":6.150000000000322,""watch_threshold_bps"":10.0}"
2026-09-16T21:57:52+00:00,stable_dislocation_error,USDC:Bybit:error,USDC,n/a,Bybit,0.000000,-9999.000000,NO,,"{""error"":""HTTP Error 403: Forbidden""}"
2026-09-16T21:57:52+00:00,stable_dislocation,FDUSD:Binance,FDUSD,below peg,Binance,14.500000,14.500000,YES,161698.30,"{""mid"":0.99855,""note"":""Peg deviation is a research signal; redemption, venue and issuer risks matter."",""signed_deviation_bps"":-14.499999999999513,""watch_threshold_bps"":10.0}"
2026-09-16T21:57:52+00:00,stable_dislocation_error,FDUSD:Bybit:error,FDUSD,n/a,Bybit,0.000000,-9999.000000,NO,,"{""error"":""HTTP Error 403: Forbidden""}"
2026-09-16T22:14:15+00:00,cex_triangle,ETH:USDT-BTC-ETH-USDT,ETH,USDT->BTC->ETH->USDT,Binance,0.731682,-37.240521,NO,35510.81,"{""extra_buffer_bps"":8.0,""fee_bps_per_leg"":10.0,""top_of_book_only"":true}"
2026-09-16T22:14:15+00:00,cex_triangle,ETH:USDT-ETH-BTC-USDT,ETH,USDT->ETH->BTC->USDT,Binance,-3.937953,-41.896161,NO,72722.83,"{""extra_buffer_bps"":8.0,""fee_bps_per_leg"":10.0,""top_of_book_only"":true}"
2026-09-16T22:14:15+00:00,cex_triangle,SOL:USDT-BTC-SOL-USDT,SOL,USDT->BTC->SOL->USDT,Binance,1.682315,-36.292737,NO,1198.88,"{""extra_buffer_bps"":8.0,""fee_bps_per_leg"":10.0,""top_of_book_only"":true}"
2026-09-16T22:14:15+00:00,cex_triangle,SOL:USDT-SOL-BTC-USDT,SOL,USDT->SOL->BTC->USDT,Binance,-3.476403,-41.435995,NO,2997.99,"{""extra_buffer_bps"":8.0,""fee_bps_per_leg"":10.0,""top_of_book_only"":true}"
2026-09-16T22:14:15+00:00,stable_dislocation,USDC:Binance,USDC,above peg,Binance,6.150000,6.150000,NO,1820106.77,"{""mid"":1.000615,""note"":""Peg deviation is a research signal; redemption, venue and issuer risks matter."",""signed_deviation_bps"":6.150000000000322,""watch_threshold_bps"":10.0}"
2026-09-16T22:14:15+00:00,stable_dislocation_error,USDC:Bybit:error,USDC,n/a,Bybit,0.000000,-9999.000000,NO,,"{""error"":""HTTP Error 403: Forbidden""}"
2026-09-16T22:14:15+00:00,stable_dislocation,FDUSD:Binance,FDUSD,below peg,Binance,14.500000,14.500000,YES,337109.58,"{""mid"":0.99855,""note"":""Peg deviation is a research signal; redemption, venue and issuer risks matter."",""signed_deviation_bps"":-14.499999999999513,""watch_threshold_bps"":10.0}"
2026-09-16T22:14:15+00:00,stable_dislocation_error,FDUSD:Bybit:error,FDUSD,n/a,Bybit,0.000000,-9999.000000,NO,,"{""error"":""HTTP Error 403: Forbidden""}"
2026-09-17T00:03:29+00:00,cex_triangle,ETH:USDT-BTC-ETH-USDT,ETH,USDT->BTC->ETH->USDT,Binance,-0.933641,-38.900853,NO,71778.20,"{""extra_buffer_bps"":8.0,""fee_bps_per_leg"":10.0,""top_of_book_only"":true}"
2026-09-17T00:03:29+00:00,cex_triangle,ETH:USDT-ETH-BTC-USDT,ETH,USDT->ETH->BTC->USDT,Binance,-2.262810,-40.226038,NO,28812.22,"{""extra_buffer_bps"":8.0,""fee_bps_per_leg"":10.0,""top_of_book_only"":true}"
2026-09-17T00:03:29+00:00,cex_triangle,SOL:USDT-BTC-SOL-USDT,SOL,USDT->BTC->SOL->USDT,Binance,-0.351185,-38.320143,NO,3746.31,"{""extra_buffer_bps"":8.0,""fee_bps_per_leg"":10.0,""top_of_book_only"":true}"
2026-09-17T00:03:29+00:00,cex_triangle,SOL:USDT-SOL-BTC-USDT,SOL,USDT->SOL->BTC->USDT,Binance,-1.438403,-39.404102,NO,197.89,"{""extra_buffer_bps"":8.0,""fee_bps_per_leg"":10.0,""top_of_book_only"":true}"
2026-09-17T00:03:29+00:00,stable_dislocation,USDC:Binance,USDC,above peg,Binance,6.550000,6.550000,NO,4670573.55,"{""mid"":1.000655,""note"":""Peg deviation is a research signal; redemption, venue and issuer risks matter."",""signed_deviation_bps"":6.550000000000722,""watch_threshold_bps"":10.0}"
2026-09-17T00:03:29+00:00,stable_dislocation_error,USDC:Bybit:error,USDC,n/a,Bybit,0.000000,-9999.000000,NO,,"{""error"":""HTTP Error 403: Forbidden""}"
2026-09-17T00:03:29+00:00,stable_dislocation,FDUSD:Binance,FDUSD,below peg,Binance,13.500000,13.500000,YES,17871.94,"{""mid"":0.99865,""note"":""Peg deviation is a research signal; redemption, venue and issuer risks matter."",""signed_deviation_bps"":-13.499999999999623,""watch_threshold_bps"":10.0}"
2026-09-17T00:03:29+00:00,stable_dislocation_error,FDUSD:Bybit:error,FDUSD,n/a,Bybit,0.000000,-9999.000000,NO,,"{""error"":""HTTP Error 403: Forbidden""}"
2026-09-17T00:19:16+00:00,cex_triangle,ETH:USDT-BTC-ETH-USDT,ETH,USDT->BTC->ETH->USDT,Binance,4.168142,-33.814360,NO,603.28,"{""extra_buffer_bps"":8.0,""fee_bps_per_leg"":10.0,""top_of_book_only"":true}"
2026-09-17T00:19:16+00:00,cex_triangle,ETH:USDT-ETH-BTC-USDT,ETH,USDT->ETH->BTC->USDT,Binance,-7.359186,-45.307141,NO,70396.87,"{""extra_buffer_bps"":8.0,""fee_bps_per_leg"":10.0,""top_of_book_only"":true}"
2026-09-17T00:19:16+00:00,cex_triangle,SOL:USDT-BTC-SOL-USDT,SOL,USDT->BTC->SOL->USDT,Binance,3.118853,-34.860504,NO,1178.25,"{""extra_buffer_bps"":8.0,""fee_bps_per_leg"":10.0,""top_of_book_only"":true}"
2026-09-17T00:19:16+00:00,cex_triangle,SOL:USDT-SOL-BTC-USDT,SOL,USDT->SOL->BTC->USDT,Binance,-4.899607,-42.854933,NO,1926.42,"{""extra_buffer_bps"":8.0,""fee_bps_per_leg"":10.0,""top_of_book_only"":true}"
2026-09-17T00:19:16+00:00,stable_dislocation,USDC:Binance,USDC,above peg,Binance,6.550000,6.550000,NO,8941018.89,"{""mid"":1.000655,""note"":""Peg deviation is a research signal; redemption, venue and issuer risks matter."",""signed_deviation_bps"":6.550000000000722,""watch_threshold_bps"":10.0}"
2026-09-17T00:19:16+00:00,stable_dislocation_error,USDC:Bybit:error,USDC,n/a,Bybit,0.000000,-9999.000000,NO,,"{""error"":""HTTP Error 403: Forbidden""}"
2026-09-17T00:19:16+00:00,stable_dislocation,FDUSD:Binance,FDUSD,below peg,Binance,13.500000,13.500000,YES,143569.12,"{""mid"":0.99865,""note"":""Peg deviation is a research signal; redemption, venue and issuer risks matter."",""signed_deviation_bps"":-13.499999999999623,""watch_threshold_bps"":10.0}"
2026-09-17T00:19:16+00:00,stable_dislocation_error,FDUSD:Bybit:error,FDUSD,n/a,Bybit,0.000000,-9999.000000,NO,,"{""error"":""HTTP Error 403: Forbidden""}"
2026-09-17T00:26:02+00:00,cex_triangle,ETH:USDT-BTC-ETH-USDT,ETH,USDT->BTC->ETH->USDT,Binance,-4.621955,-42.578113,NO,35089.34,"{""extra_buffer_bps"":8.0,""fee_bps_per_leg"":10.0,""top_of_book_only"":true}"
2026-09-17T00:26:02+00:00,cex_triangle,ETH:USDT-ETH-BTC-USDT,ETH,USDT->ETH->BTC->USDT,Binance,1.427481,-36.546807,NO,79454.20,"{""extra_buffer_bps"":8.0,""fee_bps_per_leg"":10.0,""top_of_book_only"":true}"
2026-09-17T00:26:02+00:00,cex_triangle,SOL:USDT-BTC-SOL-USDT,SOL,USDT->BTC->SOL->USDT,Binance,-7.394306,-45.342155,NO,3338.86,"{""extra_buffer_bps"":8.0,""fee_bps_per_leg"":10.0,""top_of_book_only"":true}"
2026-09-17T00:26:02+00:00,cex_triangle,SOL:USDT-SOL-BTC-USDT,SOL,USDT->SOL->BTC->USDT,Binance,5.614637,-32.372200,NO,1263.59,"{""extra_buffer_bps"":8.0,""fee_bps_per_leg"":10.0,""top_of_book_only"":true}"
2026-09-17T00:26:02+00:00,stable_dislocation,USDC:Binance,USDC,above peg,Binance,6.550000,6.550000,NO,7471239.15,"{""mid"":1.000655,""note"":""Peg deviation is a research signal; redemption, venue and issuer risks matter."",""signed_deviation_bps"":6.550000000000722,""watch_threshold_bps"":10.0}"
2026-09-17T00:26:02+00:00,stable_dislocation_error,USDC:Bybit:error,USDC,n/a,Bybit,0.000000,-9999.000000,NO,,"{""error"":""HTTP Error 403: Forbidden""}"
2026-09-17T00:26:02+00:00,stable_dislocation,FDUSD:Binance,FDUSD,below peg,Binance,13.500000,13.500000,YES,82484.63,"{""mid"":0.99865,""note"":""Peg deviation is a research signal; redemption, venue and issuer risks matter."",""signed_deviation_bps"":-13.499999999999623,""watch_threshold_bps"":10.0}"
2026-09-17T00:26:02+00:00,stable_dislocation_error,FDUSD:Bybit:error,FDUSD,n/a,Bybit,0.000000,-9999.000000,NO,,"{""error"":""HTTP Error 403: Forbidden""}"
2026-09-17T00:48:04+00:00,cex_triangle,ETH:USDT-BTC-ETH-USDT,ETH,USDT->BTC->ETH->USDT,Binance,-2.819096,-40.780657,NO,42498.95,"{""extra_buffer_bps"":8.0,""fee_bps_per_leg"":10.0,""top_of_book_only"":true}"
2026-09-17T00:48:04+00:00,cex_triangle,ETH:USDT-ETH-BTC-USDT,ETH,USDT->ETH->BTC->USDT,Binance,-0.376175,-38.345058,NO,29251.82,"{""extra_buffer_bps"":8.0,""fee_bps_per_leg"":10.0,""top_of_book_only"":true}"
2026-09-17T00:48:04+00:00,cex_triangle,SOL:USDT-BTC-SOL-USDT,SOL,USDT->BTC->SOL->USDT,Binance,-2.630743,-40.592869,NO,1488.04,"{""extra_buffer_bps"":8.0,""fee_bps_per_leg"":10.0,""top_of_book_only"":true}"
2026-09-17T00:48:04+00:00,cex_triangle,SOL:USDT-SOL-BTC-USDT,SOL,USDT->SOL->BTC->USDT,Binance,0.845866,-37.126679,NO,2839.06,"{""extra_buffer_bps"":8.0,""fee_bps_per_leg"":10.0,""top_of_book_only"":true}"
2026-09-17T00:48:04+00:00,stable_dislocation,USDC:Binance,USDC,above peg,Binance,6.650000,6.650000,NO,1178326.95,"{""mid"":1.0006650000000001,""note"":""Peg deviation is a research signal; redemption, venue and issuer risks matter."",""signed_deviation_bps"":6.650000000001377,""watch_threshold_bps"":10.0}"
2026-09-17T00:48:04+00:00,stable_dislocation_error,USDC:Bybit:error,USDC,n/a,Bybit,0.000000,-9999.000000,NO,,"{""error"":""HTTP Error 403: Forbidden""}"
2026-09-17T00:48:04+00:00,stable_dislocation,FDUSD:Binance,FDUSD,below peg,Binance,12.500000,12.500000,YES,136842.87,"{""mid"":0.99875,""note"":""Peg deviation is a research signal; redemption, venue and issuer risks matter."",""signed_deviation_bps"":-12.499999999999734,""watch_threshold_bps"":10.0}"
2026-09-17T00:48:04+00:00,stable_dislocation_error,FDUSD:Bybit:error,FDUSD,n/a,Bybit,0.000000,-9999.000000,NO,,"{""error"":""HTTP Error 403: Forbidden""}"
2026-09-17T04:53:39+00:00,cex_triangle,ETH:USDT-BTC-ETH-USDT,ETH,USDT->BTC->ETH->USDT,Binance,-2.458451,-40.421093,NO,87534.54,"{""extra_buffer_bps"":8.0,""fee_bps_per_leg"":10.0,""top_of_book_only"":true}"
2026-09-17T04:53:39+00:00,cex_triangle,ETH:USDT-ETH-BTC-USDT,ETH,USDT->ETH->BTC->USDT,Binance,-0.719810,-38.687662,NO,1449.14,"{""extra_buffer_bps"":8.0,""fee_bps_per_leg"":10.0,""top_of_book_only"":true}"
2026-09-17T04:53:39+00:00,cex_triangle,SOL:USDT-BTC-SOL-USDT,SOL,USDT->BTC->SOL->USDT,Binance,-2.643303,-40.605391,NO,1462.64,"{""extra_buffer_bps"":8.0,""fee_bps_per_leg"":10.0,""top_of_book_only"":true}"
2026-09-17T04:53:39+00:00,cex_triangle,SOL:USDT-SOL-BTC-USDT,SOL,USDT->SOL->BTC->USDT,Binance,0.872305,-37.100319,NO,1348.01,"{""extra_buffer_bps"":8.0,""fee_bps_per_leg"":10.0,""top_of_book_only"":true}"
2026-09-17T04:53:39+00:00,stable_dislocation,USDC:Binance,USDC,above peg,Binance,8.050000,8.050000,NO,375.30,"{""mid"":1.000805,""note"":""Peg deviation is a research signal; redemption, venue and issuer risks matter."",""signed_deviation_bps"":8.049999999999446,""watch_threshold_bps"":10.0}"
2026-09-17T04:53:39+00:00,stable_dislocation_error,USDC:Bybit:error,USDC,n/a,Bybit,0.000000,-9999.000000,NO,,"{""error"":""HTTP Error 403: Forbidden""}"
2026-09-17T04:53:39+00:00,stable_dislocation,FDUSD:Binance,FDUSD,below peg,Binance,12.500000,12.500000,YES,166910.73,"{""mid"":0.99875,""note"":""Peg deviation is a research signal; redemption, venue and issuer risks matter."",""signed_deviation_bps"":-12.499999999999734,""watch_threshold_bps"":10.0}"
2026-09-17T04:53:39+00:00,stable_dislocation_error,FDUSD:Bybit:error,FDUSD,n/a,Bybit,0.000000,-9999.000000,NO,,"{""error"":""HTTP Error 403: Forbidden""}"
2026-09-17T05:07:36+00:00,cex_triangle,ETH:USDT-BTC-ETH-USDT,ETH,USDT->BTC->ETH->USDT,Binance,0.555115,-37.416558,NO,21752.56,"{""extra_buffer_bps"":8.0,""fee_bps_per_leg"":10.0,""top_of_book_only"":true}"
2026-09-17T05:07:36+00:00,cex_triangle,ETH:USDT-ETH-BTC-USDT,ETH,USDT->ETH->BTC->USDT,Binance,-3.728996,-41.687830,NO,38.84,"{""extra_buffer_bps"":8.0,""fee_bps_per_leg"":10.0,""top_of_book_only"":true}"
2026-09-17T05:07:36+00:00,cex_triangle,SOL:USDT-BTC-SOL-USDT,SOL,USDT->BTC->SOL->USDT,Binance,1.653362,-36.321603,NO,1274.11,"{""extra_buffer_bps"":8.0,""fee_bps_per_leg"":10.0,""top_of_book_only"":true}"
2026-09-17T05:07:36+00:00,cex_triangle,SOL:USDT-SOL-BTC-USDT,SOL,USDT->SOL->BTC->USDT,Binance,-3.422667,-41.382419,NO,2757.40,"{""extra_buffer_bps"":8.0,""fee_bps_per_leg"":10.0,""top_of_book_only"":true}"
2026-09-17T05:07:36+00:00,stable_dislocation,USDC:Binance,USDC,above peg,Binance,8.250000,8.250000,NO,951118.28,"{""mid"":1.000825,""note"":""Peg deviation is a research signal; redemption, venue and issuer risks matter."",""signed_deviation_bps"":8.250000000000757,""watch_threshold_bps"":10.0}"
2026-09-17T05:07:36+00:00,stable_dislocation_error,USDC:Bybit:error,USDC,n/a,Bybit,0.000000,-9999.000000,NO,,"{""error"":""HTTP Error 403: Forbidden""}"
2026-09-17T05:07:36+00:00,stable_dislocation,FDUSD:Binance,FDUSD,below peg,Binance,12.500000,12.500000,YES,62716.36,"{""mid"":0.99875,""note"":""Peg deviation is a research signal; redemption, venue and issuer risks matter."",""signed_deviation_bps"":-12.499999999999734,""watch_threshold_bps"":10.0}"
2026-09-17T05:07:36+00:00,stable_dislocation_error,FDUSD:Bybit:error,FDUSD,n/a,Bybit,0.000000,-9999.000000,NO,,"{""error"":""HTTP Error 403: Forbidden""}"
2026-09-17T05:41:31+00:00,cex_triangle,ETH:USDT-BTC-ETH-USDT,ETH,USDT->BTC->ETH->USDT,Binance,-5.538109,-43.491522,NO,38977.42,"{""extra_buffer_bps"":8.0,""fee_bps_per_leg"":10.0,""top_of_book_only"":true}"
2026-09-17T05:41:31+00:00,cex_triangle,ETH:USDT-ETH-BTC-USDT,ETH,USDT->ETH->BTC->USDT,Binance,2.366227,-35.610875,NO,18883.32,"{""extra_buffer_bps"":8.0,""fee_bps_per_leg"":10.0,""top_of_book_only"":true}"
2026-09-17T05:41:31+00:00,cex_triangle,SOL:USDT-BTC-SOL-USDT,SOL,USDT->BTC->SOL->USDT,Binance,-0.880172,-38.847544,NO,983.04,"{""extra_buffer_bps"":8.0,""fee_bps_per_leg"":10.0,""top_of_book_only"":true}"
2026-09-17T05:41:31+00:00,cex_triangle,SOL:USDT-SOL-BTC-USDT,SOL,USDT->SOL->BTC->USDT,Binance,-0.891791,-38.859129,NO,4130.20,"{""extra_buffer_bps"":8.0,""fee_bps_per_leg"":10.0,""top_of_book_only"":true}"
2026-09-17T05:41:31+00:00,stable_dislocation,USDC:Binance,USDC,above peg,Binance,8.550000,8.550000,NO,1457392.28,"{""mid"":1.000855,""note"":""Peg deviation is a research signal; redemption, venue and issuer risks matter."",""signed_deviation_bps"":8.550000000000502,""watch_threshold_bps"":10.0}"
2026-09-17T05:41:31+00:00,stable_dislocation_error,USDC:Bybit:error,USDC,n/a,Bybit,0.000000,-9999.000000,NO,,"{""error"":""HTTP Error 403: Forbidden""}"
2026-09-17T05:41:31+00:00,stable_dislocation,FDUSD:Binance,FDUSD,below peg,Binance,12.500000,12.500000,YES,3369.61,"{""mid"":0.99875,""note"":""Peg deviation is a research signal; redemption, venue and issuer risks matter."",""signed_deviation_bps"":-12.499999999999734,""watch_threshold_bps"":10.0}"
2026-09-17T05:41:31+00:00,stable_dislocation_error,FDUSD:Bybit:error,FDUSD,n/a,Bybit,0.000000,-9999.000000,NO,,"{""error"":""HTTP Error 403: Forbidden""}"
2026-09-17T06:03:14+00:00,cex_triangle,ETH:USDT-BTC-ETH-USDT,ETH,USDT->BTC->ETH->USDT,Binance,-0.581465,-38.549732,NO,61451.19,"{""extra_buffer_bps"":8.0,""fee_bps_per_leg"":10.0,""top_of_book_only"":true}"
2026-09-17T06:03:14+00:00,cex_triangle,ETH:USDT-ETH-BTC-USDT,ETH,USDT->ETH->BTC->USDT,Binance,-2.591861,-40.554103,NO,28509.34,"{""extra_buffer_bps"":8.0,""fee_bps_per_leg"":10.0,""top_of_book_only"":true}"
2026-09-17T06:03:14+00:00,cex_triangle,SOL:USDT-BTC-SOL-USDT,SOL,USDT->BTC->SOL->USDT,Binance,0.971580,-37.001342,NO,3156.23,"{""extra_buffer_bps"":8.0,""fee_bps_per_leg"":10.0,""top_of_book_only"":true}"
2026-09-17T06:03:14+00:00,cex_triangle,SOL:USDT-SOL-BTC-USDT,SOL,USDT->SOL->BTC->USDT,Binance,-2.742938,-40.704727,NO,298.83,"{""extra_buffer_bps"":8.0,""fee_bps_per_leg"":10.0,""top_of_book_only"":true}"
2026-09-17T06:03:14+00:00,stable_dislocation,USDC:Binance,USDC,above peg,Binance,8.350000,8.350000,NO,2330163.69,"{""mid"":1.000835,""note"":""Peg deviation is a research signal; redemption, venue and issuer risks matter."",""signed_deviation_bps"":8.349999999999191,""watch_threshold_bps"":10.0}"
2026-09-17T06:03:14+00:00,stable_dislocation_error,USDC:Bybit:error,USDC,n/a,Bybit,0.000000,-9999.000000,NO,,"{""error"":""HTTP Error 403: Forbidden""}"
2026-09-17T06:03:14+00:00,stable_dislocation,FDUSD:Binance,FDUSD,below peg,Binance,13.500000,13.500000,YES,19257.93,"{""mid"":0.99865,""note"":""Peg deviation is a research signal; redemption, venue and issuer risks matter."",""signed_deviation_bps"":-13.499999999999623,""watch_threshold_bps"":10.0}"
2026-09-17T06:03:14+00:00,stable_dislocation_error,FDUSD:Bybit:error,FDUSD,n/a,Bybit,0.000000,-9999.000000,NO,,"{""error"":""HTTP Error 403: Forbidden""}"
2026-09-17T09:50:23+00:00,cex_triangle,ETH:USDT-BTC-ETH-USDT,ETH,USDT->BTC->ETH->USDT,Binance,0.759951,-37.212336,NO,47491.67,"{""extra_buffer_bps"":8.0,""fee_bps_per_leg"":10.0,""top_of_book_only"":true}"
2026-09-17T09:50:23+00:00,cex_triangle,ETH:USDT-ETH-BTC-USDT,ETH,USDT->ETH->BTC->USDT,Binance,-3.938678,-41.896884,NO,7379.30,"{""extra_buffer_bps"":8.0,""fee_bps_per_leg"":10.0,""top_of_book_only"":true}"
2026-09-17T09:50:23+00:00,cex_triangle,SOL:USDT-BTC-SOL-USDT,SOL,USDT->BTC->SOL->USDT,Binance,-0.479707,-38.448279,NO,1501.75,"{""extra_buffer_bps"":8.0,""fee_bps_per_leg"":10.0,""top_of_book_only"":true}"
2026-09-17T09:50:23+00:00,cex_triangle,SOL:USDT-SOL-BTC-USDT,SOL,USDT->SOL->BTC->USDT,Binance,-1.278927,-39.245104,NO,1217.37,"{""extra_buffer_bps"":8.0,""fee_bps_per_leg"":10.0,""top_of_book_only"":true}"
2026-09-17T09:50:23+00:00,stable_dislocation,USDC:Binance,USDC,above peg,Binance,7.450000,7.450000,NO,1250707.84,"{""mid"":1.000745,""note"":""Peg deviation is a research signal; redemption, venue and issuer risks matter."",""signed_deviation_bps"":7.449999999999957,""watch_threshold_bps"":10.0}"
2026-09-17T09:50:23+00:00,stable_dislocation_error,USDC:Bybit:error,USDC,n/a,Bybit,0.000000,-9999.000000,NO,,"{""error"":""HTTP Error 403: Forbidden""}"
2026-09-17T09:50:23+00:00,stable_dislocation,FDUSD:Binance,FDUSD,below peg,Binance,12.500000,12.500000,YES,43810.36,"{""mid"":0.99875,""note"":""Peg deviation is a research signal; redemption, venue and issuer risks matter."",""signed_deviation_bps"":-12.499999999999734,""watch_threshold_bps"":10.0}"
2026-09-17T09:50:23+00:00,stable_dislocation_error,FDUSD:Bybit:error,FDUSD,n/a,Bybit,0.000000,-9999.000000,NO,,"{""error"":""HTTP Error 403: Forbidden""}"
2026-09-17T09:59:56+00:00,cex_triangle,ETH:USDT-BTC-ETH-USDT,ETH,USDT->BTC->ETH->USDT,Binance,-1.602058,-39.567267,NO,48941.48,"{""extra_buffer_bps"":8.0,""fee_bps_per_leg"":10.0,""top_of_book_only"":true}"
2026-09-17T09:59:56+00:00,cex_triangle,ETH:USDT-ETH-BTC-USDT,ETH,USDT->ETH->BTC->USDT,Binance,-1.575286,-39.540575,NO,595.35,"{""extra_buffer_bps"":8.0,""fee_bps_per_leg"":10.0,""top_of_book_only"":true}"
2026-09-17T09:59:56+00:00,cex_triangle,SOL:USDT-BTC-SOL-USDT,SOL,USDT->BTC->SOL->USDT,Binance,-0.958961,-38.926097,NO,2044.79,"{""extra_buffer_bps"":8.0,""fee_bps_per_leg"":10.0,""top_of_book_only"":true}"
2026-09-17T09:59:56+00:00,cex_triangle,SOL:USDT-SOL-BTC-USDT,SOL,USDT->SOL->BTC->USDT,Binance,-0.802630,-38.770234,NO,1024.45,"{""extra_buffer_bps"":8.0,""fee_bps_per_leg"":10.0,""top_of_book_only"":true}"
2026-09-17T09:59:56+00:00,stable_dislocation,USDC:Binance,USDC,above peg,Binance,7.450000,7.450000,NO,1061877.81,"{""mid"":1.000745,""note"":""Peg deviation is a research signal; redemption, venue and issuer risks matter."",""signed_deviation_bps"":7.449999999999957,""watch_threshold_bps"":10.0}"
2026-09-17T09:59:56+00:00,stable_dislocation_error,USDC:Bybit:error,USDC,n/a,Bybit,0.000000,-9999.000000,NO,,"{""error"":""HTTP Error 403: Forbidden""}"
2026-09-17T09:59:56+00:00,stable_dislocation,FDUSD:Binance,FDUSD,below peg,Binance,12.500000,12.500000,YES,52607.79,"{""mid"":0.99875,""note"":""Peg deviation is a research signal; redemption, venue and issuer risks matter."",""signed_deviation_bps"":-12.499999999999734,""watch_threshold_bps"":10.0}"
2026-09-17T09:59:56+00:00,stable_dislocation_error,FDUSD:Bybit:error,FDUSD,n/a,Bybit,0.000000,-9999.000000,NO,,"{""error"":""HTTP Error 403: Forbidden""}"
2026-09-17T10:33:00+00:00,cex_triangle,ETH:USDT-BTC-ETH-USDT,ETH,USDT->BTC->ETH->USDT,Binance,-3.447232,-41.406911,NO,24876.75,"{""extra_buffer_bps"":8.0,""fee_bps_per_leg"":10.0,""top_of_book_only"":true}"
2026-09-17T10:33:00+00:00,cex_triangle,ETH:USDT-ETH-BTC-USDT,ETH,USDT->ETH->BTC->USDT,Binance,0.268156,-37.702658,NO,22603.31,"{""extra_buffer_bps"":8.0,""fee_bps_per_leg"":10.0,""top_of_book_only"":true}"
2026-09-17T10:33:00+00:00,cex_triangle,SOL:USDT-BTC-SOL-USDT,SOL,USDT->BTC->SOL->USDT,Binance,-2.444321,-40.407005,NO,1508.09,"{""extra_buffer_bps"":8.0,""fee_bps_per_leg"":10.0,""top_of_book_only"":true}"
2026-09-17T10:33:00+00:00,cex_triangle,SOL:USDT-SOL-BTC-USDT,SOL,USDT->SOL->BTC->USDT,Binance,0.675476,-37.296558,NO,2217.80,"{""extra_buffer_bps"":8.0,""fee_bps_per_leg"":10.0,""top_of_book_only"":true}"
2026-09-17T10:33:00+00:00,stable_dislocation,USDC:Binance,USDC,above peg,Binance,8.050000,8.050000,NO,814129.91,"{""mid"":1.000805,""note"":""Peg deviation is a research signal; redemption, venue and issuer risks matter."",""signed_deviation_bps"":8.049999999999446,""watch_threshold_bps"":10.0}"
2026-09-17T10:33:00+00:00,stable_dislocation_error,USDC:Bybit:error,USDC,n/a,Bybit,0.000000,-9999.000000,NO,,"{""error"":""HTTP Error 403: Forbidden""}"
2026-09-17T10:33:00+00:00,stable_dislocation,FDUSD:Binance,FDUSD,below peg,Binance,12.500000,12.500000,YES,208390.74,"{""mid"":0.99875,""note"":""Peg deviation is a research signal; redemption, venue and issuer risks matter."",""signed_deviation_bps"":-12.499999999999734,""watch_threshold_bps"":10.0}"
2026-09-17T10:33:00+00:00,stable_dislocation_error,FDUSD:Bybit:error,FDUSD,n/a,Bybit,0.000000,-9999.000000,NO,,"{""error"":""HTTP Error 403: Forbidden""}"
2026-09-17T11:34:12+00:00,cex_triangle,ETH:USDT-BTC-ETH-USDT,ETH,USDT->BTC->ETH->USDT,Binance,-3.068164,-41.028979,NO,1154.53,"{""extra_buffer_bps"":8.0,""fee_bps_per_leg"":10.0,""top_of_book_only"":true}"
2026-09-17T11:34:12+00:00,cex_triangle,ETH:USDT-ETH-BTC-USDT,ETH,USDT->ETH->BTC->USDT,Binance,-0.109053,-38.078736,NO,49335.32,"{""extra_buffer_bps"":8.0,""fee_bps_per_leg"":10.0,""top_of_book_only"":true}"
2026-09-17T11:34:12+00:00,cex_triangle,SOL:USDT-BTC-SOL-USDT,SOL,USDT->BTC->SOL->USDT,Binance,-2.692061,-40.654003,NO,4839.86,"{""extra_buffer_bps"":8.0,""fee_bps_per_leg"":10.0,""top_of_book_only"":true}"
2026-09-17T11:34:12+00:00,cex_triangle,SOL:USDT-SOL-BTC-USDT,SOL,USDT->SOL->BTC->USDT,Binance,0.925240,-37.047543,NO,654.98,"{""extra_buffer_bps"":8.0,""fee_bps_per_leg"":10.0,""top_of_book_only"":true}"
2026-09-17T11:34:12+00:00,stable_dislocation,USDC:Binance,USDC,above peg,Binance,8.050000,8.050000,NO,3279947.61,"{""mid"":1.000805,""note"":""Peg deviation is a research signal; redemption, venue and issuer risks matter."",""signed_deviation_bps"":8.049999999999446,""watch_threshold_bps"":10.0}"
2026-09-17T11:34:12+00:00,stable_dislocation_error,USDC:Bybit:error,USDC,n/a,Bybit,0.000000,-9999.000000,NO,,"{""error"":""HTTP Error 403: Forbidden""}"
2026-09-17T11:34:12+00:00,stable_dislocation,FDUSD:Binance,FDUSD,below peg,Binance,14.500000,14.500000,YES,183777.35,"{""mid"":0.99855,""note"":""Peg deviation is a research signal; redemption, venue and issuer risks matter."",""signed_deviation_bps"":-14.499999999999513,""watch_threshold_bps"":10.0}"
2026-09-17T11:34:12+00:00,stable_dislocation_error,FDUSD:Bybit:error,FDUSD,n/a,Bybit,0.000000,-9999.000000,NO,,"{""error"":""HTTP Error 403: Forbidden""}"
2026-09-17T13:14:58+00:00,cex_triangle,ETH:USDT-BTC-ETH-USDT,ETH,USDT->BTC->ETH->USDT,Binance,-4.343409,-42.300402,NO,21518.85,"{""extra_buffer_bps"":8.0,""fee_bps_per_leg"":10.0,""top_of_book_only"":true}"
2026-09-17T13:14:58+00:00,cex_triangle,ETH:USDT-ETH-BTC-USDT,ETH,USDT->ETH->BTC->USDT,Binance,1.182774,-36.790781,NO,42187.88,"{""extra_buffer_bps"":8.0,""fee_bps_per_leg"":10.0,""top_of_book_only"":true}"
2026-09-17T13:14:58+00:00,cex_triangle,SOL:USDT-BTC-SOL-USDT,SOL,USDT->BTC->SOL->USDT,Binance,-3.085529,-41.046291,NO,1449.15,"{""extra_buffer_bps"":8.0,""fee_bps_per_leg"":10.0,""top_of_book_only"":true}"
2026-09-17T13:14:58+00:00,cex_triangle,SOL:USDT-SOL-BTC-USDT,SOL,USDT->SOL->BTC->USDT,Binance,1.327240,-36.646748,NO,527.22,"{""extra_buffer_bps"":8.0,""fee_bps_per_leg"":10.0,""top_of_book_only"":true}"
2026-09-17T13:14:58+00:00,stable_dislocation,USDC:Binance,USDC,above peg,Binance,7.250000,7.250000,NO,3985329.17,"{""mid"":1.000725,""note"":""Peg deviation is a research signal; redemption, venue and issuer risks matter."",""signed_deviation_bps"":7.250000000000867,""watch_threshold_bps"":10.0}"
2026-09-17T13:14:58+00:00,stable_dislocation_error,USDC:Bybit:error,USDC,n/a,Bybit,0.000000,-9999.000000,NO,,"{""error"":""HTTP Error 403: Forbidden""}"
2026-09-17T13:14:58+00:00,stable_dislocation,FDUSD:Binance,FDUSD,below peg,Binance,14.500000,14.500000,YES,17558.62,"{""mid"":0.99855,""note"":""Peg deviation is a research signal; redemption, venue and issuer risks matter."",""signed_deviation_bps"":-14.499999999999513,""watch_threshold_bps"":10.0}"
2026-09-17T13:14:58+00:00,stable_dislocation_error,FDUSD:Bybit:error,FDUSD,n/a,Bybit,0.000000,-9999.000000,NO,,"{""error"":""HTTP Error 403: Forbidden""}"
2026-09-17T14:21:56+00:00,cex_triangle,ETH:USDT-BTC-ETH-USDT,ETH,USDT->BTC->ETH->USDT,Binance,-1.975509,-39.939598,NO,29586.70,"{""extra_buffer_bps"":8.0,""fee_bps_per_leg"":10.0,""top_of_book_only"":true}"
2026-09-17T14:21:56+00:00,cex_triangle,ETH:USDT-ETH-BTC-USDT,ETH,USDT->ETH->BTC->USDT,Binance,-1.171013,-39.137513,NO,7035.45,"{""extra_buffer_bps"":8.0,""fee_bps_per_leg"":10.0,""top_of_book_only"":true}"
2026-09-17T14:21:56+00:00,cex_triangle,SOL:USDT-BTC-SOL-USDT,SOL,USDT->BTC->SOL->USDT,Binance,-1.332443,-39.298460,NO,108.62,"{""extra_buffer_bps"":8.0,""fee_bps_per_leg"":10.0,""top_of_book_only"":true}"
2026-09-17T14:21:56+00:00,cex_triangle,SOL:USDT-SOL-BTC-USDT,SOL,USDT->SOL->BTC->USDT,Binance,-0.413101,-38.381873,NO,612.82,"{""extra_buffer_bps"":8.0,""fee_bps_per_leg"":10.0,""top_of_book_only"":true}"
2026-09-17T14:21:56+00:00,stable_dislocation,USDC:Binance,USDC,above peg,Binance,7.750000,7.750000,NO,2186574.20,"{""mid"":1.000775,""note"":""Peg deviation is a research signal; redemption, venue and issuer risks matter."",""signed_deviation_bps"":7.749999999999702,""watch_threshold_bps"":10.0}"
2026-09-17T14:21:56+00:00,stable_dislocation_error,USDC:Bybit:error,USDC,n/a,Bybit,0.000000,-9999.000000,NO,,"{""error"":""HTTP Error 403: Forbidden""}"
2026-09-17T14:21:56+00:00,stable_dislocation,FDUSD:Binance,FDUSD,below peg,Binance,15.500000,15.500000,YES,68460.16,"{""mid"":0.9984500000000001,""note"":""Peg deviation is a research signal; redemption, venue and issuer risks matter."",""signed_deviation_bps"":-15.499999999999403,""watch_threshold_bps"":10.0}"
2026-09-17T14:21:56+00:00,stable_dislocation_error,FDUSD:Bybit:error,FDUSD,n/a,Bybit,0.000000,-9999.000000,NO,,"{""error"":""HTTP Error 403: Forbidden""}"
2026-09-17T15:00:42+00:00,cex_triangle,ETH:USDT-BTC-ETH-USDT,ETH,USDT->BTC->ETH->USDT,Binance,-3.959024,-41.917169,NO,42656.78,"{""extra_buffer_bps"":8.0,""fee_bps_per_leg"":10.0,""top_of_book_only"":true}"
2026-09-17T15:00:42+00:00,cex_triangle,ETH:USDT-ETH-BTC-USDT,ETH,USDT->ETH->BTC->USDT,Binance,0.809861,-37.162576,NO,63272.94,"{""extra_buffer_bps"":8.0,""fee_bps_per_leg"":10.0,""top_of_book_only"":true}"
2026-09-17T15:00:42+00:00,cex_triangle,SOL:USDT-BTC-SOL-USDT,SOL,USDT->BTC->SOL->USDT,Binance,-2.260116,-40.223353,NO,191.70,"{""extra_buffer_bps"":8.0,""fee_bps_per_leg"":10.0,""top_of_book_only"":true}"
2026-09-17T15:00:42+00:00,cex_triangle,SOL:USDT-SOL-BTC-USDT,SOL,USDT->SOL->BTC->USDT,Binance,0.511971,-37.459573,NO,1223.68,"{""extra_buffer_bps"":8.0,""fee_bps_per_leg"":10.0,""top_of_book_only"":true}"
2026-09-17T15:00:42+00:00,stable_dislocation,USDC:Binance,USDC,above peg,Binance,8.050000,8.050000,NO,804307.96,"{""mid"":1.000805,""note"":""Peg deviation is a research signal; redemption, venue and issuer risks matter."",""signed_deviation_bps"":8.049999999999446,""watch_threshold_bps"":10.0}"
2026-09-17T15:00:42+00:00,stable_dislocation_error,USDC:Bybit:error,USDC,n/a,Bybit,0.000000,-9999.000000,NO,,"{""error"":""HTTP Error 403: Forbidden""}"
2026-09-17T15:00:42+00:00,stable_dislocation,FDUSD:Binance,FDUSD,below peg,Binance,14.500000,14.500000,YES,77380.75,"{""mid"":0.99855,""note"":""Peg deviation is a research signal; redemption, venue and issuer risks matter."",""signed_deviation_bps"":-14.499999999999513,""watch_threshold_bps"":10.0}"
2026-09-17T15:00:42+00:00,stable_dislocation_error,FDUSD:Bybit:error,FDUSD,n/a,Bybit,0.000000,-9999.000000,NO,,"{""error"":""HTTP Error 403: Forbidden""}"
2026-09-17T15:26:58+00:00,cex_triangle,ETH:USDT-BTC-ETH-USDT,ETH,USDT->BTC->ETH->USDT,Binance,0.317541,-37.653421,NO,267.58,"{""extra_buffer_bps"":8.0,""fee_bps_per_leg"":10.0,""top_of_book_only"":true}"
2026-09-17T15:26:58+00:00,cex_triangle,ETH:USDT-ETH-BTC-USDT,ETH,USDT->ETH->BTC->USDT,Binance,-3.473794,-41.433393,NO,42460.41,"{""extra_buffer_bps"":8.0,""fee_bps_per_leg"":10.0,""top_of_book_only"":true}"
2026-09-17T15:26:58+00:00,cex_triangle,SOL:USDT-BTC-SOL-USDT,SOL,USDT->BTC->SOL->USDT,Binance,-0.693323,-38.661256,NO,194.44,"{""extra_buffer_bps"":8.0,""fee_bps_per_leg"":10.0,""top_of_book_only"":true}"
2026-09-17T15:26:58+00:00,cex_triangle,SOL:USDT-SOL-BTC-USDT,SOL,USDT->SOL->BTC->USDT,Binance,-1.066707,-39.033520,NO,1215.19,"{""extra_buffer_bps"":8.0,""fee_bps_per_leg"":10.0,""top_of_book_only"":true}"
2026-09-17T15:26:58+00:00,stable_dislocation,USDC:Binance,USDC,above peg,Binance,7.950000,7.950000,NO,1144155.17,"{""mid"":1.000795,""note"":""Peg deviation is a research signal; redemption, venue and issuer risks matter."",""signed_deviation_bps"":7.950000000001012,""watch_threshold_bps"":10.0}"
2026-09-17T15:26:58+00:00,stable_dislocation_error,USDC:Bybit:error,USDC,n/a,Bybit,0.000000,-9999.000000,NO,,"{""error"":""HTTP Error 403: Forbidden""}"
2026-09-17T15:26:58+00:00,stable_dislocation,FDUSD:Binance,FDUSD,below peg,Binance,14.500000,14.500000,YES,4624.05,"{""mid"":0.99855,""note"":""Peg deviation is a research signal; redemption, venue and issuer risks matter."",""signed_deviation_bps"":-14.499999999999513,""watch_threshold_bps"":10.0}"
2026-09-17T15:26:58+00:00,stable_dislocation_error,FDUSD:Bybit:error,FDUSD,n/a,Bybit,0.000000,-9999.000000,NO,,"{""error"":""HTTP Error 403: Forbidden""}"
2026-09-17T16:52:43+00:00,cex_triangle,ETH:USDT-BTC-ETH-USDT,ETH,USDT->BTC->ETH->USDT,Binance,-2.643337,-40.605425,NO,29893.45,"{""extra_buffer_bps"":8.0,""fee_bps_per_leg"":10.0,""top_of_book_only"":true}"
2026-09-17T16:52:43+00:00,cex_triangle,ETH:USDT-ETH-BTC-USDT,ETH,USDT->ETH->BTC->USDT,Binance,-0.509101,-38.477585,NO,28551.92,"{""extra_buffer_bps"":8.0,""fee_bps_per_leg"":10.0,""top_of_book_only"":true}"
2026-09-17T16:52:43+00:00,cex_triangle,SOL:USDT-BTC-SOL-USDT,SOL,USDT->BTC->SOL->USDT,Binance,-0.075151,-38.044936,NO,1274.38,"{""extra_buffer_bps"":8.0,""fee_bps_per_leg"":10.0,""top_of_book_only"":true}"
2026-09-17T16:52:43+00:00,cex_triangle,SOL:USDT-SOL-BTC-USDT,SOL,USDT->SOL->BTC->USDT,Binance,-1.674621,-39.639613,NO,1268.61,"{""extra_buffer_bps"":8.0,""fee_bps_per_leg"":10.0,""top_of_book_only"":true}"
2026-09-17T16:52:43+00:00,stable_dislocation,USDC:Binance,USDC,above peg,Binance,7.150000,7.150000,NO,3742285.51,"{""mid"":1.000715,""note"":""Peg deviation is a research signal; redemption, venue and issuer risks matter."",""signed_deviation_bps"":7.150000000000212,""watch_threshold_bps"":10.0}"
2026-09-17T16:52:43+00:00,stable_dislocation_error,USDC:Bybit:error,USDC,n/a,Bybit,0.000000,-9999.000000,NO,,"{""error"":""HTTP Error 403: Forbidden""}"
2026-09-17T16:52:43+00:00,stable_dislocation,FDUSD:Binance,FDUSD,below peg,Binance,13.500000,13.500000,YES,158443.76,"{""mid"":0.99865,""note"":""Peg deviation is a research signal; redemption, venue and issuer risks matter."",""signed_deviation_bps"":-13.499999999999623,""watch_threshold_bps"":10.0}"
2026-09-17T16:52:43+00:00,stable_dislocation_error,FDUSD:Bybit:error,FDUSD,n/a,Bybit,0.000000,-9999.000000,NO,,"{""error"":""HTTP Error 403: Forbidden""}"
2026-09-17T18:39:43+00:00,cex_triangle,ETH:USDT-BTC-ETH-USDT,ETH,USDT->BTC->ETH->USDT,Binance,-4.303677,-42.260789,NO,56812.56,"{""extra_buffer_bps"":8.0,""fee_bps_per_leg"":10.0,""top_of_book_only"":true}"
2026-09-17T18:39:43+00:00,cex_triangle,ETH:USDT-ETH-BTC-USDT,ETH,USDT->ETH->BTC->USDT,Binance,1.141942,-36.831490,NO,2227.03,"{""extra_buffer_bps"":8.0,""fee_bps_per_leg"":10.0,""top_of_book_only"":true}"
2026-09-17T18:39:43+00:00,cex_triangle,SOL:USDT-BTC-SOL-USDT,SOL,USDT->BTC->SOL->USDT,Binance,-2.726528,-40.688366,NO,1272.57,"{""extra_buffer_bps"":8.0,""fee_bps_per_leg"":10.0,""top_of_book_only"":true}"
2026-09-17T18:39:43+00:00,cex_triangle,SOL:USDT-SOL-BTC-USDT,SOL,USDT->SOL->BTC->USDT,Binance,0.975824,-36.997111,NO,772.51,"{""extra_buffer_bps"":8.0,""fee_bps_per_leg"":10.0,""top_of_book_only"":true}"
2026-09-17T18:39:43+00:00,stable_dislocation,USDC:Binance,USDC,above peg,Binance,7.250000,7.250000,NO,1046981.28,"{""mid"":1.000725,""note"":""Peg deviation is a research signal; redemption, venue and issuer risks matter."",""signed_deviation_bps"":7.250000000000867,""watch_threshold_bps"":10.0}"
2026-09-17T18:39:43+00:00,stable_dislocation_error,USDC:Bybit:error,USDC,n/a,Bybit,0.000000,-9999.000000,NO,,"{""error"":""HTTP Error 403: Forbidden""}"
2026-09-17T18:39:43+00:00,stable_dislocation,FDUSD:Binance,FDUSD,below peg,Binance,10.500000,10.500000,YES,78185.74,"{""mid"":0.99895,""note"":""Peg deviation is a research signal; redemption, venue and issuer risks matter."",""signed_deviation_bps"":-10.499999999999954,""watch_threshold_bps"":10.0}"
2026-09-17T18:39:43+00:00,stable_dislocation_error,FDUSD:Bybit:error,FDUSD,n/a,Bybit,0.000000,-9999.000000,NO,,"{""error"":""HTTP Error 403: Forbidden""}"
2026-09-17T19:02:28+00:00,cex_triangle,ETH:USDT-BTC-ETH-USDT,ETH,USDT->BTC->ETH->USDT,Binance,-3.286824,-41.246983,NO,50684.29,"{""extra_buffer_bps"":8.0,""fee_bps_per_leg"":10.0,""top_of_book_only"":true}"
2026-09-17T19:02:28+00:00,cex_triangle,ETH:USDT-ETH-BTC-USDT,ETH,USDT->ETH->BTC->USDT,Binance,0.124696,-37.845688,NO,2254.13,"{""extra_buffer_bps"":8.0,""fee_bps_per_leg"":10.0,""top_of_book_only"":true}"
2026-09-17T19:02:28+00:00,cex_triangle,SOL:USDT-BTC-SOL-USDT,SOL,USDT->BTC->SOL->USDT,Binance,0.229344,-37.741353,NO,1222.31,"{""extra_buffer_bps"":8.0,""fee_bps_per_leg"":10.0,""top_of_book_only"":true}"
2026-09-17T19:02:28+00:00,cex_triangle,SOL:USDT-SOL-BTC-USDT,SOL,USDT->SOL->BTC->USDT,Binance,-1.981107,-39.945180,NO,1833.31,"{""extra_buffer_bps"":8.0,""fee_bps_per_leg"":10.0,""top_of_book_only"":true}"
2026-09-17T19:02:28+00:00,stable_dislocation,USDC:Binance,USDC,above peg,Binance,7.150000,7.150000,NO,2974452.06,"{""mid"":1.000715,""note"":""Peg deviation is a research signal; redemption, venue and issuer risks matter."",""signed_deviation_bps"":7.150000000000212,""watch_threshold_bps"":10.0}"
2026-09-17T19:02:28+00:00,stable_dislocation_error,USDC:Bybit:error,USDC,n/a,Bybit,0.000000,-9999.000000,NO,,"{""error"":""HTTP Error 403: Forbidden""}"
2026-09-17T19:02:28+00:00,stable_dislocation,FDUSD:Binance,FDUSD,below peg,Binance,10.500000,10.500000,YES,87507.64,"{""mid"":0.99895,""note"":""Peg deviation is a research signal; redemption, venue and issuer risks matter."",""signed_deviation_bps"":-10.499999999999954,""watch_threshold_bps"":10.0}"
2026-09-17T19:02:28+00:00,stable_dislocation_error,FDUSD:Bybit:error,FDUSD,n/a,Bybit,0.000000,-9999.000000,NO,,"{""error"":""HTTP Error 403: Forbidden""}"
2026-09-17T19:16:00+00:00,cex_triangle,ETH:USDT-BTC-ETH-USDT,ETH,USDT->BTC->ETH->USDT,Binance,-5.109485,-43.064182,NO,36.02,"{""extra_buffer_bps"":8.0,""fee_bps_per_leg"":10.0,""top_of_book_only"":true}"
2026-09-17T19:16:00+00:00,cex_triangle,ETH:USDT-ETH-BTC-USDT,ETH,USDT->ETH->BTC->USDT,Binance,1.946307,-36.029536,NO,68063.42,"{""extra_buffer_bps"":8.0,""fee_bps_per_leg"":10.0,""top_of_book_only"":true}"
2026-09-17T19:16:00+00:00,cex_triangle,SOL:USDT-BTC-SOL-USDT,SOL,USDT->BTC->SOL->USDT,Binance,-4.570595,-42.526906,NO,943.65,"{""extra_buffer_bps"":8.0,""fee_bps_per_leg"":10.0,""top_of_book_only"":true}"
2026-09-17T19:16:00+00:00,cex_triangle,SOL:USDT-SOL-BTC-USDT,SOL,USDT->SOL->BTC->USDT,Binance,2.818934,-35.159524,NO,1029.77,"{""extra_buffer_bps"":8.0,""fee_bps_per_leg"":10.0,""top_of_book_only"":true}"
2026-09-17T19:16:00+00:00,stable_dislocation,USDC:Binance,USDC,above peg,Binance,7.050000,7.050000,NO,1876728.53,"{""mid"":1.000705,""note"":""Peg deviation is a research signal; redemption, venue and issuer risks matter."",""signed_deviation_bps"":7.049999999999557,""watch_threshold_bps"":10.0}"
2026-09-17T19:16:00+00:00,stable_dislocation_error,USDC:Bybit:error,USDC,n/a,Bybit,0.000000,-9999.000000,NO,,"{""error"":""HTTP Error 403: Forbidden""}"
2026-09-17T19:16:00+00:00,stable_dislocation,FDUSD:Binance,FDUSD,below peg,Binance,10.500000,10.500000,YES,115731.56,"{""mid"":0.99895,""note"":""Peg deviation is a research signal; redemption, venue and issuer risks matter."",""signed_deviation_bps"":-10.499999999999954,""watch_threshold_bps"":10.0}"
2026-09-17T19:16:00+00:00,stable_dislocation_error,FDUSD:Bybit:error,FDUSD,n/a,Bybit,0.000000,-9999.000000,NO,,"{""error"":""HTTP Error 403: Forbidden""}"
2026-09-17T20:13:44+00:00,cex_triangle,ETH:USDT-BTC-ETH-USDT,ETH,USDT->BTC->ETH->USDT,Binance,-2.901709,-40.863023,NO,2065.69,"{""extra_buffer_bps"":8.0,""fee_bps_per_leg"":10.0,""top_of_book_only"":true}"
2026-09-17T20:13:44+00:00,cex_triangle,ETH:USDT-ETH-BTC-USDT,ETH,USDT->ETH->BTC->USDT,Binance,-0.263468,-38.232689,NO,23477.22,"{""extra_buffer_bps"":8.0,""fee_bps_per_leg"":10.0,""top_of_book_only"":true}"
2026-09-17T20:13:44+00:00,cex_triangle,SOL:USDT-BTC-SOL-USDT,SOL,USDT->BTC->SOL->USDT,Binance,-1.167807,-39.134317,NO,2310.84,"{""extra_buffer_bps"":8.0,""fee_bps_per_leg"":10.0,""top_of_book_only"":true}"
2026-09-17T20:13:44+00:00,cex_triangle,SOL:USDT-SOL-BTC-USDT,SOL,USDT->SOL->BTC->USDT,Binance,-0.578245,-38.546522,NO,192.13,"{""extra_buffer_bps"":8.0,""fee_bps_per_leg"":10.0,""top_of_book_only"":true}"
2026-09-17T20:13:44+00:00,stable_dislocation,USDC:Binance,USDC,above peg,Binance,6.150000,6.150000,NO,1618562.89,"{""mid"":1.000615,""note"":""Peg deviation is a research signal; redemption, venue and issuer risks matter."",""signed_deviation_bps"":6.150000000000322,""watch_threshold_bps"":10.0}"
2026-09-17T20:13:44+00:00,stable_dislocation_error,USDC:Bybit:error,USDC,n/a,Bybit,0.000000,-9999.000000,NO,,"{""error"":""HTTP Error 403: Forbidden""}"
2026-09-17T20:13:44+00:00,stable_dislocation,FDUSD:Binance,FDUSD,below peg,Binance,10.500000,10.500000,YES,7621.61,"{""mid"":0.99895,""note"":""Peg deviation is a research signal; redemption, venue and issuer risks matter."",""signed_deviation_bps"":-10.499999999999954,""watch_threshold_bps"":10.0}"
2026-09-17T20:13:44+00:00,stable_dislocation_error,FDUSD:Bybit:error,FDUSD,n/a,Bybit,0.000000,-9999.000000,NO,,"{""error"":""HTTP Error 403: Forbidden""}"
2026-09-17T21:50:12+00:00,cex_triangle,ETH:USDT-BTC-ETH-USDT,ETH,USDT->BTC->ETH->USDT,Binance,-2.357352,-40.320297,NO,10317.56,"{""extra_buffer_bps"":8.0,""fee_bps_per_leg"":10.0,""top_of_book_only"":true}"
2026-09-17T21:50:12+00:00,cex_triangle,ETH:USDT-ETH-BTC-USDT,ETH,USDT->ETH->BTC->USDT,Binance,-0.806047,-38.773642,NO,11011.40,"{""extra_buffer_bps"":8.0,""fee_bps_per_leg"":10.0,""top_of_book_only"":true}"
2026-09-17T21:50:12+00:00,cex_triangle,SOL:USDT-BTC-SOL-USDT,SOL,USDT->BTC->SOL->USDT,Binance,-1.173826,-39.140318,NO,834.54,"{""extra_buffer_bps"":8.0,""fee_bps_per_leg"":10.0,""top_of_book_only"":true}"
2026-09-17T21:50:12+00:00,cex_triangle,SOL:USDT-SOL-BTC-USDT,SOL,USDT->SOL->BTC->USDT,Binance,-0.570684,-38.538983,NO,145.16,"{""extra_buffer_bps"":8.0,""fee_bps_per_leg"":10.0,""top_of_book_only"":true}"
2026-09-17T21:50:12+00:00,stable_dislocation,USDC:Binance,USDC,above peg,Binance,6.050000,6.050000,NO,2756444.41,"{""mid"":1.000605,""note"":""Peg deviation is a research signal; redemption, venue and issuer risks matter."",""signed_deviation_bps"":6.049999999999667,""watch_threshold_bps"":10.0}"
2026-09-17T21:50:12+00:00,stable_dislocation_error,USDC:Bybit:error,USDC,n/a,Bybit,0.000000,-9999.000000,NO,,"{""error"":""HTTP Error 403: Forbidden""}"
2026-09-17T21:50:12+00:00,stable_dislocation,FDUSD:Binance,FDUSD,below peg,Binance,11.500000,11.500000,YES,104155.86,"{""mid"":0.99885,""note"":""Peg deviation is a research signal; redemption, venue and issuer risks matter."",""signed_deviation_bps"":-11.499999999999844,""watch_threshold_bps"":10.0}"
2026-09-17T21:50:12+00:00,stable_dislocation_error,FDUSD:Bybit:error,FDUSD,n/a,Bybit,0.000000,-9999.000000,NO,,"{""error"":""HTTP Error 403: Forbidden""}"
2026-09-17T22:09:48+00:00,cex_triangle,ETH:USDT-BTC-ETH-USDT,ETH,USDT->BTC->ETH->USDT,Binance,1.206909,-36.766718,NO,3049.36,"{""extra_buffer_bps"":8.0,""fee_bps_per_leg"":10.0,""top_of_book_only"":true}"
2026-09-17T22:09:48+00:00,cex_triangle,ETH:USDT-ETH-BTC-USDT,ETH,USDT->ETH->BTC->USDT,Binance,-4.372609,-42.329515,NO,41016.83,"{""extra_buffer_bps"":8.0,""fee_bps_per_leg"":10.0,""top_of_book_only"":true}"
2026-09-17T22:09:48+00:00,cex_triangle,SOL:USDT-BTC-SOL-USDT,SOL,USDT->BTC->SOL->USDT,Binance,1.149472,-36.823983,NO,988.35,"{""extra_buffer_bps"":8.0,""fee_bps_per_leg"":10.0,""top_of_book_only"":true}"
2026-09-17T22:09:48+00:00,cex_triangle,SOL:USDT-SOL-BTC-USDT,SOL,USDT->SOL->BTC->USDT,Binance,-2.895262,-40.856595,NO,2853.71,"{""extra_buffer_bps"":8.0,""fee_bps_per_leg"":10.0,""top_of_book_only"":true}"
2026-09-17T22:09:48+00:00,stable_dislocation,USDC:Binance,USDC,above peg,Binance,6.350000,6.350000,NO,603956.28,"{""mid"":1.000635,""note"":""Peg deviation is a research signal; redemption, venue and issuer risks matter."",""signed_deviation_bps"":6.349999999999412,""watch_threshold_bps"":10.0}"
2026-09-17T22:09:48+00:00,stable_dislocation_error,USDC:Bybit:error,USDC,n/a,Bybit,0.000000,-9999.000000,NO,,"{""error"":""HTTP Error 403: Forbidden""}"
2026-09-17T22:09:48+00:00,stable_dislocation,FDUSD:Binance,FDUSD,below peg,Binance,11.500000,11.500000,YES,23147.19,"{""mid"":0.99885,""note"":""Peg deviation is a research signal; redemption, venue and issuer risks matter."",""signed_deviation_bps"":-11.499999999999844,""watch_threshold_bps"":10.0}"
2026-09-17T22:09:48+00:00,stable_dislocation_error,FDUSD:Bybit:error,FDUSD,n/a,Bybit,0.000000,-9999.000000,NO,,"{""error"":""HTTP Error 403: Forbidden""}"
2026-09-17T22:25:34+00:00,cex_triangle,ETH:USDT-BTC-ETH-USDT,ETH,USDT->BTC->ETH->USDT,Binance,-0.871178,-38.838577,NO,37987.75,"{""extra_buffer_bps"":8.0,""fee_bps_per_leg"":10.0,""top_of_book_only"":true}"
2026-09-17T22:25:34+00:00,cex_triangle,ETH:USDT-ETH-BTC-USDT,ETH,USDT->ETH->BTC->USDT,Binance,-2.296293,-40.259421,NO,19858.67,"{""extra_buffer_bps"":8.0,""fee_bps_per_leg"":10.0,""top_of_book_only"":true}"
2026-09-17T22:25:34+00:00,cex_triangle,SOL:USDT-BTC-SOL-USDT,SOL,USDT->BTC->SOL->USDT,Binance,1.044616,-36.928525,NO,1090.69,"{""extra_buffer_bps"":8.0,""fee_bps_per_leg"":10.0,""top_of_book_only"":true}"
2026-09-17T22:25:34+00:00,cex_triangle,SOL:USDT-SOL-BTC-USDT,SOL,USDT->SOL->BTC->USDT,Binance,-2.790849,-40.752494,NO,4025.46,"{""extra_buffer_bps"":8.0,""fee_bps_per_leg"":10.0,""top_of_book_only"":true}"
2026-09-17T22:25:34+00:00,stable_dislocation,USDC:Binance,USDC,above peg,Binance,6.450000,6.450000,NO,2113234.71,"{""mid"":1.000645,""note"":""Peg deviation is a research signal; redemption, venue and issuer risks matter."",""signed_deviation_bps"":6.450000000000067,""watch_threshold_bps"":10.0}"
2026-09-17T22:25:34+00:00,stable_dislocation_error,USDC:Bybit:error,USDC,n/a,Bybit,0.000000,-9999.000000,NO,,"{""error"":""HTTP Error 403: Forbidden""}"
2026-09-17T22:25:34+00:00,stable_dislocation,FDUSD:Binance,FDUSD,below peg,Binance,11.500000,11.500000,YES,11187.56,"{""mid"":0.99885,""note"":""Peg deviation is a research signal; redemption, venue and issuer risks matter."",""signed_deviation_bps"":-11.499999999999844,""watch_threshold_bps"":10.0}"
2026-09-17T22:25:34+00:00,stable_dislocation_error,FDUSD:Bybit:error,FDUSD,n/a,Bybit,0.000000,-9999.000000,NO,,"{""error"":""HTTP Error 403: Forbidden""}"
2026-09-17T23:31:32+00:00,cex_triangle,ETH:USDT-BTC-ETH-USDT,ETH,USDT->BTC->ETH->USDT,Binance,-2.556266,-40.518614,NO,31795.06,"{""extra_buffer_bps"":8.0,""fee_bps_per_leg"":10.0,""top_of_book_only"":true}"
2026-09-17T23:31:32+00:00,cex_triangle,ETH:USDT-ETH-BTC-USDT,ETH,USDT->ETH->BTC->USDT,Binance,-0.608103,-38.576290,NO,49778.21,"{""extra_buffer_bps"":8.0,""fee_bps_per_leg"":10.0,""top_of_book_only"":true}"
2026-09-17T23:31:32+00:00,cex_triangle,SOL:USDT-BTC-SOL-USDT,SOL,USDT->BTC->SOL->USDT,Binance,-2.209120,-40.172509,NO,304.42,"{""extra_buffer_bps"":8.0,""fee_bps_per_leg"":10.0,""top_of_book_only"":true}"
2026-09-17T23:31:32+00:00,cex_triangle,SOL:USDT-SOL-BTC-USDT,SOL,USDT->SOL->BTC->USDT,Binance,0.468914,-37.502501,NO,3083.78,"{""extra_buffer_bps"":8.0,""fee_bps_per_leg"":10.0,""top_of_book_only"":true}"
2026-09-17T23:31:32+00:00,stable_dislocation,USDC:Binance,USDC,above peg,Binance,6.850000,6.850000,NO,3672681.73,"{""mid"":1.000685,""note"":""Peg deviation is a research signal; redemption, venue and issuer risks matter."",""signed_deviation_bps"":6.850000000000467,""watch_threshold_bps"":10.0}"
2026-09-17T23:31:32+00:00,stable_dislocation_error,USDC:Bybit:error,USDC,n/a,Bybit,0.000000,-9999.000000,NO,,"{""error"":""HTTP Error 403: Forbidden""}"
2026-09-17T23:31:32+00:00,stable_dislocation,FDUSD:Binance,FDUSD,below peg,Binance,12.500000,12.500000,YES,12337.18,"{""mid"":0.99875,""note"":""Peg deviation is a research signal; redemption, venue and issuer risks matter."",""signed_deviation_bps"":-12.499999999999734,""watch_threshold_bps"":10.0}"
2026-09-17T23:31:32+00:00,stable_dislocation_error,FDUSD:Bybit:error,FDUSD,n/a,Bybit,0.000000,-9999.000000,NO,,"{""error"":""HTTP Error 403: Forbidden""}"
2026-09-17T23:52:52+00:00,cex_triangle,ETH:USDT-BTC-ETH-USDT,ETH,USDT->BTC->ETH->USDT,Binance,-2.170294,-40.133799,NO,29756.91,"{""extra_buffer_bps"":8.0,""fee_bps_per_leg"":10.0,""top_of_book_only"":true}"
2026-09-17T23:52:52+00:00,cex_triangle,ETH:USDT-ETH-BTC-USDT,ETH,USDT->ETH->BTC->USDT,Binance,-0.993165,-38.960199,NO,53887.58,"{""extra_buffer_bps"":8.0,""fee_bps_per_leg"":10.0,""top_of_book_only"":true}"
2026-09-17T23:52:52+00:00,cex_triangle,SOL:USDT-BTC-SOL-USDT,SOL,USDT->BTC->SOL->USDT,Binance,-0.523398,-38.491839,NO,114.67,"{""extra_buffer_bps"":8.0,""fee_bps_per_leg"":10.0,""top_of_book_only"":true}"
2026-09-17T23:52:52+00:00,cex_triangle,SOL:USDT-SOL-BTC-USDT,SOL,USDT->SOL->BTC->USDT,Binance,-1.213338,-39.179712,NO,1665.23,"{""extra_buffer_bps"":8.0,""fee_bps_per_leg"":10.0,""top_of_book_only"":true}"
2026-09-17T23:52:52+00:00,stable_dislocation,USDC:Binance,USDC,above peg,Binance,6.950000,6.950000,NO,1093384.83,"{""mid"":1.000695,""note"":""Peg deviation is a research signal; redemption, venue and issuer risks matter."",""signed_deviation_bps"":6.9499999999989015,""watch_threshold_bps"":10.0}"
2026-09-17T23:52:52+00:00,stable_dislocation_error,USDC:Bybit:error,USDC,n/a,Bybit,0.000000,-9999.000000,NO,,"{""error"":""HTTP Error 403: Forbidden""}"
2026-09-17T23:52:52+00:00,stable_dislocation,FDUSD:Binance,FDUSD,below peg,Binance,12.500000,12.500000,YES,56268.40,"{""mid"":0.99875,""note"":""Peg deviation is a research signal; redemption, venue and issuer risks matter."",""signed_deviation_bps"":-12.499999999999734,""watch_threshold_bps"":10.0}"
2026-09-17T23:52:52+00:00,stable_dislocation_error,FDUSD:Bybit:error,FDUSD,n/a,Bybit,0.000000,-9999.000000,NO,,"{""error"":""HTTP Error 403: Forbidden""}"
2026-09-18T00:21:12+00:00,cex_triangle,ETH:USDT-BTC-ETH-USDT,ETH,USDT->BTC->ETH->USDT,Binance,-2.921686,-40.882940,NO,81603.28,"{""extra_buffer_bps"":8.0,""fee_bps_per_leg"":10.0,""top_of_book_only"":true}"
2026-09-18T00:21:12+00:00,cex_triangle,ETH:USDT-ETH-BTC-USDT,ETH,USDT->ETH->BTC->USDT,Binance,-0.248614,-38.217879,NO,22253.31,"{""extra_buffer_bps"":8.0,""fee_bps_per_leg"":10.0,""top_of_book_only"":true}"
2026-09-18T00:21:12+00:00,cex_triangle,SOL:USDT-BTC-SOL-USDT,SOL,USDT->BTC->SOL->USDT,Binance,-0.393187,-38.362018,NO,989.09,"{""extra_buffer_bps"":8.0,""fee_bps_per_leg"":10.0,""top_of_book_only"":true}"
2026-09-18T00:21:12+00:00,cex_triangle,SOL:USDT-SOL-BTC-USDT,SOL,USDT->SOL->BTC->USDT,Binance,-1.351434,-39.317393,NO,3180.34,"{""extra_buffer_bps"":8.0,""fee_bps_per_leg"":10.0,""top_of_book_only"":true}"
2026-09-18T00:21:12+00:00,stable_dislocation,USDC:Binance,USDC,above peg,Binance,6.750000,6.750000,NO,4313138.94,"{""mid"":1.000675,""note"":""Peg deviation is a research signal; redemption, venue and issuer risks matter."",""signed_deviation_bps"":6.749999999999812,""watch_threshold_bps"":10.0}"
2026-09-18T00:21:12+00:00,stable_dislocation_error,USDC:Bybit:error,USDC,n/a,Bybit,0.000000,-9999.000000,NO,,"{""error"":""HTTP Error 403: Forbidden""}"
2026-09-18T00:21:12+00:00,stable_dislocation,FDUSD:Binance,FDUSD,below peg,Binance,12.500000,12.500000,YES,47756.84,"{""mid"":0.99875,""note"":""Peg deviation is a research signal; redemption, venue and issuer risks matter."",""signed_deviation_bps"":-12.499999999999734,""watch_threshold_bps"":10.0}"
2026-09-18T00:21:12+00:00,stable_dislocation_error,FDUSD:Bybit:error,FDUSD,n/a,Bybit,0.000000,-9999.000000,NO,,"{""error"":""HTTP Error 403: Forbidden""}"
2026-09-18T00:39:02+00:00,cex_triangle,ETH:USDT-BTC-ETH-USDT,ETH,USDT->BTC->ETH->USDT,Binance,-3.524645,-41.484092,NO,33414.41,"{""extra_buffer_bps"":8.0,""fee_bps_per_leg"":10.0,""top_of_book_only"":true}"
2026-09-18T00:39:02+00:00,cex_triangle,ETH:USDT-ETH-BTC-USDT,ETH,USDT->ETH->BTC->USDT,Binance,0.354578,-37.616494,NO,3045.64,"{""extra_buffer_bps"":8.0,""fee_bps_per_leg"":10.0,""top_of_book_only"":true}"
2026-09-18T00:39:02+00:00,cex_triangle,SOL:USDT-BTC-SOL-USDT,SOL,USDT->BTC->SOL->USDT,Binance,-1.366020,-39.331936,NO,1960.93,"{""extra_buffer_bps"":8.0,""fee_bps_per_leg"":10.0,""top_of_book_only"":true}"
2026-09-18T00:39:02+00:00,cex_triangle,SOL:USDT-SOL-BTC-USDT,SOL,USDT->SOL->BTC->USDT,Binance,-0.378182,-38.347058,NO,989.64,"{""extra_buffer_bps"":8.0,""fee_bps_per_leg"":10.0,""top_of_book_only"":true}"
2026-09-18T00:39:02+00:00,stable_dislocation,USDC:Binance,USDC,above peg,Binance,6.850000,6.850000,NO,3950518.98,"{""mid"":1.000685,""note"":""Peg deviation is a research signal; redemption, venue and issuer risks matter."",""signed_deviation_bps"":6.850000000000467,""watch_threshold_bps"":10.0}"
2026-09-18T00:39:02+00:00,stable_dislocation_error,USDC:Bybit:error,USDC,n/a,Bybit,0.000000,-9999.000000,NO,,"{""error"":""HTTP Error 403: Forbidden""}"
2026-09-18T00:39:02+00:00,stable_dislocation,FDUSD:Binance,FDUSD,below peg,Binance,12.500000,12.500000,YES,32698.44,"{""mid"":0.99875,""note"":""Peg deviation is a research signal; redemption, venue and issuer risks matter."",""signed_deviation_bps"":-12.499999999999734,""watch_threshold_bps"":10.0}"
2026-09-18T00:39:02+00:00,stable_dislocation_error,FDUSD:Bybit:error,FDUSD,n/a,Bybit,0.000000,-9999.000000,NO,,"{""error"":""HTTP Error 403: Forbidden""}"
2026-09-18T01:44:33+00:00,cex_triangle,ETH:USDT-BTC-ETH-USDT,ETH,USDT->BTC->ETH->USDT,Binance,-5.461528,-43.415169,NO,42703.62,"{""extra_buffer_bps"":8.0,""fee_bps_per_leg"":10.0,""top_of_book_only"":true}"
2026-09-18T01:44:33+00:00,cex_triangle,ETH:USDT-ETH-BTC-USDT,ETH,USDT->ETH->BTC->USDT,Binance,2.298696,-35.678203,NO,30691.44,"{""extra_buffer_bps"":8.0,""fee_bps_per_leg"":10.0,""top_of_book_only"":true}"
2026-09-18T01:44:33+00:00,cex_triangle,SOL:USDT-BTC-SOL-USDT,SOL,USDT->BTC->SOL->USDT,Binance,-1.999713,-39.963730,NO,1246.37,"{""extra_buffer_bps"":8.0,""fee_bps_per_leg"":10.0,""top_of_book_only"":true}"
2026-09-18T01:44:33+00:00,cex_triangle,SOL:USDT-SOL-BTC-USDT,SOL,USDT->SOL->BTC->USDT,Binance,0.269746,-37.701072,NO,449.27,"{""extra_buffer_bps"":8.0,""fee_bps_per_leg"":10.0,""top_of_book_only"":true}"
2026-09-18T01:44:33+00:00,stable_dislocation,USDC:Binance,USDC,above peg,Binance,7.250000,7.250000,NO,1995953.05,"{""mid"":1.000725,""note"":""Peg deviation is a research signal; redemption, venue and issuer risks matter."",""signed_deviation_bps"":7.250000000000867,""watch_threshold_bps"":10.0}"
2026-09-18T01:44:33+00:00,stable_dislocation_error,USDC:Bybit:error,USDC,n/a,Bybit,0.000000,-9999.000000,NO,,"{""error"":""HTTP Error 403: Forbidden""}"
2026-09-18T01:44:33+00:00,stable_dislocation,FDUSD:Binance,FDUSD,below peg,Binance,12.500000,12.500000,YES,81553.02,"{""mid"":0.99875,""note"":""Peg deviation is a research signal; redemption, venue and issuer risks matter."",""signed_deviation_bps"":-12.499999999999734,""watch_threshold_bps"":10.0}"
2026-09-18T01:44:33+00:00,stable_dislocation_error,FDUSD:Bybit:error,FDUSD,n/a,Bybit,0.000000,-9999.000000,NO,,"{""error"":""HTTP Error 403: Forbidden""}"
2026-09-18T04:33:20+00:00,cex_triangle,ETH:USDT-BTC-ETH-USDT,ETH,USDT->BTC->ETH->USDT,Binance,-1.699050,-39.663968,NO,25813.83,"{""extra_buffer_bps"":8.0,""fee_bps_per_leg"":10.0,""top_of_book_only"":true}"
2026-09-18T04:33:20+00:00,cex_triangle,ETH:USDT-ETH-BTC-USDT,ETH,USDT->ETH->BTC->USDT,Binance,-1.468935,-39.434542,NO,2073.93,"{""extra_buffer_bps"":8.0,""fee_bps_per_leg"":10.0,""top_of_book_only"":true}"
2026-09-18T04:33:20+00:00,cex_triangle,SOL:USDT-BTC-SOL-USDT,SOL,USDT->BTC->SOL->USDT,Binance,-2.801876,-40.763488,NO,1534.03,"{""extra_buffer_bps"":8.0,""fee_bps_per_leg"":10.0,""top_of_book_only"":true}"
2026-09-18T04:33:20+00:00,cex_triangle,SOL:USDT-SOL-BTC-USDT,SOL,USDT->SOL->BTC->USDT,Binance,1.105820,-36.867504,NO,2048.36,"{""extra_buffer_bps"":8.0,""fee_bps_per_leg"":10.0,""top_of_book_only"":true}"
2026-09-18T04:33:20+00:00,stable_dislocation,USDC:Binance,USDC,above peg,Binance,7.250000,7.250000,NO,1523889.63,"{""mid"":1.000725,""note"":""Peg deviation is a research signal; redemption, venue and issuer risks matter."",""signed_deviation_bps"":7.250000000000867,""watch_threshold_bps"":10.0}"
2026-09-18T04:33:20+00:00,stable_dislocation_error,USDC:Bybit:error,USDC,n/a,Bybit,0.000000,-9999.000000,NO,,"{""error"":""HTTP Error 403: Forbidden""}"
2026-09-18T04:33:20+00:00,stable_dislocation,FDUSD:Binance,FDUSD,below peg,Binance,8.500000,8.500000,NO,39684.23,"{""mid"":0.99915,""note"":""Peg deviation is a research signal; redemption, venue and issuer risks matter."",""signed_deviation_bps"":-8.500000000000174,""watch_threshold_bps"":10.0}"
2026-09-18T04:33:20+00:00,stable_dislocation_error,FDUSD:Bybit:error,FDUSD,n/a,Bybit,0.000000,-9999.000000,NO,,"{""error"":""HTTP Error 403: Forbidden""}"
2026-09-18T04:59:55+00:00,cex_triangle,ETH:USDT-BTC-ETH-USDT,ETH,USDT->BTC->ETH->USDT,Binance,-4.819901,-42.775466,NO,9771.27,"{""extra_buffer_bps"":8.0,""fee_bps_per_leg"":10.0,""top_of_book_only"":true}"
2026-09-18T04:59:55+00:00,cex_triangle,ETH:USDT-ETH-BTC-USDT,ETH,USDT->ETH->BTC->USDT,Binance,1.655101,-36.319869,NO,3994.77,"{""extra_buffer_bps"":8.0,""fee_bps_per_leg"":10.0,""top_of_book_only"":true}"
2026-09-18T04:59:55+00:00,cex_triangle,SOL:USDT-BTC-SOL-USDT,SOL,USDT->BTC->SOL->USDT,Binance,-0.838897,-38.806393,NO,1809.19,"{""extra_buffer_bps"":8.0,""fee_bps_per_leg"":10.0,""top_of_book_only"":true}"
2026-09-18T04:59:55+00:00,cex_triangle,SOL:USDT-SOL-BTC-USDT,SOL,USDT->SOL->BTC->USDT,Binance,-0.841624,-38.809111,NO,1809.04,"{""extra_buffer_bps"":8.0,""fee_bps_per_leg"":10.0,""top_of_book_only"":true}"
2026-09-18T04:59:55+00:00,stable_dislocation,USDC:Binance,USDC,above peg,Binance,6.950000,6.950000,NO,551773.97,"{""mid"":1.000695,""note"":""Peg deviation is a research signal; redemption, venue and issuer risks matter."",""signed_deviation_bps"":6.9499999999989015,""watch_threshold_bps"":10.0}"
2026-09-18T04:59:55+00:00,stable_dislocation_error,USDC:Bybit:error,USDC,n/a,Bybit,0.000000,-9999.000000,NO,,"{""error"":""HTTP Error 403: Forbidden""}"
2026-09-18T04:59:55+00:00,stable_dislocation,FDUSD:Binance,FDUSD,below peg,Binance,7.500000,7.500000,NO,1320.08,"{""mid"":0.99925,""note"":""Peg deviation is a research signal; redemption, venue and issuer risks matter."",""signed_deviation_bps"":-7.500000000000284,""watch_threshold_bps"":10.0}"
2026-09-18T04:59:55+00:00,stable_dislocation_error,FDUSD:Bybit:error,FDUSD,n/a,Bybit,0.000000,-9999.000000,NO,,"{""error"":""HTTP Error 403: Forbidden""}"
2026-09-18T05:16:05+00:00,cex_triangle,ETH:USDT-BTC-ETH-USDT,ETH,USDT->BTC->ETH->USDT,Binance,2.389684,-35.587488,NO,29344.98,"{""extra_buffer_bps"":8.0,""fee_bps_per_leg"":10.0,""top_of_book_only"":true}"
2026-09-18T05:16:05+00:00,cex_triangle,ETH:USDT-ETH-BTC-USDT,ETH,USDT->ETH->BTC->USDT,Binance,-5.544106,-43.497500,NO,39616.74,"{""extra_buffer_bps"":8.0,""fee_bps_per_leg"":10.0,""top_of_book_only"":true}"
2026-09-18T05:16:05+00:00,cex_triangle,SOL:USDT-BTC-SOL-USDT,SOL,USDT->BTC->SOL->USDT,Binance,3.005957,-34.973061,NO,2435.48,"{""extra_buffer_bps"":8.0,""fee_bps_per_leg"":10.0,""top_of_book_only"":true}"
2026-09-18T05:16:05+00:00,cex_triangle,SOL:USDT-SOL-BTC-USDT,SOL,USDT->SOL->BTC->USDT,Binance,-4.686612,-42.642577,NO,316.83,"{""extra_buffer_bps"":8.0,""fee_bps_per_leg"":10.0,""top_of_book_only"":true}"
2026-09-18T05:16:05+00:00,stable_dislocation,USDC:Binance,USDC,above peg,Binance,6.950000,6.950000,NO,2407066.77,"{""mid"":1.000695,""note"":""Peg deviation is a research signal; redemption, venue and issuer risks matter."",""signed_deviation_bps"":6.9499999999989015,""watch_threshold_bps"":10.0}"
2026-09-18T05:16:05+00:00,stable_dislocation_error,USDC:Bybit:error,USDC,n/a,Bybit,0.000000,-9999.000000,NO,,"{""error"":""HTTP Error 403: Forbidden""}"
2026-09-18T05:16:05+00:00,stable_dislocation,FDUSD:Binance,FDUSD,below peg,Binance,8.500000,8.500000,NO,68604.20,"{""mid"":0.99915,""note"":""Peg deviation is a research signal; redemption, venue and issuer risks matter."",""signed_deviation_bps"":-8.500000000000174,""watch_threshold_bps"":10.0}"
2026-09-18T05:16:05+00:00,stable_dislocation_error,FDUSD:Bybit:error,FDUSD,n/a,Bybit,0.000000,-9999.000000,NO,,"{""error"":""HTTP Error 403: Forbidden""}"
2026-09-18T06:45:12+00:00,cex_triangle,ETH:USDT-BTC-ETH-USDT,ETH,USDT->BTC->ETH->USDT,Binance,1.575097,-36.399634,NO,33694.25,"{""extra_buffer_bps"":8.0,""fee_bps_per_leg"":10.0,""top_of_book_only"":true}"
2026-09-18T06:45:12+00:00,cex_triangle,ETH:USDT-ETH-BTC-USDT,ETH,USDT->ETH->BTC->USDT,Binance,-4.734027,-42.689849,NO,61858.15,"{""extra_buffer_bps"":8.0,""fee_bps_per_leg"":10.0,""top_of_book_only"":true}"
2026-09-18T06:45:12+00:00,cex_triangle,SOL:USDT-BTC-SOL-USDT,SOL,USDT->BTC->SOL->USDT,Binance,1.558373,-36.416307,NO,1654.02,"{""extra_buffer_bps"":8.0,""fee_bps_per_leg"":10.0,""top_of_book_only"":true}"
2026-09-18T06:45:12+00:00,cex_triangle,SOL:USDT-SOL-BTC-USDT,SOL,USDT->SOL->BTC->USDT,Binance,-3.240614,-41.200912,NO,3103.86,"{""extra_buffer_bps"":8.0,""fee_bps_per_leg"":10.0,""top_of_book_only"":true}"
2026-09-18T06:45:12+00:00,stable_dislocation,USDC:Binance,USDC,above peg,Binance,7.150000,7.150000,NO,3112204.10,"{""mid"":1.000715,""note"":""Peg deviation is a research signal; redemption, venue and issuer risks matter."",""signed_deviation_bps"":7.150000000000212,""watch_threshold_bps"":10.0}"
2026-09-18T06:45:12+00:00,stable_dislocation_error,USDC:Bybit:error,USDC,n/a,Bybit,0.000000,-9999.000000,NO,,"{""error"":""HTTP Error 403: Forbidden""}"
2026-09-18T06:45:12+00:00,stable_dislocation,FDUSD:Binance,FDUSD,below peg,Binance,9.500000,9.500000,NO,37588.14,"{""mid"":0.99905,""note"":""Peg deviation is a research signal; redemption, venue and issuer risks matter."",""signed_deviation_bps"":-9.500000000000064,""watch_threshold_bps"":10.0}"
2026-09-18T06:45:12+00:00,stable_dislocation_error,FDUSD:Bybit:error,FDUSD,n/a,Bybit,0.000000,-9999.000000,NO,,"{""error"":""HTTP Error 403: Forbidden""}"
2026-09-18T07:02:07+00:00,cex_triangle,ETH:USDT-BTC-ETH-USDT,ETH,USDT->BTC->ETH->USDT,Binance,-4.514174,-42.470655,NO,18495.00,"{""extra_buffer_bps"":8.0,""fee_bps_per_leg"":10.0,""top_of_book_only"":true}"
2026-09-18T07:02:07+00:00,cex_triangle,ETH:USDT-ETH-BTC-USDT,ETH,USDT->ETH->BTC->USDT,Binance,1.356127,-36.617947,NO,38780.61,"{""extra_buffer_bps"":8.0,""fee_bps_per_leg"":10.0,""top_of_book_only"":true}"
2026-09-18T07:02:07+00:00,cex_triangle,SOL:USDT-BTC-SOL-USDT,SOL,USDT->BTC->SOL->USDT,Binance,-2.046997,-40.010872,NO,1632.79,"{""extra_buffer_bps"":8.0,""fee_bps_per_leg"":10.0,""top_of_book_only"":true}"
2026-09-18T07:02:07+00:00,cex_triangle,SOL:USDT-SOL-BTC-USDT,SOL,USDT->SOL->BTC->USDT,Binance,0.362313,-37.608783,NO,1547.54,"{""extra_buffer_bps"":8.0,""fee_bps_per_leg"":10.0,""top_of_book_only"":true}"
2026-09-18T07:02:07+00:00,stable_dislocation,USDC:Binance,USDC,above peg,Binance,7.150000,7.150000,NO,3703365.50,"{""mid"":1.000715,""note"":""Peg deviation is a research signal; redemption, venue and issuer risks matter."",""signed_deviation_bps"":7.150000000000212,""watch_threshold_bps"":10.0}"
2026-09-18T07:02:07+00:00,stable_dislocation_error,USDC:Bybit:error,USDC,n/a,Bybit,0.000000,-9999.000000,NO,,"{""error"":""HTTP Error 403: Forbidden""}"
2026-09-18T07:02:07+00:00,stable_dislocation,FDUSD:Binance,FDUSD,below peg,Binance,9.500000,9.500000,NO,124227.09,"{""mid"":0.99905,""note"":""Peg deviation is a research signal; redemption, venue and issuer risks matter."",""signed_deviation_bps"":-9.500000000000064,""watch_threshold_bps"":10.0}"
2026-09-18T07:02:07+00:00,stable_dislocation_error,FDUSD:Bybit:error,FDUSD,n/a,Bybit,0.000000,-9999.000000,NO,,"{""error"":""HTTP Error 403: Forbidden""}"
2026-09-18T07:16:31+00:00,cex_triangle,ETH:USDT-BTC-ETH-USDT,ETH,USDT->BTC->ETH->USDT,Binance,0.381054,-37.590098,NO,59246.80,"{""extra_buffer_bps"":8.0,""fee_bps_per_leg"":10.0,""top_of_book_only"":true}"
2026-09-18T07:16:31+00:00,cex_triangle,ETH:USDT-ETH-BTC-USDT,ETH,USDT->ETH->BTC->USDT,Binance,-3.540534,-41.499933,NO,46733.94,"{""extra_buffer_bps"":8.0,""fee_bps_per_leg"":10.0,""top_of_book_only"":true}"
2026-09-18T07:16:31+00:00,cex_triangle,SOL:USDT-BTC-SOL-USDT,SOL,USDT->BTC->SOL->USDT,Binance,0.530008,-37.441591,NO,1552.88,"{""extra_buffer_bps"":8.0,""fee_bps_per_leg"":10.0,""top_of_book_only"":true}"
2026-09-18T07:16:31+00:00,cex_triangle,SOL:USDT-SOL-BTC-USDT,SOL,USDT->SOL->BTC->USDT,Binance,-2.209124,-40.172514,NO,1572.02,"{""extra_buffer_bps"":8.0,""fee_bps_per_leg"":10.0,""top_of_book_only"":true}"
2026-09-18T07:16:31+00:00,stable_dislocation,USDC:Binance,USDC,above peg,Binance,7.750000,7.750000,NO,1141802.51,"{""mid"":1.000775,""note"":""Peg deviation is a research signal; redemption, venue and issuer risks matter."",""signed_deviation_bps"":7.749999999999702,""watch_threshold_bps"":10.0}"
2026-09-18T07:16:31+00:00,stable_dislocation_error,USDC:Bybit:error,USDC,n/a,Bybit,0.000000,-9999.000000,NO,,"{""error"":""HTTP Error 403: Forbidden""}"
2026-09-18T07:16:31+00:00,stable_dislocation,FDUSD:Binance,FDUSD,below peg,Binance,9.500000,9.500000,NO,68136.62,"{""mid"":0.99905,""note"":""Peg deviation is a research signal; redemption, venue and issuer risks matter."",""signed_deviation_bps"":-9.500000000000064,""watch_threshold_bps"":10.0}"
2026-09-18T07:16:31+00:00,stable_dislocation_error,FDUSD:Bybit:error,FDUSD,n/a,Bybit,0.000000,-9999.000000,NO,,"{""error"":""HTTP Error 403: Forbidden""}"
2026-09-18T09:38:32+00:00,cex_triangle,ETH:USDT-BTC-ETH-USDT,ETH,USDT->BTC->ETH->USDT,Binance,-4.863155,-42.818590,NO,14620.80,"{""extra_buffer_bps"":8.0,""fee_bps_per_leg"":10.0,""top_of_book_only"":true}"
2026-09-18T09:38:32+00:00,cex_triangle,ETH:USDT-ETH-BTC-USDT,ETH,USDT->ETH->BTC->USDT,Binance,1.706540,-36.268585,NO,110.84,"{""extra_buffer_bps"":8.0,""fee_bps_per_leg"":10.0,""top_of_book_only"":true}"
2026-09-18T09:38:32+00:00,cex_triangle,SOL:USDT-BTC-SOL-USDT,SOL,USDT->BTC->SOL->USDT,Binance,-3.634399,-41.593517,NO,1578.47,"{""extra_buffer_bps"":8.0,""fee_bps_per_leg"":10.0,""top_of_book_only"":true}"
2026-09-18T09:38:32+00:00,cex_triangle,SOL:USDT-SOL-BTC-USDT,SOL,USDT->SOL->BTC->USDT,Binance,1.954771,-36.021097,NO,110.84,"{""extra_buffer_bps"":8.0,""fee_bps_per_leg"":10.0,""top_of_book_only"":true}"
2026-09-18T09:38:32+00:00,stable_dislocation,USDC:Binance,USDC,above peg,Binance,7.250000,7.250000,NO,1790953.56,"{""mid"":1.000725,""note"":""Peg deviation is a research signal; redemption, venue and issuer risks matter."",""signed_deviation_bps"":7.250000000000867,""watch_threshold_bps"":10.0}"
2026-09-18T09:38:32+00:00,stable_dislocation_error,USDC:Bybit:error,USDC,n/a,Bybit,0.000000,-9999.000000,NO,,"{""error"":""HTTP Error 403: Forbidden""}"
2026-09-18T09:38:32+00:00,stable_dislocation,FDUSD:Binance,FDUSD,below peg,Binance,10.500000,10.500000,YES,161941.67,"{""mid"":0.99895,""note"":""Peg deviation is a research signal; redemption, venue and issuer risks matter."",""signed_deviation_bps"":-10.499999999999954,""watch_threshold_bps"":10.0}"
2026-09-18T09:38:32+00:00,stable_dislocation_error,FDUSD:Bybit:error,FDUSD,n/a,Bybit,0.000000,-9999.000000,NO,,"{""error"":""HTTP Error 403: Forbidden""}"
2026-09-18T09:46:16+00:00,cex_triangle,ETH:USDT-BTC-ETH-USDT,ETH,USDT->BTC->ETH->USDT,Binance,-1.698734,-39.663653,NO,19247.46,"{""extra_buffer_bps"":8.0,""fee_bps_per_leg"":10.0,""top_of_book_only"":true}"
2026-09-18T09:46:16+00:00,cex_triangle,ETH:USDT-ETH-BTC-USDT,ETH,USDT->ETH->BTC->USDT,Binance,-1.458926,-39.424564,NO,64743.53,"{""extra_buffer_bps"":8.0,""fee_bps_per_leg"":10.0,""top_of_book_only"":true}"
2026-09-18T09:46:16+00:00,cex_triangle,SOL:USDT-BTC-SOL-USDT,SOL,USDT->BTC->SOL->USDT,Binance,-1.170699,-39.137200,NO,1614.14,"{""extra_buffer_bps"":8.0,""fee_bps_per_leg"":10.0,""top_of_book_only"":true}"
2026-09-18T09:46:16+00:00,cex_triangle,SOL:USDT-SOL-BTC-USDT,SOL,USDT->SOL->BTC->USDT,Binance,-0.506915,-38.475405,NO,1365.37,"{""extra_buffer_bps"":8.0,""fee_bps_per_leg"":10.0,""top_of_book_only"":true}"
2026-09-18T09:46:16+00:00,stable_dislocation,USDC:Binance,USDC,above peg,Binance,7.450000,7.450000,NO,3214143.80,"{""mid"":1.000745,""note"":""Peg deviation is a research signal; redemption, venue and issuer risks matter."",""signed_deviation_bps"":7.449999999999957,""watch_threshold_bps"":10.0}"
2026-09-18T09:46:16+00:00,stable_dislocation_error,USDC:Bybit:error,USDC,n/a,Bybit,0.000000,-9999.000000,NO,,"{""error"":""HTTP Error 403: Forbidden""}"
2026-09-18T09:46:16+00:00,stable_dislocation,FDUSD:Binance,FDUSD,below peg,Binance,10.500000,10.500000,YES,144716.64,"{""mid"":0.99895,""note"":""Peg deviation is a research signal; redemption, venue and issuer risks matter."",""signed_deviation_bps"":-10.499999999999954,""watch_threshold_bps"":10.0}"
2026-09-18T09:46:16+00:00,stable_dislocation_error,FDUSD:Bybit:error,FDUSD,n/a,Bybit,0.000000,-9999.000000,NO,,"{""error"":""HTTP Error 403: Forbidden""}"
2026-09-18T10:02:15+00:00,cex_triangle,ETH:USDT-BTC-ETH-USDT,ETH,USDT->BTC->ETH->USDT,Binance,2.244485,-35.732252,NO,9.28,"{""extra_buffer_bps"":8.0,""fee_bps_per_leg"":10.0,""top_of_book_only"":true}"
2026-09-18T10:02:15+00:00,cex_triangle,ETH:USDT-ETH-BTC-USDT,ETH,USDT->ETH->BTC->USDT,Binance,-5.400630,-43.354454,NO,11402.35,"{""extra_buffer_bps"":8.0,""fee_bps_per_leg"":10.0,""top_of_book_only"":true}"
2026-09-18T10:02:15+00:00,cex_triangle,SOL:USDT-BTC-SOL-USDT,SOL,USDT->BTC->SOL->USDT,Binance,0.435070,-37.536244,NO,1595.15,"{""extra_buffer_bps"":8.0,""fee_bps_per_leg"":10.0,""top_of_book_only"":true}"
2026-09-18T10:02:15+00:00,cex_triangle,SOL:USDT-SOL-BTC-USDT,SOL,USDT->SOL->BTC->USDT,Binance,-2.109262,-40.072951,NO,1441.87,"{""extra_buffer_bps"":8.0,""fee_bps_per_leg"":10.0,""top_of_book_only"":true}"
2026-09-18T10:02:15+00:00,stable_dislocation,USDC:Binance,USDC,above peg,Binance,7.250000,7.250000,NO,1414481.69,"{""mid"":1.000725,""note"":""Peg deviation is a research signal; redemption, venue and issuer risks matter."",""signed_deviation_bps"":7.250000000000867,""watch_threshold_bps"":10.0}"
2026-09-18T10:02:15+00:00,stable_dislocation_error,USDC:Bybit:error,USDC,n/a,Bybit,0.000000,-9999.000000,NO,,"{""error"":""HTTP Error 403: Forbidden""}"
2026-09-18T10:02:15+00:00,stable_dislocation,FDUSD:Binance,FDUSD,below peg,Binance,10.500000,10.500000,YES,117926.14,"{""mid"":0.99895,""note"":""Peg deviation is a research signal; redemption, venue and issuer risks matter."",""signed_deviation_bps"":-10.499999999999954,""watch_threshold_bps"":10.0}"
2026-09-18T10:02:15+00:00,stable_dislocation_error,FDUSD:Bybit:error,FDUSD,n/a,Bybit,0.000000,-9999.000000,NO,,"{""error"":""HTTP Error 403: Forbidden""}"
2026-09-18T11:53:28+00:00,cex_triangle,ETH:USDT-BTC-ETH-USDT,ETH,USDT->BTC->ETH->USDT,Binance,2.403576,-35.573637,NO,13290.72,"{""extra_buffer_bps"":8.0,""fee_bps_per_leg"":10.0,""top_of_book_only"":true}"
2026-09-18T11:53:28+00:00,cex_triangle,ETH:USDT-ETH-BTC-USDT,ETH,USDT->ETH->BTC->USDT,Binance,-5.553755,-43.507120,NO,61098.70,"{""extra_buffer_bps"":8.0,""fee_bps_per_leg"":10.0,""top_of_book_only"":true}"
2026-09-18T11:53:28+00:00,cex_triangle,SOL:USDT-BTC-SOL-USDT,SOL,USDT->BTC->SOL->USDT,Binance,-0.339036,-38.308030,NO,1706.73,"{""extra_buffer_bps"":8.0,""fee_bps_per_leg"":10.0,""top_of_book_only"":true}"
2026-09-18T11:53:28+00:00,cex_triangle,SOL:USDT-SOL-BTC-USDT,SOL,USDT->SOL->BTC->USDT,Binance,-1.344347,-39.310328,NO,1870.55,"{""extra_buffer_bps"":8.0,""fee_bps_per_leg"":10.0,""top_of_book_only"":true}"
2026-09-18T11:53:28+00:00,stable_dislocation,USDC:Binance,USDC,above peg,Binance,7.950000,7.950000,NO,1210210.31,"{""mid"":1.000795,""note"":""Peg deviation is a research signal; redemption, venue and issuer risks matter."",""signed_deviation_bps"":7.950000000001012,""watch_threshold_bps"":10.0}"
2026-09-18T11:53:28+00:00,stable_dislocation_error,USDC:Bybit:error,USDC,n/a,Bybit,0.000000,-9999.000000,NO,,"{""error"":""HTTP Error 403: Forbidden""}"
2026-09-18T11:53:28+00:00,stable_dislocation,FDUSD:Binance,FDUSD,below peg,Binance,10.500000,10.500000,YES,48697.37,"{""mid"":0.99895,""note"":""Peg deviation is a research signal; redemption, venue and issuer risks matter."",""signed_deviation_bps"":-10.499999999999954,""watch_threshold_bps"":10.0}"
2026-09-18T11:53:28+00:00,stable_dislocation_error,FDUSD:Bybit:error,FDUSD,n/a,Bybit,0.000000,-9999.000000,NO,,"{""error"":""HTTP Error 403: Forbidden""}"
2026-09-18T14:05:33+00:00,cex_triangle,ETH:USDT-BTC-ETH-USDT,ETH,USDT->BTC->ETH->USDT,Binance,-5.160834,-43.115377,NO,29212.25,"{""extra_buffer_bps"":8.0,""fee_bps_per_leg"":10.0,""top_of_book_only"":true}"
2026-09-18T14:05:33+00:00,cex_triangle,ETH:USDT-ETH-BTC-USDT,ETH,USDT->ETH->BTC->USDT,Binance,1.984900,-35.991058,NO,17042.68,"{""extra_buffer_bps"":8.0,""fee_bps_per_leg"":10.0,""top_of_book_only"":true}"
2026-09-18T14:05:33+00:00,cex_triangle,SOL:USDT-BTC-SOL-USDT,SOL,USDT->BTC->SOL->USDT,Binance,-6.154284,-44.105849,NO,1864.25,"{""extra_buffer_bps"":8.0,""fee_bps_per_leg"":10.0,""top_of_book_only"":true}"
2026-09-18T14:05:33+00:00,cex_triangle,SOL:USDT-SOL-BTC-USDT,SOL,USDT->SOL->BTC->USDT,Binance,4.498398,-33.485094,NO,2944.82,"{""extra_buffer_bps"":8.0,""fee_bps_per_leg"":10.0,""top_of_book_only"":true}"
2026-09-18T14:05:33+00:00,stable_dislocation,USDC:Binance,USDC,above peg,Binance,6.150000,6.150000,NO,2392647.52,"{""mid"":1.000615,""note"":""Peg deviation is a research signal; redemption, venue and issuer risks matter."",""signed_deviation_bps"":6.150000000000322,""watch_threshold_bps"":10.0}"
2026-09-18T14:05:33+00:00,stable_dislocation_error,USDC:Bybit:error,USDC,n/a,Bybit,0.000000,-9999.000000,NO,,"{""error"":""HTTP Error 403: Forbidden""}"
2026-09-18T14:05:33+00:00,stable_dislocation,FDUSD:Binance,FDUSD,below peg,Binance,3.500000,3.500000,NO,167.95,"{""mid"":0.99965,""note"":""Peg deviation is a research signal; redemption, venue and issuer risks matter."",""signed_deviation_bps"":-3.4999999999996145,""watch_threshold_bps"":10.0}"
2026-09-18T14:05:33+00:00,stable_dislocation_error,FDUSD:Bybit:error,FDUSD,n/a,Bybit,0.000000,-9999.000000,NO,,"{""error"":""HTTP Error 403: Forbidden""}"
2026-09-18T14:31:26+00:00,cex_triangle,ETH:USDT-BTC-ETH-USDT,ETH,USDT->BTC->ETH->USDT,Binance,0.690762,-37.281318,NO,16902.37,"{""extra_buffer_bps"":8.0,""fee_bps_per_leg"":10.0,""top_of_book_only"":true}"
2026-09-18T14:31:26+00:00,cex_triangle,ETH:USDT-ETH-BTC-USDT,ETH,USDT->ETH->BTC->USDT,Binance,-3.866427,-41.824849,NO,44001.66,"{""extra_buffer_bps"":8.0,""fee_bps_per_leg"":10.0,""top_of_book_only"":true}"
2026-09-18T14:31:26+00:00,cex_triangle,SOL:USDT-BTC-SOL-USDT,SOL,USDT->BTC->SOL->USDT,Binance,-0.353361,-38.322312,NO,15814.11,"{""extra_buffer_bps"":8.0,""fee_bps_per_leg"":10.0,""top_of_book_only"":true}"
2026-09-18T14:31:26+00:00,cex_triangle,SOL:USDT-SOL-BTC-USDT,SOL,USDT->SOL->BTC->USDT,Binance,-1.300131,-39.266244,NO,7843.84,"{""extra_buffer_bps"":8.0,""fee_bps_per_leg"":10.0,""top_of_book_only"":true}"
2026-09-18T14:31:26+00:00,stable_dislocation,USDC:Binance,USDC,above peg,Binance,4.950000,4.950000,NO,1459103.61,"{""mid"":1.000495,""note"":""Peg deviation is a research signal; redemption, venue and issuer risks matter."",""signed_deviation_bps"":4.949999999999122,""watch_threshold_bps"":10.0}"
2026-09-18T14:31:26+00:00,stable_dislocation_error,USDC:Bybit:error,USDC,n/a,Bybit,0.000000,-9999.000000,NO,,"{""error"":""HTTP Error 403: Forbidden""}"
2026-09-18T14:31:26+00:00,stable_dislocation,FDUSD:Binance,FDUSD,below peg,Binance,2.500000,2.500000,NO,60498.90,"{""mid"":0.99975,""note"":""Peg deviation is a research signal; redemption, venue and issuer risks matter."",""signed_deviation_bps"":-2.4999999999997247,""watch_threshold_bps"":10.0}"
2026-09-18T14:31:26+00:00,stable_dislocation_error,FDUSD:Bybit:error,FDUSD,n/a,Bybit,0.000000,-9999.000000,NO,,"{""error"":""HTTP Error 403: Forbidden""}"
2026-09-18T15:24:49+00:00,cex_triangle,ETH:USDT-BTC-ETH-USDT,ETH,USDT->BTC->ETH->USDT,Binance,5.705074,-32.282034,NO,9432.51,"{""extra_buffer_bps"":8.0,""fee_bps_per_leg"":10.0,""top_of_book_only"":true}"
2026-09-18T15:24:49+00:00,cex_triangle,ETH:USDT-ETH-BTC-USDT,ETH,USDT->ETH->BTC->USDT,Binance,-8.866732,-46.810168,NO,59999.81,"{""extra_buffer_bps"":8.0,""fee_bps_per_leg"":10.0,""top_of_book_only"":true}"
2026-09-18T15:24:49+00:00,cex_triangle,SOL:USDT-BTC-SOL-USDT,SOL,USDT->BTC->SOL->USDT,Binance,2.884756,-35.093900,NO,1640.95,"{""extra_buffer_bps"":8.0,""fee_bps_per_leg"":10.0,""top_of_book_only"":true}"
2026-09-18T15:24:49+00:00,cex_triangle,SOL:USDT-SOL-BTC-USDT,SOL,USDT->SOL->BTC->USDT,Binance,-4.520723,-42.477184,NO,1623.82,"{""extra_buffer_bps"":8.0,""fee_bps_per_leg"":10.0,""top_of_book_only"":true}"
2026-09-18T15:24:49+00:00,stable_dislocation,USDC:Binance,USDC,above peg,Binance,4.250000,4.250000,NO,262328.13,"{""mid"":1.000425,""note"":""Peg deviation is a research signal; redemption, venue and issuer risks matter."",""signed_deviation_bps"":4.249999999998977,""watch_threshold_bps"":10.0}"
2026-09-18T15:24:49+00:00,stable_dislocation_error,USDC:Bybit:error,USDC,n/a,Bybit,0.000000,-9999.000000,NO,,"{""error"":""HTTP Error 403: Forbidden""}"
2026-09-18T15:24:49+00:00,stable_dislocation,FDUSD:Binance,FDUSD,below peg,Binance,4.500000,4.500000,NO,128752.59,"{""mid"":0.99955,""note"":""Peg deviation is a research signal; redemption, venue and issuer risks matter."",""signed_deviation_bps"":-4.499999999999504,""watch_threshold_bps"":10.0}"
2026-09-18T15:24:49+00:00,stable_dislocation_error,FDUSD:Bybit:error,FDUSD,n/a,Bybit,0.000000,-9999.000000,NO,,"{""error"":""HTTP Error 403: Forbidden""}"
2026-09-18T17:41:49+00:00,cex_triangle,ETH:USDT-BTC-ETH-USDT,ETH,USDT->BTC->ETH->USDT,Binance,1.758892,-36.216389,NO,12925.54,"{""extra_buffer_bps"":8.0,""fee_bps_per_leg"":10.0,""top_of_book_only"":true}"
2026-09-18T17:41:49+00:00,cex_triangle,ETH:USDT-ETH-BTC-USDT,ETH,USDT->ETH->BTC->USDT,Binance,-4.911145,-42.866437,NO,31.12,"{""extra_buffer_bps"":8.0,""fee_bps_per_leg"":10.0,""top_of_book_only"":true}"
2026-09-18T17:41:49+00:00,cex_triangle,SOL:USDT-BTC-SOL-USDT,SOL,USDT->BTC->SOL->USDT,Binance,4.512387,-33.471147,NO,2196.38,"{""extra_buffer_bps"":8.0,""fee_bps_per_leg"":10.0,""top_of_book_only"":true}"
2026-09-18T17:41:49+00:00,cex_triangle,SOL:USDT-SOL-BTC-USDT,SOL,USDT->SOL->BTC->USDT,Binance,-6.119680,-44.071349,NO,2484.51,"{""extra_buffer_bps"":8.0,""fee_bps_per_leg"":10.0,""top_of_book_only"":true}"
2026-09-18T17:41:49+00:00,stable_dislocation,USDC:Binance,USDC,above peg,Binance,2.050000,2.050000,NO,845637.09,"{""mid"":1.000205,""note"":""Peg deviation is a research signal; redemption, venue and issuer risks matter."",""signed_deviation_bps"":2.0500000000001073,""watch_threshold_bps"":10.0}"
2026-09-18T17:41:49+00:00,stable_dislocation_error,USDC:Bybit:error,USDC,n/a,Bybit,0.000000,-9999.000000,NO,,"{""error"":""HTTP Error 403: Forbidden""}"
2026-09-18T17:41:49+00:00,stable_dislocation,FDUSD:Binance,FDUSD,below peg,Binance,8.500000,8.500000,NO,69.94,"{""mid"":0.99915,""note"":""Peg deviation is a research signal; redemption, venue and issuer risks matter."",""signed_deviation_bps"":-8.500000000000174,""watch_threshold_bps"":10.0}"
2026-09-18T17:41:49+00:00,stable_dislocation_error,FDUSD:Bybit:error,FDUSD,n/a,Bybit,0.000000,-9999.000000,NO,,"{""error"":""HTTP Error 403: Forbidden""}"
2026-09-18T18:00:34+00:00,cex_triangle,ETH:USDT-BTC-ETH-USDT,ETH,USDT->BTC->ETH->USDT,Binance,-0.486203,-38.454756,NO,41404.67,"{""extra_buffer_bps"":8.0,""fee_bps_per_leg"":10.0,""top_of_book_only"":true}"
2026-09-18T18:00:34+00:00,cex_triangle,ETH:USDT-ETH-BTC-USDT,ETH,USDT->ETH->BTC->USDT,Binance,-2.660099,-40.622136,NO,19.27,"{""extra_buffer_bps"":8.0,""fee_bps_per_leg"":10.0,""top_of_book_only"":true}"
2026-09-18T18:00:34+00:00,cex_triangle,SOL:USDT-BTC-SOL-USDT,SOL,USDT->BTC->SOL->USDT,Binance,0.603866,-37.367954,NO,2214.60,"{""extra_buffer_bps"":8.0,""fee_bps_per_leg"":10.0,""top_of_book_only"":true}"
2026-09-18T18:00:34+00:00,cex_triangle,SOL:USDT-SOL-BTC-USDT,SOL,USDT->SOL->BTC->USDT,Binance,-2.214446,-40.177820,NO,2198.54,"{""extra_buffer_bps"":8.0,""fee_bps_per_leg"":10.0,""top_of_book_only"":true}"
2026-09-18T18:00:34+00:00,stable_dislocation,USDC:Binance,USDC,above peg,Binance,2.250000,2.250000,NO,1786883.03,"{""mid"":1.000225,""note"":""Peg deviation is a research signal; redemption, venue and issuer risks matter."",""signed_deviation_bps"":2.249999999999197,""watch_threshold_bps"":10.0}"
2026-09-18T18:00:34+00:00,stable_dislocation_error,USDC:Bybit:error,USDC,n/a,Bybit,0.000000,-9999.000000,NO,,"{""error"":""HTTP Error 403: Forbidden""}"
2026-09-18T18:00:34+00:00,stable_dislocation,FDUSD:Binance,FDUSD,below peg,Binance,8.500000,8.500000,NO,12219.22,"{""mid"":0.99915,""note"":""Peg deviation is a research signal; redemption, venue and issuer risks matter."",""signed_deviation_bps"":-8.500000000000174,""watch_threshold_bps"":10.0}"
2026-09-18T18:00:34+00:00,stable_dislocation_error,FDUSD:Bybit:error,FDUSD,n/a,Bybit,0.000000,-9999.000000,NO,,"{""error"":""HTTP Error 403: Forbidden""}"
2026-09-18T18:20:56+00:00,cex_triangle,ETH:USDT-BTC-ETH-USDT,ETH,USDT->BTC->ETH->USDT,Binance,-4.081597,-42.039375,NO,65.53,"{""extra_buffer_bps"":8.0,""fee_bps_per_leg"":10.0,""top_of_book_only"":true}"
2026-09-18T18:20:56+00:00,cex_triangle,ETH:USDT-ETH-BTC-USDT,ETH,USDT->ETH->BTC->USDT,Binance,0.938714,-37.034110,NO,75157.15,"{""extra_buffer_bps"":8.0,""fee_bps_per_leg"":10.0,""top_of_book_only"":true}"
2026-09-18T18:20:56+00:00,cex_triangle,SOL:USDT-BTC-SOL-USDT,SOL,USDT->BTC->SOL->USDT,Binance,-2.457922,-40.420566,NO,65.53,"{""extra_buffer_bps"":8.0,""fee_bps_per_leg"":10.0,""top_of_book_only"":true}"
2026-09-18T18:20:56+00:00,cex_triangle,SOL:USDT-SOL-BTC-USDT,SOL,USDT->SOL->BTC->USDT,Binance,0.849947,-37.122611,NO,2201.48,"{""extra_buffer_bps"":8.0,""fee_bps_per_leg"":10.0,""top_of_book_only"":true}"
2026-09-18T18:20:56+00:00,stable_dislocation,USDC:Binance,USDC,above peg,Binance,2.350000,2.350000,NO,1706014.35,"{""mid"":1.000235,""note"":""Peg deviation is a research signal; redemption, venue and issuer risks matter."",""signed_deviation_bps"":2.349999999999852,""watch_threshold_bps"":10.0}"
2026-09-18T18:20:56+00:00,stable_dislocation_error,USDC:Bybit:error,USDC,n/a,Bybit,0.000000,-9999.000000,NO,,"{""error"":""HTTP Error 403: Forbidden""}"
2026-09-18T18:20:56+00:00,stable_dislocation,FDUSD:Binance,FDUSD,below peg,Binance,7.500000,7.500000,NO,28416.25,"{""mid"":0.99925,""note"":""Peg deviation is a research signal; redemption, venue and issuer risks matter."",""signed_deviation_bps"":-7.500000000000284,""watch_threshold_bps"":10.0}"
2026-09-18T18:20:56+00:00,stable_dislocation_error,FDUSD:Bybit:error,FDUSD,n/a,Bybit,0.000000,-9999.000000,NO,,"{""error"":""HTTP Error 403: Forbidden""}"
2026-09-18T18:42:26+00:00,cex_triangle,ETH:USDT-BTC-ETH-USDT,ETH,USDT->BTC->ETH->USDT,Binance,-3.999600,-41.957623,NO,32924.98,"{""extra_buffer_bps"":8.0,""fee_bps_per_leg"":10.0,""top_of_book_only"":true}"
2026-09-18T18:42:26+00:00,cex_triangle,ETH:USDT-ETH-BTC-USDT,ETH,USDT->ETH->BTC->USDT,Binance,0.863539,-37.109059,NO,21914.52,"{""extra_buffer_bps"":8.0,""fee_bps_per_leg"":10.0,""top_of_book_only"":true}"
2026-09-18T18:42:26+00:00,cex_triangle,SOL:USDT-BTC-SOL-USDT,SOL,USDT->BTC->SOL->USDT,Binance,-1.869770,-39.834176,NO,1940.84,"{""extra_buffer_bps"":8.0,""fee_bps_per_leg"":10.0,""top_of_book_only"":true}"
2026-09-18T18:42:26+00:00,cex_triangle,SOL:USDT-SOL-BTC-USDT,SOL,USDT->SOL->BTC->USDT,Binance,0.260705,-37.710086,NO,1925.73,"{""extra_buffer_bps"":8.0,""fee_bps_per_leg"":10.0,""top_of_book_only"":true}"
2026-09-18T18:42:26+00:00,stable_dislocation,USDC:Binance,USDC,above peg,Binance,2.550000,2.550000,NO,3516481.05,"{""mid"":1.0002550000000001,""note"":""Peg deviation is a research signal; redemption, venue and issuer risks matter."",""signed_deviation_bps"":2.5500000000011624,""watch_threshold_bps"":10.0}"
2026-09-18T18:42:26+00:00,stable_dislocation_error,USDC:Bybit:error,USDC,n/a,Bybit,0.000000,-9999.000000,NO,,"{""error"":""HTTP Error 403: Forbidden""}"
2026-09-18T18:42:26+00:00,stable_dislocation,FDUSD:Binance,FDUSD,below peg,Binance,3.500000,3.500000,NO,75193.91,"{""mid"":0.99965,""note"":""Peg deviation is a research signal; redemption, venue and issuer risks matter."",""signed_deviation_bps"":-3.4999999999996145,""watch_threshold_bps"":10.0}"
2026-09-18T18:42:26+00:00,stable_dislocation_error,FDUSD:Bybit:error,FDUSD,n/a,Bybit,0.000000,-9999.000000,NO,,"{""error"":""HTTP Error 403: Forbidden""}"
2026-09-18T20:00:30+00:00,cex_triangle,ETH:USDT-BTC-ETH-USDT,ETH,USDT->BTC->ETH->USDT,Binance,0.434674,-37.536638,NO,2460.59,"{""extra_buffer_bps"":8.0,""fee_bps_per_leg"":10.0,""top_of_book_only"":true}"
2026-09-18T20:00:30+00:00,cex_triangle,ETH:USDT-ETH-BTC-USDT,ETH,USDT->ETH->BTC->USDT,Binance,-3.554432,-41.513790,NO,1664.43,"{""extra_buffer_bps"":8.0,""fee_bps_per_leg"":10.0,""top_of_book_only"":true}"
2026-09-18T20:00:30+00:00,cex_triangle,SOL:USDT-BTC-SOL-USDT,SOL,USDT->BTC->SOL->USDT,Binance,-0.766109,-38.733823,NO,15.95,"{""extra_buffer_bps"":8.0,""fee_bps_per_leg"":10.0,""top_of_book_only"":true}"
2026-09-18T20:00:30+00:00,cex_triangle,SOL:USDT-SOL-BTC-USDT,SOL,USDT->SOL->BTC->USDT,Binance,-0.824853,-38.792391,NO,2027.89,"{""extra_buffer_bps"":8.0,""fee_bps_per_leg"":10.0,""top_of_book_only"":true}"
2026-09-18T20:00:30+00:00,stable_dislocation,USDC:Binance,USDC,above peg,Binance,1.850000,1.850000,NO,4045561.51,"{""mid"":1.000185,""note"":""Peg deviation is a research signal; redemption, venue and issuer risks matter."",""signed_deviation_bps"":1.8500000000010175,""watch_threshold_bps"":10.0}"
2026-09-18T20:00:30+00:00,stable_dislocation_error,USDC:Bybit:error,USDC,n/a,Bybit,0.000000,-9999.000000,NO,,"{""error"":""HTTP Error 403: Forbidden""}"
2026-09-18T20:00:30+00:00,stable_dislocation,FDUSD:Binance,FDUSD,below peg,Binance,1.500000,1.500000,NO,97690.46,"{""mid"":0.99985,""note"":""Peg deviation is a research signal; redemption, venue and issuer risks matter."",""signed_deviation_bps"":-1.4999999999998348,""watch_threshold_bps"":10.0}"
2026-09-18T20:00:30+00:00,stable_dislocation_error,FDUSD:Bybit:error,FDUSD,n/a,Bybit,0.000000,-9999.000000,NO,,"{""error"":""HTTP Error 403: Forbidden""}"
2026-09-18T20:59:19+00:00,cex_triangle,ETH:USDT-BTC-ETH-USDT,ETH,USDT->BTC->ETH->USDT,Binance,-1.792096,-39.756736,NO,69548.63,"{""extra_buffer_bps"":8.0,""fee_bps_per_leg"":10.0,""top_of_book_only"":true}"
2026-09-18T20:59:19+00:00,cex_triangle,ETH:USDT-ETH-BTC-USDT,ETH,USDT->ETH->BTC->USDT,Binance,-1.329037,-39.295064,NO,9878.65,"{""extra_buffer_bps"":8.0,""fee_bps_per_leg"":10.0,""top_of_book_only"":true}"
2026-09-18T20:59:19+00:00,cex_triangle,SOL:USDT-BTC-SOL-USDT,SOL,USDT->BTC->SOL->USDT,Binance,-1.166328,-39.132842,NO,1386.28,"{""extra_buffer_bps"":8.0,""fee_bps_per_leg"":10.0,""top_of_book_only"":true}"
2026-09-18T20:59:19+00:00,cex_triangle,SOL:USDT-SOL-BTC-USDT,SOL,USDT->SOL->BTC->USDT,Binance,-0.431212,-38.399930,NO,1386.11,"{""extra_buffer_bps"":8.0,""fee_bps_per_leg"":10.0,""top_of_book_only"":true}"
2026-09-18T20:59:19+00:00,stable_dislocation,USDC:Binance,USDC,above peg,Binance,1.150000,1.150000,NO,2690571.83,"{""mid"":1.000115,""note"":""Peg deviation is a research signal; redemption, venue and issuer risks matter."",""signed_deviation_bps"":1.1500000000008725,""watch_threshold_bps"":10.0}"
2026-09-18T20:59:19+00:00,stable_dislocation_error,USDC:Bybit:error,USDC,n/a,Bybit,0.000000,-9999.000000,NO,,"{""error"":""HTTP Error 403: Forbidden""}"
2026-09-18T20:59:19+00:00,stable_dislocation,FDUSD:Binance,FDUSD,below peg,Binance,1.500000,1.500000,NO,13877.22,"{""mid"":0.99985,""note"":""Peg deviation is a research signal; redemption, venue and issuer risks matter."",""signed_deviation_bps"":-1.4999999999998348,""watch_threshold_bps"":10.0}"
2026-09-18T20:59:19+00:00,stable_dislocation_error,FDUSD:Bybit:error,FDUSD,n/a,Bybit,0.000000,-9999.000000,NO,,"{""error"":""HTTP Error 403: Forbidden""}"
2026-09-18T21:37:01+00:00,cex_triangle,ETH:USDT-BTC-ETH-USDT,ETH,USDT->BTC->ETH->USDT,Binance,-1.661881,-39.626910,NO,90584.48,"{""extra_buffer_bps"":8.0,""fee_bps_per_leg"":10.0,""top_of_book_only"":true}"
2026-09-18T21:37:01+00:00,cex_triangle,ETH:USDT-ETH-BTC-USDT,ETH,USDT->ETH->BTC->USDT,Binance,-1.464027,-39.429649,NO,20069.59,"{""extra_buffer_bps"":8.0,""fee_bps_per_leg"":10.0,""top_of_book_only"":true}"
2026-09-18T21:37:01+00:00,cex_triangle,SOL:USDT-BTC-SOL-USDT,SOL,USDT->BTC->SOL->USDT,Binance,-0.121534,-38.091180,NO,1384.30,"{""extra_buffer_bps"":8.0,""fee_bps_per_leg"":10.0,""top_of_book_only"":true}"
2026-09-18T21:37:01+00:00,cex_triangle,SOL:USDT-SOL-BTC-USDT,SOL,USDT->SOL->BTC->USDT,Binance,-1.478983,-39.444561,NO,1843.97,"{""extra_buffer_bps"":8.0,""fee_bps_per_leg"":10.0,""top_of_book_only"":true}"
2026-09-18T21:37:01+00:00,stable_dislocation,USDC:Binance,USDC,above peg,Binance,1.150000,1.150000,NO,1382550.89,"{""mid"":1.000115,""note"":""Peg deviation is a research signal; redemption, venue and issuer risks matter."",""signed_deviation_bps"":1.1500000000008725,""watch_threshold_bps"":10.0}"
2026-09-18T21:37:01+00:00,stable_dislocation_error,USDC:Bybit:error,USDC,n/a,Bybit,0.000000,-9999.000000,NO,,"{""error"":""HTTP Error 403: Forbidden""}"
2026-09-18T21:37:01+00:00,stable_dislocation,FDUSD:Binance,FDUSD,below peg,Binance,2.500000,2.500000,NO,72121.36,"{""mid"":0.99975,""note"":""Peg deviation is a research signal; redemption, venue and issuer risks matter."",""signed_deviation_bps"":-2.4999999999997247,""watch_threshold_bps"":10.0}"
2026-09-18T21:37:01+00:00,stable_dislocation_error,FDUSD:Bybit:error,FDUSD,n/a,Bybit,0.000000,-9999.000000,NO,,"{""error"":""HTTP Error 403: Forbidden""}"
2026-09-18T22:35:15+00:00,cex_triangle,ETH:USDT-BTC-ETH-USDT,ETH,USDT->BTC->ETH->USDT,Binance,-2.598023,-40.560247,NO,20106.61,"{""extra_buffer_bps"":8.0,""fee_bps_per_leg"":10.0,""top_of_book_only"":true}"
2026-09-18T22:35:15+00:00,cex_triangle,ETH:USDT-ETH-BTC-USDT,ETH,USDT->ETH->BTC->USDT,Binance,-0.534555,-38.502963,NO,53308.71,"{""extra_buffer_bps"":8.0,""fee_bps_per_leg"":10.0,""top_of_book_only"":true}"
2026-09-18T22:35:15+00:00,cex_triangle,SOL:USDT-BTC-SOL-USDT,SOL,USDT->BTC->SOL->USDT,Binance,-3.458128,-41.417774,NO,1298.57,"{""extra_buffer_bps"":8.0,""fee_bps_per_leg"":10.0,""top_of_book_only"":true}"
2026-09-18T22:35:15+00:00,cex_triangle,SOL:USDT-SOL-BTC-USDT,SOL,USDT->SOL->BTC->USDT,Binance,1.853109,-36.122455,NO,648.44,"{""extra_buffer_bps"":8.0,""fee_bps_per_leg"":10.0,""top_of_book_only"":true}"
2026-09-18T22:35:15+00:00,stable_dislocation,USDC:Binance,USDC,above peg,Binance,0.950000,0.950000,NO,899336.92,"{""mid"":1.000095,""note"":""Peg deviation is a research signal; redemption, venue and issuer risks matter."",""signed_deviation_bps"":0.9499999999995623,""watch_threshold_bps"":10.0}"
2026-09-18T22:35:15+00:00,stable_dislocation_error,USDC:Bybit:error,USDC,n/a,Bybit,0.000000,-9999.000000,NO,,"{""error"":""HTTP Error 403: Forbidden""}"
2026-09-18T22:35:15+00:00,stable_dislocation,FDUSD:Binance,FDUSD,below peg,Binance,2.500000,2.500000,NO,20868.83,"{""mid"":0.99975,""note"":""Peg deviation is a research signal; redemption, venue and issuer risks matter."",""signed_deviation_bps"":-2.4999999999997247,""watch_threshold_bps"":10.0}"
2026-09-18T22:35:15+00:00,stable_dislocation_error,FDUSD:Bybit:error,FDUSD,n/a,Bybit,0.000000,-9999.000000,NO,,"{""error"":""HTTP Error 403: Forbidden""}"
2026-09-18T23:22:09+00:00,cex_triangle,ETH:USDT-BTC-ETH-USDT,ETH,USDT->BTC->ETH->USDT,Binance,-3.087667,-41.048423,NO,52289.92,"{""extra_buffer_bps"":8.0,""fee_bps_per_leg"":10.0,""top_of_book_only"":true}"
2026-09-18T23:22:09+00:00,cex_triangle,ETH:USDT-ETH-BTC-USDT,ETH,USDT->ETH->BTC->USDT,Binance,-0.049673,-38.019534,NO,13439.08,"{""extra_buffer_bps"":8.0,""fee_bps_per_leg"":10.0,""top_of_book_only"":true}"
2026-09-18T23:22:09+00:00,cex_triangle,SOL:USDT-BTC-SOL-USDT,SOL,USDT->BTC->SOL->USDT,Binance,-2.883436,-40.844804,NO,7239.66,"{""extra_buffer_bps"":8.0,""fee_bps_per_leg"":10.0,""top_of_book_only"":true}"
2026-09-18T23:22:09+00:00,cex_triangle,SOL:USDT-SOL-BTC-USDT,SOL,USDT->SOL->BTC->USDT,Binance,1.281825,-36.692027,NO,1229.39,"{""extra_buffer_bps"":8.0,""fee_bps_per_leg"":10.0,""top_of_book_only"":true}"
2026-09-18T23:22:09+00:00,stable_dislocation,USDC:Binance,USDC,above peg,Binance,0.950000,0.950000,NO,1501495.13,"{""mid"":1.000095,""note"":""Peg deviation is a research signal; redemption, venue and issuer risks matter."",""signed_deviation_bps"":0.9499999999995623,""watch_threshold_bps"":10.0}"
2026-09-18T23:22:09+00:00,stable_dislocation_error,USDC:Bybit:error,USDC,n/a,Bybit,0.000000,-9999.000000,NO,,"{""error"":""HTTP Error 403: Forbidden""}"
2026-09-18T23:22:09+00:00,stable_dislocation,FDUSD:Binance,FDUSD,below peg,Binance,2.500000,2.500000,NO,20447.86,"{""mid"":0.99975,""note"":""Peg deviation is a research signal; redemption, venue and issuer risks matter."",""signed_deviation_bps"":-2.4999999999997247,""watch_threshold_bps"":10.0}"
2026-09-18T23:22:09+00:00,stable_dislocation_error,FDUSD:Bybit:error,FDUSD,n/a,Bybit,0.000000,-9999.000000,NO,,"{""error"":""HTTP Error 403: Forbidden""}"
2026-09-19T00:12:41+00:00,cex_triangle,ETH:USDT-BTC-ETH-USDT,ETH,USDT->BTC->ETH->USDT,Binance,-2.139225,-40.102824,NO,34727.06,"{""extra_buffer_bps"":8.0,""fee_bps_per_leg"":10.0,""top_of_book_only"":true}"
2026-09-19T00:12:41+00:00,cex_triangle,ETH:USDT-ETH-BTC-USDT,ETH,USDT->ETH->BTC->USDT,Binance,-1.001311,-38.968320,NO,25481.90,"{""extra_buffer_bps"":8.0,""fee_bps_per_leg"":10.0,""top_of_book_only"":true}"
2026-09-19T00:12:41+00:00,cex_triangle,SOL:USDT-BTC-SOL-USDT,SOL,USDT->BTC->SOL->USDT,Binance,-1.128149,-39.094778,NO,1240.06,"{""extra_buffer_bps"":8.0,""fee_bps_per_leg"":10.0,""top_of_book_only"":true}"
2026-09-19T00:12:41+00:00,cex_triangle,SOL:USDT-SOL-BTC-USDT,SOL,USDT->SOL->BTC->USDT,Binance,-0.478027,-38.446604,NO,3866.63,"{""extra_buffer_bps"":8.0,""fee_bps_per_leg"":10.0,""top_of_book_only"":true}"
2026-09-19T00:12:41+00:00,stable_dislocation,USDC:Binance,USDC,above peg,Binance,1.150000,1.150000,NO,1874640.19,"{""mid"":1.000115,""note"":""Peg deviation is a research signal; redemption, venue and issuer risks matter."",""signed_deviation_bps"":1.1500000000008725,""watch_threshold_bps"":10.0}"
2026-09-19T00:12:41+00:00,stable_dislocation_error,USDC:Bybit:error,USDC,n/a,Bybit,0.000000,-9999.000000,NO,,"{""error"":""HTTP Error 403: Forbidden""}"
2026-09-19T00:12:41+00:00,stable_dislocation,FDUSD:Binance,FDUSD,below peg,Binance,2.000000,2.000000,NO,164947.50,"{""mid"":0.9998,""note"":""Peg deviation is a research signal; redemption, venue and issuer risks matter."",""signed_deviation_bps"":-1.9999999999997797,""watch_threshold_bps"":10.0}"
2026-09-19T00:12:41+00:00,stable_dislocation_error,FDUSD:Bybit:error,FDUSD,n/a,Bybit,0.000000,-9999.000000,NO,,"{""error"":""HTTP Error 403: Forbidden""}"
2026-09-19T00:39:26+00:00,cex_triangle,ETH:USDT-BTC-ETH-USDT,ETH,USDT->BTC->ETH->USDT,Binance,-3.020829,-40.981786,NO,25818.43,"{""extra_buffer_bps"":8.0,""fee_bps_per_leg"":10.0,""top_of_book_only"":true}"
2026-09-19T00:39:26+00:00,cex_triangle,ETH:USDT-ETH-BTC-USDT,ETH,USDT->ETH->BTC->USDT,Binance,-0.119367,-38.089020,NO,54752.34,"{""extra_buffer_bps"":8.0,""fee_bps_per_leg"":10.0,""top_of_book_only"":true}"
2026-09-19T00:39:26+00:00,cex_triangle,SOL:USDT-BTC-SOL-USDT,SOL,USDT->BTC->SOL->USDT,Binance,-0.441173,-38.409861,NO,1070.00,"{""extra_buffer_bps"":8.0,""fee_bps_per_leg"":10.0,""top_of_book_only"":true}"
2026-09-19T00:39:26+00:00,cex_triangle,SOL:USDT-SOL-BTC-USDT,SOL,USDT->SOL->BTC->USDT,Binance,-1.159397,-39.125933,NO,638.50,"{""extra_buffer_bps"":8.0,""fee_bps_per_leg"":10.0,""top_of_book_only"":true}"
2026-09-19T00:39:26+00:00,stable_dislocation,USDC:Binance,USDC,above peg,Binance,1.450000,1.450000,NO,2351780.71,"{""mid"":1.000145,""note"":""Peg deviation is a research signal; redemption, venue and issuer risks matter."",""signed_deviation_bps"":1.4500000000006175,""watch_threshold_bps"":10.0}"
2026-09-19T00:39:26+00:00,stable_dislocation_error,USDC:Bybit:error,USDC,n/a,Bybit,0.000000,-9999.000000,NO,,"{""error"":""HTTP Error 403: Forbidden""}"
2026-09-19T00:39:26+00:00,stable_dislocation,FDUSD:Binance,FDUSD,below peg,Binance,2.500000,2.500000,NO,44785.56,"{""mid"":0.99975,""note"":""Peg deviation is a research signal; redemption, venue and issuer risks matter."",""signed_deviation_bps"":-2.4999999999997247,""watch_threshold_bps"":10.0}"
2026-09-19T00:39:26+00:00,stable_dislocation_error,FDUSD:Bybit:error,FDUSD,n/a,Bybit,0.000000,-9999.000000,NO,,"{""error"":""HTTP Error 403: Forbidden""}"
2026-09-19T01:24:49+00:00,cex_triangle,ETH:USDT-BTC-ETH-USDT,ETH,USDT->BTC->ETH->USDT,Binance,1.933072,-36.042731,NO,957.60,"{""extra_buffer_bps"":8.0,""fee_bps_per_leg"":10.0,""top_of_book_only"":true}"
2026-09-19T01:24:49+00:00,cex_triangle,ETH:USDT-ETH-BTC-USDT,ETH,USDT->ETH->BTC->USDT,Binance,-5.083939,-43.038712,NO,10296.60,"{""extra_buffer_bps"":8.0,""fee_bps_per_leg"":10.0,""top_of_book_only"":true}"
2026-09-19T01:24:49+00:00,cex_triangle,SOL:USDT-BTC-SOL-USDT,SOL,USDT->BTC->SOL->USDT,Binance,0.488177,-37.483297,NO,438.04,"{""extra_buffer_bps"":8.0,""fee_bps_per_leg"":10.0,""top_of_book_only"":true}"
2026-09-19T01:24:49+00:00,cex_triangle,SOL:USDT-SOL-BTC-USDT,SOL,USDT->SOL->BTC->USDT,Binance,-2.087946,-40.051699,NO,1628.54,"{""extra_buffer_bps"":8.0,""fee_bps_per_leg"":10.0,""top_of_book_only"":true}"
2026-09-19T01:24:49+00:00,stable_dislocation,USDC:Binance,USDC,above peg,Binance,1.250000,1.250000,NO,1529238.78,"{""mid"":1.000125,""note"":""Peg deviation is a research signal; redemption, venue and issuer risks matter."",""signed_deviation_bps"":1.2499999999993072,""watch_threshold_bps"":10.0}"
2026-09-19T01:24:49+00:00,stable_dislocation_error,USDC:Bybit:error,USDC,n/a,Bybit,0.000000,-9999.000000,NO,,"{""error"":""HTTP Error 403: Forbidden""}"
2026-09-19T01:24:49+00:00,stable_dislocation,FDUSD:Binance,FDUSD,below peg,Binance,3.500000,3.500000,NO,16423.43,"{""mid"":0.99965,""note"":""Peg deviation is a research signal; redemption, venue and issuer risks matter."",""signed_deviation_bps"":-3.4999999999996145,""watch_threshold_bps"":10.0}"
2026-09-19T01:24:49+00:00,stable_dislocation_error,FDUSD:Bybit:error,FDUSD,n/a,Bybit,0.000000,-9999.000000,NO,,"{""error"":""HTTP Error 403: Forbidden""}"
2026-09-19T05:06:51+00:00,cex_triangle,ETH:USDT-BTC-ETH-USDT,ETH,USDT->BTC->ETH->USDT,Binance,-2.732005,-40.693827,NO,5767.09,"{""extra_buffer_bps"":8.0,""fee_bps_per_leg"":10.0,""top_of_book_only"":true}"
2026-09-19T05:06:51+00:00,cex_triangle,ETH:USDT-ETH-BTC-USDT,ETH,USDT->ETH->BTC->USDT,Binance,-0.396712,-38.365533,NO,56941.12,"{""extra_buffer_bps"":8.0,""fee_bps_per_leg"":10.0,""top_of_book_only"":true}"
2026-09-19T05:06:51+00:00,cex_triangle,SOL:USDT-BTC-SOL-USDT,SOL,USDT->BTC->SOL->USDT,Binance,1.048189,-36.924962,NO,864.39,"{""extra_buffer_bps"":8.0,""fee_bps_per_leg"":10.0,""top_of_book_only"":true}"
2026-09-19T05:06:51+00:00,cex_triangle,SOL:USDT-SOL-BTC-USDT,SOL,USDT->SOL->BTC->USDT,Binance,-2.655762,-40.617812,NO,1808.21,"{""extra_buffer_bps"":8.0,""fee_bps_per_leg"":10.0,""top_of_book_only"":true}"
2026-09-19T05:06:51+00:00,stable_dislocation,USDC:Binance,USDC,above peg,Binance,2.050000,2.050000,NO,899229.80,"{""mid"":1.000205,""note"":""Peg deviation is a research signal; redemption, venue and issuer risks matter."",""signed_deviation_bps"":2.0500000000001073,""watch_threshold_bps"":10.0}"
2026-09-19T05:06:51+00:00,stable_dislocation_error,USDC:Bybit:error,USDC,n/a,Bybit,0.000000,-9999.000000,NO,,"{""error"":""HTTP Error 403: Forbidden""}"
2026-09-19T05:06:51+00:00,stable_dislocation,FDUSD:Binance,FDUSD,below peg,Binance,2.000000,2.000000,NO,256772.95,"{""mid"":0.9998,""note"":""Peg deviation is a research signal; redemption, venue and issuer risks matter."",""signed_deviation_bps"":-1.9999999999997797,""watch_threshold_bps"":10.0}"
2026-09-19T05:06:51+00:00,stable_dislocation_error,FDUSD:Bybit:error,FDUSD,n/a,Bybit,0.000000,-9999.000000,NO,,"{""error"":""HTTP Error 403: Forbidden""}"
2026-09-19T05:45:25+00:00,cex_triangle,ETH:USDT-BTC-ETH-USDT,ETH,USDT->BTC->ETH->USDT,Binance,1.091238,-36.882043,NO,23237.06,"{""extra_buffer_bps"":8.0,""fee_bps_per_leg"":10.0,""top_of_book_only"":true}"
2026-09-19T05:45:25+00:00,cex_triangle,ETH:USDT-ETH-BTC-USDT,ETH,USDT->ETH->BTC->USDT,Binance,-4.214579,-42.171958,NO,74060.20,"{""extra_buffer_bps"":8.0,""fee_bps_per_leg"":10.0,""top_of_book_only"":true}"
2026-09-19T05:45:25+00:00,cex_triangle,SOL:USDT-BTC-SOL-USDT,SOL,USDT->BTC->SOL->USDT,Binance,-1.342242,-39.308230,NO,2195.71,"{""extra_buffer_bps"":8.0,""fee_bps_per_leg"":10.0,""top_of_book_only"":true}"
2026-09-19T05:45:25+00:00,cex_triangle,SOL:USDT-SOL-BTC-USDT,SOL,USDT->SOL->BTC->USDT,Binance,-0.266199,-38.235411,NO,50.57,"{""extra_buffer_bps"":8.0,""fee_bps_per_leg"":10.0,""top_of_book_only"":true}"
2026-09-19T05:45:25+00:00,stable_dislocation,USDC:Binance,USDC,above peg,Binance,1.850000,1.850000,NO,702030.34,"{""mid"":1.000185,""note"":""Peg deviation is a research signal; redemption, venue and issuer risks matter."",""signed_deviation_bps"":1.8500000000010175,""watch_threshold_bps"":10.0}"
2026-09-19T05:45:25+00:00,stable_dislocation_error,USDC:Bybit:error,USDC,n/a,Bybit,0.000000,-9999.000000,NO,,"{""error"":""HTTP Error 403: Forbidden""}"
2026-09-19T05:45:25+00:00,stable_dislocation,FDUSD:Binance,FDUSD,below peg,Binance,1.500000,1.500000,NO,3864.23,"{""mid"":0.99985,""note"":""Peg deviation is a research signal; redemption, venue and issuer risks matter."",""signed_deviation_bps"":-1.4999999999998348,""watch_threshold_bps"":10.0}"
2026-09-19T05:45:25+00:00,stable_dislocation_error,FDUSD:Bybit:error,FDUSD,n/a,Bybit,0.000000,-9999.000000,NO,,"{""error"":""HTTP Error 403: Forbidden""}"
2026-09-19T06:07:47+00:00,cex_triangle,ETH:USDT-BTC-ETH-USDT,ETH,USDT->BTC->ETH->USDT,Binance,-5.313241,-43.267327,NO,26877.30,"{""extra_buffer_bps"":8.0,""fee_bps_per_leg"":10.0,""top_of_book_only"":true}"
2026-09-19T06:07:47+00:00,cex_triangle,ETH:USDT-ETH-BTC-USDT,ETH,USDT->ETH->BTC->USDT,Binance,2.193482,-35.783102,NO,13741.89,"{""extra_buffer_bps"":8.0,""fee_bps_per_leg"":10.0,""top_of_book_only"":true}"
2026-09-19T06:07:47+00:00,cex_triangle,SOL:USDT-BTC-SOL-USDT,SOL,USDT->BTC->SOL->USDT,Binance,-2.240189,-40.203485,NO,1271.26,"{""extra_buffer_bps"":8.0,""fee_bps_per_leg"":10.0,""top_of_book_only"":true}"
2026-09-19T06:07:47+00:00,cex_triangle,SOL:USDT-SOL-BTC-USDT,SOL,USDT->SOL->BTC->USDT,Binance,0.622397,-37.349478,NO,1472.52,"{""extra_buffer_bps"":8.0,""fee_bps_per_leg"":10.0,""top_of_book_only"":true}"
2026-09-19T06:07:47+00:00,stable_dislocation,USDC:Binance,USDC,above peg,Binance,1.650000,1.650000,NO,2193248.79,"{""mid"":1.000165,""note"":""Peg deviation is a research signal; redemption, venue and issuer risks matter."",""signed_deviation_bps"":1.6499999999997073,""watch_threshold_bps"":10.0}"
2026-09-19T06:07:47+00:00,stable_dislocation_error,USDC:Bybit:error,USDC,n/a,Bybit,0.000000,-9999.000000,NO,,"{""error"":""HTTP Error 403: Forbidden""}"
2026-09-19T06:07:47+00:00,stable_dislocation,FDUSD:Binance,FDUSD,below peg,Binance,2.500000,2.500000,NO,505.90,"{""mid"":0.99975,""note"":""Peg deviation is a research signal; redemption, venue and issuer risks matter."",""signed_deviation_bps"":-2.4999999999997247,""watch_threshold_bps"":10.0}"
2026-09-19T06:07:47+00:00,stable_dislocation_error,FDUSD:Bybit:error,FDUSD,n/a,Bybit,0.000000,-9999.000000,NO,,"{""error"":""HTTP Error 403: Forbidden""}"
2026-09-19T09:30:38+00:00,cex_triangle,ETH:USDT-BTC-ETH-USDT,ETH,USDT->BTC->ETH->USDT,Binance,0.397170,-37.574030,NO,1235.38,"{""extra_buffer_bps"":8.0,""fee_bps_per_leg"":10.0,""top_of_book_only"":true}"
2026-09-19T09:30:38+00:00,cex_triangle,ETH:USDT-ETH-BTC-USDT,ETH,USDT->ETH->BTC->USDT,Binance,-3.511036,-41.470523,NO,47747.65,"{""extra_buffer_bps"":8.0,""fee_bps_per_leg"":10.0,""top_of_book_only"":true}"
2026-09-19T09:30:38+00:00,cex_triangle,SOL:USDT-BTC-SOL-USDT,SOL,USDT->BTC->SOL->USDT,Binance,-1.446098,-39.411774,NO,1235.38,"{""extra_buffer_bps"":8.0,""fee_bps_per_leg"":10.0,""top_of_book_only"":true}"
2026-09-19T09:30:38+00:00,cex_triangle,SOL:USDT-SOL-BTC-USDT,SOL,USDT->SOL->BTC->USDT,Binance,-0.175592,-38.145075,NO,1072.48,"{""extra_buffer_bps"":8.0,""fee_bps_per_leg"":10.0,""top_of_book_only"":true}"
2026-09-19T09:30:38+00:00,stable_dislocation,USDC:Binance,USDC,above peg,Binance,2.150000,2.150000,NO,1878058.31,"{""mid"":1.000215,""note"":""Peg deviation is a research signal; redemption, venue and issuer risks matter."",""signed_deviation_bps"":2.1500000000007624,""watch_threshold_bps"":10.0}"
2026-09-19T09:30:38+00:00,stable_dislocation_error,USDC:Bybit:error,USDC,n/a,Bybit,0.000000,-9999.000000,NO,,"{""error"":""HTTP Error 403: Forbidden""}"
2026-09-19T09:30:38+00:00,stable_dislocation,FDUSD:Binance,FDUSD,below peg,Binance,1.500000,1.500000,NO,5187.48,"{""mid"":0.99985,""note"":""Peg deviation is a research signal; redemption, venue and issuer risks matter."",""signed_deviation_bps"":-1.4999999999998348,""watch_threshold_bps"":10.0}"
2026-09-19T09:30:38+00:00,stable_dislocation_error,FDUSD:Bybit:error,FDUSD,n/a,Bybit,0.000000,-9999.000000,NO,,"{""error"":""HTTP Error 403: Forbidden""}"
2026-09-19T10:57:36+00:00,cex_triangle,ETH:USDT-BTC-ETH-USDT,ETH,USDT->BTC->ETH->USDT,Binance,-2.793692,-40.755330,NO,31615.72,"{""extra_buffer_bps"":8.0,""fee_bps_per_leg"":10.0,""top_of_book_only"":true}"
2026-09-19T10:57:36+00:00,cex_triangle,ETH:USDT-ETH-BTC-USDT,ETH,USDT->ETH->BTC->USDT,Binance,-0.325273,-38.294309,NO,68338.42,"{""extra_buffer_bps"":8.0,""fee_bps_per_leg"":10.0,""top_of_book_only"":true}"
2026-09-19T10:57:36+00:00,cex_triangle,SOL:USDT-BTC-SOL-USDT,SOL,USDT->BTC->SOL->USDT,Binance,-2.114287,-40.077960,NO,1421.87,"{""extra_buffer_bps"":8.0,""fee_bps_per_leg"":10.0,""top_of_book_only"":true}"
2026-09-19T10:57:36+00:00,cex_triangle,SOL:USDT-SOL-BTC-USDT,SOL,USDT->SOL->BTC->USDT,Binance,0.491073,-37.480409,NO,2583.88,"{""extra_buffer_bps"":8.0,""fee_bps_per_leg"":10.0,""top_of_book_only"":true}"
2026-09-19T10:57:36+00:00,stable_dislocation,USDC:Binance,USDC,above peg,Binance,2.250000,2.250000,NO,1745865.46,"{""mid"":1.000225,""note"":""Peg deviation is a research signal; redemption, venue and issuer risks matter."",""signed_deviation_bps"":2.249999999999197,""watch_threshold_bps"":10.0}"
2026-09-19T10:57:36+00:00,stable_dislocation_error,USDC:Bybit:error,USDC,n/a,Bybit,0.000000,-9999.000000,NO,,"{""error"":""HTTP Error 403: Forbidden""}"
2026-09-19T10:57:36+00:00,stable_dislocation,FDUSD:Binance,FDUSD,below peg,Binance,5.500000,5.500000,NO,37101.44,"{""mid"":0.99945,""note"":""Peg deviation is a research signal; redemption, venue and issuer risks matter."",""signed_deviation_bps"":-5.5000000000005045,""watch_threshold_bps"":10.0}"
2026-09-19T10:57:36+00:00,stable_dislocation_error,FDUSD:Bybit:error,FDUSD,n/a,Bybit,0.000000,-9999.000000,NO,,"{""error"":""HTTP Error 403: Forbidden""}"
2026-09-19T13:25:56+00:00,cex_triangle,ETH:USDT-BTC-ETH-USDT,ETH,USDT->BTC->ETH->USDT,Binance,-2.433440,-40.396157,NO,1827.71,"{""extra_buffer_bps"":8.0,""fee_bps_per_leg"":10.0,""top_of_book_only"":true}"
2026-09-19T13:25:56+00:00,cex_triangle,ETH:USDT-ETH-BTC-USDT,ETH,USDT->ETH->BTC->USDT,Binance,-0.687539,-38.655489,NO,47.46,"{""extra_buffer_bps"":8.0,""fee_bps_per_leg"":10.0,""top_of_book_only"":true}"
2026-09-19T13:25:56+00:00,cex_triangle,SOL:USDT-BTC-SOL-USDT,SOL,USDT->BTC->SOL->USDT,Binance,-1.523596,-39.489039,NO,1827.71,"{""extra_buffer_bps"":8.0,""fee_bps_per_leg"":10.0,""top_of_book_only"":true}"
2026-09-19T13:25:56+00:00,cex_triangle,SOL:USDT-SOL-BTC-USDT,SOL,USDT->SOL->BTC->USDT,Binance,-0.103844,-38.073542,NO,1282.79,"{""extra_buffer_bps"":8.0,""fee_bps_per_leg"":10.0,""top_of_book_only"":true}"
2026-09-19T13:25:56+00:00,stable_dislocation,USDC:Binance,USDC,above peg,Binance,1.950000,1.950000,NO,1305757.10,"{""mid"":1.000195,""note"":""Peg deviation is a research signal; redemption, venue and issuer risks matter."",""signed_deviation_bps"":1.9499999999994522,""watch_threshold_bps"":10.0}"
2026-09-19T13:25:56+00:00,stable_dislocation_error,USDC:Bybit:error,USDC,n/a,Bybit,0.000000,-9999.000000,NO,,"{""error"":""HTTP Error 403: Forbidden""}"
2026-09-19T13:25:56+00:00,stable_dislocation,FDUSD:Binance,FDUSD,below peg,Binance,6.500000,6.500000,NO,72675.09,"{""mid"":0.99935,""note"":""Peg deviation is a research signal; redemption, venue and issuer risks matter."",""signed_deviation_bps"":-6.500000000000394,""watch_threshold_bps"":10.0}"
2026-09-19T13:25:56+00:00,stable_dislocation_error,FDUSD:Bybit:error,FDUSD,n/a,Bybit,0.000000,-9999.000000,NO,,"{""error"":""HTTP Error 403: Forbidden""}"
2026-09-19T14:10:58+00:00,cex_triangle,ETH:USDT-BTC-ETH-USDT,ETH,USDT->BTC->ETH->USDT,Binance,-3.470664,-41.430273,NO,90186.39,"{""extra_buffer_bps"":8.0,""fee_bps_per_leg"":10.0,""top_of_book_only"":true}"
2026-09-19T14:10:58+00:00,cex_triangle,ETH:USDT-ETH-BTC-USDT,ETH,USDT->ETH->BTC->USDT,Binance,0.348116,-37.622937,NO,15779.62,"{""extra_buffer_bps"":8.0,""fee_bps_per_leg"":10.0,""top_of_book_only"":true}"
2026-09-19T14:10:58+00:00,cex_triangle,SOL:USDT-BTC-SOL-USDT,SOL,USDT->BTC->SOL->USDT,Binance,-1.729790,-39.694616,NO,1282.63,"{""extra_buffer_bps"":8.0,""fee_bps_per_leg"":10.0,""top_of_book_only"":true}"
2026-09-19T14:10:58+00:00,cex_triangle,SOL:USDT-SOL-BTC-USDT,SOL,USDT->SOL->BTC->USDT,Binance,0.103860,-37.866461,NO,760.94,"{""extra_buffer_bps"":8.0,""fee_bps_per_leg"":10.0,""top_of_book_only"":true}"
2026-09-19T14:10:58+00:00,stable_dislocation,USDC:Binance,USDC,above peg,Binance,1.950000,1.950000,NO,1032901.54,"{""mid"":1.000195,""note"":""Peg deviation is a research signal; redemption, venue and issuer risks matter."",""signed_deviation_bps"":1.9499999999994522,""watch_threshold_bps"":10.0}"
2026-09-19T14:10:58+00:00,stable_dislocation_error,USDC:Bybit:error,USDC,n/a,Bybit,0.000000,-9999.000000,NO,,"{""error"":""HTTP Error 403: Forbidden""}"
2026-09-19T14:10:58+00:00,stable_dislocation,FDUSD:Binance,FDUSD,below peg,Binance,6.500000,6.500000,NO,60476.64,"{""mid"":0.99935,""note"":""Peg deviation is a research signal; redemption, venue and issuer risks matter."",""signed_deviation_bps"":-6.500000000000394,""watch_threshold_bps"":10.0}"
2026-09-19T14:10:58+00:00,stable_dislocation_error,FDUSD:Bybit:error,FDUSD,n/a,Bybit,0.000000,-9999.000000,NO,,"{""error"":""HTTP Error 403: Forbidden""}"
2026-09-19T14:29:38+00:00,cex_triangle,ETH:USDT-BTC-ETH-USDT,ETH,USDT->BTC->ETH->USDT,Binance,-0.515010,-38.483476,NO,13610.21,"{""extra_buffer_bps"":8.0,""fee_bps_per_leg"":10.0,""top_of_book_only"":true}"
2026-09-19T14:29:38+00:00,cex_triangle,ETH:USDT-ETH-BTC-USDT,ETH,USDT->ETH->BTC->USDT,Binance,-2.608679,-40.570871,NO,89377.82,"{""extra_buffer_bps"":8.0,""fee_bps_per_leg"":10.0,""top_of_book_only"":true}"
2026-09-19T14:29:38+00:00,cex_triangle,SOL:USDT-BTC-SOL-USDT,SOL,USDT->BTC->SOL->USDT,Binance,1.166400,-36.807105,NO,198.49,"{""extra_buffer_bps"":8.0,""fee_bps_per_leg"":10.0,""top_of_book_only"":true}"
2026-09-19T14:29:38+00:00,cex_triangle,SOL:USDT-SOL-BTC-USDT,SOL,USDT->SOL->BTC->USDT,Binance,-2.786940,-40.748598,NO,631.52,"{""extra_buffer_bps"":8.0,""fee_bps_per_leg"":10.0,""top_of_book_only"":true}"
2026-09-19T14:29:38+00:00,stable_dislocation,USDC:Binance,USDC,above peg,Binance,2.350000,2.350000,NO,2002487.48,"{""mid"":1.000235,""note"":""Peg deviation is a research signal; redemption, venue and issuer risks matter."",""signed_deviation_bps"":2.349999999999852,""watch_threshold_bps"":10.0}"
2026-09-19T14:29:38+00:00,stable_dislocation_error,USDC:Bybit:error,USDC,n/a,Bybit,0.000000,-9999.000000,NO,,"{""error"":""HTTP Error 403: Forbidden""}"
2026-09-19T14:29:38+00:00,stable_dislocation,FDUSD:Binance,FDUSD,below peg,Binance,6.500000,6.500000,NO,94051.54,"{""mid"":0.99935,""note"":""Peg deviation is a research signal; redemption, venue and issuer risks matter."",""signed_deviation_bps"":-6.500000000000394,""watch_threshold_bps"":10.0}"
2026-09-19T14:29:38+00:00,stable_dislocation_error,FDUSD:Bybit:error,FDUSD,n/a,Bybit,0.000000,-9999.000000,NO,,"{""error"":""HTTP Error 403: Forbidden""}"
2026-09-19T16:43:03+00:00,cex_triangle,ETH:USDT-BTC-ETH-USDT,ETH,USDT->BTC->ETH->USDT,Binance,-1.079742,-39.046516,NO,7827.56,"{""extra_buffer_bps"":8.0,""fee_bps_per_leg"":10.0,""top_of_book_only"":true}"
2026-09-19T16:43:03+00:00,cex_triangle,ETH:USDT-ETH-BTC-USDT,ETH,USDT->ETH->BTC->USDT,Binance,-2.050644,-40.014508,NO,66.99,"{""extra_buffer_bps"":8.0,""fee_bps_per_leg"":10.0,""top_of_book_only"":true}"
2026-09-19T16:43:03+00:00,cex_triangle,SOL:USDT-BTC-SOL-USDT,SOL,USDT->BTC->SOL->USDT,Binance,-0.603670,-38.571870,NO,1268.55,"{""extra_buffer_bps"":8.0,""fee_bps_per_leg"":10.0,""top_of_book_only"":true}"
2026-09-19T16:43:03+00:00,cex_triangle,SOL:USDT-SOL-BTC-USDT,SOL,USDT->SOL->BTC->USDT,Binance,-1.024816,-38.991755,NO,964.85,"{""extra_buffer_bps"":8.0,""fee_bps_per_leg"":10.0,""top_of_book_only"":true}"
2026-09-19T16:43:03+00:00,stable_dislocation,USDC:Binance,USDC,above peg,Binance,1.950000,1.950000,NO,2704006.69,"{""mid"":1.000195,""note"":""Peg deviation is a research signal; redemption, venue and issuer risks matter."",""signed_deviation_bps"":1.9499999999994522,""watch_threshold_bps"":10.0}"
2026-09-19T16:43:03+00:00,stable_dislocation_error,USDC:Bybit:error,USDC,n/a,Bybit,0.000000,-9999.000000,NO,,"{""error"":""HTTP Error 403: Forbidden""}"
2026-09-19T16:43:03+00:00,stable_dislocation,FDUSD:Binance,FDUSD,below peg,Binance,7.500000,7.500000,NO,5618.06,"{""mid"":0.99925,""note"":""Peg deviation is a research signal; redemption, venue and issuer risks matter."",""signed_deviation_bps"":-7.500000000000284,""watch_threshold_bps"":10.0}"
2026-09-19T16:43:03+00:00,stable_dislocation_error,FDUSD:Bybit:error,FDUSD,n/a,Bybit,0.000000,-9999.000000,NO,,"{""error"":""HTTP Error 403: Forbidden""}"
2026-09-19T17:20:17+00:00,cex_triangle,ETH:USDT-BTC-ETH-USDT,ETH,USDT->BTC->ETH->USDT,Binance,-2.593253,-40.555491,NO,26603.94,"{""extra_buffer_bps"":8.0,""fee_bps_per_leg"":10.0,""top_of_book_only"":true}"
2026-09-19T17:20:17+00:00,cex_triangle,ETH:USDT-ETH-BTC-USDT,ETH,USDT->ETH->BTC->USDT,Binance,-0.523648,-38.492089,NO,2127.42,"{""extra_buffer_bps"":8.0,""fee_bps_per_leg"":10.0,""top_of_book_only"":true}"
2026-09-19T17:20:17+00:00,cex_triangle,SOL:USDT-BTC-SOL-USDT,SOL,USDT->BTC->SOL->USDT,Binance,-3.226456,-41.186796,NO,2406.89,"{""extra_buffer_bps"":8.0,""fee_bps_per_leg"":10.0,""top_of_book_only"":true}"
2026-09-19T17:20:17+00:00,cex_triangle,SOL:USDT-SOL-BTC-USDT,SOL,USDT->SOL->BTC->USDT,Binance,1.603536,-36.371280,NO,1453.05,"{""extra_buffer_bps"":8.0,""fee_bps_per_leg"":10.0,""top_of_book_only"":true}"
2026-09-19T17:20:17+00:00,stable_dislocation,USDC:Binance,USDC,above peg,Binance,1.950000,1.950000,NO,1395449.08,"{""mid"":1.000195,""note"":""Peg deviation is a research signal; redemption, venue and issuer risks matter."",""signed_deviation_bps"":1.9499999999994522,""watch_threshold_bps"":10.0}"
2026-09-19T17:20:17+00:00,stable_dislocation_error,USDC:Bybit:error,USDC,n/a,Bybit,0.000000,-9999.000000,NO,,"{""error"":""HTTP Error 403: Forbidden""}"
2026-09-19T17:20:17+00:00,stable_dislocation,FDUSD:Binance,FDUSD,below peg,Binance,6.500000,6.500000,NO,10117.91,"{""mid"":0.99935,""note"":""Peg deviation is a research signal; redemption, venue and issuer risks matter."",""signed_deviation_bps"":-6.500000000000394,""watch_threshold_bps"":10.0}"
2026-09-19T17:20:17+00:00,stable_dislocation_error,FDUSD:Bybit:error,FDUSD,n/a,Bybit,0.000000,-9999.000000,NO,,"{""error"":""HTTP Error 403: Forbidden""}"
2026-09-19T17:34:06+00:00,cex_triangle,ETH:USDT-BTC-ETH-USDT,ETH,USDT->BTC->ETH->USDT,Binance,-1.358707,-39.324645,NO,40045.28,"{""extra_buffer_bps"":8.0,""fee_bps_per_leg"":10.0,""top_of_book_only"":true}"
2026-09-19T17:34:06+00:00,cex_triangle,ETH:USDT-ETH-BTC-USDT,ETH,USDT->ETH->BTC->USDT,Binance,-1.759332,-39.724069,NO,87692.36,"{""extra_buffer_bps"":8.0,""fee_bps_per_leg"":10.0,""top_of_book_only"":true}"
2026-09-19T17:34:06+00:00,cex_triangle,SOL:USDT-BTC-SOL-USDT,SOL,USDT->BTC->SOL->USDT,Binance,-0.971516,-38.938614,NO,532.21,"{""extra_buffer_bps"":8.0,""fee_bps_per_leg"":10.0,""top_of_book_only"":true}"
2026-09-19T17:34:06+00:00,cex_triangle,SOL:USDT-SOL-BTC-USDT,SOL,USDT->SOL->BTC->USDT,Binance,-0.657055,-38.625096,NO,1520.74,"{""extra_buffer_bps"":8.0,""fee_bps_per_leg"":10.0,""top_of_book_only"":true}"
2026-09-19T17:34:06+00:00,stable_dislocation,USDC:Binance,USDC,above peg,Binance,2.050000,2.050000,NO,1064762.55,"{""mid"":1.000205,""note"":""Peg deviation is a research signal; redemption, venue and issuer risks matter."",""signed_deviation_bps"":2.0500000000001073,""watch_threshold_bps"":10.0}"
2026-09-19T17:34:06+00:00,stable_dislocation_error,USDC:Bybit:error,USDC,n/a,Bybit,0.000000,-9999.000000,NO,,"{""error"":""HTTP Error 403: Forbidden""}"
2026-09-19T17:34:06+00:00,stable_dislocation,FDUSD:Binance,FDUSD,below peg,Binance,8.500000,8.500000,NO,102844.66,"{""mid"":0.99915,""note"":""Peg deviation is a research signal; redemption, venue and issuer risks matter."",""signed_deviation_bps"":-8.500000000000174,""watch_threshold_bps"":10.0}"
2026-09-19T17:34:06+00:00,stable_dislocation_error,FDUSD:Bybit:error,FDUSD,n/a,Bybit,0.000000,-9999.000000,NO,,"{""error"":""HTTP Error 403: Forbidden""}"
2026-09-19T17:57:22+00:00,cex_triangle,ETH:USDT-BTC-ETH-USDT,ETH,USDT->BTC->ETH->USDT,Binance,-0.563096,-38.531418,NO,21050.27,"{""extra_buffer_bps"":8.0,""fee_bps_per_leg"":10.0,""top_of_book_only"":true}"
2026-09-19T17:57:22+00:00,cex_triangle,ETH:USDT-ETH-BTC-USDT,ETH,USDT->ETH->BTC->USDT,Binance,-2.553905,-40.516261,NO,125855.00,"{""extra_buffer_bps"":8.0,""fee_bps_per_leg"":10.0,""top_of_book_only"":true}"
2026-09-19T17:57:22+00:00,cex_triangle,SOL:USDT-BTC-SOL-USDT,SOL,USDT->BTC->SOL->USDT,Binance,-3.816438,-41.775010,NO,2254.11,"{""extra_buffer_bps"":8.0,""fee_bps_per_leg"":10.0,""top_of_book_only"":true}"
2026-09-19T17:57:22+00:00,cex_triangle,SOL:USDT-SOL-BTC-USDT,SOL,USDT->SOL->BTC->USDT,Binance,2.188310,-35.788259,NO,1067.88,"{""extra_buffer_bps"":8.0,""fee_bps_per_leg"":10.0,""top_of_book_only"":true}"
2026-09-19T17:57:22+00:00,stable_dislocation,USDC:Binance,USDC,above peg,Binance,1.750000,1.750000,NO,1501468.22,"{""mid"":1.000175,""note"":""Peg deviation is a research signal; redemption, venue and issuer risks matter."",""signed_deviation_bps"":1.7500000000003624,""watch_threshold_bps"":10.0}"
2026-09-19T17:57:22+00:00,stable_dislocation_error,USDC:Bybit:error,USDC,n/a,Bybit,0.000000,-9999.000000,NO,,"{""error"":""HTTP Error 403: Forbidden""}"
2026-09-19T17:57:22+00:00,stable_dislocation,FDUSD:Binance,FDUSD,below peg,Binance,8.500000,8.500000,NO,68934.81,"{""mid"":0.99915,""note"":""Peg deviation is a research signal; redemption, venue and issuer risks matter."",""signed_deviation_bps"":-8.500000000000174,""watch_threshold_bps"":10.0}"
2026-09-19T17:57:22+00:00,stable_dislocation_error,FDUSD:Bybit:error,FDUSD,n/a,Bybit,0.000000,-9999.000000,NO,,"{""error"":""HTTP Error 403: Forbidden""}"
2026-09-19T18:59:04+00:00,cex_triangle,ETH:USDT-BTC-ETH-USDT,ETH,USDT->BTC->ETH->USDT,Binance,-2.254531,-40.217784,NO,23141.68,"{""extra_buffer_bps"":8.0,""fee_bps_per_leg"":10.0,""top_of_book_only"":true}"
2026-09-19T18:59:04+00:00,cex_triangle,ETH:USDT-ETH-BTC-USDT,ETH,USDT->ETH->BTC->USDT,Binance,-0.871210,-38.838609,NO,87661.52,"{""extra_buffer_bps"":8.0,""fee_bps_per_leg"":10.0,""top_of_book_only"":true}"
2026-09-19T18:59:04+00:00,cex_triangle,SOL:USDT-BTC-SOL-USDT,SOL,USDT->BTC->SOL->USDT,Binance,-2.216098,-40.179466,NO,3487.83,"{""extra_buffer_bps"":8.0,""fee_bps_per_leg"":10.0,""top_of_book_only"":true}"
2026-09-19T18:59:04+00:00,cex_triangle,SOL:USDT-SOL-BTC-USDT,SOL,USDT->SOL->BTC->USDT,Binance,0.582510,-37.389246,NO,1014.30,"{""extra_buffer_bps"":8.0,""fee_bps_per_leg"":10.0,""top_of_book_only"":true}"
2026-09-19T18:59:04+00:00,stable_dislocation,USDC:Binance,USDC,above peg,Binance,1.550000,1.550000,NO,2636017.70,"{""mid"":1.000155,""note"":""Peg deviation is a research signal; redemption, venue and issuer risks matter."",""signed_deviation_bps"":1.5499999999990521,""watch_threshold_bps"":10.0}"
2026-09-19T18:59:04+00:00,stable_dislocation_error,USDC:Bybit:error,USDC,n/a,Bybit,0.000000,-9999.000000,NO,,"{""error"":""HTTP Error 403: Forbidden""}"
2026-09-19T18:59:04+00:00,stable_dislocation,FDUSD:Binance,FDUSD,below peg,Binance,8.500000,8.500000,NO,88997.74,"{""mid"":0.99915,""note"":""Peg deviation is a research signal; redemption, venue and issuer risks matter."",""signed_deviation_bps"":-8.500000000000174,""watch_threshold_bps"":10.0}"
2026-09-19T18:59:04+00:00,stable_dislocation_error,FDUSD:Bybit:error,FDUSD,n/a,Bybit,0.000000,-9999.000000,NO,,"{""error"":""HTTP Error 403: Forbidden""}"
2026-09-19T19:31:27+00:00,cex_triangle,ETH:USDT-BTC-ETH-USDT,ETH,USDT->BTC->ETH->USDT,Binance,-4.092485,-42.050230,NO,12581.90,"{""extra_buffer_bps"":8.0,""fee_bps_per_leg"":10.0,""top_of_book_only"":true}"
2026-09-19T19:31:27+00:00,cex_triangle,ETH:USDT-ETH-BTC-USDT,ETH,USDT->ETH->BTC->USDT,Binance,0.968270,-37.004642,NO,72287.01,"{""extra_buffer_bps"":8.0,""fee_bps_per_leg"":10.0,""top_of_book_only"":true}"
2026-09-19T19:31:27+00:00,cex_triangle,SOL:USDT-BTC-SOL-USDT,SOL,USDT->BTC->SOL->USDT,Binance,-2.284249,-40.247413,NO,1066.98,"{""extra_buffer_bps"":8.0,""fee_bps_per_leg"":10.0,""top_of_book_only"":true}"
2026-09-19T19:31:27+00:00,cex_triangle,SOL:USDT-SOL-BTC-USDT,SOL,USDT->SOL->BTC->USDT,Binance,0.654520,-37.317451,NO,2701.80,"{""extra_buffer_bps"":8.0,""fee_bps_per_leg"":10.0,""top_of_book_only"":true}"
2026-09-19T19:31:27+00:00,stable_dislocation,USDC:Binance,USDC,above peg,Binance,1.650000,1.650000,NO,1474580.64,"{""mid"":1.000165,""note"":""Peg deviation is a research signal; redemption, venue and issuer risks matter."",""signed_deviation_bps"":1.6499999999997073,""watch_threshold_bps"":10.0}"
2026-09-19T19:31:27+00:00,stable_dislocation_error,USDC:Bybit:error,USDC,n/a,Bybit,0.000000,-9999.000000,NO,,"{""error"":""HTTP Error 403: Forbidden""}"
2026-09-19T19:31:27+00:00,stable_dislocation,FDUSD:Binance,FDUSD,below peg,Binance,8.500000,8.500000,NO,111830.46,"{""mid"":0.99915,""note"":""Peg deviation is a research signal; redemption, venue and issuer risks matter."",""signed_deviation_bps"":-8.500000000000174,""watch_threshold_bps"":10.0}"
2026-09-19T19:31:27+00:00,stable_dislocation_error,FDUSD:Bybit:error,FDUSD,n/a,Bybit,0.000000,-9999.000000,NO,,"{""error"":""HTTP Error 403: Forbidden""}"
2026-09-19T19:43:45+00:00,cex_triangle,ETH:USDT-BTC-ETH-USDT,ETH,USDT->BTC->ETH->USDT,Binance,-1.905536,-39.869835,NO,64776.77,"{""extra_buffer_bps"":8.0,""fee_bps_per_leg"":10.0,""top_of_book_only"":true}"
2026-09-19T19:43:45+00:00,cex_triangle,ETH:USDT-ETH-BTC-USDT,ETH,USDT->ETH->BTC->USDT,Binance,-1.217393,-39.183755,NO,49414.96,"{""extra_buffer_bps"":8.0,""fee_bps_per_leg"":10.0,""top_of_book_only"":true}"
2026-09-19T19:43:45+00:00,cex_triangle,SOL:USDT-BTC-SOL-USDT,SOL,USDT->BTC->SOL->USDT,Binance,-1.155260,-39.121807,NO,1400.19,"{""extra_buffer_bps"":8.0,""fee_bps_per_leg"":10.0,""top_of_book_only"":true}"
2026-09-19T19:43:45+00:00,cex_triangle,SOL:USDT-SOL-BTC-USDT,SOL,USDT->SOL->BTC->USDT,Binance,-0.475265,-38.443851,NO,1693.17,"{""extra_buffer_bps"":8.0,""fee_bps_per_leg"":10.0,""top_of_book_only"":true}"
2026-09-19T19:43:45+00:00,stable_dislocation,USDC:Binance,USDC,above peg,Binance,1.650000,1.650000,NO,1837662.35,"{""mid"":1.000165,""note"":""Peg deviation is a research signal; redemption, venue and issuer risks matter."",""signed_deviation_bps"":1.6499999999997073,""watch_threshold_bps"":10.0}"
2026-09-19T19:43:45+00:00,stable_dislocation_error,USDC:Bybit:error,USDC,n/a,Bybit,0.000000,-9999.000000,NO,,"{""error"":""HTTP Error 403: Forbidden""}"
2026-09-19T19:43:45+00:00,stable_dislocation,FDUSD:Binance,FDUSD,below peg,Binance,8.500000,8.500000,NO,62474.98,"{""mid"":0.99915,""note"":""Peg deviation is a research signal; redemption, venue and issuer risks matter."",""signed_deviation_bps"":-8.500000000000174,""watch_threshold_bps"":10.0}"
2026-09-19T19:43:45+00:00,stable_dislocation_error,FDUSD:Bybit:error,FDUSD,n/a,Bybit,0.000000,-9999.000000,NO,,"{""error"":""HTTP Error 403: Forbidden""}"
2026-09-19T20:33:02+00:00,cex_triangle,ETH:USDT-BTC-ETH-USDT,ETH,USDT->BTC->ETH->USDT,Binance,-2.203596,-40.167002,NO,32498.13,"{""extra_buffer_bps"":8.0,""fee_bps_per_leg"":10.0,""top_of_book_only"":true}"
2026-09-19T20:33:02+00:00,cex_triangle,ETH:USDT-ETH-BTC-USDT,ETH,USDT->ETH->BTC->USDT,Binance,-1.025731,-38.992667,NO,22.75,"{""extra_buffer_bps"":8.0,""fee_bps_per_leg"":10.0,""top_of_book_only"":true}"
2026-09-19T20:33:02+00:00,cex_triangle,SOL:USDT-BTC-SOL-USDT,SOL,USDT->BTC->SOL->USDT,Binance,0.518523,-37.453041,NO,1535.20,"{""extra_buffer_bps"":8.0,""fee_bps_per_leg"":10.0,""top_of_book_only"":true}"
2026-09-19T20:33:02+00:00,cex_triangle,SOL:USDT-SOL-BTC-USDT,SOL,USDT->SOL->BTC->USDT,Binance,-2.259783,-40.223020,NO,22.75,"{""extra_buffer_bps"":8.0,""fee_bps_per_leg"":10.0,""top_of_book_only"":true}"
2026-09-19T20:33:02+00:00,stable_dislocation,USDC:Binance,USDC,above peg,Binance,1.850000,1.850000,NO,3128425.02,"{""mid"":1.000185,""note"":""Peg deviation is a research signal; redemption, venue and issuer risks matter."",""signed_deviation_bps"":1.8500000000010175,""watch_threshold_bps"":10.0}"
2026-09-19T20:33:02+00:00,stable_dislocation_error,USDC:Bybit:error,USDC,n/a,Bybit,0.000000,-9999.000000,NO,,"{""error"":""HTTP Error 403: Forbidden""}"
2026-09-19T20:33:02+00:00,stable_dislocation,FDUSD:Binance,FDUSD,below peg,Binance,8.500000,8.500000,NO,9152.76,"{""mid"":0.99915,""note"":""Peg deviation is a research signal; redemption, venue and issuer risks matter."",""signed_deviation_bps"":-8.500000000000174,""watch_threshold_bps"":10.0}"
2026-09-19T20:33:02+00:00,stable_dislocation_error,FDUSD:Bybit:error,FDUSD,n/a,Bybit,0.000000,-9999.000000,NO,,"{""error"":""HTTP Error 403: Forbidden""}"
2026-09-19T21:28:22+00:00,cex_triangle,ETH:USDT-BTC-ETH-USDT,ETH,USDT->BTC->ETH->USDT,Binance,-1.662481,-39.627508,NO,37481.14,"{""extra_buffer_bps"":8.0,""fee_bps_per_leg"":10.0,""top_of_book_only"":true}"
2026-09-19T21:28:22+00:00,cex_triangle,ETH:USDT-ETH-BTC-USDT,ETH,USDT->ETH->BTC->USDT,Binance,-1.460601,-39.426233,NO,35291.40,"{""extra_buffer_bps"":8.0,""fee_bps_per_leg"":10.0,""top_of_book_only"":true}"
2026-09-19T21:28:22+00:00,cex_triangle,SOL:USDT-BTC-SOL-USDT,SOL,USDT->BTC->SOL->USDT,Binance,-1.311092,-39.277173,NO,2583.38,"{""extra_buffer_bps"":8.0,""fee_bps_per_leg"":10.0,""top_of_book_only"":true}"
2026-09-19T21:28:22+00:00,cex_triangle,SOL:USDT-SOL-BTC-USDT,SOL,USDT->SOL->BTC->USDT,Binance,-0.324391,-38.293428,NO,332.31,"{""extra_buffer_bps"":8.0,""fee_bps_per_leg"":10.0,""top_of_book_only"":true}"
2026-09-19T21:28:22+00:00,stable_dislocation,USDC:Binance,USDC,above peg,Binance,1.850000,1.850000,NO,1352953.01,"{""mid"":1.000185,""note"":""Peg deviation is a research signal; redemption, venue and issuer risks matter."",""signed_deviation_bps"":1.8500000000010175,""watch_threshold_bps"":10.0}"
2026-09-19T21:28:22+00:00,stable_dislocation_error,USDC:Bybit:error,USDC,n/a,Bybit,0.000000,-9999.000000,NO,,"{""error"":""HTTP Error 403: Forbidden""}"
2026-09-19T21:28:22+00:00,stable_dislocation,FDUSD:Binance,FDUSD,below peg,Binance,9.500000,9.500000,NO,62189.75,"{""mid"":0.99905,""note"":""Peg deviation is a research signal; redemption, venue and issuer risks matter."",""signed_deviation_bps"":-9.500000000000064,""watch_threshold_bps"":10.0}"
2026-09-19T21:28:22+00:00,stable_dislocation_error,FDUSD:Bybit:error,FDUSD,n/a,Bybit,0.000000,-9999.000000,NO,,"{""error"":""HTTP Error 403: Forbidden""}"
2026-09-19T21:39:39+00:00,cex_triangle,ETH:USDT-BTC-ETH-USDT,ETH,USDT->BTC->ETH->USDT,Binance,-1.542692,-39.508078,NO,92832.23,"{""extra_buffer_bps"":8.0,""fee_bps_per_leg"":10.0,""top_of_book_only"":true}"
2026-09-19T21:39:39+00:00,cex_triangle,ETH:USDT-ETH-BTC-USDT,ETH,USDT->ETH->BTC->USDT,Binance,-1.583279,-39.548544,NO,10934.16,"{""extra_buffer_bps"":8.0,""fee_bps_per_leg"":10.0,""top_of_book_only"":true}"
2026-09-19T21:39:39+00:00,cex_triangle,SOL:USDT-BTC-SOL-USDT,SOL,USDT->BTC->SOL->USDT,Binance,-0.866823,-38.834235,NO,1601.52,"{""extra_buffer_bps"":8.0,""fee_bps_per_leg"":10.0,""top_of_book_only"":true}"
2026-09-19T21:39:39+00:00,cex_triangle,SOL:USDT-SOL-BTC-USDT,SOL,USDT->SOL->BTC->USDT,Binance,-0.773635,-38.741327,NO,186.64,"{""extra_buffer_bps"":8.0,""fee_bps_per_leg"":10.0,""top_of_book_only"":true}"
2026-09-19T21:39:39+00:00,stable_dislocation,USDC:Binance,USDC,above peg,Binance,1.850000,1.850000,NO,1739027.35,"{""mid"":1.000185,""note"":""Peg deviation is a research signal; redemption, venue and issuer risks matter."",""signed_deviation_bps"":1.8500000000010175,""watch_threshold_bps"":10.0}"
2026-09-19T21:39:39+00:00,stable_dislocation_error,USDC:Bybit:error,USDC,n/a,Bybit,0.000000,-9999.000000,NO,,"{""error"":""HTTP Error 403: Forbidden""}"
2026-09-19T21:39:39+00:00,stable_dislocation,FDUSD:Binance,FDUSD,below peg,Binance,9.500000,9.500000,NO,98468.43,"{""mid"":0.99905,""note"":""Peg deviation is a research signal; redemption, venue and issuer risks matter."",""signed_deviation_bps"":-9.500000000000064,""watch_threshold_bps"":10.0}"
2026-09-19T21:39:39+00:00,stable_dislocation_error,FDUSD:Bybit:error,FDUSD,n/a,Bybit,0.000000,-9999.000000,NO,,"{""error"":""HTTP Error 403: Forbidden""}"
2026-09-19T21:53:59+00:00,cex_triangle,ETH:USDT-BTC-ETH-USDT,ETH,USDT->BTC->ETH->USDT,Binance,-1.217473,-39.183835,NO,2446.16,"{""extra_buffer_bps"":8.0,""fee_bps_per_leg"":10.0,""top_of_book_only"":true}"
2026-09-19T21:53:59+00:00,cex_triangle,ETH:USDT-ETH-BTC-USDT,ETH,USDT->ETH->BTC->USDT,Binance,-1.908459,-39.872749,NO,24986.62,"{""extra_buffer_bps"":8.0,""fee_bps_per_leg"":10.0,""top_of_book_only"":true}"
2026-09-19T21:53:59+00:00,cex_triangle,SOL:USDT-BTC-SOL-USDT,SOL,USDT->BTC->SOL->USDT,Binance,-0.068014,-38.037820,NO,12.18,"{""extra_buffer_bps"":8.0,""fee_bps_per_leg"":10.0,""top_of_book_only"":true}"
2026-09-19T21:53:59+00:00,cex_triangle,SOL:USDT-SOL-BTC-USDT,SOL,USDT->SOL->BTC->USDT,Binance,-1.569214,-39.534521,NO,2387.36,"{""extra_buffer_bps"":8.0,""fee_bps_per_leg"":10.0,""top_of_book_only"":true}"
2026-09-19T21:53:59+00:00,stable_dislocation,USDC:Binance,USDC,above peg,Binance,2.250000,2.250000,NO,1597742.43,"{""mid"":1.000225,""note"":""Peg deviation is a research signal; redemption, venue and issuer risks matter."",""signed_deviation_bps"":2.249999999999197,""watch_threshold_bps"":10.0}"
2026-09-19T21:53:59+00:00,stable_dislocation_error,USDC:Bybit:error,USDC,n/a,Bybit,0.000000,-9999.000000,NO,,"{""error"":""HTTP Error 403: Forbidden""}"
2026-09-19T21:53:59+00:00,stable_dislocation,FDUSD:Binance,FDUSD,below peg,Binance,9.500000,9.500000,NO,92944.27,"{""mid"":0.99905,""note"":""Peg deviation is a research signal; redemption, venue and issuer risks matter."",""signed_deviation_bps"":-9.500000000000064,""watch_threshold_bps"":10.0}"
2026-09-19T21:53:59+00:00,stable_dislocation_error,FDUSD:Bybit:error,FDUSD,n/a,Bybit,0.000000,-9999.000000,NO,,"{""error"":""HTTP Error 403: Forbidden""}"
2026-09-19T22:55:41+00:00,cex_triangle,ETH:USDT-BTC-ETH-USDT,ETH,USDT->BTC->ETH->USDT,Binance,1.200689,-36.772919,NO,17.37,"{""extra_buffer_bps"":8.0,""fee_bps_per_leg"":10.0,""top_of_book_only"":true}"
2026-09-19T22:55:41+00:00,cex_triangle,ETH:USDT-ETH-BTC-USDT,ETH,USDT->ETH->BTC->USDT,Binance,-4.327712,-42.284752,NO,34030.96,"{""extra_buffer_bps"":8.0,""fee_bps_per_leg"":10.0,""top_of_book_only"":true}"
2026-09-19T22:55:41+00:00,cex_triangle,SOL:USDT-BTC-SOL-USDT,SOL,USDT->BTC->SOL->USDT,Binance,0.059081,-37.911106,NO,11746.96,"{""extra_buffer_bps"":8.0,""fee_bps_per_leg"":10.0,""top_of_book_only"":true}"
2026-09-19T22:55:41+00:00,cex_triangle,SOL:USDT-SOL-BTC-USDT,SOL,USDT->SOL->BTC->USDT,Binance,-1.696871,-39.661796,NO,49.84,"{""extra_buffer_bps"":8.0,""fee_bps_per_leg"":10.0,""top_of_book_only"":true}"
2026-09-19T22:55:41+00:00,stable_dislocation,USDC:Binance,USDC,above peg,Binance,2.250000,2.250000,NO,1399711.86,"{""mid"":1.000225,""note"":""Peg deviation is a research signal; redemption, venue and issuer risks matter."",""signed_deviation_bps"":2.249999999999197,""watch_threshold_bps"":10.0}"
2026-09-19T22:55:41+00:00,stable_dislocation_error,USDC:Bybit:error,USDC,n/a,Bybit,0.000000,-9999.000000,NO,,"{""error"":""HTTP Error 403: Forbidden""}"
2026-09-19T22:55:41+00:00,stable_dislocation,FDUSD:Binance,FDUSD,below peg,Binance,7.500000,7.500000,NO,109770.11,"{""mid"":0.99925,""note"":""Peg deviation is a research signal; redemption, venue and issuer risks matter."",""signed_deviation_bps"":-7.500000000000284,""watch_threshold_bps"":10.0}"
2026-09-19T22:55:41+00:00,stable_dislocation_error,FDUSD:Bybit:error,FDUSD,n/a,Bybit,0.000000,-9999.000000,NO,,"{""error"":""HTTP Error 403: Forbidden""}"
2026-09-19T23:36:16+00:00,cex_triangle,ETH:USDT-BTC-ETH-USDT,ETH,USDT->BTC->ETH->USDT,Binance,1.160509,-36.812979,NO,17.40,"{""extra_buffer_bps"":8.0,""fee_bps_per_leg"":10.0,""top_of_book_only"":true}"
2026-09-19T23:36:16+00:00,cex_triangle,ETH:USDT-ETH-BTC-USDT,ETH,USDT->ETH->BTC->USDT,Binance,-4.285578,-42.242744,NO,15316.05,"{""extra_buffer_bps"":8.0,""fee_bps_per_leg"":10.0,""top_of_book_only"":true}"
2026-09-19T23:36:16+00:00,cex_triangle,SOL:USDT-BTC-SOL-USDT,SOL,USDT->BTC->SOL->USDT,Binance,1.429956,-36.544340,NO,141.75,"{""extra_buffer_bps"":8.0,""fee_bps_per_leg"":10.0,""top_of_book_only"":true}"
2026-09-19T23:36:16+00:00,cex_triangle,SOL:USDT-SOL-BTC-USDT,SOL,USDT->SOL->BTC->USDT,Binance,-3.061812,-41.022646,NO,3454.56,"{""extra_buffer_bps"":8.0,""fee_bps_per_leg"":10.0,""top_of_book_only"":true}"
2026-09-19T23:36:16+00:00,stable_dislocation,USDC:Binance,USDC,above peg,Binance,2.150000,2.150000,NO,546529.21,"{""mid"":1.000215,""note"":""Peg deviation is a research signal; redemption, venue and issuer risks matter."",""signed_deviation_bps"":2.1500000000007624,""watch_threshold_bps"":10.0}"
2026-09-19T23:36:16+00:00,stable_dislocation_error,USDC:Bybit:error,USDC,n/a,Bybit,0.000000,-9999.000000,NO,,"{""error"":""HTTP Error 403: Forbidden""}"
2026-09-19T23:36:16+00:00,stable_dislocation,FDUSD:Binance,FDUSD,below peg,Binance,7.500000,7.500000,NO,212784.95,"{""mid"":0.99925,""note"":""Peg deviation is a research signal; redemption, venue and issuer risks matter."",""signed_deviation_bps"":-7.500000000000284,""watch_threshold_bps"":10.0}"
2026-09-19T23:36:16+00:00,stable_dislocation_error,FDUSD:Bybit:error,FDUSD,n/a,Bybit,0.000000,-9999.000000,NO,,"{""error"":""HTTP Error 403: Forbidden""}"
2026-09-19T23:47:11+00:00,cex_triangle,ETH:USDT-BTC-ETH-USDT,ETH,USDT->BTC->ETH->USDT,Binance,-2.489156,-40.451706,NO,13842.28,"{""extra_buffer_bps"":8.0,""fee_bps_per_leg"":10.0,""top_of_book_only"":true}"
2026-09-19T23:47:11+00:00,cex_triangle,ETH:USDT-ETH-BTC-USDT,ETH,USDT->ETH->BTC->USDT,Binance,-0.633726,-38.601836,NO,63665.25,"{""extra_buffer_bps"":8.0,""fee_bps_per_leg"":10.0,""top_of_book_only"":true}"
2026-09-19T23:47:11+00:00,cex_triangle,SOL:USDT-BTC-SOL-USDT,SOL,USDT->BTC->SOL->USDT,Binance,0.433767,-37.537543,NO,1363.73,"{""extra_buffer_bps"":8.0,""fee_bps_per_leg"":10.0,""top_of_book_only"":true}"
2026-09-19T23:47:11+00:00,cex_triangle,SOL:USDT-SOL-BTC-USDT,SOL,USDT->SOL->BTC->USDT,Binance,-2.066136,-40.029954,NO,1852.54,"{""extra_buffer_bps"":8.0,""fee_bps_per_leg"":10.0,""top_of_book_only"":true}"
2026-09-19T23:47:11+00:00,stable_dislocation,USDC:Binance,USDC,above peg,Binance,2.150000,2.150000,NO,1474983.42,"{""mid"":1.000215,""note"":""Peg deviation is a research signal; redemption, venue and issuer risks matter."",""signed_deviation_bps"":2.1500000000007624,""watch_threshold_bps"":10.0}"
2026-09-19T23:47:11+00:00,stable_dislocation_error,USDC:Bybit:error,USDC,n/a,Bybit,0.000000,-9999.000000,NO,,"{""error"":""HTTP Error 403: Forbidden""}"
2026-09-19T23:47:11+00:00,stable_dislocation,FDUSD:Binance,FDUSD,below peg,Binance,7.500000,7.500000,NO,194955.91,"{""mid"":0.99925,""note"":""Peg deviation is a research signal; redemption, venue and issuer risks matter."",""signed_deviation_bps"":-7.500000000000284,""watch_threshold_bps"":10.0}"
2026-09-19T23:47:11+00:00,stable_dislocation_error,FDUSD:Bybit:error,FDUSD,n/a,Bybit,0.000000,-9999.000000,NO,,"{""error"":""HTTP Error 403: Forbidden""}"
2026-09-20T01:01:14+00:00,cex_triangle,ETH:USDT-BTC-ETH-USDT,ETH,USDT->BTC->ETH->USDT,Binance,-2.731882,-40.693705,NO,1787.17,"{""extra_buffer_bps"":8.0,""fee_bps_per_leg"":10.0,""top_of_book_only"":true}"
2026-09-20T01:01:14+00:00,cex_triangle,ETH:USDT-ETH-BTC-USDT,ETH,USDT->ETH->BTC->USDT,Binance,-0.401576,-38.370383,NO,64389.19,"{""extra_buffer_bps"":8.0,""fee_bps_per_leg"":10.0,""top_of_book_only"":true}"
2026-09-20T01:01:14+00:00,cex_triangle,SOL:USDT-BTC-SOL-USDT,SOL,USDT->BTC->SOL->USDT,Binance,-1.393753,-39.359586,NO,1000.71,"{""extra_buffer_bps"":8.0,""fee_bps_per_leg"":10.0,""top_of_book_only"":true}"
2026-09-20T01:01:14+00:00,cex_triangle,SOL:USDT-SOL-BTC-USDT,SOL,USDT->SOL->BTC->USDT,Binance,-0.241406,-38.210693,NO,332.82,"{""extra_buffer_bps"":8.0,""fee_bps_per_leg"":10.0,""top_of_book_only"":true}"
2026-09-20T01:01:14+00:00,stable_dislocation,USDC:Binance,USDC,above peg,Binance,1.950000,1.950000,NO,1567532.77,"{""mid"":1.000195,""note"":""Peg deviation is a research signal; redemption, venue and issuer risks matter."",""signed_deviation_bps"":1.9499999999994522,""watch_threshold_bps"":10.0}"
2026-09-20T01:01:14+00:00,stable_dislocation_error,USDC:Bybit:error,USDC,n/a,Bybit,0.000000,-9999.000000,NO,,"{""error"":""HTTP Error 403: Forbidden""}"
2026-09-20T01:01:14+00:00,stable_dislocation,FDUSD:Binance,FDUSD,below peg,Binance,8.500000,8.500000,NO,109196.57,"{""mid"":0.99915,""note"":""Peg deviation is a research signal; redemption, venue and issuer risks matter."",""signed_deviation_bps"":-8.500000000000174,""watch_threshold_bps"":10.0}"
2026-09-20T01:01:14+00:00,stable_dislocation_error,FDUSD:Bybit:error,FDUSD,n/a,Bybit,0.000000,-9999.000000,NO,,"{""error"":""HTTP Error 403: Forbidden""}"
2026-09-20T01:41:22+00:00,cex_triangle,ETH:USDT-BTC-ETH-USDT,ETH,USDT->BTC->ETH->USDT,Binance,-0.596425,-38.564648,NO,23130.29,"{""extra_buffer_bps"":8.0,""fee_bps_per_leg"":10.0,""top_of_book_only"":true}"
2026-09-20T01:41:22+00:00,cex_triangle,ETH:USDT-ETH-BTC-USDT,ETH,USDT->ETH->BTC->USDT,Binance,-2.539094,-40.501494,NO,46231.95,"{""extra_buffer_bps"":8.0,""fee_bps_per_leg"":10.0,""top_of_book_only"":true}"
2026-09-20T01:41:22+00:00,cex_triangle,SOL:USDT-BTC-SOL-USDT,SOL,USDT->BTC->SOL->USDT,Binance,0.169126,-37.801391,NO,1537.94,"{""extra_buffer_bps"":8.0,""fee_bps_per_leg"":10.0,""top_of_book_only"":true}"
2026-09-20T01:41:22+00:00,cex_triangle,SOL:USDT-SOL-BTC-USDT,SOL,USDT->SOL->BTC->USDT,Binance,-1.812472,-39.777050,NO,845.85,"{""extra_buffer_bps"":8.0,""fee_bps_per_leg"":10.0,""top_of_book_only"":true}"
2026-09-20T01:41:22+00:00,stable_dislocation,USDC:Binance,USDC,above peg,Binance,2.250000,2.250000,NO,1646022.50,"{""mid"":1.000225,""note"":""Peg deviation is a research signal; redemption, venue and issuer risks matter."",""signed_deviation_bps"":2.249999999999197,""watch_threshold_bps"":10.0}"
2026-09-20T01:41:22+00:00,stable_dislocation_error,USDC:Bybit:error,USDC,n/a,Bybit,0.000000,-9999.000000,NO,,"{""error"":""HTTP Error 403: Forbidden""}"
2026-09-20T01:41:22+00:00,stable_dislocation,FDUSD:Binance,FDUSD,below peg,Binance,8.500000,8.500000,NO,192871.58,"{""mid"":0.99915,""note"":""Peg deviation is a research signal; redemption, venue and issuer risks matter."",""signed_deviation_bps"":-8.500000000000174,""watch_threshold_bps"":10.0}"
2026-09-20T01:41:22+00:00,stable_dislocation_error,FDUSD:Bybit:error,FDUSD,n/a,Bybit,0.000000,-9999.000000,NO,,"{""error"":""HTTP Error 403: Forbidden""}"
2026-09-20T01:58:07+00:00,cex_triangle,ETH:USDT-BTC-ETH-USDT,ETH,USDT->BTC->ETH->USDT,Binance,-3.286586,-41.246746,NO,11704.63,"{""extra_buffer_bps"":8.0,""fee_bps_per_leg"":10.0,""top_of_book_only"":true}"
2026-09-20T01:58:07+00:00,cex_triangle,ETH:USDT-ETH-BTC-USDT,ETH,USDT->ETH->BTC->USDT,Binance,0.152218,-37.818248,NO,27554.91,"{""extra_buffer_bps"":8.0,""fee_bps_per_leg"":10.0,""top_of_book_only"":true}"
2026-09-20T01:58:07+00:00,cex_triangle,SOL:USDT-BTC-SOL-USDT,SOL,USDT->BTC->SOL->USDT,Binance,-0.703142,-38.671045,NO,1198.29,"{""extra_buffer_bps"":8.0,""fee_bps_per_leg"":10.0,""top_of_book_only"":true}"
2026-09-20T01:58:07+00:00,cex_triangle,SOL:USDT-SOL-BTC-USDT,SOL,USDT->SOL->BTC->USDT,Binance,-0.941830,-38.909017,NO,664.26,"{""extra_buffer_bps"":8.0,""fee_bps_per_leg"":10.0,""top_of_book_only"":true}"
2026-09-20T01:58:07+00:00,stable_dislocation,USDC:Binance,USDC,above peg,Binance,2.350000,2.350000,NO,802537.56,"{""mid"":1.000235,""note"":""Peg deviation is a research signal; redemption, venue and issuer risks matter."",""signed_deviation_bps"":2.349999999999852,""watch_threshold_bps"":10.0}"
2026-09-20T01:58:07+00:00,stable_dislocation_error,USDC:Bybit:error,USDC,n/a,Bybit,0.000000,-9999.000000,NO,,"{""error"":""HTTP Error 403: Forbidden""}"
2026-09-20T01:58:07+00:00,stable_dislocation,FDUSD:Binance,FDUSD,below peg,Binance,8.500000,8.500000,NO,110866.24,"{""mid"":0.99915,""note"":""Peg deviation is a research signal; redemption, venue and issuer risks matter."",""signed_deviation_bps"":-8.500000000000174,""watch_threshold_bps"":10.0}"
2026-09-20T01:58:07+00:00,stable_dislocation_error,FDUSD:Bybit:error,FDUSD,n/a,Bybit,0.000000,-9999.000000,NO,,"{""error"":""HTTP Error 403: Forbidden""}"
2026-09-20T06:05:56+00:00,cex_triangle,ETH:USDT-BTC-ETH-USDT,ETH,USDT->BTC->ETH->USDT,Binance,-1.403544,-39.369348,NO,13092.04,"{""extra_buffer_bps"":8.0,""fee_bps_per_leg"":10.0,""top_of_book_only"":true}"
2026-09-20T06:05:56+00:00,cex_triangle,ETH:USDT-ETH-BTC-USDT,ETH,USDT->ETH->BTC->USDT,Binance,-1.758822,-39.723561,NO,77388.32,"{""extra_buffer_bps"":8.0,""fee_bps_per_leg"":10.0,""top_of_book_only"":true}"
2026-09-20T06:05:56+00:00,cex_triangle,SOL:USDT-BTC-SOL-USDT,SOL,USDT->BTC->SOL->USDT,Binance,-10.125040,-48.064705,NO,827.69,"{""extra_buffer_bps"":8.0,""fee_bps_per_leg"":10.0,""top_of_book_only"":true}"
2026-09-20T06:05:56+00:00,cex_triangle,SOL:USDT-SOL-BTC-USDT,SOL,USDT->SOL->BTC->USDT,Binance,5.509483,-32.477039,NO,1008.99,"{""extra_buffer_bps"":8.0,""fee_bps_per_leg"":10.0,""top_of_book_only"":true}"
2026-09-20T06:05:56+00:00,stable_dislocation,USDC:Binance,USDC,above peg,Binance,2.450000,2.450000,NO,674711.64,"{""mid"":1.000245,""note"":""Peg deviation is a research signal; redemption, venue and issuer risks matter."",""signed_deviation_bps"":2.4500000000005073,""watch_threshold_bps"":10.0}"
2026-09-20T06:05:56+00:00,stable_dislocation_error,USDC:Bybit:error,USDC,n/a,Bybit,0.000000,-9999.000000,NO,,"{""error"":""HTTP Error 403: Forbidden""}"
2026-09-20T06:05:56+00:00,stable_dislocation,FDUSD:Binance,FDUSD,below peg,Binance,7.500000,7.500000,NO,51671.80,"{""mid"":0.99925,""note"":""Peg deviation is a research signal; redemption, venue and issuer risks matter."",""signed_deviation_bps"":-7.500000000000284,""watch_threshold_bps"":10.0}"
2026-09-20T06:05:56+00:00,stable_dislocation_error,FDUSD:Bybit:error,FDUSD,n/a,Bybit,0.000000,-9999.000000,NO,,"{""error"":""HTTP Error 403: Forbidden""}"
2026-09-20T07:19:39+00:00,cex_triangle,ETH:USDT-BTC-ETH-USDT,ETH,USDT->BTC->ETH->USDT,Binance,-2.537915,-40.500318,NO,10228.42,"{""extra_buffer_bps"":8.0,""fee_bps_per_leg"":10.0,""top_of_book_only"":true}"
2026-09-20T07:19:39+00:00,cex_triangle,ETH:USDT-ETH-BTC-USDT,ETH,USDT->ETH->BTC->USDT,Binance,-0.623443,-38.591584,NO,60818.16,"{""extra_buffer_bps"":8.0,""fee_bps_per_leg"":10.0,""top_of_book_only"":true}"
2026-09-20T07:19:39+00:00,cex_triangle,SOL:USDT-BTC-SOL-USDT,SOL,USDT->BTC->SOL->USDT,Binance,-1.751560,-39.716320,NO,1044.83,"{""extra_buffer_bps"":8.0,""fee_bps_per_leg"":10.0,""top_of_book_only"":true}"
2026-09-20T07:19:39+00:00,cex_triangle,SOL:USDT-SOL-BTC-USDT,SOL,USDT->SOL->BTC->USDT,Binance,0.091277,-37.879006,NO,226.69,"{""extra_buffer_bps"":8.0,""fee_bps_per_leg"":10.0,""top_of_book_only"":true}"
2026-09-20T07:19:39+00:00,stable_dislocation,USDC:Binance,USDC,above peg,Binance,2.350000,2.350000,NO,2913417.93,"{""mid"":1.000235,""note"":""Peg deviation is a research signal; redemption, venue and issuer risks matter."",""signed_deviation_bps"":2.349999999999852,""watch_threshold_bps"":10.0}"
2026-09-20T07:19:39+00:00,stable_dislocation_error,USDC:Bybit:error,USDC,n/a,Bybit,0.000000,-9999.000000,NO,,"{""error"":""HTTP Error 403: Forbidden""}"
2026-09-20T07:19:39+00:00,stable_dislocation,FDUSD:Binance,FDUSD,below peg,Binance,8.500000,8.500000,NO,281313.77,"{""mid"":0.99915,""note"":""Peg deviation is a research signal; redemption, venue and issuer risks matter."",""signed_deviation_bps"":-8.500000000000174,""watch_threshold_bps"":10.0}"
2026-09-20T07:19:39+00:00,stable_dislocation_error,FDUSD:Bybit:error,FDUSD,n/a,Bybit,0.000000,-9999.000000,NO,,"{""error"":""HTTP Error 403: Forbidden""}"
2026-09-20T11:16:58+00:00,cex_cross_spot,BTC:buy Binance / sell Bybit,BTC,buy Binance / sell Bybit,Binance<->Bybit,-0.438089,-30.438089,NO,43914.28,"{""buffer_bps"":30.0,""buy_ask"":80349.02,""note"":""Assumes capital already present on both venues; transfer/rebalancing costs not included."",""sell_bid"":80345.5}"
2026-09-20T11:16:58+00:00,cex_cross_spot,BTC:buy Bybit / sell Binance,BTC,buy Bybit / sell Binance,Binance<->Bybit,0.424417,-29.575583,NO,21213.81,"{""buffer_bps"":30.0,""buy_ask"":80345.6,""note"":""Assumes capital already present on both venues; transfer/rebalancing costs not included."",""sell_bid"":80349.01}"
2026-09-20T11:16:58+00:00,cex_cross_spot,ETH:buy Binance / sell Bybit,ETH,buy Binance / sell Bybit,Binance<->Bybit,0.622488,-29.377512,NO,169.45,"{""buffer_bps"":30.0,""buy_ask"":2570.33,""note"":""Assumes capital already present on both venues; transfer/rebalancing costs not included."",""sell_bid"":2570.49}"
2026-09-20T11:16:58+00:00,cex_cross_spot,ETH:buy Bybit / sell Binance,ETH,buy Bybit / sell Binance,Binance<->Bybit,-0.700253,-30.700253,NO,6619.37,"{""buffer_bps"":30.0,""buy_ask"":2570.5,""note"":""Assumes capital already present on both venues; transfer/rebalancing costs not included."",""sell_bid"":2570.32}"
2026-09-20T11:16:58+00:00,cex_cross_spot,SOL:buy Binance / sell Bybit,SOL,buy Binance / sell Bybit,Binance<->Bybit,-0.925754,-30.925754,NO,3017.69,"{""buffer_bps"":30.0,""buy_ask"":108.02,""note"":""Assumes capital already present on both venues; transfer/rebalancing costs not included."",""sell_bid"":108.01}"
2026-09-20T11:16:58+00:00,cex_cross_spot,SOL:buy Bybit / sell Binance,SOL,buy Bybit / sell Binance,Binance<->Bybit,-0.925754,-30.925754,NO,3531.27,"{""buffer_bps"":30.0,""buy_ask"":108.02,""note"":""Assumes capital already present on both venues; transfer/rebalancing costs not included."",""sell_bid"":108.01}"
2026-09-20T11:16:58+00:00,cex_triangle,ETH:USDT-BTC-ETH-USDT,ETH,USDT->BTC->ETH->USDT,Binance,-3.300600,-41.260718,NO,9711.44,"{""extra_buffer_bps"":8.0,""fee_bps_per_leg"":10.0,""top_of_book_only"":true}"
2026-09-20T11:16:58+00:00,cex_triangle,ETH:USDT-ETH-BTC-USDT,ETH,USDT->ETH->BTC->USDT,Binance,0.135508,-37.834909,NO,15711.60,"{""extra_buffer_bps"":8.0,""fee_bps_per_leg"":10.0,""top_of_book_only"":true}"
2026-09-20T11:16:58+00:00,cex_triangle,SOL:USDT-BTC-SOL-USDT,SOL,USDT->BTC->SOL->USDT,Binance,-1.038915,-39.005811,NO,1105.81,"{""extra_buffer_bps"":8.0,""fee_bps_per_leg"":10.0,""top_of_book_only"":true}"
2026-09-20T11:16:58+00:00,cex_triangle,SOL:USDT-SOL-BTC-USDT,SOL,USDT->SOL->BTC->USDT,Binance,-0.631907,-38.600023,NO,1152.47,"{""extra_buffer_bps"":8.0,""fee_bps_per_leg"":10.0,""top_of_book_only"":true}"
2026-09-20T11:16:58+00:00,spot_perp_basis,BTC:Binance,BTC,short spot / long perp,Binance,6.081593,6.081593,NO,,"{""funding_rate"":0.0001,""mark_price"":80306.5165942,""note"":""Basis magnitude is a carry signal, not immediate executable profit."",""perp_mid"":80300.15,""signed_basis_bps"":-6.081592910629485,""spot_mid"":80349.015}"
2026-09-20T11:16:58+00:00,spot_perp_basis,BTC:Bybit,BTC,short spot / long perp,Bybit,5.663039,5.663039,NO,,"{""funding_rate"":8.544e-05,""mark_price"":80306.1,""note"":""Basis magnitude is a carry signal, not immediate executable profit."",""perp_mid"":80300.05,""signed_basis_bps"":-5.6630392100121,""spot_mid"":80345.55}"
2026-09-20T11:16:58+00:00,spot_perp_basis,ETH:Binance,ETH,short spot / long perp,Binance,6.108177,6.108177,NO,,"{""funding_rate"":1.58e-05,""mark_price"":2568.98634109,""note"":""Basis magnitude is a carry signal, not immediate executable profit."",""perp_mid"":2568.755,""signed_basis_bps"":-6.108176981508562,""spot_mid"":2570.325}"
2026-09-20T11:16:58+00:00,spot_perp_basis,ETH:Bybit,ETH,short spot / long perp,Bybit,6.963639,6.963639,NO,,"{""funding_rate"":1.33e-05,""mark_price"":2568.89,""note"":""Basis magnitude is a carry signal, not immediate executable profit."",""perp_mid"":2568.705,""signed_basis_bps"":-6.963639299045754,""spot_mid"":2570.495}"
2026-09-20T11:16:58+00:00,spot_perp_basis,SOL:Binance,SOL,short spot / long perp,Binance,4.628987,4.628987,NO,,"{""funding_rate"":0.0001,""mark_price"":107.97,""note"":""Basis magnitude is a carry signal, not immediate executable profit."",""perp_mid"":107.965,""signed_basis_bps"":-4.628986714807493,""spot_mid"":108.015}"
2026-09-20T11:16:58+00:00,spot_perp_basis,SOL:Bybit,SOL,short spot / long perp,Bybit,6.480581,6.480581,NO,,"{""funding_rate"":0.0001,""mark_price"":107.951,""note"":""Basis magnitude is a carry signal, not immediate executable profit."",""perp_mid"":107.945,""signed_basis_bps"":-6.480581400731822,""spot_mid"":108.015}"
2026-09-20T11:16:58+00:00,stable_dislocation,USDC:Binance,USDC,above peg,Binance,2.150000,2.150000,NO,754657.44,"{""mid"":1.000215,""note"":""Peg deviation is a research signal; redemption, venue and issuer risks matter."",""signed_deviation_bps"":2.1500000000007624,""watch_threshold_bps"":10.0}"
2026-09-20T11:16:58+00:00,stable_dislocation,USDC:Bybit,USDC,above peg,Bybit,2.500000,2.500000,NO,6838686.73,"{""mid"":1.0002499999999999,""note"":""Peg deviation is a research signal; redemption, venue and issuer risks matter."",""signed_deviation_bps"":2.4999999999986144,""watch_threshold_bps"":10.0}"
2026-09-20T11:16:58+00:00,stable_dislocation,FDUSD:Binance,FDUSD,below peg,Binance,9.500000,9.500000,NO,99905.00,"{""mid"":0.99905,""note"":""Peg deviation is a research signal; redemption, venue and issuer risks matter."",""signed_deviation_bps"":-9.500000000000064,""watch_threshold_bps"":10.0}"
2026-09-20T11:16:58+00:00,stable_dislocation_error,FDUSD:Bybit:error,FDUSD,n/a,Bybit,0.000000,-9999.000000,NO,,"{""error"":""Bybit spot FDUSDUSDT: {'retCode': 10001, 'retMsg': 'Not supported symbols', 'result': {}, 'retExtInfo': {}, 'time': 1789903033917}""}"
2026-09-20T12:01:26+00:00,cex_triangle,ETH:USDT-BTC-ETH-USDT,ETH,USDT->BTC->ETH->USDT,Binance,-4.232836,-42.190161,NO,25989.71,"{""extra_buffer_bps"":8.0,""fee_bps_per_leg"":10.0,""top_of_book_only"":true}"
2026-09-20T12:01:26+00:00,cex_triangle,ETH:USDT-ETH-BTC-USDT,ETH,USDT->ETH->BTC->USDT,Binance,1.072157,-36.901066,NO,1577.67,"{""extra_buffer_bps"":8.0,""fee_bps_per_leg"":10.0,""top_of_book_only"":true}"
2026-09-20T12:01:26+00:00,cex_triangle,SOL:USDT-BTC-SOL-USDT,SOL,USDT->BTC->SOL->USDT,Binance,-1.476313,-39.441899,NO,204.73,"{""extra_buffer_bps"":8.0,""fee_bps_per_leg"":10.0,""top_of_book_only"":true}"
2026-09-20T12:01:26+00:00,cex_triangle,SOL:USDT-SOL-BTC-USDT,SOL,USDT->SOL->BTC->USDT,Binance,-0.189203,-38.158646,NO,325.26,"{""extra_buffer_bps"":8.0,""fee_bps_per_leg"":10.0,""top_of_book_only"":true}"
2026-09-20T12:01:26+00:00,stable_dislocation,USDC:Binance,USDC,above peg,Binance,2.450000,2.450000,NO,406477.59,"{""mid"":1.000245,""note"":""Peg deviation is a research signal; redemption, venue and issuer risks matter."",""signed_deviation_bps"":2.4500000000005073,""watch_threshold_bps"":10.0}"
2026-09-20T12:01:26+00:00,stable_dislocation_error,USDC:Bybit:error,USDC,n/a,Bybit,0.000000,-9999.000000,NO,,"{""error"":""HTTP Error 403: Forbidden""}"
2026-09-20T12:01:26+00:00,stable_dislocation,FDUSD:Binance,FDUSD,below peg,Binance,9.500000,9.500000,NO,13674.68,"{""mid"":0.99905,""note"":""Peg deviation is a research signal; redemption, venue and issuer risks matter."",""signed_deviation_bps"":-9.500000000000064,""watch_threshold_bps"":10.0}"
2026-09-20T12:01:26+00:00,stable_dislocation_error,FDUSD:Bybit:error,FDUSD,n/a,Bybit,0.000000,-9999.000000,NO,,"{""error"":""HTTP Error 403: Forbidden""}"
2026-09-20T12:22:04+00:00,cex_triangle,ETH:USDT-BTC-ETH-USDT,ETH,USDT->BTC->ETH->USDT,Binance,-1.952097,-39.916257,NO,7023.67,"{""extra_buffer_bps"":8.0,""fee_bps_per_leg"":10.0,""top_of_book_only"":true}"
2026-09-20T12:22:04+00:00,cex_triangle,ETH:USDT-ETH-BTC-USDT,ETH,USDT->ETH->BTC->USDT,Binance,-1.208302,-39.174690,NO,42372.01,"{""extra_buffer_bps"":8.0,""fee_bps_per_leg"":10.0,""top_of_book_only"":true}"
2026-09-20T12:22:04+00:00,cex_triangle,SOL:USDT-BTC-SOL-USDT,SOL,USDT->BTC->SOL->USDT,Binance,-0.414444,-38.383212,NO,861.12,"{""extra_buffer_bps"":8.0,""fee_bps_per_leg"":10.0,""top_of_book_only"":true}"
2026-09-20T12:22:04+00:00,cex_triangle,SOL:USDT-SOL-BTC-USDT,SOL,USDT->SOL->BTC->USDT,Binance,-1.251943,-39.218201,NO,830.97,"{""extra_buffer_bps"":8.0,""fee_bps_per_leg"":10.0,""top_of_book_only"":true}"
2026-09-20T12:22:04+00:00,stable_dislocation,USDC:Binance,USDC,above peg,Binance,2.450000,2.450000,NO,635268.78,"{""mid"":1.000245,""note"":""Peg deviation is a research signal; redemption, venue and issuer risks matter."",""signed_deviation_bps"":2.4500000000005073,""watch_threshold_bps"":10.0}"
2026-09-20T12:22:04+00:00,stable_dislocation_error,USDC:Bybit:error,USDC,n/a,Bybit,0.000000,-9999.000000,NO,,"{""error"":""HTTP Error 403: Forbidden""}"
2026-09-20T12:22:04+00:00,stable_dislocation,FDUSD:Binance,FDUSD,below peg,Binance,10.500000,10.500000,YES,288398.41,"{""mid"":0.99895,""note"":""Peg deviation is a research signal; redemption, venue and issuer risks matter."",""signed_deviation_bps"":-10.499999999999954,""watch_threshold_bps"":10.0}"
2026-09-20T12:22:04+00:00,stable_dislocation_error,FDUSD:Bybit:error,FDUSD,n/a,Bybit,0.000000,-9999.000000,NO,,"{""error"":""HTTP Error 403: Forbidden""}"
2026-09-20T12:38:16+00:00,cex_triangle,ETH:USDT-BTC-ETH-USDT,ETH,USDT->BTC->ETH->USDT,Binance,-2.072843,-40.036641,NO,51820.17,"{""extra_buffer_bps"":8.0,""fee_bps_per_leg"":10.0,""top_of_book_only"":true}"
2026-09-20T12:38:16+00:00,cex_triangle,ETH:USDT-ETH-BTC-USDT,ETH,USDT->ETH->BTC->USDT,Binance,-1.087568,-39.054319,NO,33251.63,"{""extra_buffer_bps"":8.0,""fee_bps_per_leg"":10.0,""top_of_book_only"":true}"
2026-09-20T12:38:16+00:00,cex_triangle,SOL:USDT-BTC-SOL-USDT,SOL,USDT->BTC->SOL->USDT,Binance,0.658492,-37.313492,NO,1218.84,"{""extra_buffer_bps"":8.0,""fee_bps_per_leg"":10.0,""top_of_book_only"":true}"
2026-09-20T12:38:16+00:00,cex_triangle,SOL:USDT-SOL-BTC-USDT,SOL,USDT->SOL->BTC->USDT,Binance,-2.324960,-40.288002,NO,1155.56,"{""extra_buffer_bps"":8.0,""fee_bps_per_leg"":10.0,""top_of_book_only"":true}"
2026-09-20T12:38:16+00:00,stable_dislocation,USDC:Binance,USDC,above peg,Binance,2.350000,2.350000,NO,805276.22,"{""mid"":1.000235,""note"":""Peg deviation is a research signal; redemption, venue and issuer risks matter."",""signed_deviation_bps"":2.349999999999852,""watch_threshold_bps"":10.0}"
2026-09-20T12:38:16+00:00,stable_dislocation_error,USDC:Bybit:error,USDC,n/a,Bybit,0.000000,-9999.000000,NO,,"{""error"":""HTTP Error 403: Forbidden""}"
2026-09-20T12:38:16+00:00,stable_dislocation,FDUSD:Binance,FDUSD,below peg,Binance,10.500000,10.500000,YES,344667.45,"{""mid"":0.99895,""note"":""Peg deviation is a research signal; redemption, venue and issuer risks matter."",""signed_deviation_bps"":-10.499999999999954,""watch_threshold_bps"":10.0}"
2026-09-20T12:38:16+00:00,stable_dislocation_error,FDUSD:Bybit:error,FDUSD,n/a,Bybit,0.000000,-9999.000000,NO,,"{""error"":""HTTP Error 403: Forbidden""}"
2026-09-20T15:05:35+00:00,cex_triangle,ETH:USDT-BTC-ETH-USDT,ETH,USDT->BTC->ETH->USDT,Binance,-3.762927,-41.721659,NO,16988.95,"{""extra_buffer_bps"":8.0,""fee_bps_per_leg"":10.0,""top_of_book_only"":true}"
2026-09-20T15:05:35+00:00,cex_triangle,ETH:USDT-ETH-BTC-USDT,ETH,USDT->ETH->BTC->USDT,Binance,0.614973,-37.356880,NO,31393.66,"{""extra_buffer_bps"":8.0,""fee_bps_per_leg"":10.0,""top_of_book_only"":true}"
2026-09-20T15:05:35+00:00,cex_triangle,SOL:USDT-BTC-SOL-USDT,SOL,USDT->BTC->SOL->USDT,Binance,-5.640005,-43.593112,NO,11972.63,"{""extra_buffer_bps"":8.0,""fee_bps_per_leg"":10.0,""top_of_book_only"":true}"
2026-09-20T15:05:35+00:00,cex_triangle,SOL:USDT-SOL-BTC-USDT,SOL,USDT->SOL->BTC->USDT,Binance,3.969299,-34.012607,NO,0.43,"{""extra_buffer_bps"":8.0,""fee_bps_per_leg"":10.0,""top_of_book_only"":true}"
2026-09-20T15:05:35+00:00,stable_dislocation,USDC:Binance,USDC,above peg,Binance,2.350000,2.350000,NO,2215482.59,"{""mid"":1.000235,""note"":""Peg deviation is a research signal; redemption, venue and issuer risks matter."",""signed_deviation_bps"":2.349999999999852,""watch_threshold_bps"":10.0}"
2026-09-20T15:05:35+00:00,stable_dislocation_error,USDC:Bybit:error,USDC,n/a,Bybit,0.000000,-9999.000000,NO,,"{""error"":""HTTP Error 403: Forbidden""}"
2026-09-20T15:05:35+00:00,stable_dislocation,FDUSD:Binance,FDUSD,below peg,Binance,10.500000,10.500000,YES,372691.93,"{""mid"":0.99895,""note"":""Peg deviation is a research signal; redemption, venue and issuer risks matter."",""signed_deviation_bps"":-10.499999999999954,""watch_threshold_bps"":10.0}"
2026-09-20T15:05:35+00:00,stable_dislocation_error,FDUSD:Bybit:error,FDUSD,n/a,Bybit,0.000000,-9999.000000,NO,,"{""error"":""HTTP Error 403: Forbidden""}"
2026-09-20T15:59:26+00:00,cex_triangle,ETH:USDT-BTC-ETH-USDT,ETH,USDT->BTC->ETH->USDT,Binance,-3.886407,-41.844770,NO,60033.86,"{""extra_buffer_bps"":8.0,""fee_bps_per_leg"":10.0,""top_of_book_only"":true}"
2026-09-20T15:59:26+00:00,cex_triangle,ETH:USDT-ETH-BTC-USDT,ETH,USDT->ETH->BTC->USDT,Binance,0.751239,-37.221023,NO,2682.29,"{""extra_buffer_bps"":8.0,""fee_bps_per_leg"":10.0,""top_of_book_only"":true}"
2026-09-20T15:59:26+00:00,cex_triangle,SOL:USDT-BTC-SOL-USDT,SOL,USDT->BTC->SOL->USDT,Binance,-2.188477,-40.151928,NO,1653.80,"{""extra_buffer_bps"":8.0,""fee_bps_per_leg"":10.0,""top_of_book_only"":true}"
2026-09-20T15:59:26+00:00,cex_triangle,SOL:USDT-SOL-BTC-USDT,SOL,USDT->SOL->BTC->USDT,Binance,0.524566,-37.447016,NO,326.40,"{""extra_buffer_bps"":8.0,""fee_bps_per_leg"":10.0,""top_of_book_only"":true}"
2026-09-20T15:59:26+00:00,stable_dislocation,USDC:Binance,USDC,above peg,Binance,2.450000,2.450000,NO,1950998.13,"{""mid"":1.000245,""note"":""Peg deviation is a research signal; redemption, venue and issuer risks matter."",""signed_deviation_bps"":2.4500000000005073,""watch_threshold_bps"":10.0}"
2026-09-20T15:59:26+00:00,stable_dislocation_error,USDC:Bybit:error,USDC,n/a,Bybit,0.000000,-9999.000000,NO,,"{""error"":""HTTP Error 403: Forbidden""}"
2026-09-20T15:59:26+00:00,stable_dislocation,FDUSD:Binance,FDUSD,below peg,Binance,10.500000,10.500000,YES,193093.36,"{""mid"":0.99895,""note"":""Peg deviation is a research signal; redemption, venue and issuer risks matter."",""signed_deviation_bps"":-10.499999999999954,""watch_threshold_bps"":10.0}"
2026-09-20T15:59:26+00:00,stable_dislocation_error,FDUSD:Bybit:error,FDUSD,n/a,Bybit,0.000000,-9999.000000,NO,,"{""error"":""HTTP Error 403: Forbidden""}"
2026-09-20T16:22:47+00:00,cex_triangle,ETH:USDT-BTC-ETH-USDT,ETH,USDT->BTC->ETH->USDT,Binance,-2.090649,-40.054393,NO,28767.62,"{""extra_buffer_bps"":8.0,""fee_bps_per_leg"":10.0,""top_of_book_only"":true}"
2026-09-20T16:22:47+00:00,cex_triangle,ETH:USDT-ETH-BTC-USDT,ETH,USDT->ETH->BTC->USDT,Binance,-1.045923,-39.012799,NO,42094.89,"{""extra_buffer_bps"":8.0,""fee_bps_per_leg"":10.0,""top_of_book_only"":true}"
2026-09-20T16:22:47+00:00,cex_triangle,SOL:USDT-BTC-SOL-USDT,SOL,USDT->BTC->SOL->USDT,Binance,-2.708174,-40.670067,NO,980.80,"{""extra_buffer_bps"":8.0,""fee_bps_per_leg"":10.0,""top_of_book_only"":true}"
2026-09-20T16:22:47+00:00,cex_triangle,SOL:USDT-SOL-BTC-USDT,SOL,USDT->SOL->BTC->USDT,Binance,1.044667,-36.928474,NO,326.70,"{""extra_buffer_bps"":8.0,""fee_bps_per_leg"":10.0,""top_of_book_only"":true}"
2026-09-20T16:22:47+00:00,stable_dislocation,USDC:Binance,USDC,above peg,Binance,2.250000,2.250000,NO,1833480.60,"{""mid"":1.000225,""note"":""Peg deviation is a research signal; redemption, venue and issuer risks matter."",""signed_deviation_bps"":2.249999999999197,""watch_threshold_bps"":10.0}"
2026-09-20T16:22:47+00:00,stable_dislocation_error,USDC:Bybit:error,USDC,n/a,Bybit,0.000000,-9999.000000,NO,,"{""error"":""HTTP Error 403: Forbidden""}"
2026-09-20T16:22:47+00:00,stable_dislocation,FDUSD:Binance,FDUSD,below peg,Binance,10.500000,10.500000,YES,395230.77,"{""mid"":0.99895,""note"":""Peg deviation is a research signal; redemption, venue and issuer risks matter."",""signed_deviation_bps"":-10.499999999999954,""watch_threshold_bps"":10.0}"
2026-09-20T16:22:47+00:00,stable_dislocation_error,FDUSD:Bybit:error,FDUSD,n/a,Bybit,0.000000,-9999.000000,NO,,"{""error"":""HTTP Error 403: Forbidden""}"
2026-09-20T16:37:05+00:00,cex_triangle,ETH:USDT-BTC-ETH-USDT,ETH,USDT->BTC->ETH->USDT,Binance,-5.012051,-42.967040,NO,14844.82,"{""extra_buffer_bps"":8.0,""fee_bps_per_leg"":10.0,""top_of_book_only"":true}"
2026-09-20T16:37:05+00:00,cex_triangle,ETH:USDT-ETH-BTC-USDT,ETH,USDT->ETH->BTC->USDT,Binance,1.885464,-36.090197,NO,17884.91,"{""extra_buffer_bps"":8.0,""fee_bps_per_leg"":10.0,""top_of_book_only"":true}"
2026-09-20T16:37:05+00:00,cex_triangle,SOL:USDT-BTC-SOL-USDT,SOL,USDT->BTC->SOL->USDT,Binance,-4.069831,-42.027644,NO,1058.54,"{""extra_buffer_bps"":8.0,""fee_bps_per_leg"":10.0,""top_of_book_only"":true}"
2026-09-20T16:37:05+00:00,cex_triangle,SOL:USDT-SOL-BTC-USDT,SOL,USDT->SOL->BTC->USDT,Binance,2.428246,-35.549042,NO,1231.41,"{""extra_buffer_bps"":8.0,""fee_bps_per_leg"":10.0,""top_of_book_only"":true}"
2026-09-20T16:37:05+00:00,stable_dislocation,USDC:Binance,USDC,above peg,Binance,2.350000,2.350000,NO,302309.52,"{""mid"":1.000235,""note"":""Peg deviation is a research signal; redemption, venue and issuer risks matter."",""signed_deviation_bps"":2.349999999999852,""watch_threshold_bps"":10.0}"
2026-09-20T16:37:05+00:00,stable_dislocation_error,USDC:Bybit:error,USDC,n/a,Bybit,0.000000,-9999.000000,NO,,"{""error"":""HTTP Error 403: Forbidden""}"
2026-09-20T16:37:05+00:00,stable_dislocation,FDUSD:Binance,FDUSD,below peg,Binance,10.500000,10.500000,YES,381803.55,"{""mid"":0.99895,""note"":""Peg deviation is a research signal; redemption, venue and issuer risks matter."",""signed_deviation_bps"":-10.499999999999954,""watch_threshold_bps"":10.0}"
2026-09-20T16:37:05+00:00,stable_dislocation_error,FDUSD:Bybit:error,FDUSD,n/a,Bybit,0.000000,-9999.000000,NO,,"{""error"":""HTTP Error 403: Forbidden""}"
2026-09-20T18:20:10+00:00,cex_triangle,ETH:USDT-BTC-ETH-USDT,ETH,USDT->BTC->ETH->USDT,Binance,-3.657175,-41.616225,NO,9845.37,"{""extra_buffer_bps"":8.0,""fee_bps_per_leg"":10.0,""top_of_book_only"":true}"
2026-09-20T18:20:10+00:00,cex_triangle,ETH:USDT-ETH-BTC-USDT,ETH,USDT->ETH->BTC->USDT,Binance,0.534617,-37.436995,NO,58933.93,"{""extra_buffer_bps"":8.0,""fee_bps_per_leg"":10.0,""top_of_book_only"":true}"
2026-09-20T18:20:10+00:00,cex_triangle,SOL:USDT-BTC-SOL-USDT,SOL,USDT->BTC->SOL->USDT,Binance,-5.291458,-43.245610,NO,845.37,"{""extra_buffer_bps"":8.0,""fee_bps_per_leg"":10.0,""top_of_book_only"":true}"
2026-09-20T18:20:10+00:00,cex_triangle,SOL:USDT-SOL-BTC-USDT,SOL,USDT->SOL->BTC->USDT,Binance,3.647454,-34.333487,NO,1293.39,"{""extra_buffer_bps"":8.0,""fee_bps_per_leg"":10.0,""top_of_book_only"":true}"
2026-09-20T18:20:10+00:00,stable_dislocation,USDC:Binance,USDC,above peg,Binance,1.950000,1.950000,NO,430048.99,"{""mid"":1.000195,""note"":""Peg deviation is a research signal; redemption, venue and issuer risks matter."",""signed_deviation_bps"":1.9499999999994522,""watch_threshold_bps"":10.0}"
2026-09-20T18:20:10+00:00,stable_dislocation_error,USDC:Bybit:error,USDC,n/a,Bybit,0.000000,-9999.000000,NO,,"{""error"":""HTTP Error 403: Forbidden""}"
2026-09-20T18:20:10+00:00,stable_dislocation,FDUSD:Binance,FDUSD,below peg,Binance,10.500000,10.500000,YES,190159.65,"{""mid"":0.99895,""note"":""Peg deviation is a research signal; redemption, venue and issuer risks matter."",""signed_deviation_bps"":-10.499999999999954,""watch_threshold_bps"":10.0}"
2026-09-20T18:20:10+00:00,stable_dislocation_error,FDUSD:Bybit:error,FDUSD,n/a,Bybit,0.000000,-9999.000000,NO,,"{""error"":""HTTP Error 403: Forbidden""}"
2026-09-20T18:43:30+00:00,cex_triangle,ETH:USDT-BTC-ETH-USDT,ETH,USDT->BTC->ETH->USDT,Binance,0.277747,-37.693096,NO,5999.63,"{""extra_buffer_bps"":8.0,""fee_bps_per_leg"":10.0,""top_of_book_only"":true}"
2026-09-20T18:43:30+00:00,cex_triangle,ETH:USDT-ETH-BTC-USDT,ETH,USDT->ETH->BTC->USDT,Binance,-3.401369,-41.361185,NO,10601.39,"{""extra_buffer_bps"":8.0,""fee_bps_per_leg"":10.0,""top_of_book_only"":true}"
2026-09-20T18:43:30+00:00,cex_triangle,SOL:USDT-BTC-SOL-USDT,SOL,USDT->BTC->SOL->USDT,Binance,-0.261827,-38.231053,NO,843.11,"{""extra_buffer_bps"":8.0,""fee_bps_per_leg"":10.0,""top_of_book_only"":true}"
2026-09-20T18:43:30+00:00,cex_triangle,SOL:USDT-SOL-BTC-USDT,SOL,USDT->SOL->BTC->USDT,Binance,-1.387814,-39.353664,NO,1290.57,"{""extra_buffer_bps"":8.0,""fee_bps_per_leg"":10.0,""top_of_book_only"":true}"
2026-09-20T18:43:30+00:00,stable_dislocation,USDC:Binance,USDC,above peg,Binance,1.750000,1.750000,NO,1580331.41,"{""mid"":1.000175,""note"":""Peg deviation is a research signal; redemption, venue and issuer risks matter."",""signed_deviation_bps"":1.7500000000003624,""watch_threshold_bps"":10.0}"
2026-09-20T18:43:30+00:00,stable_dislocation_error,USDC:Bybit:error,USDC,n/a,Bybit,0.000000,-9999.000000,NO,,"{""error"":""HTTP Error 403: Forbidden""}"
2026-09-20T18:43:30+00:00,stable_dislocation,FDUSD:Binance,FDUSD,below peg,Binance,10.500000,10.500000,YES,339953.64,"{""mid"":0.99895,""note"":""Peg deviation is a research signal; redemption, venue and issuer risks matter."",""signed_deviation_bps"":-10.499999999999954,""watch_threshold_bps"":10.0}"
2026-09-20T18:43:30+00:00,stable_dislocation_error,FDUSD:Bybit:error,FDUSD,n/a,Bybit,0.000000,-9999.000000,NO,,"{""error"":""HTTP Error 403: Forbidden""}"
2026-09-20T18:58:17+00:00,cex_triangle,ETH:USDT-BTC-ETH-USDT,ETH,USDT->BTC->ETH->USDT,Binance,-3.164152,-41.124679,NO,30147.77,"{""extra_buffer_bps"":8.0,""fee_bps_per_leg"":10.0,""top_of_book_only"":true}"
2026-09-20T18:58:17+00:00,cex_triangle,ETH:USDT-ETH-BTC-USDT,ETH,USDT->ETH->BTC->USDT,Binance,0.039408,-37.930720,NO,26285.02,"{""extra_buffer_bps"":8.0,""fee_bps_per_leg"":10.0,""top_of_book_only"":true}"
2026-09-20T18:58:17+00:00,cex_triangle,SOL:USDT-BTC-SOL-USDT,SOL,USDT->BTC->SOL->USDT,Binance,-2.864154,-40.825580,NO,954.72,"{""extra_buffer_bps"":8.0,""fee_bps_per_leg"":10.0,""top_of_book_only"":true}"
2026-09-20T18:58:17+00:00,cex_triangle,SOL:USDT-SOL-BTC-USDT,SOL,USDT->SOL->BTC->USDT,Binance,1.209653,-36.763983,NO,839.71,"{""extra_buffer_bps"":8.0,""fee_bps_per_leg"":10.0,""top_of_book_only"":true}"
2026-09-20T18:58:17+00:00,stable_dislocation,USDC:Binance,USDC,above peg,Binance,1.650000,1.650000,NO,1555256.80,"{""mid"":1.000165,""note"":""Peg deviation is a research signal; redemption, venue and issuer risks matter."",""signed_deviation_bps"":1.6499999999997073,""watch_threshold_bps"":10.0}"
2026-09-20T18:58:17+00:00,stable_dislocation_error,USDC:Bybit:error,USDC,n/a,Bybit,0.000000,-9999.000000,NO,,"{""error"":""HTTP Error 403: Forbidden""}"
2026-09-20T18:58:17+00:00,stable_dislocation,FDUSD:Binance,FDUSD,below peg,Binance,11.500000,11.500000,YES,139274.63,"{""mid"":0.99885,""note"":""Peg deviation is a research signal; redemption, venue and issuer risks matter."",""signed_deviation_bps"":-11.499999999999844,""watch_threshold_bps"":10.0}"
2026-09-20T18:58:17+00:00,stable_dislocation_error,FDUSD:Bybit:error,FDUSD,n/a,Bybit,0.000000,-9999.000000,NO,,"{""error"":""HTTP Error 403: Forbidden""}"
2026-09-20T19:10:43+00:00,cex_triangle,ETH:USDT-BTC-ETH-USDT,ETH,USDT->BTC->ETH->USDT,Binance,-2.860395,-40.821832,NO,30825.24,"{""extra_buffer_bps"":8.0,""fee_bps_per_leg"":10.0,""top_of_book_only"":true}"
2026-09-20T19:10:43+00:00,cex_triangle,ETH:USDT-ETH-BTC-USDT,ETH,USDT->ETH->BTC->USDT,Binance,-0.265373,-38.234588,NO,21475.75,"{""extra_buffer_bps"":8.0,""fee_bps_per_leg"":10.0,""top_of_book_only"":true}"
2026-09-20T19:10:43+00:00,cex_triangle,SOL:USDT-BTC-SOL-USDT,SOL,USDT->BTC->SOL->USDT,Binance,-3.054966,-41.015820,NO,897.26,"{""extra_buffer_bps"":8.0,""fee_bps_per_leg"":10.0,""top_of_book_only"":true}"
2026-09-20T19:10:43+00:00,cex_triangle,SOL:USDT-SOL-BTC-USDT,SOL,USDT->SOL->BTC->USDT,Binance,1.405317,-36.568905,NO,842.40,"{""extra_buffer_bps"":8.0,""fee_bps_per_leg"":10.0,""top_of_book_only"":true}"
2026-09-20T19:10:43+00:00,stable_dislocation,USDC:Binance,USDC,above peg,Binance,1.850000,1.850000,NO,1441393.40,"{""mid"":1.000185,""note"":""Peg deviation is a research signal; redemption, venue and issuer risks matter."",""signed_deviation_bps"":1.8500000000010175,""watch_threshold_bps"":10.0}"
2026-09-20T19:10:43+00:00,stable_dislocation_error,USDC:Bybit:error,USDC,n/a,Bybit,0.000000,-9999.000000,NO,,"{""error"":""HTTP Error 403: Forbidden""}"
2026-09-20T19:10:43+00:00,stable_dislocation,FDUSD:Binance,FDUSD,below peg,Binance,11.500000,11.500000,YES,136096.13,"{""mid"":0.99885,""note"":""Peg deviation is a research signal; redemption, venue and issuer risks matter."",""signed_deviation_bps"":-11.499999999999844,""watch_threshold_bps"":10.0}"
2026-09-20T19:10:43+00:00,stable_dislocation_error,FDUSD:Bybit:error,FDUSD,n/a,Bybit,0.000000,-9999.000000,NO,,"{""error"":""HTTP Error 403: Forbidden""}"
2026-09-20T21:03:21+00:00,cex_triangle,ETH:USDT-BTC-ETH-USDT,ETH,USDT->BTC->ETH->USDT,Binance,-5.333913,-43.287937,NO,35049.70,"{""extra_buffer_bps"":8.0,""fee_bps_per_leg"":10.0,""top_of_book_only"":true}"
2026-09-20T21:03:21+00:00,cex_triangle,ETH:USDT-ETH-BTC-USDT,ETH,USDT->ETH->BTC->USDT,Binance,2.211177,-35.765460,NO,9480.53,"{""extra_buffer_bps"":8.0,""fee_bps_per_leg"":10.0,""top_of_book_only"":true}"
2026-09-20T21:03:21+00:00,cex_triangle,SOL:USDT-BTC-SOL-USDT,SOL,USDT->BTC->SOL->USDT,Binance,-4.372023,-42.328931,NO,895.63,"{""extra_buffer_bps"":8.0,""fee_bps_per_leg"":10.0,""top_of_book_only"":true}"
2026-09-20T21:03:21+00:00,cex_triangle,SOL:USDT-SOL-BTC-USDT,SOL,USDT->SOL->BTC->USDT,Binance,2.722281,-35.255888,NO,840.56,"{""extra_buffer_bps"":8.0,""fee_bps_per_leg"":10.0,""top_of_book_only"":true}"
2026-09-20T21:03:21+00:00,stable_dislocation,USDC:Binance,USDC,above peg,Binance,1.550000,1.550000,NO,1095295.27,"{""mid"":1.000155,""note"":""Peg deviation is a research signal; redemption, venue and issuer risks matter."",""signed_deviation_bps"":1.5499999999990521,""watch_threshold_bps"":10.0}"
2026-09-20T21:03:21+00:00,stable_dislocation_error,USDC:Bybit:error,USDC,n/a,Bybit,0.000000,-9999.000000,NO,,"{""error"":""HTTP Error 403: Forbidden""}"
2026-09-20T21:03:21+00:00,stable_dislocation,FDUSD:Binance,FDUSD,below peg,Binance,12.500000,12.500000,YES,19364.73,"{""mid"":0.99875,""note"":""Peg deviation is a research signal; redemption, venue and issuer risks matter."",""signed_deviation_bps"":-12.499999999999734,""watch_threshold_bps"":10.0}"
2026-09-20T21:03:21+00:00,stable_dislocation_error,FDUSD:Bybit:error,FDUSD,n/a,Bybit,0.000000,-9999.000000,NO,,"{""error"":""HTTP Error 403: Forbidden""}"
2026-09-20T21:26:43+00:00,cex_triangle,ETH:USDT-BTC-ETH-USDT,ETH,USDT->BTC->ETH->USDT,Binance,-2.836335,-40.797844,NO,19847.84,"{""extra_buffer_bps"":8.0,""fee_bps_per_leg"":10.0,""top_of_book_only"":true}"
2026-09-20T21:26:43+00:00,cex_triangle,ETH:USDT-ETH-BTC-USDT,ETH,USDT->ETH->BTC->USDT,Binance,-0.286687,-38.255837,NO,25446.32,"{""extra_buffer_bps"":8.0,""fee_bps_per_leg"":10.0,""top_of_book_only"":true}"
2026-09-20T21:26:43+00:00,cex_triangle,SOL:USDT-BTC-SOL-USDT,SOL,USDT->BTC->SOL->USDT,Binance,-2.402925,-40.365733,NO,838.91,"{""extra_buffer_bps"":8.0,""fee_bps_per_leg"":10.0,""top_of_book_only"":true}"
2026-09-20T21:26:43+00:00,cex_triangle,SOL:USDT-SOL-BTC-USDT,SOL,USDT->SOL->BTC->USDT,Binance,0.754372,-37.217899,NO,2247.57,"{""extra_buffer_bps"":8.0,""fee_bps_per_leg"":10.0,""top_of_book_only"":true}"
2026-09-20T21:26:43+00:00,stable_dislocation,USDC:Binance,USDC,above peg,Binance,1.650000,1.650000,NO,1949890.93,"{""mid"":1.000165,""note"":""Peg deviation is a research signal; redemption, venue and issuer risks matter."",""signed_deviation_bps"":1.6499999999997073,""watch_threshold_bps"":10.0}"
2026-09-20T21:26:43+00:00,stable_dislocation_error,USDC:Bybit:error,USDC,n/a,Bybit,0.000000,-9999.000000,NO,,"{""error"":""HTTP Error 403: Forbidden""}"
2026-09-20T21:26:43+00:00,stable_dislocation,FDUSD:Binance,FDUSD,below peg,Binance,12.500000,12.500000,YES,393.53,"{""mid"":0.99875,""note"":""Peg deviation is a research signal; redemption, venue and issuer risks matter."",""signed_deviation_bps"":-12.499999999999734,""watch_threshold_bps"":10.0}"
2026-09-20T21:26:43+00:00,stable_dislocation_error,FDUSD:Bybit:error,FDUSD,n/a,Bybit,0.000000,-9999.000000,NO,,"{""error"":""HTTP Error 403: Forbidden""}"
2026-09-20T21:41:06+00:00,cex_triangle,ETH:USDT-BTC-ETH-USDT,ETH,USDT->BTC->ETH->USDT,Binance,-4.221735,-42.179093,NO,137.53,"{""extra_buffer_bps"":8.0,""fee_bps_per_leg"":10.0,""top_of_book_only"":true}"
2026-09-20T21:41:06+00:00,cex_triangle,ETH:USDT-ETH-BTC-USDT,ETH,USDT->ETH->BTC->USDT,Binance,1.102165,-36.871149,NO,101254.75,"{""extra_buffer_bps"":8.0,""fee_bps_per_leg"":10.0,""top_of_book_only"":true}"
2026-09-20T21:41:06+00:00,cex_triangle,SOL:USDT-BTC-SOL-USDT,SOL,USDT->BTC->SOL->USDT,Binance,-2.970333,-40.931441,NO,137.53,"{""extra_buffer_bps"":8.0,""fee_bps_per_leg"":10.0,""top_of_book_only"":true}"
2026-09-20T21:41:06+00:00,cex_triangle,SOL:USDT-SOL-BTC-USDT,SOL,USDT->SOL->BTC->USDT,Binance,1.322628,-36.651346,NO,1909.00,"{""extra_buffer_bps"":8.0,""fee_bps_per_leg"":10.0,""top_of_book_only"":true}"
2026-09-20T21:41:06+00:00,stable_dislocation,USDC:Binance,USDC,above peg,Binance,1.650000,1.650000,NO,3583851.32,"{""mid"":1.000165,""note"":""Peg deviation is a research signal; redemption, venue and issuer risks matter."",""signed_deviation_bps"":1.6499999999997073,""watch_threshold_bps"":10.0}"
2026-09-20T21:41:06+00:00,stable_dislocation_error,USDC:Bybit:error,USDC,n/a,Bybit,0.000000,-9999.000000,NO,,"{""error"":""HTTP Error 403: Forbidden""}"
2026-09-20T21:41:06+00:00,stable_dislocation,FDUSD:Binance,FDUSD,below peg,Binance,12.500000,12.500000,YES,1198.56,"{""mid"":0.99875,""note"":""Peg deviation is a research signal; redemption, venue and issuer risks matter."",""signed_deviation_bps"":-12.499999999999734,""watch_threshold_bps"":10.0}"
2026-09-20T21:41:06+00:00,stable_dislocation_error,FDUSD:Bybit:error,FDUSD,n/a,Bybit,0.000000,-9999.000000,NO,,"{""error"":""HTTP Error 403: Forbidden""}"
2026-09-20T23:19:01+00:00,cex_triangle,ETH:USDT-BTC-ETH-USDT,ETH,USDT->BTC->ETH->USDT,Binance,2.738159,-35.240058,NO,46866.18,"{""extra_buffer_bps"":8.0,""fee_bps_per_leg"":10.0,""top_of_book_only"":true}"
2026-09-20T23:19:01+00:00,cex_triangle,ETH:USDT-ETH-BTC-USDT,ETH,USDT->ETH->BTC->USDT,Binance,-5.853538,-43.806005,NO,39061.42,"{""extra_buffer_bps"":8.0,""fee_bps_per_leg"":10.0,""top_of_book_only"":true}"
2026-09-20T23:19:01+00:00,cex_triangle,SOL:USDT-BTC-SOL-USDT,SOL,USDT->BTC->SOL->USDT,Binance,2.356671,-35.620402,NO,1112.98,"{""extra_buffer_bps"":8.0,""fee_bps_per_leg"":10.0,""top_of_book_only"":true}"
2026-09-20T23:19:01+00:00,cex_triangle,SOL:USDT-SOL-BTC-USDT,SOL,USDT->SOL->BTC->USDT,Binance,-3.992830,-41.950874,NO,2192.91,"{""extra_buffer_bps"":8.0,""fee_bps_per_leg"":10.0,""top_of_book_only"":true}"
2026-09-20T23:19:01+00:00,stable_dislocation,USDC:Binance,USDC,above peg,Binance,1.350000,1.350000,NO,408358.16,"{""mid"":1.000135,""note"":""Peg deviation is a research signal; redemption, venue and issuer risks matter."",""signed_deviation_bps"":1.3499999999999623,""watch_threshold_bps"":10.0}"
2026-09-20T23:19:01+00:00,stable_dislocation_error,USDC:Bybit:error,USDC,n/a,Bybit,0.000000,-9999.000000,NO,,"{""error"":""HTTP Error 403: Forbidden""}"
2026-09-20T23:19:01+00:00,stable_dislocation,FDUSD:Binance,FDUSD,below peg,Binance,11.500000,11.500000,YES,62023.48,"{""mid"":0.99885,""note"":""Peg deviation is a research signal; redemption, venue and issuer risks matter."",""signed_deviation_bps"":-11.499999999999844,""watch_threshold_bps"":10.0}"
2026-09-20T23:19:01+00:00,stable_dislocation_error,FDUSD:Bybit:error,FDUSD,n/a,Bybit,0.000000,-9999.000000,NO,,"{""error"":""HTTP Error 403: Forbidden""}"
2026-09-20T23:25:47+00:00,cex_triangle,ETH:USDT-BTC-ETH-USDT,ETH,USDT->BTC->ETH->USDT,Binance,-3.063311,-41.024140,NO,10271.66,"{""extra_buffer_bps"":8.0,""fee_bps_per_leg"":10.0,""top_of_book_only"":true}"
2026-09-20T23:25:47+00:00,cex_triangle,ETH:USDT-ETH-BTC-USDT,ETH,USDT->ETH->BTC->USDT,Binance,-0.049851,-38.019712,NO,43281.24,"{""extra_buffer_bps"":8.0,""fee_bps_per_leg"":10.0,""top_of_book_only"":true}"
2026-09-20T23:25:47+00:00,cex_triangle,SOL:USDT-BTC-SOL-USDT,SOL,USDT->BTC->SOL->USDT,Binance,-2.852274,-40.813736,NO,1189.99,"{""extra_buffer_bps"":8.0,""fee_bps_per_leg"":10.0,""top_of_book_only"":true}"
2026-09-20T23:25:47+00:00,cex_triangle,SOL:USDT-SOL-BTC-USDT,SOL,USDT->SOL->BTC->USDT,Binance,1.216144,-36.757511,NO,3877.26,"{""extra_buffer_bps"":8.0,""fee_bps_per_leg"":10.0,""top_of_book_only"":true}"
2026-09-20T23:25:47+00:00,stable_dislocation,USDC:Binance,USDC,above peg,Binance,1.550000,1.550000,NO,2519007.79,"{""mid"":1.000155,""note"":""Peg deviation is a research signal; redemption, venue and issuer risks matter."",""signed_deviation_bps"":1.5499999999990521,""watch_threshold_bps"":10.0}"
2026-09-20T23:25:47+00:00,stable_dislocation_error,USDC:Bybit:error,USDC,n/a,Bybit,0.000000,-9999.000000,NO,,"{""error"":""HTTP Error 403: Forbidden""}"
2026-09-20T23:25:47+00:00,stable_dislocation,FDUSD:Binance,FDUSD,below peg,Binance,11.500000,11.500000,YES,60782.97,"{""mid"":0.99885,""note"":""Peg deviation is a research signal; redemption, venue and issuer risks matter."",""signed_deviation_bps"":-11.499999999999844,""watch_threshold_bps"":10.0}"
2026-09-20T23:25:47+00:00,stable_dislocation_error,FDUSD:Bybit:error,FDUSD,n/a,Bybit,0.000000,-9999.000000,NO,,"{""error"":""HTTP Error 403: Forbidden""}"
2026-09-20T23:38:33+00:00,cex_triangle,ETH:USDT-BTC-ETH-USDT,ETH,USDT->BTC->ETH->USDT,Binance,-4.603210,-42.559424,NO,1669.37,"{""extra_buffer_bps"":8.0,""fee_bps_per_leg"":10.0,""top_of_book_only"":true}"
2026-09-20T23:38:33+00:00,cex_triangle,ETH:USDT-ETH-BTC-USDT,ETH,USDT->ETH->BTC->USDT,Binance,1.492647,-36.481837,NO,8.72,"{""extra_buffer_bps"":8.0,""fee_bps_per_leg"":10.0,""top_of_book_only"":true}"
2026-09-20T23:38:33+00:00,cex_triangle,SOL:USDT-BTC-SOL-USDT,SOL,USDT->BTC->SOL->USDT,Binance,-1.451066,-39.416727,NO,1568.94,"{""extra_buffer_bps"":8.0,""fee_bps_per_leg"":10.0,""top_of_book_only"":true}"
2026-09-20T23:38:33+00:00,cex_triangle,SOL:USDT-SOL-BTC-USDT,SOL,USDT->SOL->BTC->USDT,Binance,-0.182419,-38.151882,NO,1648.98,"{""extra_buffer_bps"":8.0,""fee_bps_per_leg"":10.0,""top_of_book_only"":true}"
2026-09-20T23:38:33+00:00,stable_dislocation,USDC:Binance,USDC,above peg,Binance,1.450000,1.450000,NO,2132416.81,"{""mid"":1.000145,""note"":""Peg deviation is a research signal; redemption, venue and issuer risks matter."",""signed_deviation_bps"":1.4500000000006175,""watch_threshold_bps"":10.0}"
2026-09-20T23:38:33+00:00,stable_dislocation_error,USDC:Bybit:error,USDC,n/a,Bybit,0.000000,-9999.000000,NO,,"{""error"":""HTTP Error 403: Forbidden""}"
2026-09-20T23:38:33+00:00,stable_dislocation,FDUSD:Binance,FDUSD,below peg,Binance,11.500000,11.500000,YES,19794.22,"{""mid"":0.99885,""note"":""Peg deviation is a research signal; redemption, venue and issuer risks matter."",""signed_deviation_bps"":-11.499999999999844,""watch_threshold_bps"":10.0}"
2026-09-20T23:38:33+00:00,stable_dislocation_error,FDUSD:Bybit:error,FDUSD,n/a,Bybit,0.000000,-9999.000000,NO,,"{""error"":""HTTP Error 403: Forbidden""}"
2026-09-21T00:10:10+00:00,cex_triangle,ETH:USDT-BTC-ETH-USDT,ETH,USDT->BTC->ETH->USDT,Binance,-2.118019,-40.081682,NO,47.52,"{""extra_buffer_bps"":8.0,""fee_bps_per_leg"":10.0,""top_of_book_only"":true}"
2026-09-21T00:10:10+00:00,cex_triangle,ETH:USDT-ETH-BTC-USDT,ETH,USDT->ETH->BTC->USDT,Binance,-0.991382,-38.958421,NO,13172.67,"{""extra_buffer_bps"":8.0,""fee_bps_per_leg"":10.0,""top_of_book_only"":true}"
2026-09-21T00:10:10+00:00,cex_triangle,SOL:USDT-BTC-SOL-USDT,SOL,USDT->BTC->SOL->USDT,Binance,2.521568,-35.455999,NO,1308.57,"{""extra_buffer_bps"":8.0,""fee_bps_per_leg"":10.0,""top_of_book_only"":true}"
2026-09-21T00:10:10+00:00,cex_triangle,SOL:USDT-SOL-BTC-USDT,SOL,USDT->SOL->BTC->USDT,Binance,-4.143751,-42.101342,NO,1446.57,"{""extra_buffer_bps"":8.0,""fee_bps_per_leg"":10.0,""top_of_book_only"":true}"
2026-09-21T00:10:10+00:00,stable_dislocation,USDC:Binance,USDC,above peg,Binance,1.150000,1.150000,NO,3187451.45,"{""mid"":1.000115,""note"":""Peg deviation is a research signal; redemption, venue and issuer risks matter."",""signed_deviation_bps"":1.1500000000008725,""watch_threshold_bps"":10.0}"
2026-09-21T00:10:10+00:00,stable_dislocation_error,USDC:Bybit:error,USDC,n/a,Bybit,0.000000,-9999.000000,NO,,"{""error"":""HTTP Error 403: Forbidden""}"
2026-09-21T00:10:10+00:00,stable_dislocation,FDUSD:Binance,FDUSD,below peg,Binance,8.500000,8.500000,NO,1239.88,"{""mid"":0.99915,""note"":""Peg deviation is a research signal; redemption, venue and issuer risks matter."",""signed_deviation_bps"":-8.500000000000174,""watch_threshold_bps"":10.0}"
2026-09-21T00:10:10+00:00,stable_dislocation_error,FDUSD:Bybit:error,FDUSD,n/a,Bybit,0.000000,-9999.000000,NO,,"{""error"":""HTTP Error 403: Forbidden""}"
2026-09-21T01:21:35+00:00,cex_triangle,ETH:USDT-BTC-ETH-USDT,ETH,USDT->BTC->ETH->USDT,Binance,-4.397919,-42.354749,NO,10063.03,"{""extra_buffer_bps"":8.0,""fee_bps_per_leg"":10.0,""top_of_book_only"":true}"
2026-09-21T01:21:35+00:00,cex_triangle,ETH:USDT-ETH-BTC-USDT,ETH,USDT->ETH->BTC->USDT,Binance,1.320661,-36.653307,NO,41229.73,"{""extra_buffer_bps"":8.0,""fee_bps_per_leg"":10.0,""top_of_book_only"":true}"
2026-09-21T01:21:35+00:00,cex_triangle,SOL:USDT-BTC-SOL-USDT,SOL,USDT->BTC->SOL->USDT,Binance,-4.715619,-42.671496,NO,645.87,"{""extra_buffer_bps"":8.0,""fee_bps_per_leg"":10.0,""top_of_book_only"":true}"
2026-09-21T01:21:35+00:00,cex_triangle,SOL:USDT-SOL-BTC-USDT,SOL,USDT->SOL->BTC->USDT,Binance,3.106098,-34.873221,NO,1321.30,"{""extra_buffer_bps"":8.0,""fee_bps_per_leg"":10.0,""top_of_book_only"":true}"
2026-09-21T01:21:35+00:00,stable_dislocation,USDC:Binance,USDC,above peg,Binance,1.350000,1.350000,NO,2642011.42,"{""mid"":1.000135,""note"":""Peg deviation is a research signal; redemption, venue and issuer risks matter."",""signed_deviation_bps"":1.3499999999999623,""watch_threshold_bps"":10.0}"
2026-09-21T01:21:35+00:00,stable_dislocation_error,USDC:Bybit:error,USDC,n/a,Bybit,0.000000,-9999.000000,NO,,"{""error"":""HTTP Error 403: Forbidden""}"
2026-09-21T01:21:35+00:00,stable_dislocation,FDUSD:Binance,FDUSD,below peg,Binance,6.500000,6.500000,NO,1826.72,"{""mid"":0.99935,""note"":""Peg deviation is a research signal; redemption, venue and issuer risks matter."",""signed_deviation_bps"":-6.500000000000394,""watch_threshold_bps"":10.0}"
2026-09-21T01:21:35+00:00,stable_dislocation_error,FDUSD:Bybit:error,FDUSD,n/a,Bybit,0.000000,-9999.000000,NO,,"{""error"":""HTTP Error 403: Forbidden""}"
2026-09-21T01:25:59+00:00,cex_triangle,ETH:USDT-BTC-ETH-USDT,ETH,USDT->BTC->ETH->USDT,Binance,-0.413939,-38.382708,NO,5180.60,"{""extra_buffer_bps"":8.0,""fee_bps_per_leg"":10.0,""top_of_book_only"":true}"
2026-09-21T01:25:59+00:00,cex_triangle,ETH:USDT-ETH-BTC-USDT,ETH,USDT->ETH->BTC->USDT,Binance,-2.665876,-40.627896,NO,65422.80,"{""extra_buffer_bps"":8.0,""fee_bps_per_leg"":10.0,""top_of_book_only"":true}"
2026-09-21T01:25:59+00:00,cex_triangle,SOL:USDT-BTC-SOL-USDT,SOL,USDT->BTC->SOL->USDT,Binance,0.705353,-37.266771,NO,1323.08,"{""extra_buffer_bps"":8.0,""fee_bps_per_leg"":10.0,""top_of_book_only"":true}"
2026-09-21T01:25:59+00:00,cex_triangle,SOL:USDT-SOL-BTC-USDT,SOL,USDT->SOL->BTC->USDT,Binance,-2.314137,-40.277212,NO,600.43,"{""extra_buffer_bps"":8.0,""fee_bps_per_leg"":10.0,""top_of_book_only"":true}"
2026-09-21T01:25:59+00:00,stable_dislocation,USDC:Binance,USDC,above peg,Binance,1.450000,1.450000,NO,1667931.48,"{""mid"":1.000145,""note"":""Peg deviation is a research signal; redemption, venue and issuer risks matter."",""signed_deviation_bps"":1.4500000000006175,""watch_threshold_bps"":10.0}"
2026-09-21T01:25:59+00:00,stable_dislocation_error,USDC:Bybit:error,USDC,n/a,Bybit,0.000000,-9999.000000,NO,,"{""error"":""HTTP Error 403: Forbidden""}"
2026-09-21T01:25:59+00:00,stable_dislocation,FDUSD:Binance,FDUSD,below peg,Binance,7.500000,7.500000,NO,1686.82,"{""mid"":0.99925,""note"":""Peg deviation is a research signal; redemption, venue and issuer risks matter."",""signed_deviation_bps"":-7.500000000000284,""watch_threshold_bps"":10.0}"
2026-09-21T01:25:59+00:00,stable_dislocation_error,FDUSD:Bybit:error,FDUSD,n/a,Bybit,0.000000,-9999.000000,NO,,"{""error"":""HTTP Error 403: Forbidden""}"
2026-09-21T01:43:12+00:00,cex_triangle,ETH:USDT-BTC-ETH-USDT,ETH,USDT->BTC->ETH->USDT,Binance,-2.651945,-40.614007,NO,26731.10,"{""extra_buffer_bps"":8.0,""fee_bps_per_leg"":10.0,""top_of_book_only"":true}"
2026-09-21T01:43:12+00:00,cex_triangle,ETH:USDT-ETH-BTC-USDT,ETH,USDT->ETH->BTC->USDT,Binance,-0.423415,-38.392156,NO,45887.50,"{""extra_buffer_bps"":8.0,""fee_bps_per_leg"":10.0,""top_of_book_only"":true}"
2026-09-21T01:43:12+00:00,cex_triangle,SOL:USDT-BTC-SOL-USDT,SOL,USDT->BTC->SOL->USDT,Binance,-2.271676,-40.234877,NO,3402.97,"{""extra_buffer_bps"":8.0,""fee_bps_per_leg"":10.0,""top_of_book_only"":true}"
2026-09-21T01:43:12+00:00,cex_triangle,SOL:USDT-SOL-BTC-USDT,SOL,USDT->SOL->BTC->USDT,Binance,0.654737,-37.317235,NO,1561.25,"{""extra_buffer_bps"":8.0,""fee_bps_per_leg"":10.0,""top_of_book_only"":true}"
2026-09-21T01:43:12+00:00,stable_dislocation,USDC:Binance,USDC,above peg,Binance,1.250000,1.250000,NO,3133255.27,"{""mid"":1.000125,""note"":""Peg deviation is a research signal; redemption, venue and issuer risks matter."",""signed_deviation_bps"":1.2499999999993072,""watch_threshold_bps"":10.0}"
2026-09-21T01:43:12+00:00,stable_dislocation_error,USDC:Bybit:error,USDC,n/a,Bybit,0.000000,-9999.000000,NO,,"{""error"":""HTTP Error 403: Forbidden""}"
2026-09-21T01:43:12+00:00,stable_dislocation,FDUSD:Binance,FDUSD,below peg,Binance,7.500000,7.500000,NO,184129.58,"{""mid"":0.99925,""note"":""Peg deviation is a research signal; redemption, venue and issuer risks matter."",""signed_deviation_bps"":-7.500000000000284,""watch_threshold_bps"":10.0}"
2026-09-21T01:43:12+00:00,stable_dislocation_error,FDUSD:Bybit:error,FDUSD,n/a,Bybit,0.000000,-9999.000000,NO,,"{""error"":""HTTP Error 403: Forbidden""}"
2026-09-21T06:12:08+00:00,cex_triangle,ETH:USDT-BTC-ETH-USDT,ETH,USDT->BTC->ETH->USDT,Binance,1.297231,-36.676667,NO,1959.97,"{""extra_buffer_bps"":8.0,""fee_bps_per_leg"":10.0,""top_of_book_only"":true}"
2026-09-21T06:12:08+00:00,cex_triangle,ETH:USDT-ETH-BTC-USDT,ETH,USDT->ETH->BTC->USDT,Binance,-4.396260,-42.353094,NO,104016.06,"{""extra_buffer_bps"":8.0,""fee_bps_per_leg"":10.0,""top_of_book_only"":true}"
2026-09-21T06:12:08+00:00,cex_triangle,SOL:USDT-BTC-SOL-USDT,SOL,USDT->BTC->SOL->USDT,Binance,-1.446124,-39.411800,NO,2102.63,"{""extra_buffer_bps"":8.0,""fee_bps_per_leg"":10.0,""top_of_book_only"":true}"
2026-09-21T06:12:08+00:00,cex_triangle,SOL:USDT-SOL-BTC-USDT,SOL,USDT->SOL->BTC->USDT,Binance,-0.179522,-38.148994,NO,1404.46,"{""extra_buffer_bps"":8.0,""fee_bps_per_leg"":10.0,""top_of_book_only"":true}"
2026-09-21T06:12:08+00:00,stable_dislocation,USDC:Binance,USDC,above peg,Binance,1.850000,1.850000,NO,3219617.43,"{""mid"":1.000185,""note"":""Peg deviation is a research signal; redemption, venue and issuer risks matter."",""signed_deviation_bps"":1.8500000000010175,""watch_threshold_bps"":10.0}"
2026-09-21T06:12:08+00:00,stable_dislocation_error,USDC:Bybit:error,USDC,n/a,Bybit,0.000000,-9999.000000,NO,,"{""error"":""HTTP Error 403: Forbidden""}"
2026-09-21T06:12:08+00:00,stable_dislocation,FDUSD:Binance,FDUSD,below peg,Binance,6.500000,6.500000,NO,353.79,"{""mid"":0.99935,""note"":""Peg deviation is a research signal; redemption, venue and issuer risks matter."",""signed_deviation_bps"":-6.500000000000394,""watch_threshold_bps"":10.0}"
2026-09-21T06:12:08+00:00,stable_dislocation_error,FDUSD:Bybit:error,FDUSD,n/a,Bybit,0.000000,-9999.000000,NO,,"{""error"":""HTTP Error 403: Forbidden""}"
2026-09-21T06:37:46+00:00,cex_triangle,ETH:USDT-BTC-ETH-USDT,ETH,USDT->BTC->ETH->USDT,Binance,-1.458282,-39.423922,NO,64563.48,"{""extra_buffer_bps"":8.0,""fee_bps_per_leg"":10.0,""top_of_book_only"":true}"
2026-09-21T06:37:46+00:00,cex_triangle,ETH:USDT-ETH-BTC-USDT,ETH,USDT->ETH->BTC->USDT,Binance,-1.644421,-39.609503,NO,30015.54,"{""extra_buffer_bps"":8.0,""fee_bps_per_leg"":10.0,""top_of_book_only"":true}"
2026-09-21T06:37:46+00:00,cex_triangle,SOL:USDT-BTC-SOL-USDT,SOL,USDT->BTC->SOL->USDT,Binance,0.486364,-37.485104,NO,227.57,"{""extra_buffer_bps"":8.0,""fee_bps_per_leg"":10.0,""top_of_book_only"":true}"
2026-09-21T06:37:46+00:00,cex_triangle,SOL:USDT-SOL-BTC-USDT,SOL,USDT->SOL->BTC->USDT,Binance,-2.107707,-40.071401,NO,1702.39,"{""extra_buffer_bps"":8.0,""fee_bps_per_leg"":10.0,""top_of_book_only"":true}"
2026-09-21T06:37:46+00:00,stable_dislocation,USDC:Binance,USDC,above peg,Binance,1.450000,1.450000,NO,1344064.14,"{""mid"":1.000145,""note"":""Peg deviation is a research signal; redemption, venue and issuer risks matter."",""signed_deviation_bps"":1.4500000000006175,""watch_threshold_bps"":10.0}"
2026-09-21T06:37:46+00:00,stable_dislocation_error,USDC:Bybit:error,USDC,n/a,Bybit,0.000000,-9999.000000,NO,,"{""error"":""HTTP Error 403: Forbidden""}"
2026-09-21T06:37:46+00:00,stable_dislocation,FDUSD:Binance,FDUSD,below peg,Binance,5.500000,5.500000,NO,8515.74,"{""mid"":0.99945,""note"":""Peg deviation is a research signal; redemption, venue and issuer risks matter."",""signed_deviation_bps"":-5.5000000000005045,""watch_threshold_bps"":10.0}"
2026-09-21T06:37:46+00:00,stable_dislocation_error,FDUSD:Bybit:error,FDUSD,n/a,Bybit,0.000000,-9999.000000,NO,,"{""error"":""HTTP Error 403: Forbidden""}"
2026-09-21T06:55:31+00:00,cex_triangle,ETH:USDT-BTC-ETH-USDT,ETH,USDT->BTC->ETH->USDT,Binance,0.698879,-37.273226,NO,17.56,"{""extra_buffer_bps"":8.0,""fee_bps_per_leg"":10.0,""top_of_book_only"":true}"
2026-09-21T06:55:31+00:00,cex_triangle,ETH:USDT-ETH-BTC-USDT,ETH,USDT->ETH->BTC->USDT,Binance,-3.803950,-41.762559,NO,2406.65,"{""extra_buffer_bps"":8.0,""fee_bps_per_leg"":10.0,""top_of_book_only"":true}"
2026-09-21T06:55:31+00:00,cex_triangle,SOL:USDT-BTC-SOL-USDT,SOL,USDT->BTC->SOL->USDT,Binance,-1.369967,-39.335871,NO,1310.02,"{""extra_buffer_bps"":8.0,""fee_bps_per_leg"":10.0,""top_of_book_only"":true}"
2026-09-21T06:55:31+00:00,cex_triangle,SOL:USDT-SOL-BTC-USDT,SOL,USDT->SOL->BTC->USDT,Binance,-0.252444,-38.221697,NO,2031.79,"{""extra_buffer_bps"":8.0,""fee_bps_per_leg"":10.0,""top_of_book_only"":true}"
2026-09-21T06:55:31+00:00,stable_dislocation,USDC:Binance,USDC,above peg,Binance,1.050000,1.050000,NO,3331548.43,"{""mid"":1.000105,""note"":""Peg deviation is a research signal; redemption, venue and issuer risks matter."",""signed_deviation_bps"":1.0500000000002174,""watch_threshold_bps"":10.0}"
2026-09-21T06:55:31+00:00,stable_dislocation_error,USDC:Bybit:error,USDC,n/a,Bybit,0.000000,-9999.000000,NO,,"{""error"":""HTTP Error 403: Forbidden""}"
2026-09-21T06:55:31+00:00,stable_dislocation,FDUSD:Binance,FDUSD,below peg,Binance,6.500000,6.500000,NO,1171.30,"{""mid"":0.99935,""note"":""Peg deviation is a research signal; redemption, venue and issuer risks matter."",""signed_deviation_bps"":-6.500000000000394,""watch_threshold_bps"":10.0}"
2026-09-21T06:55:31+00:00,stable_dislocation_error,FDUSD:Bybit:error,FDUSD,n/a,Bybit,0.000000,-9999.000000,NO,,"{""error"":""HTTP Error 403: Forbidden""}"
2026-09-21T07:16:01+00:00,cex_triangle,ETH:USDT-BTC-ETH-USDT,ETH,USDT->BTC->ETH->USDT,Binance,0.417111,-37.554149,NO,69005.55,"{""extra_buffer_bps"":8.0,""fee_bps_per_leg"":10.0,""top_of_book_only"":true}"
2026-09-21T07:16:01+00:00,cex_triangle,ETH:USDT-ETH-BTC-USDT,ETH,USDT->ETH->BTC->USDT,Binance,-3.523282,-41.482733,NO,565.41,"{""extra_buffer_bps"":8.0,""fee_bps_per_leg"":10.0,""top_of_book_only"":true}"
2026-09-21T07:16:01+00:00,cex_triangle,SOL:USDT-BTC-SOL-USDT,SOL,USDT->BTC->SOL->USDT,Binance,-1.607185,-39.572379,NO,1194.14,"{""extra_buffer_bps"":8.0,""fee_bps_per_leg"":10.0,""top_of_book_only"":true}"
2026-09-21T07:16:01+00:00,cex_triangle,SOL:USDT-SOL-BTC-USDT,SOL,USDT->SOL->BTC->USDT,Binance,-0.015380,-37.985344,NO,1309.26,"{""extra_buffer_bps"":8.0,""fee_bps_per_leg"":10.0,""top_of_book_only"":true}"
2026-09-21T07:16:01+00:00,stable_dislocation,USDC:Binance,USDC,above peg,Binance,1.050000,1.050000,NO,1283496.34,"{""mid"":1.000105,""note"":""Peg deviation is a research signal; redemption, venue and issuer risks matter."",""signed_deviation_bps"":1.0500000000002174,""watch_threshold_bps"":10.0}"
2026-09-21T07:16:01+00:00,stable_dislocation_error,USDC:Bybit:error,USDC,n/a,Bybit,0.000000,-9999.000000,NO,,"{""error"":""HTTP Error 403: Forbidden""}"
2026-09-21T07:16:01+00:00,stable_dislocation,FDUSD:Binance,FDUSD,below peg,Binance,4.500000,4.500000,NO,2331.07,"{""mid"":0.99955,""note"":""Peg deviation is a research signal; redemption, venue and issuer risks matter."",""signed_deviation_bps"":-4.499999999999504,""watch_threshold_bps"":10.0}"
2026-09-21T07:16:01+00:00,stable_dislocation_error,FDUSD:Bybit:error,FDUSD,n/a,Bybit,0.000000,-9999.000000,NO,,"{""error"":""HTTP Error 403: Forbidden""}"
2026-09-21T13:25:14+00:00,cex_triangle,ETH:USDT-BTC-ETH-USDT,ETH,USDT->BTC->ETH->USDT,Binance,3.232425,-34.747273,NO,9501.88,"{""extra_buffer_bps"":8.0,""fee_bps_per_leg"":10.0,""top_of_book_only"":true}"
2026-09-21T13:25:14+00:00,cex_triangle,ETH:USDT-ETH-BTC-USDT,ETH,USDT->ETH->BTC->USDT,Binance,-6.382442,-44.333324,NO,43931.07,"{""extra_buffer_bps"":8.0,""fee_bps_per_leg"":10.0,""top_of_book_only"":true}"
2026-09-21T13:25:14+00:00,cex_triangle,SOL:USDT-BTC-SOL-USDT,SOL,USDT->BTC->SOL->USDT,Binance,-0.106789,-38.076479,NO,932.68,"{""extra_buffer_bps"":8.0,""fee_bps_per_leg"":10.0,""top_of_book_only"":true}"
2026-09-21T13:25:14+00:00,cex_triangle,SOL:USDT-SOL-BTC-USDT,SOL,USDT->SOL->BTC->USDT,Binance,-1.469921,-39.435525,NO,193.16,"{""extra_buffer_bps"":8.0,""fee_bps_per_leg"":10.0,""top_of_book_only"":true}"
2026-09-21T13:25:14+00:00,stable_dislocation,USDC:Binance,USDC,above peg,Binance,1.950000,1.950000,NO,1367338.41,"{""mid"":1.000195,""note"":""Peg deviation is a research signal; redemption, venue and issuer risks matter."",""signed_deviation_bps"":1.9499999999994522,""watch_threshold_bps"":10.0}"
2026-09-21T13:25:14+00:00,stable_dislocation_error,USDC:Bybit:error,USDC,n/a,Bybit,0.000000,-9999.000000,NO,,"{""error"":""HTTP Error 403: Forbidden""}"
2026-09-21T13:25:14+00:00,stable_dislocation,FDUSD:Binance,FDUSD,below peg,Binance,7.500000,7.500000,NO,251441.87,"{""mid"":0.99925,""note"":""Peg deviation is a research signal; redemption, venue and issuer risks matter."",""signed_deviation_bps"":-7.500000000000284,""watch_threshold_bps"":10.0}"
2026-09-21T13:25:14+00:00,stable_dislocation_error,FDUSD:Bybit:error,FDUSD,n/a,Bybit,0.000000,-9999.000000,NO,,"{""error"":""HTTP Error 403: Forbidden""}"
2026-09-21T13:46:07+00:00,cex_triangle,ETH:USDT-BTC-ETH-USDT,ETH,USDT->BTC->ETH->USDT,Binance,-2.942009,-40.903202,NO,36981.39,"{""extra_buffer_bps"":8.0,""fee_bps_per_leg"":10.0,""top_of_book_only"":true}"
2026-09-21T13:46:07+00:00,cex_triangle,ETH:USDT-ETH-BTC-USDT,ETH,USDT->ETH->BTC->USDT,Binance,-0.219888,-38.189239,NO,32450.32,"{""extra_buffer_bps"":8.0,""fee_bps_per_leg"":10.0,""top_of_book_only"":true}"
2026-09-21T13:46:07+00:00,cex_triangle,SOL:USDT-BTC-SOL-USDT,SOL,USDT->BTC->SOL->USDT,Binance,0.669640,-37.302377,NO,208.56,"{""extra_buffer_bps"":8.0,""fee_bps_per_leg"":10.0,""top_of_book_only"":true}"
2026-09-21T13:46:07+00:00,cex_triangle,SOL:USDT-SOL-BTC-USDT,SOL,USDT->SOL->BTC->USDT,Binance,-2.248138,-40.211410,NO,884.32,"{""extra_buffer_bps"":8.0,""fee_bps_per_leg"":10.0,""top_of_book_only"":true}"
2026-09-21T13:46:07+00:00,stable_dislocation,USDC:Binance,USDC,above peg,Binance,2.650000,2.650000,NO,1624882.60,"{""mid"":1.000265,""note"":""Peg deviation is a research signal; redemption, venue and issuer risks matter."",""signed_deviation_bps"":2.649999999999597,""watch_threshold_bps"":10.0}"
2026-09-21T13:46:07+00:00,stable_dislocation_error,USDC:Bybit:error,USDC,n/a,Bybit,0.000000,-9999.000000,NO,,"{""error"":""HTTP Error 403: Forbidden""}"
2026-09-21T13:46:07+00:00,stable_dislocation,FDUSD:Binance,FDUSD,below peg,Binance,6.500000,6.500000,NO,35707.99,"{""mid"":0.99935,""note"":""Peg deviation is a research signal; redemption, venue and issuer risks matter."",""signed_deviation_bps"":-6.500000000000394,""watch_threshold_bps"":10.0}"
2026-09-21T13:46:07+00:00,stable_dislocation_error,FDUSD:Bybit:error,FDUSD,n/a,Bybit,0.000000,-9999.000000,NO,,"{""error"":""HTTP Error 403: Forbidden""}"
2026-09-21T13:58:34+00:00,cex_triangle,ETH:USDT-BTC-ETH-USDT,ETH,USDT->BTC->ETH->USDT,Binance,-3.416758,-41.376528,NO,59724.54,"{""extra_buffer_bps"":8.0,""fee_bps_per_leg"":10.0,""top_of_book_only"":true}"
2026-09-21T13:58:34+00:00,cex_triangle,ETH:USDT-ETH-BTC-USDT,ETH,USDT->ETH->BTC->USDT,Binance,0.252132,-37.718634,NO,10693.91,"{""extra_buffer_bps"":8.0,""fee_bps_per_leg"":10.0,""top_of_book_only"":true}"
2026-09-21T13:58:34+00:00,cex_triangle,SOL:USDT-BTC-SOL-USDT,SOL,USDT->BTC->SOL->USDT,Binance,-2.197101,-40.160526,NO,1083.62,"{""extra_buffer_bps"":8.0,""fee_bps_per_leg"":10.0,""top_of_book_only"":true}"
2026-09-21T13:58:34+00:00,cex_triangle,SOL:USDT-SOL-BTC-USDT,SOL,USDT->SOL->BTC->USDT,Binance,0.625676,-37.346209,NO,904.61,"{""extra_buffer_bps"":8.0,""fee_bps_per_leg"":10.0,""top_of_book_only"":true}"
2026-09-21T13:58:34+00:00,stable_dislocation,USDC:Binance,USDC,above peg,Binance,2.750000,2.750000,NO,1453826.96,"{""mid"":1.000275,""note"":""Peg deviation is a research signal; redemption, venue and issuer risks matter."",""signed_deviation_bps"":2.7500000000002522,""watch_threshold_bps"":10.0}"
2026-09-21T13:58:34+00:00,stable_dislocation_error,USDC:Bybit:error,USDC,n/a,Bybit,0.000000,-9999.000000,NO,,"{""error"":""HTTP Error 403: Forbidden""}"
2026-09-21T13:58:34+00:00,stable_dislocation,FDUSD:Binance,FDUSD,below peg,Binance,7.500000,7.500000,NO,83075.81,"{""mid"":0.99925,""note"":""Peg deviation is a research signal; redemption, venue and issuer risks matter."",""signed_deviation_bps"":-7.500000000000284,""watch_threshold_bps"":10.0}"
2026-09-21T13:58:34+00:00,stable_dislocation_error,FDUSD:Bybit:error,FDUSD,n/a,Bybit,0.000000,-9999.000000,NO,,"{""error"":""HTTP Error 403: Forbidden""}"
2026-09-21T14:28:27+00:00,cex_triangle,ETH:USDT-BTC-ETH-USDT,ETH,USDT->BTC->ETH->USDT,Binance,-5.316121,-43.270198,NO,150940.14,"{""extra_buffer_bps"":8.0,""fee_bps_per_leg"":10.0,""top_of_book_only"":true}"
2026-09-21T14:28:27+00:00,cex_triangle,ETH:USDT-ETH-BTC-USDT,ETH,USDT->ETH->BTC->USDT,Binance,2.145741,-35.830700,NO,6749.64,"{""extra_buffer_bps"":8.0,""fee_bps_per_leg"":10.0,""top_of_book_only"":true}"
2026-09-21T14:28:27+00:00,cex_triangle,SOL:USDT-BTC-SOL-USDT,SOL,USDT->BTC->SOL->USDT,Binance,-6.173655,-44.125163,NO,1192.77,"{""extra_buffer_bps"":8.0,""fee_bps_per_leg"":10.0,""top_of_book_only"":true}"
2026-09-21T14:28:27+00:00,cex_triangle,SOL:USDT-SOL-BTC-USDT,SOL,USDT->SOL->BTC->USDT,Binance,4.609616,-33.374209,NO,1402.68,"{""extra_buffer_bps"":8.0,""fee_bps_per_leg"":10.0,""top_of_book_only"":true}"
2026-09-21T14:28:27+00:00,stable_dislocation,USDC:Binance,USDC,above peg,Binance,2.350000,2.350000,NO,1025680.85,"{""mid"":1.000235,""note"":""Peg deviation is a research signal; redemption, venue and issuer risks matter."",""signed_deviation_bps"":2.349999999999852,""watch_threshold_bps"":10.0}"
2026-09-21T14:28:27+00:00,stable_dislocation_error,USDC:Bybit:error,USDC,n/a,Bybit,0.000000,-9999.000000,NO,,"{""error"":""HTTP Error 403: Forbidden""}"
2026-09-21T14:28:27+00:00,stable_dislocation,FDUSD:Binance,FDUSD,below peg,Binance,5.500000,5.500000,NO,138756.70,"{""mid"":0.99945,""note"":""Peg deviation is a research signal; redemption, venue and issuer risks matter."",""signed_deviation_bps"":-5.5000000000005045,""watch_threshold_bps"":10.0}"
2026-09-21T14:28:27+00:00,stable_dislocation_error,FDUSD:Bybit:error,FDUSD,n/a,Bybit,0.000000,-9999.000000,NO,,"{""error"":""HTTP Error 403: Forbidden""}"
2026-09-21T18:55:39+00:00,cex_triangle,ETH:USDT-BTC-ETH-USDT,ETH,USDT->BTC->ETH->USDT,Binance,-2.294213,-40.257347,NO,88235.03,"{""extra_buffer_bps"":8.0,""fee_bps_per_leg"":10.0,""top_of_book_only"":true}"
2026-09-21T18:55:39+00:00,cex_triangle,ETH:USDT-ETH-BTC-USDT,ETH,USDT->ETH->BTC->USDT,Binance,-0.865497,-38.832914,NO,46835.27,"{""extra_buffer_bps"":8.0,""fee_bps_per_leg"":10.0,""top_of_book_only"":true}"
2026-09-21T18:55:39+00:00,cex_triangle,SOL:USDT-BTC-SOL-USDT,SOL,USDT->BTC->SOL->USDT,Binance,-0.360008,-38.328939,NO,193.64,"{""extra_buffer_bps"":8.0,""fee_bps_per_leg"":10.0,""top_of_book_only"":true}"
2026-09-21T18:55:39+00:00,cex_triangle,SOL:USDT-SOL-BTC-USDT,SOL,USDT->SOL->BTC->USDT,Binance,-1.221656,-39.188005,NO,423.29,"{""extra_buffer_bps"":8.0,""fee_bps_per_leg"":10.0,""top_of_book_only"":true}"
2026-09-21T18:55:39+00:00,stable_dislocation,USDC:Binance,USDC,below peg,Binance,0.150000,0.150000,NO,534054.32,"{""mid"":0.999985,""note"":""Peg deviation is a research signal; redemption, venue and issuer risks matter."",""signed_deviation_bps"":-0.14999999999987246,""watch_threshold_bps"":10.0}"
2026-09-21T18:55:39+00:00,stable_dislocation_error,USDC:Bybit:error,USDC,n/a,Bybit,0.000000,-9999.000000,NO,,"{""error"":""HTTP Error 403: Forbidden""}"
2026-09-21T18:55:39+00:00,stable_dislocation,FDUSD:Binance,FDUSD,below peg,Binance,9.500000,9.500000,NO,126266.26,"{""mid"":0.99905,""note"":""Peg deviation is a research signal; redemption, venue and issuer risks matter."",""signed_deviation_bps"":-9.500000000000064,""watch_threshold_bps"":10.0}"
2026-09-21T18:55:39+00:00,stable_dislocation_error,FDUSD:Bybit:error,FDUSD,n/a,Bybit,0.000000,-9999.000000,NO,,"{""error"":""HTTP Error 403: Forbidden""}"
2026-09-21T19:03:28+00:00,cex_triangle,ETH:USDT-BTC-ETH-USDT,ETH,USDT->BTC->ETH->USDT,Binance,-0.099843,-38.069554,NO,118226.38,"{""extra_buffer_bps"":8.0,""fee_bps_per_leg"":10.0,""top_of_book_only"":true}"
2026-09-21T19:03:28+00:00,cex_triangle,ETH:USDT-ETH-BTC-USDT,ETH,USDT->ETH->BTC->USDT,Binance,-3.054777,-41.015632,NO,139224.34,"{""extra_buffer_bps"":8.0,""fee_bps_per_leg"":10.0,""top_of_book_only"":true}"
2026-09-21T19:03:28+00:00,cex_triangle,SOL:USDT-BTC-SOL-USDT,SOL,USDT->BTC->SOL->USDT,Binance,-1.805109,-39.769709,NO,4599.39,"{""extra_buffer_bps"":8.0,""fee_bps_per_leg"":10.0,""top_of_book_only"":true}"
2026-09-21T19:03:28+00:00,cex_triangle,SOL:USDT-SOL-BTC-USDT,SOL,USDT->SOL->BTC->USDT,Binance,0.219625,-37.751043,NO,14.79,"{""extra_buffer_bps"":8.0,""fee_bps_per_leg"":10.0,""top_of_book_only"":true}"
2026-09-21T19:03:28+00:00,stable_dislocation,USDC:Binance,USDC,below peg,Binance,0.150000,0.150000,NO,2554422.91,"{""mid"":0.999985,""note"":""Peg deviation is a research signal; redemption, venue and issuer risks matter."",""signed_deviation_bps"":-0.14999999999987246,""watch_threshold_bps"":10.0}"
2026-09-21T19:03:28+00:00,stable_dislocation_error,USDC:Bybit:error,USDC,n/a,Bybit,0.000000,-9999.000000,NO,,"{""error"":""HTTP Error 403: Forbidden""}"
2026-09-21T19:03:28+00:00,stable_dislocation,FDUSD:Binance,FDUSD,below peg,Binance,8.500000,8.500000,NO,110937.18,"{""mid"":0.99915,""note"":""Peg deviation is a research signal; redemption, venue and issuer risks matter."",""signed_deviation_bps"":-8.500000000000174,""watch_threshold_bps"":10.0}"
2026-09-21T19:03:28+00:00,stable_dislocation_error,FDUSD:Bybit:error,FDUSD,n/a,Bybit,0.000000,-9999.000000,NO,,"{""error"":""HTTP Error 403: Forbidden""}"
2026-09-21T19:19:50+00:00,cex_triangle,ETH:USDT-BTC-ETH-USDT,ETH,USDT->BTC->ETH->USDT,Binance,2.093584,-35.882700,NO,62.12,"{""extra_buffer_bps"":8.0,""fee_bps_per_leg"":10.0,""top_of_book_only"":true}"
2026-09-21T19:19:50+00:00,cex_triangle,ETH:USDT-ETH-BTC-USDT,ETH,USDT->ETH->BTC->USDT,Binance,-5.244018,-43.198312,NO,32136.32,"{""extra_buffer_bps"":8.0,""fee_bps_per_leg"":10.0,""top_of_book_only"":true}"
2026-09-21T19:19:50+00:00,cex_triangle,SOL:USDT-BTC-SOL-USDT,SOL,USDT->BTC->SOL->USDT,Binance,3.292183,-34.687693,NO,62.12,"{""extra_buffer_bps"":8.0,""fee_bps_per_leg"":10.0,""top_of_book_only"":true}"
2026-09-21T19:19:50+00:00,cex_triangle,SOL:USDT-SOL-BTC-USDT,SOL,USDT->SOL->BTC->USDT,Binance,-4.871111,-42.826522,NO,1185.40,"{""extra_buffer_bps"":8.0,""fee_bps_per_leg"":10.0,""top_of_book_only"":true}"
2026-09-21T19:19:50+00:00,stable_dislocation,USDC:Binance,USDC,above peg,Binance,0.050000,0.050000,NO,292991.93,"{""mid"":1.000005,""note"":""Peg deviation is a research signal; redemption, venue and issuer risks matter."",""signed_deviation_bps"":0.05000000000032756,""watch_threshold_bps"":10.0}"
2026-09-21T19:19:50+00:00,stable_dislocation_error,USDC:Bybit:error,USDC,n/a,Bybit,0.000000,-9999.000000,NO,,"{""error"":""HTTP Error 403: Forbidden""}"
2026-09-21T19:19:50+00:00,stable_dislocation,FDUSD:Binance,FDUSD,below peg,Binance,6.500000,6.500000,NO,66833.18,"{""mid"":0.99935,""note"":""Peg deviation is a research signal; redemption, venue and issuer risks matter."",""signed_deviation_bps"":-6.500000000000394,""watch_threshold_bps"":10.0}"
2026-09-21T19:19:50+00:00,stable_dislocation_error,FDUSD:Bybit:error,FDUSD,n/a,Bybit,0.000000,-9999.000000,NO,,"{""error"":""HTTP Error 403: Forbidden""}"
2026-09-21T19:45:26+00:00,cex_triangle,ETH:USDT-BTC-ETH-USDT,ETH,USDT->BTC->ETH->USDT,Binance,-2.755029,-40.716782,NO,10752.42,"{""extra_buffer_bps"":8.0,""fee_bps_per_leg"":10.0,""top_of_book_only"":true}"
2026-09-21T19:45:26+00:00,cex_triangle,ETH:USDT-ETH-BTC-USDT,ETH,USDT->ETH->BTC->USDT,Binance,-0.412282,-38.381056,NO,15970.26,"{""extra_buffer_bps"":8.0,""fee_bps_per_leg"":10.0,""top_of_book_only"":true}"
2026-09-21T19:45:26+00:00,cex_triangle,SOL:USDT-BTC-SOL-USDT,SOL,USDT->BTC->SOL->USDT,Binance,-0.348291,-38.317258,NO,194.38,"{""extra_buffer_bps"":8.0,""fee_bps_per_leg"":10.0,""top_of_book_only"":true}"
2026-09-21T19:45:26+00:00,cex_triangle,SOL:USDT-SOL-BTC-USDT,SOL,USDT->SOL->BTC->USDT,Binance,-1.231737,-39.198056,NO,1186.31,"{""extra_buffer_bps"":8.0,""fee_bps_per_leg"":10.0,""top_of_book_only"":true}"
2026-09-21T19:45:26+00:00,stable_dislocation,USDC:Binance,USDC,above peg,Binance,0.050000,0.050000,NO,1064783.65,"{""mid"":1.000005,""note"":""Peg deviation is a research signal; redemption, venue and issuer risks matter."",""signed_deviation_bps"":0.05000000000032756,""watch_threshold_bps"":10.0}"
2026-09-21T19:45:26+00:00,stable_dislocation_error,USDC:Bybit:error,USDC,n/a,Bybit,0.000000,-9999.000000,NO,,"{""error"":""HTTP Error 403: Forbidden""}"
2026-09-21T19:45:26+00:00,stable_dislocation,FDUSD:Binance,FDUSD,below peg,Binance,6.500000,6.500000,NO,11114.21,"{""mid"":0.99935,""note"":""Peg deviation is a research signal; redemption, venue and issuer risks matter."",""signed_deviation_bps"":-6.500000000000394,""watch_threshold_bps"":10.0}"
2026-09-21T19:45:26+00:00,stable_dislocation_error,FDUSD:Bybit:error,FDUSD,n/a,Bybit,0.000000,-9999.000000,NO,,"{""error"":""HTTP Error 403: Forbidden""}"
2026-09-21T21:25:15+00:00,cex_triangle,ETH:USDT-BTC-ETH-USDT,ETH,USDT->BTC->ETH->USDT,Binance,-6.198595,-44.150027,NO,79632.65,"{""extra_buffer_bps"":8.0,""fee_bps_per_leg"":10.0,""top_of_book_only"":true}"
2026-09-21T21:25:15+00:00,cex_triangle,ETH:USDT-ETH-BTC-USDT,ETH,USDT->ETH->BTC->USDT,Binance,3.033306,-34.945795,NO,17618.57,"{""extra_buffer_bps"":8.0,""fee_bps_per_leg"":10.0,""top_of_book_only"":true}"
2026-09-21T21:25:15+00:00,cex_triangle,SOL:USDT-BTC-SOL-USDT,SOL,USDT->BTC->SOL->USDT,Binance,-3.863127,-41.821559,NO,3990.61,"{""extra_buffer_bps"":8.0,""fee_bps_per_leg"":10.0,""top_of_book_only"":true}"
2026-09-21T21:25:15+00:00,cex_triangle,SOL:USDT-SOL-BTC-USDT,SOL,USDT->SOL->BTC->USDT,Binance,2.296353,-35.680539,NO,17618.57,"{""extra_buffer_bps"":8.0,""fee_bps_per_leg"":10.0,""top_of_book_only"":true}"
2026-09-21T21:25:15+00:00,stable_dislocation,USDC:Binance,USDC,above peg,Binance,0.450000,0.450000,NO,707826.39,"{""mid"":1.000045,""note"":""Peg deviation is a research signal; redemption, venue and issuer risks matter."",""signed_deviation_bps"":0.4500000000007276,""watch_threshold_bps"":10.0}"
2026-09-21T21:25:15+00:00,stable_dislocation_error,USDC:Bybit:error,USDC,n/a,Bybit,0.000000,-9999.000000,NO,,"{""error"":""HTTP Error 403: Forbidden""}"
2026-09-21T21:25:15+00:00,stable_dislocation,FDUSD:Binance,FDUSD,below peg,Binance,6.500000,6.500000,NO,28006.19,"{""mid"":0.99935,""note"":""Peg deviation is a research signal; redemption, venue and issuer risks matter."",""signed_deviation_bps"":-6.500000000000394,""watch_threshold_bps"":10.0}"
2026-09-21T21:25:15+00:00,stable_dislocation_error,FDUSD:Bybit:error,FDUSD,n/a,Bybit,0.000000,-9999.000000,NO,,"{""error"":""HTTP Error 403: Forbidden""}"
2026-09-21T22:28:30+00:00,cex_triangle,ETH:USDT-BTC-ETH-USDT,ETH,USDT->BTC->ETH->USDT,Binance,-4.837864,-42.793375,NO,14549.38,"{""extra_buffer_bps"":8.0,""fee_bps_per_leg"":10.0,""top_of_book_only"":true}"
2026-09-21T22:28:30+00:00,cex_triangle,ETH:USDT-ETH-BTC-USDT,ETH,USDT->ETH->BTC->USDT,Binance,1.682266,-36.292786,NO,73187.16,"{""extra_buffer_bps"":8.0,""fee_bps_per_leg"":10.0,""top_of_book_only"":true}"
2026-09-21T22:28:30+00:00,cex_triangle,SOL:USDT-BTC-SOL-USDT,SOL,USDT->BTC->SOL->USDT,Binance,-4.237411,-42.194722,NO,1727.83,"{""extra_buffer_bps"":8.0,""fee_bps_per_leg"":10.0,""top_of_book_only"":true}"
2026-09-21T22:28:30+00:00,cex_triangle,SOL:USDT-SOL-BTC-USDT,SOL,USDT->SOL->BTC->USDT,Binance,2.672795,-35.305226,NO,2752.75,"{""extra_buffer_bps"":8.0,""fee_bps_per_leg"":10.0,""top_of_book_only"":true}"
2026-09-21T22:28:30+00:00,stable_dislocation,USDC:Binance,USDC,above peg,Binance,1.250000,1.250000,NO,888568.62,"{""mid"":1.000125,""note"":""Peg deviation is a research signal; redemption, venue and issuer risks matter."",""signed_deviation_bps"":1.2499999999993072,""watch_threshold_bps"":10.0}"
2026-09-21T22:28:30+00:00,stable_dislocation_error,USDC:Bybit:error,USDC,n/a,Bybit,0.000000,-9999.000000,NO,,"{""error"":""HTTP Error 403: Forbidden""}"
2026-09-21T22:28:30+00:00,stable_dislocation,FDUSD:Binance,FDUSD,below peg,Binance,5.500000,5.500000,NO,52818.29,"{""mid"":0.99945,""note"":""Peg deviation is a research signal; redemption, venue and issuer risks matter."",""signed_deviation_bps"":-5.5000000000005045,""watch_threshold_bps"":10.0}"
2026-09-21T22:28:30+00:00,stable_dislocation_error,FDUSD:Bybit:error,FDUSD,n/a,Bybit,0.000000,-9999.000000,NO,,"{""error"":""HTTP Error 403: Forbidden""}"
2026-09-21T22:35:30+00:00,cex_triangle,ETH:USDT-BTC-ETH-USDT,ETH,USDT->BTC->ETH->USDT,Binance,0.326257,-37.644731,NO,121939.69,"{""extra_buffer_bps"":8.0,""fee_bps_per_leg"":10.0,""top_of_book_only"":true}"
2026-09-21T22:35:30+00:00,cex_triangle,ETH:USDT-ETH-BTC-USDT,ETH,USDT->ETH->BTC->USDT,Binance,-3.477574,-41.437161,NO,78.07,"{""extra_buffer_bps"":8.0,""fee_bps_per_leg"":10.0,""top_of_book_only"":true}"
2026-09-21T22:35:30+00:00,cex_triangle,SOL:USDT-BTC-SOL-USDT,SOL,USDT->BTC->SOL->USDT,Binance,-1.173202,-39.139696,NO,3914.72,"{""extra_buffer_bps"":8.0,""fee_bps_per_leg"":10.0,""top_of_book_only"":true}"
2026-09-21T22:35:30+00:00,cex_triangle,SOL:USDT-SOL-BTC-USDT,SOL,USDT->SOL->BTC->USDT,Binance,-0.390886,-38.359724,NO,1372.30,"{""extra_buffer_bps"":8.0,""fee_bps_per_leg"":10.0,""top_of_book_only"":true}"
2026-09-21T22:35:30+00:00,stable_dislocation,USDC:Binance,USDC,above peg,Binance,1.250000,1.250000,NO,1671923.32,"{""mid"":1.000125,""note"":""Peg deviation is a research signal; redemption, venue and issuer risks matter."",""signed_deviation_bps"":1.2499999999993072,""watch_threshold_bps"":10.0}"
2026-09-21T22:35:30+00:00,stable_dislocation_error,USDC:Bybit:error,USDC,n/a,Bybit,0.000000,-9999.000000,NO,,"{""error"":""HTTP Error 403: Forbidden""}"
2026-09-21T22:35:30+00:00,stable_dislocation,FDUSD:Binance,FDUSD,below peg,Binance,5.500000,5.500000,NO,45393.75,"{""mid"":0.99945,""note"":""Peg deviation is a research signal; redemption, venue and issuer risks matter."",""signed_deviation_bps"":-5.5000000000005045,""watch_threshold_bps"":10.0}"
2026-09-21T22:35:30+00:00,stable_dislocation_error,FDUSD:Bybit:error,FDUSD,n/a,Bybit,0.000000,-9999.000000,NO,,"{""error"":""HTTP Error 403: Forbidden""}"
2026-09-21T23:01:24+00:00,cex_triangle,ETH:USDT-BTC-ETH-USDT,ETH,USDT->BTC->ETH->USDT,Binance,-1.072209,-39.039005,NO,46012.30,"{""extra_buffer_bps"":8.0,""fee_bps_per_leg"":10.0,""top_of_book_only"":true}"
2026-09-21T23:01:24+00:00,cex_triangle,ETH:USDT-ETH-BTC-USDT,ETH,USDT->ETH->BTC->USDT,Binance,-2.074579,-40.038372,NO,685.89,"{""extra_buffer_bps"":8.0,""fee_bps_per_leg"":10.0,""top_of_book_only"":true}"
2026-09-21T23:01:24+00:00,cex_triangle,SOL:USDT-BTC-SOL-USDT,SOL,USDT->BTC->SOL->USDT,Binance,-0.399735,-38.368547,NO,1579.97,"{""extra_buffer_bps"":8.0,""fee_bps_per_leg"":10.0,""top_of_book_only"":true}"
2026-09-21T23:01:24+00:00,cex_triangle,SOL:USDT-SOL-BTC-USDT,SOL,USDT->SOL->BTC->USDT,Binance,-1.161642,-39.128170,NO,2815.42,"{""extra_buffer_bps"":8.0,""fee_bps_per_leg"":10.0,""top_of_book_only"":true}"
2026-09-21T23:01:24+00:00,stable_dislocation,USDC:Binance,USDC,above peg,Binance,1.450000,1.450000,NO,1181537.20,"{""mid"":1.000145,""note"":""Peg deviation is a research signal; redemption, venue and issuer risks matter."",""signed_deviation_bps"":1.4500000000006175,""watch_threshold_bps"":10.0}"
2026-09-21T23:01:24+00:00,stable_dislocation_error,USDC:Bybit:error,USDC,n/a,Bybit,0.000000,-9999.000000,NO,,"{""error"":""HTTP Error 403: Forbidden""}"
2026-09-21T23:01:24+00:00,stable_dislocation,FDUSD:Binance,FDUSD,below peg,Binance,6.500000,6.500000,NO,41474.10,"{""mid"":0.99935,""note"":""Peg deviation is a research signal; redemption, venue and issuer risks matter."",""signed_deviation_bps"":-6.500000000000394,""watch_threshold_bps"":10.0}"
2026-09-21T23:01:24+00:00,stable_dislocation_error,FDUSD:Bybit:error,FDUSD,n/a,Bybit,0.000000,-9999.000000,NO,,"{""error"":""HTTP Error 403: Forbidden""}"
2026-09-21T23:13:15+00:00,cex_triangle,ETH:USDT-BTC-ETH-USDT,ETH,USDT->BTC->ETH->USDT,Binance,1.506383,-36.468142,NO,26063.51,"{""extra_buffer_bps"":8.0,""fee_bps_per_leg"":10.0,""top_of_book_only"":true}"
2026-09-21T23:13:15+00:00,cex_triangle,ETH:USDT-ETH-BTC-USDT,ETH,USDT->ETH->BTC->USDT,Binance,-4.654102,-42.610164,NO,26628.10,"{""extra_buffer_bps"":8.0,""fee_bps_per_leg"":10.0,""top_of_book_only"":true}"
2026-09-21T23:13:15+00:00,cex_triangle,SOL:USDT-BTC-SOL-USDT,SOL,USDT->BTC->SOL->USDT,Binance,1.439818,-36.534507,NO,1974.93,"{""extra_buffer_bps"":8.0,""fee_bps_per_leg"":10.0,""top_of_book_only"":true}"
2026-09-21T23:13:15+00:00,cex_triangle,SOL:USDT-SOL-BTC-USDT,SOL,USDT->SOL->BTC->USDT,Binance,-2.999926,-40.960946,NO,1376.66,"{""extra_buffer_bps"":8.0,""fee_bps_per_leg"":10.0,""top_of_book_only"":true}"
2026-09-21T23:13:15+00:00,stable_dislocation,USDC:Binance,USDC,above peg,Binance,1.250000,1.250000,NO,2579080.24,"{""mid"":1.000125,""note"":""Peg deviation is a research signal; redemption, venue and issuer risks matter."",""signed_deviation_bps"":1.2499999999993072,""watch_threshold_bps"":10.0}"
2026-09-21T23:13:15+00:00,stable_dislocation_error,USDC:Bybit:error,USDC,n/a,Bybit,0.000000,-9999.000000,NO,,"{""error"":""HTTP Error 403: Forbidden""}"
2026-09-21T23:13:15+00:00,stable_dislocation,FDUSD:Binance,FDUSD,below peg,Binance,6.500000,6.500000,NO,15887.46,"{""mid"":0.99935,""note"":""Peg deviation is a research signal; redemption, venue and issuer risks matter."",""signed_deviation_bps"":-6.500000000000394,""watch_threshold_bps"":10.0}"
2026-09-21T23:13:15+00:00,stable_dislocation_error,FDUSD:Bybit:error,FDUSD,n/a,Bybit,0.000000,-9999.000000,NO,,"{""error"":""HTTP Error 403: Forbidden""}"
2026-09-22T01:03:25+00:00,cex_triangle,ETH:USDT-BTC-ETH-USDT,ETH,USDT->BTC->ETH->USDT,Binance,-4.176174,-42.133668,NO,110183.95,"{""extra_buffer_bps"":8.0,""fee_bps_per_leg"":10.0,""top_of_book_only"":true}"
2026-09-22T01:03:25+00:00,cex_triangle,ETH:USDT-ETH-BTC-USDT,ETH,USDT->ETH->BTC->USDT,Binance,1.014962,-36.958090,NO,48064.16,"{""extra_buffer_bps"":8.0,""fee_bps_per_leg"":10.0,""top_of_book_only"":true}"
2026-09-22T01:03:25+00:00,cex_triangle,SOL:USDT-BTC-SOL-USDT,SOL,USDT->BTC->SOL->USDT,Binance,-3.333629,-41.293649,NO,1630.29,"{""extra_buffer_bps"":8.0,""fee_bps_per_leg"":10.0,""top_of_book_only"":true}"
2026-09-22T01:03:25+00:00,cex_triangle,SOL:USDT-SOL-BTC-USDT,SOL,USDT->SOL->BTC->USDT,Binance,1.754389,-36.220879,NO,1352.63,"{""extra_buffer_bps"":8.0,""fee_bps_per_leg"":10.0,""top_of_book_only"":true}"
2026-09-22T01:03:25+00:00,stable_dislocation,USDC:Binance,USDC,above peg,Binance,1.550000,1.550000,NO,1905426.77,"{""mid"":1.000155,""note"":""Peg deviation is a research signal; redemption, venue and issuer risks matter."",""signed_deviation_bps"":1.5499999999990521,""watch_threshold_bps"":10.0}"
2026-09-22T01:03:25+00:00,stable_dislocation_error,USDC:Bybit:error,USDC,n/a,Bybit,0.000000,-9999.000000,NO,,"{""error"":""HTTP Error 403: Forbidden""}"
2026-09-22T01:03:25+00:00,stable_dislocation,FDUSD:Binance,FDUSD,below peg,Binance,9.500000,9.500000,NO,9178.73,"{""mid"":0.99905,""note"":""Peg deviation is a research signal; redemption, venue and issuer risks matter."",""signed_deviation_bps"":-9.500000000000064,""watch_threshold_bps"":10.0}"
2026-09-22T01:03:25+00:00,stable_dislocation_error,FDUSD:Bybit:error,FDUSD,n/a,Bybit,0.000000,-9999.000000,NO,,"{""error"":""HTTP Error 403: Forbidden""}"
2026-09-22T01:11:46+00:00,cex_triangle,ETH:USDT-BTC-ETH-USDT,ETH,USDT->BTC->ETH->USDT,Binance,-1.180281,-39.146754,NO,57157.91,"{""extra_buffer_bps"":8.0,""fee_bps_per_leg"":10.0,""top_of_book_only"":true}"
2026-09-22T01:11:46+00:00,cex_triangle,ETH:USDT-ETH-BTC-USDT,ETH,USDT->ETH->BTC->USDT,Binance,-1.975617,-39.939706,NO,10509.06,"{""extra_buffer_bps"":8.0,""fee_bps_per_leg"":10.0,""top_of_book_only"":true}"
2026-09-22T01:11:46+00:00,cex_triangle,SOL:USDT-BTC-SOL-USDT,SOL,USDT->BTC->SOL->USDT,Binance,-1.897200,-39.861524,NO,1686.81,"{""extra_buffer_bps"":8.0,""fee_bps_per_leg"":10.0,""top_of_book_only"":true}"
2026-09-22T01:11:46+00:00,cex_triangle,SOL:USDT-SOL-BTC-USDT,SOL,USDT->SOL->BTC->USDT,Binance,0.322975,-37.648003,NO,1358.27,"{""extra_buffer_bps"":8.0,""fee_bps_per_leg"":10.0,""top_of_book_only"":true}"
2026-09-22T01:11:46+00:00,stable_dislocation,USDC:Binance,USDC,above peg,Binance,1.550000,1.550000,NO,3298682.70,"{""mid"":1.000155,""note"":""Peg deviation is a research signal; redemption, venue and issuer risks matter."",""signed_deviation_bps"":1.5499999999990521,""watch_threshold_bps"":10.0}"
2026-09-22T01:11:46+00:00,stable_dislocation_error,USDC:Bybit:error,USDC,n/a,Bybit,0.000000,-9999.000000,NO,,"{""error"":""HTTP Error 403: Forbidden""}"
2026-09-22T01:11:46+00:00,stable_dislocation,FDUSD:Binance,FDUSD,below peg,Binance,8.500000,8.500000,NO,12210.00,"{""mid"":0.99915,""note"":""Peg deviation is a research signal; redemption, venue and issuer risks matter."",""signed_deviation_bps"":-8.500000000000174,""watch_threshold_bps"":10.0}"
2026-09-22T01:11:46+00:00,stable_dislocation_error,FDUSD:Bybit:error,FDUSD,n/a,Bybit,0.000000,-9999.000000,NO,,"{""error"":""HTTP Error 403: Forbidden""}"
2026-09-22T01:43:38+00:00,cex_triangle,ETH:USDT-BTC-ETH-USDT,ETH,USDT->BTC->ETH->USDT,Binance,-1.825955,-39.790493,NO,10246.63,"{""extra_buffer_bps"":8.0,""fee_bps_per_leg"":10.0,""top_of_book_only"":true}"
2026-09-22T01:43:38+00:00,cex_triangle,ETH:USDT-ETH-BTC-USDT,ETH,USDT->ETH->BTC->USDT,Binance,-1.330023,-39.296047,NO,87354.51,"{""extra_buffer_bps"":8.0,""fee_bps_per_leg"":10.0,""top_of_book_only"":true}"
2026-09-22T01:43:38+00:00,cex_triangle,SOL:USDT-BTC-SOL-USDT,SOL,USDT->BTC->SOL->USDT,Binance,-2.576990,-40.539277,NO,2019.58,"{""extra_buffer_bps"":8.0,""fee_bps_per_leg"":10.0,""top_of_book_only"":true}"
2026-09-22T01:43:38+00:00,cex_triangle,SOL:USDT-SOL-BTC-USDT,SOL,USDT->SOL->BTC->USDT,Binance,0.996307,-36.976689,NO,1351.37,"{""extra_buffer_bps"":8.0,""fee_bps_per_leg"":10.0,""top_of_book_only"":true}"
2026-09-22T01:43:38+00:00,stable_dislocation,USDC:Binance,USDC,above peg,Binance,1.850000,1.850000,NO,2251234.15,"{""mid"":1.000185,""note"":""Peg deviation is a research signal; redemption, venue and issuer risks matter."",""signed_deviation_bps"":1.8500000000010175,""watch_threshold_bps"":10.0}"
2026-09-22T01:43:38+00:00,stable_dislocation_error,USDC:Bybit:error,USDC,n/a,Bybit,0.000000,-9999.000000,NO,,"{""error"":""HTTP Error 403: Forbidden""}"
2026-09-22T01:43:38+00:00,stable_dislocation,FDUSD:Binance,FDUSD,below peg,Binance,8.500000,8.500000,NO,1456.69,"{""mid"":0.99915,""note"":""Peg deviation is a research signal; redemption, venue and issuer risks matter."",""signed_deviation_bps"":-8.500000000000174,""watch_threshold_bps"":10.0}"
2026-09-22T01:43:38+00:00,stable_dislocation_error,FDUSD:Bybit:error,FDUSD,n/a,Bybit,0.000000,-9999.000000,NO,,"{""error"":""HTTP Error 403: Forbidden""}"
2026-09-22T04:44:08+00:00,cex_triangle,ETH:USDT-BTC-ETH-USDT,ETH,USDT->BTC->ETH->USDT,Binance,-0.961310,-38.928439,NO,36089.97,"{""extra_buffer_bps"":8.0,""fee_bps_per_leg"":10.0,""top_of_book_only"":true}"
2026-09-22T04:44:08+00:00,cex_triangle,ETH:USDT-ETH-BTC-USDT,ETH,USDT->ETH->BTC->USDT,Binance,-2.209511,-40.172899,NO,9007.37,"{""extra_buffer_bps"":8.0,""fee_bps_per_leg"":10.0,""top_of_book_only"":true}"
2026-09-22T04:44:08+00:00,cex_triangle,SOL:USDT-BTC-SOL-USDT,SOL,USDT->BTC->SOL->USDT,Binance,-1.594385,-39.559616,NO,804.67,"{""extra_buffer_bps"":8.0,""fee_bps_per_leg"":10.0,""top_of_book_only"":true}"
2026-09-22T04:44:08+00:00,cex_triangle,SOL:USDT-SOL-BTC-USDT,SOL,USDT->SOL->BTC->USDT,Binance,0.002044,-37.967972,NO,1183.02,"{""extra_buffer_bps"":8.0,""fee_bps_per_leg"":10.0,""top_of_book_only"":true}"
2026-09-22T04:44:08+00:00,stable_dislocation,USDC:Binance,USDC,above peg,Binance,1.750000,1.750000,NO,2796415.26,"{""mid"":1.000175,""note"":""Peg deviation is a research signal; redemption, venue and issuer risks matter."",""signed_deviation_bps"":1.7500000000003624,""watch_threshold_bps"":10.0}"
2026-09-22T04:44:08+00:00,stable_dislocation_error,USDC:Bybit:error,USDC,n/a,Bybit,0.000000,-9999.000000,NO,,"{""error"":""HTTP Error 403: Forbidden""}"
2026-09-22T04:44:08+00:00,stable_dislocation,FDUSD:Binance,FDUSD,below peg,Binance,9.500000,9.500000,NO,23180.12,"{""mid"":0.99905,""note"":""Peg deviation is a research signal; redemption, venue and issuer risks matter."",""signed_deviation_bps"":-9.500000000000064,""watch_threshold_bps"":10.0}"
2026-09-22T04:44:08+00:00,stable_dislocation_error,FDUSD:Bybit:error,FDUSD,n/a,Bybit,0.000000,-9999.000000,NO,,"{""error"":""HTTP Error 403: Forbidden""}"
2026-09-22T06:10:53+00:00,cex_triangle,ETH:USDT-BTC-ETH-USDT,ETH,USDT->BTC->ETH->USDT,Binance,-2.603132,-40.565340,NO,37227.11,"{""extra_buffer_bps"":8.0,""fee_bps_per_leg"":10.0,""top_of_book_only"":true}"
2026-09-22T06:10:53+00:00,cex_triangle,ETH:USDT-ETH-BTC-USDT,ETH,USDT->ETH->BTC->USDT,Binance,-0.560801,-38.529131,NO,4927.43,"{""extra_buffer_bps"":8.0,""fee_bps_per_leg"":10.0,""top_of_book_only"":true}"
2026-09-22T06:10:53+00:00,cex_triangle,SOL:USDT-BTC-SOL-USDT,SOL,USDT->BTC->SOL->USDT,Binance,-1.213195,-39.179569,NO,804.36,"{""extra_buffer_bps"":8.0,""fee_bps_per_leg"":10.0,""top_of_book_only"":true}"
2026-09-22T06:10:53+00:00,cex_triangle,SOL:USDT-SOL-BTC-USDT,SOL,USDT->SOL->BTC->USDT,Binance,-0.377663,-38.346542,NO,820.82,"{""extra_buffer_bps"":8.0,""fee_bps_per_leg"":10.0,""top_of_book_only"":true}"
2026-09-22T06:10:53+00:00,stable_dislocation,USDC:Binance,USDC,above peg,Binance,1.750000,1.750000,NO,2774431.57,"{""mid"":1.000175,""note"":""Peg deviation is a research signal; redemption, venue and issuer risks matter."",""signed_deviation_bps"":1.7500000000003624,""watch_threshold_bps"":10.0}"
2026-09-22T06:10:53+00:00,stable_dislocation_error,USDC:Bybit:error,USDC,n/a,Bybit,0.000000,-9999.000000,NO,,"{""error"":""HTTP Error 403: Forbidden""}"
2026-09-22T06:10:53+00:00,stable_dislocation,FDUSD:Binance,FDUSD,below peg,Binance,9.500000,9.500000,NO,89416.45,"{""mid"":0.99905,""note"":""Peg deviation is a research signal; redemption, venue and issuer risks matter."",""signed_deviation_bps"":-9.500000000000064,""watch_threshold_bps"":10.0}"
2026-09-22T06:10:53+00:00,stable_dislocation_error,FDUSD:Bybit:error,FDUSD,n/a,Bybit,0.000000,-9999.000000,NO,,"{""error"":""HTTP Error 403: Forbidden""}"
2026-09-22T06:18:23+00:00,cex_triangle,ETH:USDT-BTC-ETH-USDT,ETH,USDT->BTC->ETH->USDT,Binance,-1.515344,-39.480812,NO,61972.91,"{""extra_buffer_bps"":8.0,""fee_bps_per_leg"":10.0,""top_of_book_only"":true}"
2026-09-22T06:18:23+00:00,cex_triangle,ETH:USDT-ETH-BTC-USDT,ETH,USDT->ETH->BTC->USDT,Binance,-1.649679,-39.614745,NO,13071.50,"{""extra_buffer_bps"":8.0,""fee_bps_per_leg"":10.0,""top_of_book_only"":true}"
2026-09-22T06:18:23+00:00,cex_triangle,SOL:USDT-BTC-SOL-USDT,SOL,USDT->BTC->SOL->USDT,Binance,-3.237745,-41.198052,NO,968.29,"{""extra_buffer_bps"":8.0,""fee_bps_per_leg"":10.0,""top_of_book_only"":true}"
2026-09-22T06:18:23+00:00,cex_triangle,SOL:USDT-SOL-BTC-USDT,SOL,USDT->SOL->BTC->USDT,Binance,1.648316,-36.326634,NO,804.61,"{""extra_buffer_bps"":8.0,""fee_bps_per_leg"":10.0,""top_of_book_only"":true}"
2026-09-22T06:18:23+00:00,stable_dislocation,USDC:Binance,USDC,above peg,Binance,1.750000,1.750000,NO,2246757.88,"{""mid"":1.000175,""note"":""Peg deviation is a research signal; redemption, venue and issuer risks matter."",""signed_deviation_bps"":1.7500000000003624,""watch_threshold_bps"":10.0}"
2026-09-22T06:18:23+00:00,stable_dislocation_error,USDC:Bybit:error,USDC,n/a,Bybit,0.000000,-9999.000000,NO,,"{""error"":""HTTP Error 403: Forbidden""}"
2026-09-22T06:18:23+00:00,stable_dislocation,FDUSD:Binance,FDUSD,below peg,Binance,9.500000,9.500000,NO,90988.04,"{""mid"":0.99905,""note"":""Peg deviation is a research signal; redemption, venue and issuer risks matter."",""signed_deviation_bps"":-9.500000000000064,""watch_threshold_bps"":10.0}"
2026-09-22T06:18:23+00:00,stable_dislocation_error,FDUSD:Bybit:error,FDUSD,n/a,Bybit,0.000000,-9999.000000,NO,,"{""error"":""HTTP Error 403: Forbidden""}"
2026-09-22T07:00:29+00:00,cex_triangle,ETH:USDT-BTC-ETH-USDT,ETH,USDT->BTC->ETH->USDT,Binance,-3.376021,-41.335913,NO,4083.60,"{""extra_buffer_bps"":8.0,""fee_bps_per_leg"":10.0,""top_of_book_only"":true}"
2026-09-22T07:00:29+00:00,cex_triangle,ETH:USDT-ETH-BTC-USDT,ETH,USDT->ETH->BTC->USDT,Binance,0.212330,-37.758316,NO,7159.67,"{""extra_buffer_bps"":8.0,""fee_bps_per_leg"":10.0,""top_of_book_only"":true}"
2026-09-22T07:00:29+00:00,cex_triangle,SOL:USDT-BTC-SOL-USDT,SOL,USDT->BTC->SOL->USDT,Binance,-0.009443,-37.979425,NO,2101.22,"{""extra_buffer_bps"":8.0,""fee_bps_per_leg"":10.0,""top_of_book_only"":true}"
2026-09-22T07:00:29+00:00,cex_triangle,SOL:USDT-SOL-BTC-USDT,SOL,USDT->SOL->BTC->USDT,Binance,-1.582268,-39.547536,NO,1416.66,"{""extra_buffer_bps"":8.0,""fee_bps_per_leg"":10.0,""top_of_book_only"":true}"
2026-09-22T07:00:29+00:00,stable_dislocation,USDC:Binance,USDC,above peg,Binance,1.850000,1.850000,NO,1123980.28,"{""mid"":1.000185,""note"":""Peg deviation is a research signal; redemption, venue and issuer risks matter."",""signed_deviation_bps"":1.8500000000010175,""watch_threshold_bps"":10.0}"
2026-09-22T07:00:29+00:00,stable_dislocation_error,USDC:Bybit:error,USDC,n/a,Bybit,0.000000,-9999.000000,NO,,"{""error"":""HTTP Error 403: Forbidden""}"
2026-09-22T07:00:29+00:00,stable_dislocation,FDUSD:Binance,FDUSD,below peg,Binance,9.500000,9.500000,NO,256099.30,"{""mid"":0.99905,""note"":""Peg deviation is a research signal; redemption, venue and issuer risks matter."",""signed_deviation_bps"":-9.500000000000064,""watch_threshold_bps"":10.0}"
2026-09-22T07:00:29+00:00,stable_dislocation_error,FDUSD:Bybit:error,FDUSD,n/a,Bybit,0.000000,-9999.000000,NO,,"{""error"":""HTTP Error 403: Forbidden""}"
2026-09-22T09:52:41+00:00,cex_triangle,ETH:USDT-BTC-ETH-USDT,ETH,USDT->BTC->ETH->USDT,Binance,2.999073,-34.979925,NO,16802.10,"{""extra_buffer_bps"":8.0,""fee_bps_per_leg"":10.0,""top_of_book_only"":true}"
2026-09-22T09:52:41+00:00,cex_triangle,ETH:USDT-ETH-BTC-USDT,ETH,USDT->ETH->BTC->USDT,Binance,-6.166587,-44.118116,NO,108295.13,"{""extra_buffer_bps"":8.0,""fee_bps_per_leg"":10.0,""top_of_book_only"":true}"
2026-09-22T09:52:41+00:00,cex_triangle,SOL:USDT-BTC-SOL-USDT,SOL,USDT->BTC->SOL->USDT,Binance,0.577196,-37.394544,NO,839.99,"{""extra_buffer_bps"":8.0,""fee_bps_per_leg"":10.0,""top_of_book_only"":true}"
2026-09-22T09:52:41+00:00,cex_triangle,SOL:USDT-SOL-BTC-USDT,SOL,USDT->SOL->BTC->USDT,Binance,-2.163473,-40.126999,NO,633.91,"{""extra_buffer_bps"":8.0,""fee_bps_per_leg"":10.0,""top_of_book_only"":true}"
2026-09-22T09:52:41+00:00,stable_dislocation,USDC:Binance,USDC,above peg,Binance,2.350000,2.350000,NO,1720791.69,"{""mid"":1.000235,""note"":""Peg deviation is a research signal; redemption, venue and issuer risks matter."",""signed_deviation_bps"":2.349999999999852,""watch_threshold_bps"":10.0}"
2026-09-22T09:52:41+00:00,stable_dislocation_error,USDC:Bybit:error,USDC,n/a,Bybit,0.000000,-9999.000000,NO,,"{""error"":""HTTP Error 403: Forbidden""}"
2026-09-22T09:52:41+00:00,stable_dislocation,FDUSD:Binance,FDUSD,below peg,Binance,9.500000,9.500000,NO,867227.79,"{""mid"":0.99905,""note"":""Peg deviation is a research signal; redemption, venue and issuer risks matter."",""signed_deviation_bps"":-9.500000000000064,""watch_threshold_bps"":10.0}"
2026-09-22T09:52:41+00:00,stable_dislocation_error,FDUSD:Bybit:error,FDUSD,n/a,Bybit,0.000000,-9999.000000,NO,,"{""error"":""HTTP Error 403: Forbidden""}"
2026-09-22T11:35:04+00:00,cex_triangle,ETH:USDT-BTC-ETH-USDT,ETH,USDT->BTC->ETH->USDT,Binance,-3.514383,-41.473861,NO,54959.94,"{""extra_buffer_bps"":8.0,""fee_bps_per_leg"":10.0,""top_of_book_only"":true}"
2026-09-22T11:35:04+00:00,cex_triangle,ETH:USDT-ETH-BTC-USDT,ETH,USDT->ETH->BTC->USDT,Binance,0.341070,-37.629962,NO,36420.38,"{""extra_buffer_bps"":8.0,""fee_bps_per_leg"":10.0,""top_of_book_only"":true}"
2026-09-22T11:35:04+00:00,cex_triangle,SOL:USDT-BTC-SOL-USDT,SOL,USDT->BTC->SOL->USDT,Binance,-1.501067,-39.466578,NO,1885.64,"{""extra_buffer_bps"":8.0,""fee_bps_per_leg"":10.0,""top_of_book_only"":true}"
2026-09-22T11:35:04+00:00,cex_triangle,SOL:USDT-SOL-BTC-USDT,SOL,USDT->SOL->BTC->USDT,Binance,-0.088671,-38.058415,NO,1112.02,"{""extra_buffer_bps"":8.0,""fee_bps_per_leg"":10.0,""top_of_book_only"":true}"
2026-09-22T11:35:04+00:00,stable_dislocation,USDC:Binance,USDC,above peg,Binance,2.750000,2.750000,NO,3050144.32,"{""mid"":1.000275,""note"":""Peg deviation is a research signal; redemption, venue and issuer risks matter."",""signed_deviation_bps"":2.7500000000002522,""watch_threshold_bps"":10.0}"
2026-09-22T11:35:04+00:00,stable_dislocation_error,USDC:Bybit:error,USDC,n/a,Bybit,0.000000,-9999.000000,NO,,"{""error"":""HTTP Error 403: Forbidden""}"
2026-09-22T11:35:04+00:00,stable_dislocation,FDUSD:Binance,FDUSD,below peg,Binance,9.500000,9.500000,NO,87579.11,"{""mid"":0.99905,""note"":""Peg deviation is a research signal; redemption, venue and issuer risks matter."",""signed_deviation_bps"":-9.500000000000064,""watch_threshold_bps"":10.0}"
2026-09-22T11:35:04+00:00,stable_dislocation_error,FDUSD:Bybit:error,FDUSD,n/a,Bybit,0.000000,-9999.000000,NO,,"{""error"":""HTTP Error 403: Forbidden""}"
2026-09-22T11:57:01+00:00,cex_triangle,ETH:USDT-BTC-ETH-USDT,ETH,USDT->BTC->ETH->USDT,Binance,0.447095,-37.524255,NO,13031.22,"{""extra_buffer_bps"":8.0,""fee_bps_per_leg"":10.0,""top_of_book_only"":true}"
2026-09-22T11:57:01+00:00,cex_triangle,ETH:USDT-ETH-BTC-USDT,ETH,USDT->ETH->BTC->USDT,Binance,-3.619336,-41.578499,NO,33553.99,"{""extra_buffer_bps"":8.0,""fee_bps_per_leg"":10.0,""top_of_book_only"":true}"
2026-09-22T11:57:01+00:00,cex_triangle,SOL:USDT-BTC-SOL-USDT,SOL,USDT->BTC->SOL->USDT,Binance,1.000338,-36.972670,NO,504.59,"{""extra_buffer_bps"":8.0,""fee_bps_per_leg"":10.0,""top_of_book_only"":true}"
2026-09-22T11:57:01+00:00,cex_triangle,SOL:USDT-SOL-BTC-USDT,SOL,USDT->SOL->BTC->USDT,Binance,-2.584832,-40.547095,NO,5162.78,"{""extra_buffer_bps"":8.0,""fee_bps_per_leg"":10.0,""top_of_book_only"":true}"
2026-09-22T11:57:01+00:00,stable_dislocation,USDC:Binance,USDC,above peg,Binance,2.550000,2.550000,NO,2882721.50,"{""mid"":1.0002550000000001,""note"":""Peg deviation is a research signal; redemption, venue and issuer risks matter."",""signed_deviation_bps"":2.5500000000011624,""watch_threshold_bps"":10.0}"
2026-09-22T11:57:01+00:00,stable_dislocation_error,USDC:Bybit:error,USDC,n/a,Bybit,0.000000,-9999.000000,NO,,"{""error"":""HTTP Error 403: Forbidden""}"
2026-09-22T11:57:01+00:00,stable_dislocation,FDUSD:Binance,FDUSD,below peg,Binance,9.500000,9.500000,NO,77754.96,"{""mid"":0.99905,""note"":""Peg deviation is a research signal; redemption, venue and issuer risks matter."",""signed_deviation_bps"":-9.500000000000064,""watch_threshold_bps"":10.0}"
2026-09-22T11:57:01+00:00,stable_dislocation_error,FDUSD:Bybit:error,FDUSD,n/a,Bybit,0.000000,-9999.000000,NO,,"{""error"":""HTTP Error 403: Forbidden""}"
2026-09-22T12:42:15+00:00,cex_triangle,ETH:USDT-BTC-ETH-USDT,ETH,USDT->BTC->ETH->USDT,Binance,-0.710256,-38.678137,NO,44224.74,"{""extra_buffer_bps"":8.0,""fee_bps_per_leg"":10.0,""top_of_book_only"":true}"
2026-09-22T12:42:15+00:00,cex_triangle,ETH:USDT-ETH-BTC-USDT,ETH,USDT->ETH->BTC->USDT,Binance,-2.455382,-40.418033,NO,36899.08,"{""extra_buffer_bps"":8.0,""fee_bps_per_leg"":10.0,""top_of_book_only"":true}"
2026-09-22T12:42:15+00:00,cex_triangle,SOL:USDT-BTC-SOL-USDT,SOL,USDT->BTC->SOL->USDT,Binance,-1.770035,-39.734740,NO,808.96,"{""extra_buffer_bps"":8.0,""fee_bps_per_leg"":10.0,""top_of_book_only"":true}"
2026-09-22T12:42:15+00:00,cex_triangle,SOL:USDT-SOL-BTC-USDT,SOL,USDT->SOL->BTC->USDT,Binance,0.182537,-37.788021,NO,808.82,"{""extra_buffer_bps"":8.0,""fee_bps_per_leg"":10.0,""top_of_book_only"":true}"
2026-09-22T12:42:15+00:00,stable_dislocation,USDC:Binance,USDC,above peg,Binance,2.150000,2.150000,NO,6048129.30,"{""mid"":1.000215,""note"":""Peg deviation is a research signal; redemption, venue and issuer risks matter."",""signed_deviation_bps"":2.1500000000007624,""watch_threshold_bps"":10.0}"
2026-09-22T12:42:15+00:00,stable_dislocation_error,USDC:Bybit:error,USDC,n/a,Bybit,0.000000,-9999.000000,NO,,"{""error"":""HTTP Error 403: Forbidden""}"
2026-09-22T12:42:15+00:00,stable_dislocation,FDUSD:Binance,FDUSD,below peg,Binance,9.500000,9.500000,NO,8533.31,"{""mid"":0.99905,""note"":""Peg deviation is a research signal; redemption, venue and issuer risks matter."",""signed_deviation_bps"":-9.500000000000064,""watch_threshold_bps"":10.0}"
2026-09-22T12:42:15+00:00,stable_dislocation_error,FDUSD:Bybit:error,FDUSD,n/a,Bybit,0.000000,-9999.000000,NO,,"{""error"":""HTTP Error 403: Forbidden""}"
2026-09-22T14:43:46+00:00,cex_triangle,ETH:USDT-BTC-ETH-USDT,ETH,USDT->BTC->ETH->USDT,Binance,0.744054,-37.228186,NO,15385.36,"{""extra_buffer_bps"":8.0,""fee_bps_per_leg"":10.0,""top_of_book_only"":true}"
2026-09-22T14:43:46+00:00,cex_triangle,ETH:USDT-ETH-BTC-USDT,ETH,USDT->ETH->BTC->USDT,Binance,-3.933213,-41.891435,NO,30261.79,"{""extra_buffer_bps"":8.0,""fee_bps_per_leg"":10.0,""top_of_book_only"":true}"
2026-09-22T14:43:46+00:00,cex_triangle,SOL:USDT-BTC-SOL-USDT,SOL,USDT->BTC->SOL->USDT,Binance,-2.354296,-40.317250,NO,1002.22,"{""extra_buffer_bps"":8.0,""fee_bps_per_leg"":10.0,""top_of_book_only"":true}"
2026-09-22T14:43:46+00:00,cex_triangle,SOL:USDT-SOL-BTC-USDT,SOL,USDT->SOL->BTC->USDT,Binance,0.754769,-37.217504,NO,1020.47,"{""extra_buffer_bps"":8.0,""fee_bps_per_leg"":10.0,""top_of_book_only"":true}"
2026-09-22T14:43:46+00:00,stable_dislocation,USDC:Binance,USDC,above peg,Binance,1.850000,1.850000,NO,1941584.83,"{""mid"":1.000185,""note"":""Peg deviation is a research signal; redemption, venue and issuer risks matter."",""signed_deviation_bps"":1.8500000000010175,""watch_threshold_bps"":10.0}"
2026-09-22T14:43:46+00:00,stable_dislocation_error,USDC:Bybit:error,USDC,n/a,Bybit,0.000000,-9999.000000,NO,,"{""error"":""HTTP Error 403: Forbidden""}"
2026-09-22T14:43:46+00:00,stable_dislocation,FDUSD:Binance,FDUSD,below peg,Binance,9.500000,9.500000,NO,160274.62,"{""mid"":0.99905,""note"":""Peg deviation is a research signal; redemption, venue and issuer risks matter."",""signed_deviation_bps"":-9.500000000000064,""watch_threshold_bps"":10.0}"
2026-09-22T14:43:46+00:00,stable_dislocation_error,FDUSD:Bybit:error,FDUSD,n/a,Bybit,0.000000,-9999.000000,NO,,"{""error"":""HTTP Error 403: Forbidden""}"
2026-09-22T15:48:45+00:00,cex_triangle,ETH:USDT-BTC-ETH-USDT,ETH,USDT->BTC->ETH->USDT,Binance,-2.252034,-40.215295,NO,38.52,"{""extra_buffer_bps"":8.0,""fee_bps_per_leg"":10.0,""top_of_book_only"":true}"
2026-09-22T15:48:45+00:00,cex_triangle,ETH:USDT-ETH-BTC-USDT,ETH,USDT->ETH->BTC->USDT,Binance,-0.931309,-38.898528,NO,107194.16,"{""extra_buffer_bps"":8.0,""fee_bps_per_leg"":10.0,""top_of_book_only"":true}"
2026-09-22T15:48:45+00:00,cex_triangle,SOL:USDT-BTC-SOL-USDT,SOL,USDT->BTC->SOL->USDT,Binance,-4.032636,-41.990560,NO,1202.23,"{""extra_buffer_bps"":8.0,""fee_bps_per_leg"":10.0,""top_of_book_only"":true}"
2026-09-22T15:48:45+00:00,cex_triangle,SOL:USDT-SOL-BTC-USDT,SOL,USDT->SOL->BTC->USDT,Binance,2.447546,-35.529799,NO,1029.82,"{""extra_buffer_bps"":8.0,""fee_bps_per_leg"":10.0,""top_of_book_only"":true}"
2026-09-22T15:48:45+00:00,stable_dislocation,USDC:Binance,USDC,above peg,Binance,0.750000,0.750000,NO,108135.57,"{""mid"":1.000075,""note"":""Peg deviation is a research signal; redemption, venue and issuer risks matter."",""signed_deviation_bps"":0.7500000000004725,""watch_threshold_bps"":10.0}"
2026-09-22T15:48:45+00:00,stable_dislocation_error,USDC:Bybit:error,USDC,n/a,Bybit,0.000000,-9999.000000,NO,,"{""error"":""HTTP Error 403: Forbidden""}"
2026-09-22T15:48:45+00:00,stable_dislocation,FDUSD:Binance,FDUSD,below peg,Binance,8.500000,8.500000,NO,65727.38,"{""mid"":0.99915,""note"":""Peg deviation is a research signal; redemption, venue and issuer risks matter."",""signed_deviation_bps"":-8.500000000000174,""watch_threshold_bps"":10.0}"
2026-09-22T15:48:45+00:00,stable_dislocation_error,FDUSD:Bybit:error,FDUSD,n/a,Bybit,0.000000,-9999.000000,NO,,"{""error"":""HTTP Error 403: Forbidden""}"
2026-09-22T16:45:47+00:00,cex_triangle,ETH:USDT-BTC-ETH-USDT,ETH,USDT->BTC->ETH->USDT,Binance,-3.943945,-41.902135,NO,14967.59,"{""extra_buffer_bps"":8.0,""fee_bps_per_leg"":10.0,""top_of_book_only"":true}"
2026-09-22T16:45:47+00:00,cex_triangle,ETH:USDT-ETH-BTC-USDT,ETH,USDT->ETH->BTC->USDT,Binance,0.757976,-37.214306,NO,44850.73,"{""extra_buffer_bps"":8.0,""fee_bps_per_leg"":10.0,""top_of_book_only"":true}"
2026-09-22T16:45:47+00:00,cex_triangle,SOL:USDT-BTC-SOL-USDT,SOL,USDT->BTC->SOL->USDT,Binance,-1.409032,-39.374819,NO,1010.32,"{""extra_buffer_bps"":8.0,""fee_bps_per_leg"":10.0,""top_of_book_only"":true}"
2026-09-22T16:45:47+00:00,cex_triangle,SOL:USDT-SOL-BTC-USDT,SOL,USDT->SOL->BTC->USDT,Binance,-0.181492,-38.150959,NO,1025.53,"{""extra_buffer_bps"":8.0,""fee_bps_per_leg"":10.0,""top_of_book_only"":true}"
2026-09-22T16:45:47+00:00,stable_dislocation,USDC:Binance,USDC,above peg,Binance,0.250000,0.250000,NO,2203755.07,"{""mid"":1.000025,""note"":""Peg deviation is a research signal; redemption, venue and issuer risks matter."",""signed_deviation_bps"":0.24999999999941735,""watch_threshold_bps"":10.0}"
2026-09-22T16:45:47+00:00,stable_dislocation_error,USDC:Bybit:error,USDC,n/a,Bybit,0.000000,-9999.000000,NO,,"{""error"":""HTTP Error 403: Forbidden""}"
2026-09-22T16:45:47+00:00,stable_dislocation,FDUSD:Binance,FDUSD,below peg,Binance,7.500000,7.500000,NO,84902.53,"{""mid"":0.99925,""note"":""Peg deviation is a research signal; redemption, venue and issuer risks matter."",""signed_deviation_bps"":-7.500000000000284,""watch_threshold_bps"":10.0}"
2026-09-22T16:45:47+00:00,stable_dislocation_error,FDUSD:Bybit:error,FDUSD,n/a,Bybit,0.000000,-9999.000000,NO,,"{""error"":""HTTP Error 403: Forbidden""}"
2026-09-22T17:25:54+00:00,cex_triangle,ETH:USDT-BTC-ETH-USDT,ETH,USDT->BTC->ETH->USDT,Binance,-6.447524,-44.398211,NO,58666.73,"{""extra_buffer_bps"":8.0,""fee_bps_per_leg"":10.0,""top_of_book_only"":true}"
2026-09-22T17:25:54+00:00,cex_triangle,ETH:USDT-ETH-BTC-USDT,ETH,USDT->ETH->BTC->USDT,Binance,3.268466,-34.711340,NO,10751.23,"{""extra_buffer_bps"":8.0,""fee_bps_per_leg"":10.0,""top_of_book_only"":true}"
2026-09-22T17:25:54+00:00,cex_triangle,SOL:USDT-BTC-SOL-USDT,SOL,USDT->BTC->SOL->USDT,Binance,-1.380837,-39.346709,NO,844.45,"{""extra_buffer_bps"":8.0,""fee_bps_per_leg"":10.0,""top_of_book_only"":true}"
2026-09-22T17:25:54+00:00,cex_triangle,SOL:USDT-SOL-BTC-USDT,SOL,USDT->SOL->BTC->USDT,Binance,-0.201615,-38.171021,NO,1001.43,"{""extra_buffer_bps"":8.0,""fee_bps_per_leg"":10.0,""top_of_book_only"":true}"
2026-09-22T17:25:54+00:00,stable_dislocation,USDC:Binance,USDC,below peg,Binance,0.250000,0.250000,NO,1512398.75,"{""mid"":0.9999750000000001,""note"":""Peg deviation is a research signal; redemption, venue and issuer risks matter."",""signed_deviation_bps"":-0.24999999999941735,""watch_threshold_bps"":10.0}"
2026-09-22T17:25:54+00:00,stable_dislocation_error,USDC:Bybit:error,USDC,n/a,Bybit,0.000000,-9999.000000,NO,,"{""error"":""HTTP Error 403: Forbidden""}"
2026-09-22T17:25:54+00:00,stable_dislocation,FDUSD:Binance,FDUSD,below peg,Binance,8.500000,8.500000,NO,156078.04,"{""mid"":0.99915,""note"":""Peg deviation is a research signal; redemption, venue and issuer risks matter."",""signed_deviation_bps"":-8.500000000000174,""watch_threshold_bps"":10.0}"
2026-09-22T17:25:54+00:00,stable_dislocation_error,FDUSD:Bybit:error,FDUSD,n/a,Bybit,0.000000,-9999.000000,NO,,"{""error"":""HTTP Error 403: Forbidden""}"
2026-09-22T18:47:57+00:00,cex_triangle,ETH:USDT-BTC-ETH-USDT,ETH,USDT->BTC->ETH->USDT,Binance,3.312563,-34.667375,NO,5706.34,"{""extra_buffer_bps"":8.0,""fee_bps_per_leg"":10.0,""top_of_book_only"":true}"
2026-09-22T18:47:57+00:00,cex_triangle,ETH:USDT-ETH-BTC-USDT,ETH,USDT->ETH->BTC->USDT,Binance,-6.491565,-44.442120,NO,16510.27,"{""extra_buffer_bps"":8.0,""fee_bps_per_leg"":10.0,""top_of_book_only"":true}"
2026-09-22T18:47:57+00:00,cex_triangle,SOL:USDT-BTC-SOL-USDT,SOL,USDT->BTC->SOL->USDT,Binance,1.494745,-36.479745,NO,2318.38,"{""extra_buffer_bps"":8.0,""fee_bps_per_leg"":10.0,""top_of_book_only"":true}"
2026-09-22T18:47:57+00:00,cex_triangle,SOL:USDT-SOL-BTC-USDT,SOL,USDT->SOL->BTC->USDT,Binance,-3.073021,-41.033821,NO,987.44,"{""extra_buffer_bps"":8.0,""fee_bps_per_leg"":10.0,""top_of_book_only"":true}"
2026-09-22T18:47:57+00:00,stable_dislocation,USDC:Binance,USDC,below peg,Binance,0.350000,0.350000,NO,747424.58,"{""mid"":0.999965,""note"":""Peg deviation is a research signal; redemption, venue and issuer risks matter."",""signed_deviation_bps"":-0.3500000000000725,""watch_threshold_bps"":10.0}"
2026-09-22T18:47:57+00:00,stable_dislocation_error,USDC:Bybit:error,USDC,n/a,Bybit,0.000000,-9999.000000,NO,,"{""error"":""HTTP Error 403: Forbidden""}"
2026-09-22T18:47:57+00:00,stable_dislocation,FDUSD:Binance,FDUSD,below peg,Binance,7.500000,7.500000,NO,67001.36,"{""mid"":0.99925,""note"":""Peg deviation is a research signal; redemption, venue and issuer risks matter."",""signed_deviation_bps"":-7.500000000000284,""watch_threshold_bps"":10.0}"
2026-09-22T18:47:57+00:00,stable_dislocation_error,FDUSD:Bybit:error,FDUSD,n/a,Bybit,0.000000,-9999.000000,NO,,"{""error"":""HTTP Error 403: Forbidden""}"
2026-09-22T19:26:04+00:00,cex_triangle,ETH:USDT-BTC-ETH-USDT,ETH,USDT->BTC->ETH->USDT,Binance,-0.381801,-38.350667,NO,57966.28,"{""extra_buffer_bps"":8.0,""fee_bps_per_leg"":10.0,""top_of_book_only"":true}"
2026-09-22T19:26:04+00:00,cex_triangle,ETH:USDT-ETH-BTC-USDT,ETH,USDT->ETH->BTC->USDT,Binance,-2.789476,-40.751126,NO,19616.44,"{""extra_buffer_bps"":8.0,""fee_bps_per_leg"":10.0,""top_of_book_only"":true}"
2026-09-22T19:26:04+00:00,cex_triangle,SOL:USDT-BTC-SOL-USDT,SOL,USDT->BTC->SOL->USDT,Binance,-1.165000,-39.131518,NO,2317.54,"{""extra_buffer_bps"":8.0,""fee_bps_per_leg"":10.0,""top_of_book_only"":true}"
2026-09-22T19:26:04+00:00,cex_triangle,SOL:USDT-SOL-BTC-USDT,SOL,USDT->SOL->BTC->USDT,Binance,-0.410573,-38.379353,NO,1021.21,"{""extra_buffer_bps"":8.0,""fee_bps_per_leg"":10.0,""top_of_book_only"":true}"
2026-09-22T19:26:04+00:00,stable_dislocation,USDC:Binance,USDC,below peg,Binance,0.450000,0.450000,NO,814770.41,"{""mid"":0.9999549999999999,""note"":""Peg deviation is a research signal; redemption, venue and issuer risks matter."",""signed_deviation_bps"":-0.4500000000007276,""watch_threshold_bps"":10.0}"
2026-09-22T19:26:04+00:00,stable_dislocation_error,USDC:Bybit:error,USDC,n/a,Bybit,0.000000,-9999.000000,NO,,"{""error"":""HTTP Error 403: Forbidden""}"
2026-09-22T19:26:04+00:00,stable_dislocation,FDUSD:Binance,FDUSD,below peg,Binance,7.500000,7.500000,NO,58683.02,"{""mid"":0.99925,""note"":""Peg deviation is a research signal; redemption, venue and issuer risks matter."",""signed_deviation_bps"":-7.500000000000284,""watch_threshold_bps"":10.0}"
2026-09-22T19:26:04+00:00,stable_dislocation_error,FDUSD:Bybit:error,FDUSD,n/a,Bybit,0.000000,-9999.000000,NO,,"{""error"":""HTTP Error 403: Forbidden""}"
2026-09-22T20:01:01+00:00,cex_triangle,ETH:USDT-BTC-ETH-USDT,ETH,USDT->BTC->ETH->USDT,Binance,-2.040811,-40.004704,NO,45772.71,"{""extra_buffer_bps"":8.0,""fee_bps_per_leg"":10.0,""top_of_book_only"":true}"
2026-09-22T20:01:01+00:00,cex_triangle,ETH:USDT-ETH-BTC-USDT,ETH,USDT->ETH->BTC->USDT,Binance,-1.130741,-39.097362,NO,66684.52,"{""extra_buffer_bps"":8.0,""fee_bps_per_leg"":10.0,""top_of_book_only"":true}"
2026-09-22T20:01:01+00:00,cex_triangle,SOL:USDT-BTC-SOL-USDT,SOL,USDT->BTC->SOL->USDT,Binance,-6.371580,-44.322494,NO,1018.76,"{""extra_buffer_bps"":8.0,""fee_bps_per_leg"":10.0,""top_of_book_only"":true}"
2026-09-22T20:01:01+00:00,cex_triangle,SOL:USDT-SOL-BTC-USDT,SOL,USDT->SOL->BTC->USDT,Binance,4.797494,-33.186894,NO,1937.95,"{""extra_buffer_bps"":8.0,""fee_bps_per_leg"":10.0,""top_of_book_only"":true}"
2026-09-22T20:01:01+00:00,stable_dislocation,USDC:Binance,USDC,below peg,Binance,1.050000,1.050000,NO,991969.79,"{""mid"":0.999895,""note"":""Peg deviation is a research signal; redemption, venue and issuer risks matter."",""signed_deviation_bps"":-1.0500000000002174,""watch_threshold_bps"":10.0}"
2026-09-22T20:01:01+00:00,stable_dislocation_error,USDC:Bybit:error,USDC,n/a,Bybit,0.000000,-9999.000000,NO,,"{""error"":""HTTP Error 403: Forbidden""}"
2026-09-22T20:01:01+00:00,stable_dislocation,FDUSD:Binance,FDUSD,below peg,Binance,8.500000,8.500000,NO,33696.02,"{""mid"":0.99915,""note"":""Peg deviation is a research signal; redemption, venue and issuer risks matter."",""signed_deviation_bps"":-8.500000000000174,""watch_threshold_bps"":10.0}"
2026-09-22T20:01:01+00:00,stable_dislocation_error,FDUSD:Bybit:error,FDUSD,n/a,Bybit,0.000000,-9999.000000,NO,,"{""error"":""HTTP Error 403: Forbidden""}"
2026-09-22T20:24:49+00:00,cex_triangle,ETH:USDT-BTC-ETH-USDT,ETH,USDT->BTC->ETH->USDT,Binance,-2.024751,-39.988693,NO,50768.33,"{""extra_buffer_bps"":8.0,""fee_bps_per_leg"":10.0,""top_of_book_only"":true}"
2026-09-22T20:24:49+00:00,cex_triangle,ETH:USDT-ETH-BTC-USDT,ETH,USDT->ETH->BTC->USDT,Binance,-1.146754,-39.113327,NO,8848.15,"{""extra_buffer_bps"":8.0,""fee_bps_per_leg"":10.0,""top_of_book_only"":true}"
2026-09-22T20:24:49+00:00,cex_triangle,SOL:USDT-BTC-SOL-USDT,SOL,USDT->BTC->SOL->USDT,Binance,-1.174487,-39.140977,NO,2331.10,"{""extra_buffer_bps"":8.0,""fee_bps_per_leg"":10.0,""top_of_book_only"":true}"
2026-09-22T20:24:49+00:00,cex_triangle,SOL:USDT-SOL-BTC-USDT,SOL,USDT->SOL->BTC->USDT,Binance,-0.402927,-38.371730,NO,1018.80,"{""extra_buffer_bps"":8.0,""fee_bps_per_leg"":10.0,""top_of_book_only"":true}"
2026-09-22T20:24:49+00:00,stable_dislocation,USDC:Binance,USDC,below peg,Binance,1.250000,1.250000,NO,536795.21,"{""mid"":0.9998750000000001,""note"":""Peg deviation is a research signal; redemption, venue and issuer risks matter."",""signed_deviation_bps"":-1.2499999999993072,""watch_threshold_bps"":10.0}"
2026-09-22T20:24:49+00:00,stable_dislocation_error,USDC:Bybit:error,USDC,n/a,Bybit,0.000000,-9999.000000,NO,,"{""error"":""HTTP Error 403: Forbidden""}"
2026-09-22T20:24:49+00:00,stable_dislocation,FDUSD:Binance,FDUSD,below peg,Binance,8.500000,8.500000,NO,64076.70,"{""mid"":0.99915,""note"":""Peg deviation is a research signal; redemption, venue and issuer risks matter."",""signed_deviation_bps"":-8.500000000000174,""watch_threshold_bps"":10.0}"
2026-09-22T20:24:49+00:00,stable_dislocation_error,FDUSD:Bybit:error,FDUSD,n/a,Bybit,0.000000,-9999.000000,NO,,"{""error"":""HTTP Error 403: Forbidden""}"
2026-09-22T22:00:57+00:00,cex_triangle,ETH:USDT-BTC-ETH-USDT,ETH,USDT->BTC->ETH->USDT,Binance,-1.251167,-39.217427,NO,3931.36,"{""extra_buffer_bps"":8.0,""fee_bps_per_leg"":10.0,""top_of_book_only"":true}"
2026-09-22T22:00:57+00:00,cex_triangle,ETH:USDT-ETH-BTC-USDT,ETH,USDT->ETH->BTC->USDT,Binance,-1.922360,-39.886608,NO,9.08,"{""extra_buffer_bps"":8.0,""fee_bps_per_leg"":10.0,""top_of_book_only"":true}"
2026-09-22T22:00:57+00:00,cex_triangle,SOL:USDT-BTC-SOL-USDT,SOL,USDT->BTC->SOL->USDT,Binance,1.746557,-36.228687,NO,2978.12,"{""extra_buffer_bps"":8.0,""fee_bps_per_leg"":10.0,""top_of_book_only"":true}"
2026-09-22T22:00:57+00:00,cex_triangle,SOL:USDT-SOL-BTC-USDT,SOL,USDT->SOL->BTC->USDT,Binance,-3.322900,-41.282951,NO,262.40,"{""extra_buffer_bps"":8.0,""fee_bps_per_leg"":10.0,""top_of_book_only"":true}"
2026-09-22T22:00:57+00:00,stable_dislocation,USDC:Binance,USDC,below peg,Binance,0.250000,0.250000,NO,2772267.55,"{""mid"":0.9999750000000001,""note"":""Peg deviation is a research signal; redemption, venue and issuer risks matter."",""signed_deviation_bps"":-0.24999999999941735,""watch_threshold_bps"":10.0}"
2026-09-22T22:00:57+00:00,stable_dislocation_error,USDC:Bybit:error,USDC,n/a,Bybit,0.000000,-9999.000000,NO,,"{""error"":""HTTP Error 403: Forbidden""}"
2026-09-22T22:00:57+00:00,stable_dislocation,FDUSD:Binance,FDUSD,below peg,Binance,5.500000,5.500000,NO,295803.41,"{""mid"":0.99945,""note"":""Peg deviation is a research signal; redemption, venue and issuer risks matter."",""signed_deviation_bps"":-5.5000000000005045,""watch_threshold_bps"":10.0}"
2026-09-22T22:00:57+00:00,stable_dislocation_error,FDUSD:Bybit:error,FDUSD,n/a,Bybit,0.000000,-9999.000000,NO,,"{""error"":""HTTP Error 403: Forbidden""}"
2026-09-22T22:25:07+00:00,cex_triangle,ETH:USDT-BTC-ETH-USDT,ETH,USDT->BTC->ETH->USDT,Binance,0.473143,-37.498285,NO,1692.69,"{""extra_buffer_bps"":8.0,""fee_bps_per_leg"":10.0,""top_of_book_only"":true}"
2026-09-22T22:25:07+00:00,cex_triangle,ETH:USDT-ETH-BTC-USDT,ETH,USDT->ETH->BTC->USDT,Binance,-3.647275,-41.606354,NO,76906.50,"{""extra_buffer_bps"":8.0,""fee_bps_per_leg"":10.0,""top_of_book_only"":true}"
2026-09-22T22:25:07+00:00,cex_triangle,SOL:USDT-BTC-SOL-USDT,SOL,USDT->BTC->SOL->USDT,Binance,1.139007,-36.834417,NO,426.67,"{""extra_buffer_bps"":8.0,""fee_bps_per_leg"":10.0,""top_of_book_only"":true}"
2026-09-22T22:25:07+00:00,cex_triangle,SOL:USDT-SOL-BTC-USDT,SOL,USDT->SOL->BTC->USDT,Binance,-2.715785,-40.677656,NO,164.45,"{""extra_buffer_bps"":8.0,""fee_bps_per_leg"":10.0,""top_of_book_only"":true}"
2026-09-22T22:25:07+00:00,stable_dislocation,USDC:Binance,USDC,below peg,Binance,0.350000,0.350000,NO,1505906.82,"{""mid"":0.999965,""note"":""Peg deviation is a research signal; redemption, venue and issuer risks matter."",""signed_deviation_bps"":-0.3500000000000725,""watch_threshold_bps"":10.0}"
2026-09-22T22:25:07+00:00,stable_dislocation_error,USDC:Bybit:error,USDC,n/a,Bybit,0.000000,-9999.000000,NO,,"{""error"":""HTTP Error 403: Forbidden""}"
2026-09-22T22:25:07+00:00,stable_dislocation,FDUSD:Binance,FDUSD,below peg,Binance,5.500000,5.500000,NO,222090.67,"{""mid"":0.99945,""note"":""Peg deviation is a research signal; redemption, venue and issuer risks matter."",""signed_deviation_bps"":-5.5000000000005045,""watch_threshold_bps"":10.0}"
2026-09-22T22:25:07+00:00,stable_dislocation_error,FDUSD:Bybit:error,FDUSD,n/a,Bybit,0.000000,-9999.000000,NO,,"{""error"":""HTTP Error 403: Forbidden""}"
2026-09-22T22:57:22+00:00,cex_triangle,ETH:USDT-BTC-ETH-USDT,ETH,USDT->BTC->ETH->USDT,Binance,-3.038191,-40.999096,NO,70267.07,"{""extra_buffer_bps"":8.0,""fee_bps_per_leg"":10.0,""top_of_book_only"":true}"
2026-09-22T22:57:22+00:00,cex_triangle,ETH:USDT-ETH-BTC-USDT,ETH,USDT->ETH->BTC->USDT,Binance,-0.126249,-38.095881,NO,32127.69,"{""extra_buffer_bps"":8.0,""fee_bps_per_leg"":10.0,""top_of_book_only"":true}"
2026-09-22T22:57:22+00:00,cex_triangle,SOL:USDT-BTC-SOL-USDT,SOL,USDT->BTC->SOL->USDT,Binance,-1.799113,-39.763731,NO,1189.55,"{""extra_buffer_bps"":8.0,""fee_bps_per_leg"":10.0,""top_of_book_only"":true}"
2026-09-22T22:57:22+00:00,cex_triangle,SOL:USDT-SOL-BTC-USDT,SOL,USDT->SOL->BTC->USDT,Binance,0.227732,-37.742961,NO,755.81,"{""extra_buffer_bps"":8.0,""fee_bps_per_leg"":10.0,""top_of_book_only"":true}"
2026-09-22T22:57:22+00:00,stable_dislocation,USDC:Binance,USDC,below peg,Binance,0.350000,0.350000,NO,897897.06,"{""mid"":0.999965,""note"":""Peg deviation is a research signal; redemption, venue and issuer risks matter."",""signed_deviation_bps"":-0.3500000000000725,""watch_threshold_bps"":10.0}"
2026-09-22T22:57:22+00:00,stable_dislocation_error,USDC:Bybit:error,USDC,n/a,Bybit,0.000000,-9999.000000,NO,,"{""error"":""HTTP Error 403: Forbidden""}"
2026-09-22T22:57:22+00:00,stable_dislocation,FDUSD:Binance,FDUSD,below peg,Binance,6.500000,6.500000,NO,269252.39,"{""mid"":0.99935,""note"":""Peg deviation is a research signal; redemption, venue and issuer risks matter."",""signed_deviation_bps"":-6.500000000000394,""watch_threshold_bps"":10.0}"
2026-09-22T22:57:22+00:00,stable_dislocation_error,FDUSD:Bybit:error,FDUSD,n/a,Bybit,0.000000,-9999.000000,NO,,"{""error"":""HTTP Error 403: Forbidden""}"
2026-09-22T23:11:48+00:00,cex_triangle,ETH:USDT-BTC-ETH-USDT,ETH,USDT->BTC->ETH->USDT,Binance,2.005672,-35.970349,NO,36706.46,"{""extra_buffer_bps"":8.0,""fee_bps_per_leg"":10.0,""top_of_book_only"":true}"
2026-09-22T23:11:48+00:00,cex_triangle,ETH:USDT-ETH-BTC-USDT,ETH,USDT->ETH->BTC->USDT,Binance,-5.162986,-43.117522,NO,46215.32,"{""extra_buffer_bps"":8.0,""fee_bps_per_leg"":10.0,""top_of_book_only"":true}"
2026-09-22T23:11:48+00:00,cex_triangle,SOL:USDT-BTC-SOL-USDT,SOL,USDT->BTC->SOL->USDT,Binance,3.490282,-34.490189,NO,264.51,"{""extra_buffer_bps"":8.0,""fee_bps_per_leg"":10.0,""top_of_book_only"":true}"
2026-09-22T23:11:48+00:00,cex_triangle,SOL:USDT-SOL-BTC-USDT,SOL,USDT->SOL->BTC->USDT,Binance,-5.053914,-43.008777,NO,2172.00,"{""extra_buffer_bps"":8.0,""fee_bps_per_leg"":10.0,""top_of_book_only"":true}"
2026-09-22T23:11:48+00:00,stable_dislocation,USDC:Binance,USDC,below peg,Binance,0.250000,0.250000,NO,6000.82,"{""mid"":0.9999750000000001,""note"":""Peg deviation is a research signal; redemption, venue and issuer risks matter."",""signed_deviation_bps"":-0.24999999999941735,""watch_threshold_bps"":10.0}"
2026-09-22T23:11:48+00:00,stable_dislocation_error,USDC:Bybit:error,USDC,n/a,Bybit,0.000000,-9999.000000,NO,,"{""error"":""HTTP Error 403: Forbidden""}"
2026-09-22T23:11:48+00:00,stable_dislocation,FDUSD:Binance,FDUSD,below peg,Binance,6.500000,6.500000,NO,216967.02,"{""mid"":0.99935,""note"":""Peg deviation is a research signal; redemption, venue and issuer risks matter."",""signed_deviation_bps"":-6.500000000000394,""watch_threshold_bps"":10.0}"
2026-09-22T23:11:48+00:00,stable_dislocation_error,FDUSD:Bybit:error,FDUSD,n/a,Bybit,0.000000,-9999.000000,NO,,"{""error"":""HTTP Error 403: Forbidden""}"
2026-09-23T00:22:18+00:00,cex_triangle,ETH:USDT-BTC-ETH-USDT,ETH,USDT->BTC->ETH->USDT,Binance,-0.798575,-38.766191,NO,6488.83,"{""extra_buffer_bps"":8.0,""fee_bps_per_leg"":10.0,""top_of_book_only"":true}"
2026-09-23T00:22:18+00:00,cex_triangle,ETH:USDT-ETH-BTC-USDT,ETH,USDT->ETH->BTC->USDT,Binance,-2.372817,-40.335716,NO,210.52,"{""extra_buffer_bps"":8.0,""fee_bps_per_leg"":10.0,""top_of_book_only"":true}"
2026-09-23T00:22:18+00:00,cex_triangle,SOL:USDT-BTC-SOL-USDT,SOL,USDT->BTC->SOL->USDT,Binance,0.920577,-37.052192,NO,429.68,"{""extra_buffer_bps"":8.0,""fee_bps_per_leg"":10.0,""top_of_book_only"":true}"
2026-09-23T00:22:18+00:00,cex_triangle,SOL:USDT-SOL-BTC-USDT,SOL,USDT->SOL->BTC->USDT,Binance,-2.488823,-40.451374,NO,2292.55,"{""extra_buffer_bps"":8.0,""fee_bps_per_leg"":10.0,""top_of_book_only"":true}"
2026-09-23T00:22:18+00:00,stable_dislocation,USDC:Binance,USDC,above peg,Binance,0.450000,0.450000,NO,1803816.15,"{""mid"":1.000045,""note"":""Peg deviation is a research signal; redemption, venue and issuer risks matter."",""signed_deviation_bps"":0.4500000000007276,""watch_threshold_bps"":10.0}"
2026-09-23T00:22:18+00:00,stable_dislocation_error,USDC:Bybit:error,USDC,n/a,Bybit,0.000000,-9999.000000,NO,,"{""error"":""HTTP Error 403: Forbidden""}"
2026-09-23T00:22:18+00:00,stable_dislocation,FDUSD:Binance,FDUSD,below peg,Binance,7.500000,7.500000,NO,69973.98,"{""mid"":0.99925,""note"":""Peg deviation is a research signal; redemption, venue and issuer risks matter."",""signed_deviation_bps"":-7.500000000000284,""watch_threshold_bps"":10.0}"
2026-09-23T00:22:18+00:00,stable_dislocation_error,FDUSD:Bybit:error,FDUSD,n/a,Bybit,0.000000,-9999.000000,NO,,"{""error"":""HTTP Error 403: Forbidden""}"
2026-09-23T00:48:10+00:00,cex_triangle,ETH:USDT-BTC-ETH-USDT,ETH,USDT->BTC->ETH->USDT,Binance,-1.888390,-39.852740,NO,51923.01,"{""extra_buffer_bps"":8.0,""fee_bps_per_leg"":10.0,""top_of_book_only"":true}"
2026-09-23T00:48:10+00:00,cex_triangle,ETH:USDT-ETH-BTC-USDT,ETH,USDT->ETH->BTC->USDT,Binance,-1.280082,-39.246256,NO,3350.53,"{""extra_buffer_bps"":8.0,""fee_bps_per_leg"":10.0,""top_of_book_only"":true}"
2026-09-23T00:48:10+00:00,cex_triangle,SOL:USDT-BTC-SOL-USDT,SOL,USDT->BTC->SOL->USDT,Binance,-2.794524,-40.756159,NO,1911.33,"{""extra_buffer_bps"":8.0,""fee_bps_per_leg"":10.0,""top_of_book_only"":true}"
2026-09-23T00:48:10+00:00,cex_triangle,SOL:USDT-SOL-BTC-USDT,SOL,USDT->SOL->BTC->USDT,Binance,1.225244,-36.748438,NO,263.87,"{""extra_buffer_bps"":8.0,""fee_bps_per_leg"":10.0,""top_of_book_only"":true}"
2026-09-23T00:48:10+00:00,stable_dislocation,USDC:Binance,USDC,above peg,Binance,0.150000,0.150000,NO,1411925.24,"{""mid"":1.0000149999999999,""note"":""Peg deviation is a research signal; redemption, venue and issuer risks matter."",""signed_deviation_bps"":0.14999999999876223,""watch_threshold_bps"":10.0}"
2026-09-23T00:48:10+00:00,stable_dislocation_error,USDC:Bybit:error,USDC,n/a,Bybit,0.000000,-9999.000000,NO,,"{""error"":""HTTP Error 403: Forbidden""}"
2026-09-23T00:48:10+00:00,stable_dislocation,FDUSD:Binance,FDUSD,below peg,Binance,7.500000,7.500000,NO,5546.11,"{""mid"":0.99925,""note"":""Peg deviation is a research signal; redemption, venue and issuer risks matter."",""signed_deviation_bps"":-7.500000000000284,""watch_threshold_bps"":10.0}"
2026-09-23T00:48:10+00:00,stable_dislocation_error,FDUSD:Bybit:error,FDUSD,n/a,Bybit,0.000000,-9999.000000,NO,,"{""error"":""HTTP Error 403: Forbidden""}"
2026-09-23T01:24:38+00:00,cex_triangle,ETH:USDT-BTC-ETH-USDT,ETH,USDT->BTC->ETH->USDT,Binance,2.606650,-35.371172,NO,140129.30,"{""extra_buffer_bps"":8.0,""fee_bps_per_leg"":10.0,""top_of_book_only"":true}"
2026-09-23T01:24:38+00:00,cex_triangle,ETH:USDT-ETH-BTC-USDT,ETH,USDT->ETH->BTC->USDT,Binance,-5.771305,-43.724019,NO,83.92,"{""extra_buffer_bps"":8.0,""fee_bps_per_leg"":10.0,""top_of_book_only"":true}"
2026-09-23T01:24:38+00:00,cex_triangle,SOL:USDT-BTC-SOL-USDT,SOL,USDT->BTC->SOL->USDT,Binance,1.777453,-36.197884,NO,1407.87,"{""extra_buffer_bps"":8.0,""fee_bps_per_leg"":10.0,""top_of_book_only"":true}"
2026-09-23T01:24:38+00:00,cex_triangle,SOL:USDT-SOL-BTC-USDT,SOL,USDT->SOL->BTC->USDT,Binance,-3.345719,-41.305702,NO,165.72,"{""extra_buffer_bps"":8.0,""fee_bps_per_leg"":10.0,""top_of_book_only"":true}"
2026-09-23T01:24:38+00:00,stable_dislocation,USDC:Binance,USDC,above peg,Binance,0.350000,0.350000,NO,2323379.70,"{""mid"":1.000035,""note"":""Peg deviation is a research signal; redemption, venue and issuer risks matter."",""signed_deviation_bps"":0.3500000000000725,""watch_threshold_bps"":10.0}"
2026-09-23T01:24:38+00:00,stable_dislocation_error,USDC:Bybit:error,USDC,n/a,Bybit,0.000000,-9999.000000,NO,,"{""error"":""HTTP Error 403: Forbidden""}"
2026-09-23T01:24:38+00:00,stable_dislocation,FDUSD:Binance,FDUSD,below peg,Binance,5.500000,5.500000,NO,232623.63,"{""mid"":0.99945,""note"":""Peg deviation is a research signal; redemption, venue and issuer risks matter."",""signed_deviation_bps"":-5.5000000000005045,""watch_threshold_bps"":10.0}"
2026-09-23T01:24:38+00:00,stable_dislocation_error,FDUSD:Bybit:error,FDUSD,n/a,Bybit,0.000000,-9999.000000,NO,,"{""error"":""HTTP Error 403: Forbidden""}"
2026-09-23T01:37:17+00:00,cex_triangle,ETH:USDT-BTC-ETH-USDT,ETH,USDT->BTC->ETH->USDT,Binance,0.259199,-37.711588,NO,66686.43,"{""extra_buffer_bps"":8.0,""fee_bps_per_leg"":10.0,""top_of_book_only"":true}"
2026-09-23T01:37:17+00:00,cex_triangle,ETH:USDT-ETH-BTC-USDT,ETH,USDT->ETH->BTC->USDT,Binance,-3.430313,-41.390043,NO,9563.73,"{""extra_buffer_bps"":8.0,""fee_bps_per_leg"":10.0,""top_of_book_only"":true}"
2026-09-23T01:37:17+00:00,cex_triangle,SOL:USDT-BTC-SOL-USDT,SOL,USDT->BTC->SOL->USDT,Binance,-1.092850,-39.059585,NO,428.29,"{""extra_buffer_bps"":8.0,""fee_bps_per_leg"":10.0,""top_of_book_only"":true}"
2026-09-23T01:37:17+00:00,cex_triangle,SOL:USDT-SOL-BTC-USDT,SOL,USDT->SOL->BTC->USDT,Binance,-0.480863,-38.449431,NO,2260.58,"{""extra_buffer_bps"":8.0,""fee_bps_per_leg"":10.0,""top_of_book_only"":true}"
2026-09-23T01:37:17+00:00,stable_dislocation,USDC:Binance,USDC,above peg,Binance,0.350000,0.350000,NO,1918699.56,"{""mid"":1.000035,""note"":""Peg deviation is a research signal; redemption, venue and issuer risks matter."",""signed_deviation_bps"":0.3500000000000725,""watch_threshold_bps"":10.0}"
2026-09-23T01:37:17+00:00,stable_dislocation_error,USDC:Bybit:error,USDC,n/a,Bybit,0.000000,-9999.000000,NO,,"{""error"":""HTTP Error 403: Forbidden""}"
2026-09-23T01:37:17+00:00,stable_dislocation,FDUSD:Binance,FDUSD,below peg,Binance,5.500000,5.500000,NO,276095.24,"{""mid"":0.99945,""note"":""Peg deviation is a research signal; redemption, venue and issuer risks matter."",""signed_deviation_bps"":-5.5000000000005045,""watch_threshold_bps"":10.0}"
2026-09-23T01:37:17+00:00,stable_dislocation_error,FDUSD:Bybit:error,FDUSD,n/a,Bybit,0.000000,-9999.000000,NO,,"{""error"":""HTTP Error 403: Forbidden""}"
2026-09-23T05:24:51+00:00,cex_triangle,ETH:USDT-BTC-ETH-USDT,ETH,USDT->BTC->ETH->USDT,Binance,-3.869922,-41.828334,NO,50724.25,"{""extra_buffer_bps"":8.0,""fee_bps_per_leg"":10.0,""top_of_book_only"":true}"
2026-09-23T05:24:51+00:00,cex_triangle,ETH:USDT-ETH-BTC-USDT,ETH,USDT->ETH->BTC->USDT,Binance,0.695144,-37.276949,NO,46696.74,"{""extra_buffer_bps"":8.0,""fee_bps_per_leg"":10.0,""top_of_book_only"":true}"
2026-09-23T05:24:51+00:00,cex_triangle,SOL:USDT-BTC-SOL-USDT,SOL,USDT->BTC->SOL->USDT,Binance,-2.725124,-40.686967,NO,2989.01,"{""extra_buffer_bps"":8.0,""fee_bps_per_leg"":10.0,""top_of_book_only"":true}"
2026-09-23T05:24:51+00:00,cex_triangle,SOL:USDT-SOL-BTC-USDT,SOL,USDT->SOL->BTC->USDT,Binance,1.154671,-36.818800,NO,264.16,"{""extra_buffer_bps"":8.0,""fee_bps_per_leg"":10.0,""top_of_book_only"":true}"
2026-09-23T05:24:51+00:00,stable_dislocation,USDC:Binance,USDC,above peg,Binance,0.950000,0.950000,NO,1578782.08,"{""mid"":1.000095,""note"":""Peg deviation is a research signal; redemption, venue and issuer risks matter."",""signed_deviation_bps"":0.9499999999995623,""watch_threshold_bps"":10.0}"
2026-09-23T05:24:51+00:00,stable_dislocation_error,USDC:Bybit:error,USDC,n/a,Bybit,0.000000,-9999.000000,NO,,"{""error"":""HTTP Error 403: Forbidden""}"
2026-09-23T05:24:51+00:00,stable_dislocation,FDUSD:Binance,FDUSD,below peg,Binance,2.500000,2.500000,NO,32559.23,"{""mid"":0.99975,""note"":""Peg deviation is a research signal; redemption, venue and issuer risks matter."",""signed_deviation_bps"":-2.4999999999997247,""watch_threshold_bps"":10.0}"
2026-09-23T05:24:51+00:00,stable_dislocation_error,FDUSD:Bybit:error,FDUSD,n/a,Bybit,0.000000,-9999.000000,NO,,"{""error"":""HTTP Error 403: Forbidden""}"
2026-09-23T05:52:27+00:00,cex_triangle,ETH:USDT-BTC-ETH-USDT,ETH,USDT->BTC->ETH->USDT,Binance,-5.964538,-43.916673,NO,2873.80,"{""extra_buffer_bps"":8.0,""fee_bps_per_leg"":10.0,""top_of_book_only"":true}"
2026-09-23T05:52:27+00:00,cex_triangle,ETH:USDT-ETH-BTC-USDT,ETH,USDT->ETH->BTC->USDT,Binance,2.795024,-35.183362,NO,42155.07,"{""extra_buffer_bps"":8.0,""fee_bps_per_leg"":10.0,""top_of_book_only"":true}"
2026-09-23T05:52:27+00:00,cex_triangle,SOL:USDT-BTC-SOL-USDT,SOL,USDT->BTC->SOL->USDT,Binance,-5.238994,-43.193303,NO,4323.69,"{""extra_buffer_bps"":8.0,""fee_bps_per_leg"":10.0,""top_of_book_only"":true}"
2026-09-23T05:52:27+00:00,cex_triangle,SOL:USDT-SOL-BTC-USDT,SOL,USDT->SOL->BTC->USDT,Binance,3.665496,-34.315499,NO,444.14,"{""extra_buffer_bps"":8.0,""fee_bps_per_leg"":10.0,""top_of_book_only"":true}"
2026-09-23T05:52:27+00:00,stable_dislocation,USDC:Binance,USDC,above peg,Binance,1.350000,1.350000,NO,1416108.07,"{""mid"":1.000135,""note"":""Peg deviation is a research signal; redemption, venue and issuer risks matter."",""signed_deviation_bps"":1.3499999999999623,""watch_threshold_bps"":10.0}"
2026-09-23T05:52:27+00:00,stable_dislocation_error,USDC:Bybit:error,USDC,n/a,Bybit,0.000000,-9999.000000,NO,,"{""error"":""HTTP Error 403: Forbidden""}"
2026-09-23T05:52:27+00:00,stable_dislocation,FDUSD:Binance,FDUSD,below peg,Binance,7.500000,7.500000,NO,328936.58,"{""mid"":0.99925,""note"":""Peg deviation is a research signal; redemption, venue and issuer risks matter."",""signed_deviation_bps"":-7.500000000000284,""watch_threshold_bps"":10.0}"
2026-09-23T05:52:27+00:00,stable_dislocation_error,FDUSD:Bybit:error,FDUSD,n/a,Bybit,0.000000,-9999.000000,NO,,"{""error"":""HTTP Error 403: Forbidden""}"
2026-09-23T06:23:44+00:00,cex_triangle,ETH:USDT-BTC-ETH-USDT,ETH,USDT->BTC->ETH->USDT,Binance,-4.008576,-41.966572,NO,33072.59,"{""extra_buffer_bps"":8.0,""fee_bps_per_leg"":10.0,""top_of_book_only"":true}"
2026-09-23T06:23:44+00:00,cex_triangle,ETH:USDT-ETH-BTC-USDT,ETH,USDT->ETH->BTC->USDT,Binance,0.836718,-37.135799,NO,14837.10,"{""extra_buffer_bps"":8.0,""fee_bps_per_leg"":10.0,""top_of_book_only"":true}"
2026-09-23T06:23:44+00:00,cex_triangle,SOL:USDT-BTC-SOL-USDT,SOL,USDT->BTC->SOL->USDT,Binance,-1.363200,-39.329125,NO,3285.86,"{""extra_buffer_bps"":8.0,""fee_bps_per_leg"":10.0,""top_of_book_only"":true}"
2026-09-23T06:23:44+00:00,cex_triangle,SOL:USDT-SOL-BTC-USDT,SOL,USDT->SOL->BTC->USDT,Binance,-0.207670,-38.177057,NO,429.11,"{""extra_buffer_bps"":8.0,""fee_bps_per_leg"":10.0,""top_of_book_only"":true}"
2026-09-23T06:23:44+00:00,stable_dislocation,USDC:Binance,USDC,above peg,Binance,1.250000,1.250000,NO,2081082.70,"{""mid"":1.000125,""note"":""Peg deviation is a research signal; redemption, venue and issuer risks matter."",""signed_deviation_bps"":1.2499999999993072,""watch_threshold_bps"":10.0}"
2026-09-23T06:23:44+00:00,stable_dislocation_error,USDC:Bybit:error,USDC,n/a,Bybit,0.000000,-9999.000000,NO,,"{""error"":""HTTP Error 403: Forbidden""}"
2026-09-23T06:23:44+00:00,stable_dislocation,FDUSD:Binance,FDUSD,below peg,Binance,3.500000,3.500000,NO,170888.72,"{""mid"":0.99965,""note"":""Peg deviation is a research signal; redemption, venue and issuer risks matter."",""signed_deviation_bps"":-3.4999999999996145,""watch_threshold_bps"":10.0}"
2026-09-23T06:23:44+00:00,stable_dislocation_error,FDUSD:Bybit:error,FDUSD,n/a,Bybit,0.000000,-9999.000000,NO,,"{""error"":""HTTP Error 403: Forbidden""}"
2026-09-23T06:45:30+00:00,cex_triangle,ETH:USDT-BTC-ETH-USDT,ETH,USDT->BTC->ETH->USDT,Binance,-0.314597,-38.283664,NO,83578.56,"{""extra_buffer_bps"":8.0,""fee_bps_per_leg"":10.0,""top_of_book_only"":true}"
2026-09-23T06:45:30+00:00,cex_triangle,ETH:USDT-ETH-BTC-USDT,ETH,USDT->ETH->BTC->USDT,Binance,-2.859647,-40.821087,NO,19584.59,"{""extra_buffer_bps"":8.0,""fee_bps_per_leg"":10.0,""top_of_book_only"":true}"
2026-09-23T06:45:30+00:00,cex_triangle,SOL:USDT-BTC-SOL-USDT,SOL,USDT->BTC->SOL->USDT,Binance,2.219416,-35.757245,NO,279.75,"{""extra_buffer_bps"":8.0,""fee_bps_per_leg"":10.0,""top_of_book_only"":true}"
2026-09-23T06:45:30+00:00,cex_triangle,SOL:USDT-SOL-BTC-USDT,SOL,USDT->SOL->BTC->USDT,Binance,-3.783777,-41.742447,NO,5227.96,"{""extra_buffer_bps"":8.0,""fee_bps_per_leg"":10.0,""top_of_book_only"":true}"
2026-09-23T06:45:30+00:00,stable_dislocation,USDC:Binance,USDC,above peg,Binance,1.050000,1.050000,NO,665492.20,"{""mid"":1.000105,""note"":""Peg deviation is a research signal; redemption, venue and issuer risks matter."",""signed_deviation_bps"":1.0500000000002174,""watch_threshold_bps"":10.0}"
2026-09-23T06:45:30+00:00,stable_dislocation_error,USDC:Bybit:error,USDC,n/a,Bybit,0.000000,-9999.000000,NO,,"{""error"":""HTTP Error 403: Forbidden""}"
2026-09-23T06:45:30+00:00,stable_dislocation,FDUSD:Binance,FDUSD,below peg,Binance,3.500000,3.500000,NO,146524.03,"{""mid"":0.99965,""note"":""Peg deviation is a research signal; redemption, venue and issuer risks matter."",""signed_deviation_bps"":-3.4999999999996145,""watch_threshold_bps"":10.0}"
2026-09-23T06:45:30+00:00,stable_dislocation_error,FDUSD:Bybit:error,FDUSD,n/a,Bybit,0.000000,-9999.000000,NO,,"{""error"":""HTTP Error 403: Forbidden""}"
2026-09-23T10:13:29+00:00,cex_triangle,ETH:USDT-BTC-ETH-USDT,ETH,USDT->BTC->ETH->USDT,Binance,1.387131,-36.587036,NO,238.07,"{""extra_buffer_bps"":8.0,""fee_bps_per_leg"":10.0,""top_of_book_only"":true}"
2026-09-23T10:13:29+00:00,cex_triangle,ETH:USDT-ETH-BTC-USDT,ETH,USDT->ETH->BTC->USDT,Binance,-4.564936,-42.521265,NO,18660.44,"{""extra_buffer_bps"":8.0,""fee_bps_per_leg"":10.0,""top_of_book_only"":true}"
2026-09-23T10:13:29+00:00,cex_triangle,SOL:USDT-BTC-SOL-USDT,SOL,USDT->BTC->SOL->USDT,Binance,-0.226197,-38.195529,NO,424.20,"{""extra_buffer_bps"":8.0,""fee_bps_per_leg"":10.0,""top_of_book_only"":true}"
2026-09-23T10:13:29+00:00,cex_triangle,SOL:USDT-SOL-BTC-USDT,SOL,USDT->SOL->BTC->USDT,Binance,-1.357303,-39.323245,NO,1701.71,"{""extra_buffer_bps"":8.0,""fee_bps_per_leg"":10.0,""top_of_book_only"":true}"
2026-09-23T10:13:29+00:00,stable_dislocation,USDC:Binance,USDC,above peg,Binance,0.650000,0.650000,NO,1637482.24,"{""mid"":1.000065,""note"":""Peg deviation is a research signal; redemption, venue and issuer risks matter."",""signed_deviation_bps"":0.6499999999998174,""watch_threshold_bps"":10.0}"
2026-09-23T10:13:29+00:00,stable_dislocation_error,USDC:Bybit:error,USDC,n/a,Bybit,0.000000,-9999.000000,NO,,"{""error"":""HTTP Error 403: Forbidden""}"
2026-09-23T10:13:29+00:00,stable_dislocation,FDUSD:Binance,FDUSD,below peg,Binance,7.500000,7.500000,NO,601704.51,"{""mid"":0.99925,""note"":""Peg deviation is a research signal; redemption, venue and issuer risks matter."",""signed_deviation_bps"":-7.500000000000284,""watch_threshold_bps"":10.0}"
2026-09-23T10:13:29+00:00,stable_dislocation_error,FDUSD:Bybit:error,FDUSD,n/a,Bybit,0.000000,-9999.000000,NO,,"{""error"":""HTTP Error 403: Forbidden""}"
2026-09-23T11:25:26+00:00,cex_triangle,ETH:USDT-BTC-ETH-USDT,ETH,USDT->BTC->ETH->USDT,Binance,-6.841118,-44.790626,NO,22279.67,"{""extra_buffer_bps"":8.0,""fee_bps_per_leg"":10.0,""top_of_book_only"":true}"
2026-09-23T11:25:26+00:00,cex_triangle,ETH:USDT-ETH-BTC-USDT,ETH,USDT->ETH->BTC->USDT,Binance,3.664061,-34.316930,NO,70423.19,"{""extra_buffer_bps"":8.0,""fee_bps_per_leg"":10.0,""top_of_book_only"":true}"
2026-09-23T11:25:26+00:00,cex_triangle,SOL:USDT-BTC-SOL-USDT,SOL,USDT->BTC->SOL->USDT,Binance,-6.443659,-44.394357,NO,162.68,"{""extra_buffer_bps"":8.0,""fee_bps_per_leg"":10.0,""top_of_book_only"":true}"
2026-09-23T11:25:26+00:00,cex_triangle,SOL:USDT-SOL-BTC-USDT,SOL,USDT->SOL->BTC->USDT,Binance,4.856864,-33.127702,NO,757.62,"{""extra_buffer_bps"":8.0,""fee_bps_per_leg"":10.0,""top_of_book_only"":true}"
2026-09-23T11:25:26+00:00,stable_dislocation,USDC:Binance,USDC,above peg,Binance,1.350000,1.350000,NO,36281.08,"{""mid"":1.000135,""note"":""Peg deviation is a research signal; redemption, venue and issuer risks matter."",""signed_deviation_bps"":1.3499999999999623,""watch_threshold_bps"":10.0}"
2026-09-23T11:25:26+00:00,stable_dislocation_error,USDC:Bybit:error,USDC,n/a,Bybit,0.000000,-9999.000000,NO,,"{""error"":""HTTP Error 403: Forbidden""}"
2026-09-23T11:25:26+00:00,stable_dislocation,FDUSD:Binance,FDUSD,below peg,Binance,7.500000,7.500000,NO,586606.34,"{""mid"":0.99925,""note"":""Peg deviation is a research signal; redemption, venue and issuer risks matter."",""signed_deviation_bps"":-7.500000000000284,""watch_threshold_bps"":10.0}"
2026-09-23T11:25:26+00:00,stable_dislocation_error,FDUSD:Bybit:error,FDUSD,n/a,Bybit,0.000000,-9999.000000,NO,,"{""error"":""HTTP Error 403: Forbidden""}"
2026-09-23T11:57:08+00:00,cex_triangle,ETH:USDT-BTC-ETH-USDT,ETH,USDT->BTC->ETH->USDT,Binance,2.221587,-35.755081,NO,9.28,"{""extra_buffer_bps"":8.0,""fee_bps_per_leg"":10.0,""top_of_book_only"":true}"
2026-09-23T11:57:08+00:00,cex_triangle,ETH:USDT-ETH-BTC-USDT,ETH,USDT->ETH->BTC->USDT,Binance,-5.397902,-43.351734,NO,90644.47,"{""extra_buffer_bps"":8.0,""fee_bps_per_leg"":10.0,""top_of_book_only"":true}"
2026-09-23T11:57:08+00:00,cex_triangle,SOL:USDT-BTC-SOL-USDT,SOL,USDT->BTC->SOL->USDT,Binance,-0.551339,-38.519697,NO,2151.07,"{""extra_buffer_bps"":8.0,""fee_bps_per_leg"":10.0,""top_of_book_only"":true}"
2026-09-23T11:57:08+00:00,cex_triangle,SOL:USDT-SOL-BTC-USDT,SOL,USDT->SOL->BTC->USDT,Binance,-1.034185,-39.001096,NO,351.54,"{""extra_buffer_bps"":8.0,""fee_bps_per_leg"":10.0,""top_of_book_only"":true}"
2026-09-23T11:57:08+00:00,stable_dislocation,USDC:Binance,USDC,above peg,Binance,1.650000,1.650000,NO,659649.12,"{""mid"":1.000165,""note"":""Peg deviation is a research signal; redemption, venue and issuer risks matter."",""signed_deviation_bps"":1.6499999999997073,""watch_threshold_bps"":10.0}"
2026-09-23T11:57:08+00:00,stable_dislocation_error,USDC:Bybit:error,USDC,n/a,Bybit,0.000000,-9999.000000,NO,,"{""error"":""HTTP Error 403: Forbidden""}"
2026-09-23T11:57:08+00:00,stable_dislocation,FDUSD:Binance,FDUSD,below peg,Binance,7.500000,7.500000,NO,411322.68,"{""mid"":0.99925,""note"":""Peg deviation is a research signal; redemption, venue and issuer risks matter."",""signed_deviation_bps"":-7.500000000000284,""watch_threshold_bps"":10.0}"
2026-09-23T11:57:08+00:00,stable_dislocation_error,FDUSD:Bybit:error,FDUSD,n/a,Bybit,0.000000,-9999.000000,NO,,"{""error"":""HTTP Error 403: Forbidden""}"
2026-09-23T12:27:39+00:00,cex_triangle,ETH:USDT-BTC-ETH-USDT,ETH,USDT->BTC->ETH->USDT,Binance,-1.332950,-39.298965,NO,86446.91,"{""extra_buffer_bps"":8.0,""fee_bps_per_leg"":10.0,""top_of_book_only"":true}"
2026-09-23T12:27:39+00:00,cex_triangle,ETH:USDT-ETH-BTC-USDT,ETH,USDT->ETH->BTC->USDT,Binance,-1.843924,-39.808408,NO,97307.81,"{""extra_buffer_bps"":8.0,""fee_bps_per_leg"":10.0,""top_of_book_only"":true}"
2026-09-23T12:27:39+00:00,cex_triangle,SOL:USDT-BTC-SOL-USDT,SOL,USDT->BTC->SOL->USDT,Binance,-1.182308,-39.148774,NO,1733.82,"{""extra_buffer_bps"":8.0,""fee_bps_per_leg"":10.0,""top_of_book_only"":true}"
2026-09-23T12:27:39+00:00,cex_triangle,SOL:USDT-SOL-BTC-USDT,SOL,USDT->SOL->BTC->USDT,Binance,-0.404102,-38.372900,NO,259.67,"{""extra_buffer_bps"":8.0,""fee_bps_per_leg"":10.0,""top_of_book_only"":true}"
2026-09-23T12:27:39+00:00,stable_dislocation,USDC:Binance,USDC,above peg,Binance,1.400000,1.400000,NO,884404.64,"{""mid"":1.00014,""note"":""Peg deviation is a research signal; redemption, venue and issuer risks matter."",""signed_deviation_bps"":1.40000000000029,""watch_threshold_bps"":10.0}"
2026-09-23T12:27:39+00:00,stable_dislocation_error,USDC:Bybit:error,USDC,n/a,Bybit,0.000000,-9999.000000,NO,,"{""error"":""HTTP Error 403: Forbidden""}"
2026-09-23T12:27:39+00:00,stable_dislocation,FDUSD:Binance,FDUSD,below peg,Binance,7.500000,7.500000,NO,93356.26,"{""mid"":0.99925,""note"":""Peg deviation is a research signal; redemption, venue and issuer risks matter."",""signed_deviation_bps"":-7.500000000000284,""watch_threshold_bps"":10.0}"
2026-09-23T12:27:39+00:00,stable_dislocation_error,FDUSD:Bybit:error,FDUSD,n/a,Bybit,0.000000,-9999.000000,NO,,"{""error"":""HTTP Error 403: Forbidden""}"
2026-09-23T15:03:52+00:00,cex_triangle,ETH:USDT-BTC-ETH-USDT,ETH,USDT->BTC->ETH->USDT,Binance,-0.021596,-37.991541,NO,54128.25,"{""extra_buffer_bps"":8.0,""fee_bps_per_leg"":10.0,""top_of_book_only"":true}"
2026-09-23T15:03:52+00:00,cex_triangle,ETH:USDT-ETH-BTC-USDT,ETH,USDT->ETH->BTC->USDT,Binance,-3.174499,-41.134995,NO,71902.89,"{""extra_buffer_bps"":8.0,""fee_bps_per_leg"":10.0,""top_of_book_only"":true}"
2026-09-23T15:03:52+00:00,cex_triangle,SOL:USDT-BTC-SOL-USDT,SOL,USDT->BTC->SOL->USDT,Binance,-0.505247,-38.473743,NO,1531.52,"{""extra_buffer_bps"":8.0,""fee_bps_per_leg"":10.0,""top_of_book_only"":true}"
2026-09-23T15:03:52+00:00,cex_triangle,SOL:USDT-SOL-BTC-USDT,SOL,USDT->SOL->BTC->USDT,Binance,-1.096938,-39.063661,NO,1754.45,"{""extra_buffer_bps"":8.0,""fee_bps_per_leg"":10.0,""top_of_book_only"":true}"
2026-09-23T15:03:52+00:00,stable_dislocation,USDC:Binance,USDC,above peg,Binance,0.850000,0.850000,NO,1533061.96,"{""mid"":1.000085,""note"":""Peg deviation is a research signal; redemption, venue and issuer risks matter."",""signed_deviation_bps"":0.8499999999989072,""watch_threshold_bps"":10.0}"
2026-09-23T15:03:52+00:00,stable_dislocation_error,USDC:Bybit:error,USDC,n/a,Bybit,0.000000,-9999.000000,NO,,"{""error"":""HTTP Error 403: Forbidden""}"
2026-09-23T15:03:52+00:00,stable_dislocation,FDUSD:Binance,FDUSD,below peg,Binance,8.500000,8.500000,NO,654101.78,"{""mid"":0.99915,""note"":""Peg deviation is a research signal; redemption, venue and issuer risks matter."",""signed_deviation_bps"":-8.500000000000174,""watch_threshold_bps"":10.0}"
2026-09-23T15:03:52+00:00,stable_dislocation_error,FDUSD:Bybit:error,FDUSD,n/a,Bybit,0.000000,-9999.000000,NO,,"{""error"":""HTTP Error 403: Forbidden""}"
2026-09-23T16:44:14+00:00,cex_triangle,ETH:USDT-BTC-ETH-USDT,ETH,USDT->BTC->ETH->USDT,Binance,-3.816077,-41.774651,NO,28469.36,"{""extra_buffer_bps"":8.0,""fee_bps_per_leg"":10.0,""top_of_book_only"":true}"
2026-09-23T16:44:14+00:00,cex_triangle,ETH:USDT-ETH-BTC-USDT,ETH,USDT->ETH->BTC->USDT,Binance,0.621029,-37.350842,NO,235.73,"{""extra_buffer_bps"":8.0,""fee_bps_per_leg"":10.0,""top_of_book_only"":true}"
2026-09-23T16:44:14+00:00,cex_triangle,SOL:USDT-BTC-SOL-USDT,SOL,USDT->BTC->SOL->USDT,Binance,-1.600718,-39.565931,NO,1570.02,"{""extra_buffer_bps"":8.0,""fee_bps_per_leg"":10.0,""top_of_book_only"":true}"
2026-09-23T16:44:14+00:00,cex_triangle,SOL:USDT-SOL-BTC-USDT,SOL,USDT->SOL->BTC->USDT,Binance,-0.007603,-37.977591,NO,254.28,"{""extra_buffer_bps"":8.0,""fee_bps_per_leg"":10.0,""top_of_book_only"":true}"
2026-09-23T16:44:14+00:00,stable_dislocation,USDC:Binance,USDC,below peg,Binance,0.350000,0.350000,NO,46928.59,"{""mid"":0.999965,""note"":""Peg deviation is a research signal; redemption, venue and issuer risks matter."",""signed_deviation_bps"":-0.3500000000000725,""watch_threshold_bps"":10.0}"
2026-09-23T16:44:14+00:00,stable_dislocation_error,USDC:Bybit:error,USDC,n/a,Bybit,0.000000,-9999.000000,NO,,"{""error"":""HTTP Error 403: Forbidden""}"
2026-09-23T16:44:14+00:00,stable_dislocation,FDUSD:Binance,FDUSD,below peg,Binance,9.500000,9.500000,NO,196796.72,"{""mid"":0.99905,""note"":""Peg deviation is a research signal; redemption, venue and issuer risks matter."",""signed_deviation_bps"":-9.500000000000064,""watch_threshold_bps"":10.0}"
2026-09-23T16:44:14+00:00,stable_dislocation_error,FDUSD:Bybit:error,FDUSD,n/a,Bybit,0.000000,-9999.000000,NO,,"{""error"":""HTTP Error 403: Forbidden""}"
2026-09-23T16:48:43+00:00,cex_triangle,ETH:USDT-BTC-ETH-USDT,ETH,USDT->BTC->ETH->USDT,Binance,-0.104189,-38.073887,NO,35514.20,"{""extra_buffer_bps"":8.0,""fee_bps_per_leg"":10.0,""top_of_book_only"":true}"
2026-09-23T16:48:43+00:00,cex_triangle,ETH:USDT-ETH-BTC-USDT,ETH,USDT->ETH->BTC->USDT,Binance,-3.092200,-41.052942,NO,57875.76,"{""extra_buffer_bps"":8.0,""fee_bps_per_leg"":10.0,""top_of_book_only"":true}"
2026-09-23T16:48:43+00:00,cex_triangle,SOL:USDT-BTC-SOL-USDT,SOL,USDT->BTC->SOL->USDT,Binance,-2.230315,-40.193641,NO,595.44,"{""extra_buffer_bps"":8.0,""fee_bps_per_leg"":10.0,""top_of_book_only"":true}"
2026-09-23T16:48:43+00:00,cex_triangle,SOL:USDT-SOL-BTC-USDT,SOL,USDT->SOL->BTC->USDT,Binance,0.619407,-37.352459,NO,412.63,"{""extra_buffer_bps"":8.0,""fee_bps_per_leg"":10.0,""top_of_book_only"":true}"
2026-09-23T16:48:43+00:00,stable_dislocation,USDC:Binance,USDC,below peg,Binance,0.350000,0.350000,NO,1501215.96,"{""mid"":0.999965,""note"":""Peg deviation is a research signal; redemption, venue and issuer risks matter."",""signed_deviation_bps"":-0.3500000000000725,""watch_threshold_bps"":10.0}"
2026-09-23T16:48:43+00:00,stable_dislocation_error,USDC:Bybit:error,USDC,n/a,Bybit,0.000000,-9999.000000,NO,,"{""error"":""HTTP Error 403: Forbidden""}"
2026-09-23T16:48:43+00:00,stable_dislocation,FDUSD:Binance,FDUSD,below peg,Binance,9.500000,9.500000,NO,187600.01,"{""mid"":0.99905,""note"":""Peg deviation is a research signal; redemption, venue and issuer risks matter."",""signed_deviation_bps"":-9.500000000000064,""watch_threshold_bps"":10.0}"
2026-09-23T16:48:43+00:00,stable_dislocation_error,FDUSD:Bybit:error,FDUSD,n/a,Bybit,0.000000,-9999.000000,NO,,"{""error"":""HTTP Error 403: Forbidden""}"
2026-09-23T17:26:06+00:00,cex_triangle,ETH:USDT-BTC-ETH-USDT,ETH,USDT->BTC->ETH->USDT,Binance,2.977906,-35.001029,NO,19226.00,"{""extra_buffer_bps"":8.0,""fee_bps_per_leg"":10.0,""top_of_book_only"":true}"
2026-09-23T17:26:06+00:00,cex_triangle,ETH:USDT-ETH-BTC-USDT,ETH,USDT->ETH->BTC->USDT,Binance,-6.170326,-44.121843,NO,24362.86,"{""extra_buffer_bps"":8.0,""fee_bps_per_leg"":10.0,""top_of_book_only"":true}"
2026-09-23T17:26:06+00:00,cex_triangle,SOL:USDT-BTC-SOL-USDT,SOL,USDT->BTC->SOL->USDT,Binance,0.194180,-37.776412,NO,413.06,"{""extra_buffer_bps"":8.0,""fee_bps_per_leg"":10.0,""top_of_book_only"":true}"
2026-09-23T17:26:06+00:00,cex_triangle,SOL:USDT-SOL-BTC-USDT,SOL,USDT->SOL->BTC->USDT,Binance,-1.805026,-39.769627,NO,1619.80,"{""extra_buffer_bps"":8.0,""fee_bps_per_leg"":10.0,""top_of_book_only"":true}"
2026-09-23T17:26:06+00:00,stable_dislocation,USDC:Binance,USDC,above peg,Binance,0.650000,0.650000,NO,717005.19,"{""mid"":1.000065,""note"":""Peg deviation is a research signal; redemption, venue and issuer risks matter."",""signed_deviation_bps"":0.6499999999998174,""watch_threshold_bps"":10.0}"
2026-09-23T17:26:06+00:00,stable_dislocation_error,USDC:Bybit:error,USDC,n/a,Bybit,0.000000,-9999.000000,NO,,"{""error"":""HTTP Error 403: Forbidden""}"
2026-09-23T17:26:06+00:00,stable_dislocation,FDUSD:Binance,FDUSD,below peg,Binance,8.500000,8.500000,NO,46000.17,"{""mid"":0.99915,""note"":""Peg deviation is a research signal; redemption, venue and issuer risks matter."",""signed_deviation_bps"":-8.500000000000174,""watch_threshold_bps"":10.0}"
2026-09-23T17:26:06+00:00,stable_dislocation_error,FDUSD:Bybit:error,FDUSD,n/a,Bybit,0.000000,-9999.000000,NO,,"{""error"":""HTTP Error 403: Forbidden""}"
2026-09-23T19:09:08+00:00,cex_triangle,ETH:USDT-BTC-ETH-USDT,ETH,USDT->BTC->ETH->USDT,Binance,-0.730338,-38.698159,NO,3645.66,"{""extra_buffer_bps"":8.0,""fee_bps_per_leg"":10.0,""top_of_book_only"":true}"
2026-09-23T19:09:08+00:00,cex_triangle,ETH:USDT-ETH-BTC-USDT,ETH,USDT->ETH->BTC->USDT,Binance,-2.468046,-40.430659,NO,36516.34,"{""extra_buffer_bps"":8.0,""fee_bps_per_leg"":10.0,""top_of_book_only"":true}"
2026-09-23T19:09:08+00:00,cex_triangle,SOL:USDT-BTC-SOL-USDT,SOL,USDT->BTC->SOL->USDT,Binance,-1.013590,-38.980562,NO,546.75,"{""extra_buffer_bps"":8.0,""fee_bps_per_leg"":10.0,""top_of_book_only"":true}"
2026-09-23T19:09:08+00:00,cex_triangle,SOL:USDT-SOL-BTC-USDT,SOL,USDT->SOL->BTC->USDT,Binance,-0.601769,-38.569975,NO,412.42,"{""extra_buffer_bps"":8.0,""fee_bps_per_leg"":10.0,""top_of_book_only"":true}"
2026-09-23T19:09:08+00:00,stable_dislocation,USDC:Binance,USDC,above peg,Binance,0.350000,0.350000,NO,1208054.24,"{""mid"":1.000035,""note"":""Peg deviation is a research signal; redemption, venue and issuer risks matter."",""signed_deviation_bps"":0.3500000000000725,""watch_threshold_bps"":10.0}"
2026-09-23T19:09:08+00:00,stable_dislocation_error,USDC:Bybit:error,USDC,n/a,Bybit,0.000000,-9999.000000,NO,,"{""error"":""HTTP Error 403: Forbidden""}"
2026-09-23T19:09:08+00:00,stable_dislocation,FDUSD:Binance,FDUSD,below peg,Binance,9.500000,9.500000,NO,21041.05,"{""mid"":0.99905,""note"":""Peg deviation is a research signal; redemption, venue and issuer risks matter."",""signed_deviation_bps"":-9.500000000000064,""watch_threshold_bps"":10.0}"
2026-09-23T19:09:08+00:00,stable_dislocation_error,FDUSD:Bybit:error,FDUSD,n/a,Bybit,0.000000,-9999.000000,NO,,"{""error"":""HTTP Error 403: Forbidden""}"
2026-09-23T19:58:03+00:00,cex_triangle,ETH:USDT-BTC-ETH-USDT,ETH,USDT->BTC->ETH->USDT,Binance,-1.876915,-39.841300,NO,93182.81,"{""extra_buffer_bps"":8.0,""fee_bps_per_leg"":10.0,""top_of_book_only"":true}"
2026-09-23T19:58:03+00:00,cex_triangle,ETH:USDT-ETH-BTC-USDT,ETH,USDT->ETH->BTC->USDT,Binance,-1.318430,-39.284488,NO,62637.89,"{""extra_buffer_bps"":8.0,""fee_bps_per_leg"":10.0,""top_of_book_only"":true}"
2026-09-23T19:58:03+00:00,cex_triangle,SOL:USDT-BTC-SOL-USDT,SOL,USDT->BTC->SOL->USDT,Binance,-0.917129,-38.884391,NO,2199.03,"{""extra_buffer_bps"":8.0,""fee_bps_per_leg"":10.0,""top_of_book_only"":true}"
2026-09-23T19:58:03+00:00,cex_triangle,SOL:USDT-SOL-BTC-USDT,SOL,USDT->SOL->BTC->USDT,Binance,-0.693486,-38.661418,NO,1857.92,"{""extra_buffer_bps"":8.0,""fee_bps_per_leg"":10.0,""top_of_book_only"":true}"
2026-09-23T19:58:03+00:00,stable_dislocation,USDC:Binance,USDC,above peg,Binance,0.150000,0.150000,NO,463394.63,"{""mid"":1.0000149999999999,""note"":""Peg deviation is a research signal; redemption, venue and issuer risks matter."",""signed_deviation_bps"":0.14999999999876223,""watch_threshold_bps"":10.0}"
2026-09-23T19:58:03+00:00,stable_dislocation_error,USDC:Bybit:error,USDC,n/a,Bybit,0.000000,-9999.000000,NO,,"{""error"":""HTTP Error 403: Forbidden""}"
2026-09-23T19:58:03+00:00,stable_dislocation,FDUSD:Binance,FDUSD,below peg,Binance,9.500000,9.500000,NO,73734.58,"{""mid"":0.99905,""note"":""Peg deviation is a research signal; redemption, venue and issuer risks matter."",""signed_deviation_bps"":-9.500000000000064,""watch_threshold_bps"":10.0}"
2026-09-23T19:58:03+00:00,stable_dislocation_error,FDUSD:Bybit:error,FDUSD,n/a,Bybit,0.000000,-9999.000000,NO,,"{""error"":""HTTP Error 403: Forbidden""}"
2026-09-23T20:13:54+00:00,cex_triangle,ETH:USDT-BTC-ETH-USDT,ETH,USDT->BTC->ETH->USDT,Binance,-2.091710,-40.055451,NO,9305.99,"{""extra_buffer_bps"":8.0,""fee_bps_per_leg"":10.0,""top_of_book_only"":true}"
2026-09-23T20:13:54+00:00,cex_triangle,ETH:USDT-ETH-BTC-USDT,ETH,USDT->ETH->BTC->USDT,Binance,-1.100659,-39.067371,NO,45636.58,"{""extra_buffer_bps"":8.0,""fee_bps_per_leg"":10.0,""top_of_book_only"":true}"
2026-09-23T20:13:54+00:00,cex_triangle,SOL:USDT-BTC-SOL-USDT,SOL,USDT->BTC->SOL->USDT,Binance,-1.274952,-39.241141,NO,1468.98,"{""extra_buffer_bps"":8.0,""fee_bps_per_leg"":10.0,""top_of_book_only"":true}"
2026-09-23T20:13:54+00:00,cex_triangle,SOL:USDT-SOL-BTC-USDT,SOL,USDT->SOL->BTC->USDT,Binance,-0.337932,-38.306929,NO,413.14,"{""extra_buffer_bps"":8.0,""fee_bps_per_leg"":10.0,""top_of_book_only"":true}"
2026-09-23T20:13:54+00:00,stable_dislocation,USDC:Binance,USDC,above peg,Binance,0.150000,0.150000,NO,4797693.95,"{""mid"":1.0000149999999999,""note"":""Peg deviation is a research signal; redemption, venue and issuer risks matter."",""signed_deviation_bps"":0.14999999999876223,""watch_threshold_bps"":10.0}"
2026-09-23T20:13:54+00:00,stable_dislocation_error,USDC:Bybit:error,USDC,n/a,Bybit,0.000000,-9999.000000,NO,,"{""error"":""HTTP Error 403: Forbidden""}"
2026-09-23T20:13:54+00:00,stable_dislocation,FDUSD:Binance,FDUSD,below peg,Binance,9.500000,9.500000,NO,66431.16,"{""mid"":0.99905,""note"":""Peg deviation is a research signal; redemption, venue and issuer risks matter."",""signed_deviation_bps"":-9.500000000000064,""watch_threshold_bps"":10.0}"
2026-09-23T20:13:54+00:00,stable_dislocation_error,FDUSD:Bybit:error,FDUSD,n/a,Bybit,0.000000,-9999.000000,NO,,"{""error"":""HTTP Error 403: Forbidden""}"
2026-09-23T20:41:34+00:00,cex_triangle,ETH:USDT-BTC-ETH-USDT,ETH,USDT->BTC->ETH->USDT,Binance,-0.086027,-38.055779,NO,37900.99,"{""extra_buffer_bps"":8.0,""fee_bps_per_leg"":10.0,""top_of_book_only"":true}"
2026-09-23T20:41:34+00:00,cex_triangle,ETH:USDT-ETH-BTC-USDT,ETH,USDT->ETH->BTC->USDT,Binance,-3.107115,-41.067813,NO,59278.97,"{""extra_buffer_bps"":8.0,""fee_bps_per_leg"":10.0,""top_of_book_only"":true}"
2026-09-23T20:41:34+00:00,cex_triangle,SOL:USDT-BTC-SOL-USDT,SOL,USDT->BTC->SOL->USDT,Binance,-0.648421,-38.616488,NO,2070.56,"{""extra_buffer_bps"":8.0,""fee_bps_per_leg"":10.0,""top_of_book_only"":true}"
2026-09-23T20:41:34+00:00,cex_triangle,SOL:USDT-SOL-BTC-USDT,SOL,USDT->SOL->BTC->USDT,Binance,-0.964393,-38.931513,NO,1854.52,"{""extra_buffer_bps"":8.0,""fee_bps_per_leg"":10.0,""top_of_book_only"":true}"
2026-09-23T20:41:34+00:00,stable_dislocation,USDC:Binance,USDC,above peg,Binance,0.150000,0.150000,NO,3274279.48,"{""mid"":1.0000149999999999,""note"":""Peg deviation is a research signal; redemption, venue and issuer risks matter."",""signed_deviation_bps"":0.14999999999876223,""watch_threshold_bps"":10.0}"
2026-09-23T20:41:34+00:00,stable_dislocation_error,USDC:Bybit:error,USDC,n/a,Bybit,0.000000,-9999.000000,NO,,"{""error"":""HTTP Error 403: Forbidden""}"
2026-09-23T20:41:34+00:00,stable_dislocation,FDUSD:Binance,FDUSD,below peg,Binance,9.500000,9.500000,NO,57874.87,"{""mid"":0.99905,""note"":""Peg deviation is a research signal; redemption, venue and issuer risks matter."",""signed_deviation_bps"":-9.500000000000064,""watch_threshold_bps"":10.0}"
2026-09-23T20:41:34+00:00,stable_dislocation_error,FDUSD:Bybit:error,FDUSD,n/a,Bybit,0.000000,-9999.000000,NO,,"{""error"":""HTTP Error 403: Forbidden""}"
2026-09-23T22:21:57+00:00,cex_triangle,ETH:USDT-BTC-ETH-USDT,ETH,USDT->BTC->ETH->USDT,Binance,0.000967,-37.969046,NO,50367.04,"{""extra_buffer_bps"":8.0,""fee_bps_per_leg"":10.0,""top_of_book_only"":true}"
2026-09-23T22:21:57+00:00,cex_triangle,ETH:USDT-ETH-BTC-USDT,ETH,USDT->ETH->BTC->USDT,Binance,-3.183989,-41.144457,NO,21602.85,"{""extra_buffer_bps"":8.0,""fee_bps_per_leg"":10.0,""top_of_book_only"":true}"
2026-09-23T22:21:57+00:00,cex_triangle,SOL:USDT-BTC-SOL-USDT,SOL,USDT->BTC->SOL->USDT,Binance,-1.418896,-39.384653,NO,2457.29,"{""extra_buffer_bps"":8.0,""fee_bps_per_leg"":10.0,""top_of_book_only"":true}"
2026-09-23T22:21:57+00:00,cex_triangle,SOL:USDT-SOL-BTC-USDT,SOL,USDT->SOL->BTC->USDT,Binance,-0.184530,-38.153987,NO,216.50,"{""extra_buffer_bps"":8.0,""fee_bps_per_leg"":10.0,""top_of_book_only"":true}"
2026-09-23T22:21:57+00:00,stable_dislocation,USDC:Binance,USDC,above peg,Binance,0.550000,0.550000,NO,534092.04,"{""mid"":1.0000550000000001,""note"":""Peg deviation is a research signal; redemption, venue and issuer risks matter."",""signed_deviation_bps"":0.5500000000013827,""watch_threshold_bps"":10.0}"
2026-09-23T22:21:57+00:00,stable_dislocation_error,USDC:Bybit:error,USDC,n/a,Bybit,0.000000,-9999.000000,NO,,"{""error"":""HTTP Error 403: Forbidden""}"
2026-09-23T22:21:57+00:00,stable_dislocation,FDUSD:Binance,FDUSD,below peg,Binance,9.500000,9.500000,NO,30705.26,"{""mid"":0.99905,""note"":""Peg deviation is a research signal; redemption, venue and issuer risks matter."",""signed_deviation_bps"":-9.500000000000064,""watch_threshold_bps"":10.0}"
2026-09-23T22:21:57+00:00,stable_dislocation_error,FDUSD:Bybit:error,FDUSD,n/a,Bybit,0.000000,-9999.000000,NO,,"{""error"":""HTTP Error 403: Forbidden""}"
2026-09-23T22:53:55+00:00,cex_triangle,ETH:USDT-BTC-ETH-USDT,ETH,USDT->BTC->ETH->USDT,Binance,-4.061724,-42.019562,NO,53057.86,"{""extra_buffer_bps"":8.0,""fee_bps_per_leg"":10.0,""top_of_book_only"":true}"
2026-09-23T22:53:55+00:00,cex_triangle,ETH:USDT-ETH-BTC-USDT,ETH,USDT->ETH->BTC->USDT,Binance,0.881065,-37.091585,NO,10095.61,"{""extra_buffer_bps"":8.0,""fee_bps_per_leg"":10.0,""top_of_book_only"":true}"
2026-09-23T22:53:55+00:00,cex_triangle,SOL:USDT-BTC-SOL-USDT,SOL,USDT->BTC->SOL->USDT,Binance,-1.234349,-39.200660,NO,216.47,"{""extra_buffer_bps"":8.0,""fee_bps_per_leg"":10.0,""top_of_book_only"":true}"
2026-09-23T22:53:55+00:00,cex_triangle,SOL:USDT-SOL-BTC-USDT,SOL,USDT->SOL->BTC->USDT,Binance,-0.369915,-38.338816,NO,1924.40,"{""extra_buffer_bps"":8.0,""fee_bps_per_leg"":10.0,""top_of_book_only"":true}"
2026-09-23T22:53:55+00:00,stable_dislocation,USDC:Binance,USDC,above peg,Binance,0.550000,0.550000,NO,2579441.76,"{""mid"":1.0000550000000001,""note"":""Peg deviation is a research signal; redemption, venue and issuer risks matter."",""signed_deviation_bps"":0.5500000000013827,""watch_threshold_bps"":10.0}"
2026-09-23T22:53:55+00:00,stable_dislocation_error,USDC:Bybit:error,USDC,n/a,Bybit,0.000000,-9999.000000,NO,,"{""error"":""HTTP Error 403: Forbidden""}"
2026-09-23T22:53:55+00:00,stable_dislocation,FDUSD:Binance,FDUSD,below peg,Binance,9.500000,9.500000,NO,109131.76,"{""mid"":0.99905,""note"":""Peg deviation is a research signal; redemption, venue and issuer risks matter."",""signed_deviation_bps"":-9.500000000000064,""watch_threshold_bps"":10.0}"
2026-09-23T22:53:55+00:00,stable_dislocation_error,FDUSD:Bybit:error,FDUSD,n/a,Bybit,0.000000,-9999.000000,NO,,"{""error"":""HTTP Error 403: Forbidden""}"
2026-09-23T23:16:41+00:00,cex_triangle,ETH:USDT-BTC-ETH-USDT,ETH,USDT->BTC->ETH->USDT,Binance,-1.936355,-39.900562,NO,1079.07,"{""extra_buffer_bps"":8.0,""fee_bps_per_leg"":10.0,""top_of_book_only"":true}"
2026-09-23T23:16:41+00:00,cex_triangle,ETH:USDT-ETH-BTC-USDT,ETH,USDT->ETH->BTC->USDT,Binance,-1.246934,-39.213207,NO,128645.21,"{""extra_buffer_bps"":8.0,""fee_bps_per_leg"":10.0,""top_of_book_only"":true}"
2026-09-23T23:16:41+00:00,cex_triangle,SOL:USDT-BTC-SOL-USDT,SOL,USDT->BTC->SOL->USDT,Binance,-2.461233,-40.423867,NO,216.27,"{""extra_buffer_bps"":8.0,""fee_bps_per_leg"":10.0,""top_of_book_only"":true}"
2026-09-23T23:16:41+00:00,cex_triangle,SOL:USDT-SOL-BTC-USDT,SOL,USDT->SOL->BTC->USDT,Binance,0.856373,-37.116204,NO,1974.72,"{""extra_buffer_bps"":8.0,""fee_bps_per_leg"":10.0,""top_of_book_only"":true}"
2026-09-23T23:16:41+00:00,stable_dislocation,USDC:Binance,USDC,above peg,Binance,0.350000,0.350000,NO,2049485.48,"{""mid"":1.000035,""note"":""Peg deviation is a research signal; redemption, venue and issuer risks matter."",""signed_deviation_bps"":0.3500000000000725,""watch_threshold_bps"":10.0}"
2026-09-23T23:16:41+00:00,stable_dislocation_error,USDC:Bybit:error,USDC,n/a,Bybit,0.000000,-9999.000000,NO,,"{""error"":""HTTP Error 403: Forbidden""}"
2026-09-23T23:16:41+00:00,stable_dislocation,FDUSD:Binance,FDUSD,below peg,Binance,9.500000,9.500000,NO,81742.18,"{""mid"":0.99905,""note"":""Peg deviation is a research signal; redemption, venue and issuer risks matter."",""signed_deviation_bps"":-9.500000000000064,""watch_threshold_bps"":10.0}"
2026-09-23T23:16:41+00:00,stable_dislocation_error,FDUSD:Bybit:error,FDUSD,n/a,Bybit,0.000000,-9999.000000,NO,,"{""error"":""HTTP Error 403: Forbidden""}"
2026-09-23T23:37:28+00:00,cex_triangle,ETH:USDT-BTC-ETH-USDT,ETH,USDT->BTC->ETH->USDT,Binance,-5.300641,-43.254765,NO,135152.08,"{""extra_buffer_bps"":8.0,""fee_bps_per_leg"":10.0,""top_of_book_only"":true}"
2026-09-23T23:37:28+00:00,cex_triangle,ETH:USDT-ETH-BTC-USDT,ETH,USDT->ETH->BTC->USDT,Binance,2.115691,-35.860659,NO,5259.41,"{""extra_buffer_bps"":8.0,""fee_bps_per_leg"":10.0,""top_of_book_only"":true}"
2026-09-23T23:37:28+00:00,cex_triangle,SOL:USDT-BTC-SOL-USDT,SOL,USDT->BTC->SOL->USDT,Binance,-3.711806,-41.670692,NO,1774.74,"{""extra_buffer_bps"":8.0,""fee_bps_per_leg"":10.0,""top_of_book_only"":true}"
2026-09-23T23:37:28+00:00,cex_triangle,SOL:USDT-SOL-BTC-USDT,SOL,USDT->SOL->BTC->USDT,Binance,2.104661,-35.871657,NO,215.81,"{""extra_buffer_bps"":8.0,""fee_bps_per_leg"":10.0,""top_of_book_only"":true}"
2026-09-23T23:37:28+00:00,stable_dislocation,USDC:Binance,USDC,above peg,Binance,0.450000,0.450000,NO,2892451.69,"{""mid"":1.000045,""note"":""Peg deviation is a research signal; redemption, venue and issuer risks matter."",""signed_deviation_bps"":0.4500000000007276,""watch_threshold_bps"":10.0}"
2026-09-23T23:37:28+00:00,stable_dislocation_error,USDC:Bybit:error,USDC,n/a,Bybit,0.000000,-9999.000000,NO,,"{""error"":""HTTP Error 403: Forbidden""}"
2026-09-23T23:37:28+00:00,stable_dislocation,FDUSD:Binance,FDUSD,below peg,Binance,9.500000,9.500000,NO,74880.04,"{""mid"":0.99905,""note"":""Peg deviation is a research signal; redemption, venue and issuer risks matter."",""signed_deviation_bps"":-9.500000000000064,""watch_threshold_bps"":10.0}"
2026-09-23T23:37:28+00:00,stable_dislocation_error,FDUSD:Bybit:error,FDUSD,n/a,Bybit,0.000000,-9999.000000,NO,,"{""error"":""HTTP Error 403: Forbidden""}"
2026-09-24T00:42:51+00:00,cex_triangle,ETH:USDT-BTC-ETH-USDT,ETH,USDT->BTC->ETH->USDT,Binance,-4.928834,-42.884072,NO,21223.99,"{""extra_buffer_bps"":8.0,""fee_bps_per_leg"":10.0,""top_of_book_only"":true}"
2026-09-24T00:42:51+00:00,cex_triangle,ETH:USDT-ETH-BTC-USDT,ETH,USDT->ETH->BTC->USDT,Binance,1.751562,-36.223697,NO,28490.54,"{""extra_buffer_bps"":8.0,""fee_bps_per_leg"":10.0,""top_of_book_only"":true}"
2026-09-24T00:42:51+00:00,cex_triangle,SOL:USDT-BTC-SOL-USDT,SOL,USDT->BTC->SOL->USDT,Binance,-4.879337,-42.834723,NO,6112.23,"{""extra_buffer_bps"":8.0,""fee_bps_per_leg"":10.0,""top_of_book_only"":true}"
2026-09-24T00:42:51+00:00,cex_triangle,SOL:USDT-SOL-BTC-USDT,SOL,USDT->SOL->BTC->USDT,Binance,3.278382,-34.701453,NO,471.71,"{""extra_buffer_bps"":8.0,""fee_bps_per_leg"":10.0,""top_of_book_only"":true}"
2026-09-24T00:42:51+00:00,stable_dislocation,USDC:Binance,USDC,above peg,Binance,0.750000,0.750000,NO,1027384.91,"{""mid"":1.000075,""note"":""Peg deviation is a research signal; redemption, venue and issuer risks matter."",""signed_deviation_bps"":0.7500000000004725,""watch_threshold_bps"":10.0}"
2026-09-24T00:42:51+00:00,stable_dislocation_error,USDC:Bybit:error,USDC,n/a,Bybit,0.000000,-9999.000000,NO,,"{""error"":""HTTP Error 403: Forbidden""}"
2026-09-24T00:42:51+00:00,stable_dislocation,FDUSD:Binance,FDUSD,below peg,Binance,10.500000,10.500000,YES,375438.19,"{""mid"":0.99895,""note"":""Peg deviation is a research signal; redemption, venue and issuer risks matter."",""signed_deviation_bps"":-10.499999999999954,""watch_threshold_bps"":10.0}"
2026-09-24T00:42:51+00:00,stable_dislocation_error,FDUSD:Bybit:error,FDUSD,n/a,Bybit,0.000000,-9999.000000,NO,,"{""error"":""HTTP Error 403: Forbidden""}"
2026-09-24T01:06:36+00:00,cex_triangle,ETH:USDT-BTC-ETH-USDT,ETH,USDT->BTC->ETH->USDT,Binance,-1.121845,-39.088493,NO,110780.51,"{""extra_buffer_bps"":8.0,""fee_bps_per_leg"":10.0,""top_of_book_only"":true}"
2026-09-24T01:06:36+00:00,cex_triangle,ETH:USDT-ETH-BTC-USDT,ETH,USDT->ETH->BTC->USDT,Binance,-2.059538,-40.023375,NO,686.07,"{""extra_buffer_bps"":8.0,""fee_bps_per_leg"":10.0,""top_of_book_only"":true}"
2026-09-24T01:06:36+00:00,cex_triangle,SOL:USDT-BTC-SOL-USDT,SOL,USDT->BTC->SOL->USDT,Binance,0.641604,-37.330329,NO,1932.51,"{""extra_buffer_bps"":8.0,""fee_bps_per_leg"":10.0,""top_of_book_only"":true}"
2026-09-24T01:06:36+00:00,cex_triangle,SOL:USDT-SOL-BTC-USDT,SOL,USDT->SOL->BTC->USDT,Binance,-2.241652,-40.204944,NO,216.63,"{""extra_buffer_bps"":8.0,""fee_bps_per_leg"":10.0,""top_of_book_only"":true}"
2026-09-24T01:06:36+00:00,stable_dislocation,USDC:Binance,USDC,above peg,Binance,0.750000,0.750000,NO,3298589.87,"{""mid"":1.000075,""note"":""Peg deviation is a research signal; redemption, venue and issuer risks matter."",""signed_deviation_bps"":0.7500000000004725,""watch_threshold_bps"":10.0}"
2026-09-24T01:06:36+00:00,stable_dislocation_error,USDC:Bybit:error,USDC,n/a,Bybit,0.000000,-9999.000000,NO,,"{""error"":""HTTP Error 403: Forbidden""}"
2026-09-24T01:06:36+00:00,stable_dislocation,FDUSD:Binance,FDUSD,below peg,Binance,10.500000,10.500000,YES,338918.74,"{""mid"":0.99895,""note"":""Peg deviation is a research signal; redemption, venue and issuer risks matter."",""signed_deviation_bps"":-10.499999999999954,""watch_threshold_bps"":10.0}"
2026-09-24T01:06:36+00:00,stable_dislocation_error,FDUSD:Bybit:error,FDUSD,n/a,Bybit,0.000000,-9999.000000,NO,,"{""error"":""HTTP Error 403: Forbidden""}"
2026-09-24T01:38:51+00:00,cex_triangle,ETH:USDT-BTC-ETH-USDT,ETH,USDT->BTC->ETH->USDT,Binance,-1.229395,-39.195721,NO,3446.74,"{""extra_buffer_bps"":8.0,""fee_bps_per_leg"":10.0,""top_of_book_only"":true}"
2026-09-24T01:38:51+00:00,cex_triangle,ETH:USDT-ETH-BTC-USDT,ETH,USDT->ETH->BTC->USDT,Binance,-1.948981,-39.913150,NO,27828.35,"{""extra_buffer_bps"":8.0,""fee_bps_per_leg"":10.0,""top_of_book_only"":true}"
2026-09-24T01:38:51+00:00,cex_triangle,SOL:USDT-BTC-SOL-USDT,SOL,USDT->BTC->SOL->USDT,Binance,-3.699331,-41.658254,NO,1656.61,"{""extra_buffer_bps"":8.0,""fee_bps_per_leg"":10.0,""top_of_book_only"":true}"
2026-09-24T01:38:51+00:00,cex_triangle,SOL:USDT-SOL-BTC-USDT,SOL,USDT->SOL->BTC->USDT,Binance,2.097767,-35.878530,NO,2031.39,"{""extra_buffer_bps"":8.0,""fee_bps_per_leg"":10.0,""top_of_book_only"":true}"
2026-09-24T01:38:51+00:00,stable_dislocation,USDC:Binance,USDC,above peg,Binance,0.450000,0.450000,NO,665762.29,"{""mid"":1.000045,""note"":""Peg deviation is a research signal; redemption, venue and issuer risks matter."",""signed_deviation_bps"":0.4500000000007276,""watch_threshold_bps"":10.0}"
2026-09-24T01:38:51+00:00,stable_dislocation_error,USDC:Bybit:error,USDC,n/a,Bybit,0.000000,-9999.000000,NO,,"{""error"":""HTTP Error 403: Forbidden""}"
2026-09-24T01:38:51+00:00,stable_dislocation,FDUSD:Binance,FDUSD,below peg,Binance,10.500000,10.500000,YES,85058.86,"{""mid"":0.99895,""note"":""Peg deviation is a research signal; redemption, venue and issuer risks matter."",""signed_deviation_bps"":-10.499999999999954,""watch_threshold_bps"":10.0}"
2026-09-24T01:38:51+00:00,stable_dislocation_error,FDUSD:Bybit:error,FDUSD,n/a,Bybit,0.000000,-9999.000000,NO,,"{""error"":""HTTP Error 403: Forbidden""}"
2026-09-24T04:36:38+00:00,cex_triangle,ETH:USDT-BTC-ETH-USDT,ETH,USDT->BTC->ETH->USDT,Binance,-2.724739,-40.686583,NO,39925.26,"{""extra_buffer_bps"":8.0,""fee_bps_per_leg"":10.0,""top_of_book_only"":true}"
2026-09-24T04:36:38+00:00,cex_triangle,ETH:USDT-ETH-BTC-USDT,ETH,USDT->ETH->BTC->USDT,Binance,-0.447730,-38.416398,NO,53974.02,"{""extra_buffer_bps"":8.0,""fee_bps_per_leg"":10.0,""top_of_book_only"":true}"
2026-09-24T04:36:38+00:00,cex_triangle,SOL:USDT-BTC-SOL-USDT,SOL,USDT->BTC->SOL->USDT,Binance,-1.988868,-39.952918,NO,1992.71,"{""extra_buffer_bps"":8.0,""fee_bps_per_leg"":10.0,""top_of_book_only"":true}"
2026-09-24T04:36:38+00:00,cex_triangle,SOL:USDT-SOL-BTC-USDT,SOL,USDT->SOL->BTC->USDT,Binance,0.387765,-37.583407,NO,216.07,"{""extra_buffer_bps"":8.0,""fee_bps_per_leg"":10.0,""top_of_book_only"":true}"
2026-09-24T04:36:38+00:00,stable_dislocation,USDC:Binance,USDC,above peg,Binance,1.250000,1.250000,NO,628120.65,"{""mid"":1.000125,""note"":""Peg deviation is a research signal; redemption, venue and issuer risks matter."",""signed_deviation_bps"":1.2499999999993072,""watch_threshold_bps"":10.0}"
2026-09-24T04:36:38+00:00,stable_dislocation_error,USDC:Bybit:error,USDC,n/a,Bybit,0.000000,-9999.000000,NO,,"{""error"":""HTTP Error 403: Forbidden""}"
2026-09-24T04:36:38+00:00,stable_dislocation,FDUSD:Binance,FDUSD,below peg,Binance,9.500000,9.500000,NO,115819.07,"{""mid"":0.99905,""note"":""Peg deviation is a research signal; redemption, venue and issuer risks matter."",""signed_deviation_bps"":-9.500000000000064,""watch_threshold_bps"":10.0}"
2026-09-24T04:36:38+00:00,stable_dislocation_error,FDUSD:Bybit:error,FDUSD,n/a,Bybit,0.000000,-9999.000000,NO,,"{""error"":""HTTP Error 403: Forbidden""}"
2026-09-24T05:25:32+00:00,cex_triangle,ETH:USDT-BTC-ETH-USDT,ETH,USDT->BTC->ETH->USDT,Binance,-1.814692,-39.779263,NO,30186.54,"{""extra_buffer_bps"":8.0,""fee_bps_per_leg"":10.0,""top_of_book_only"":true}"
2026-09-24T05:25:32+00:00,cex_triangle,ETH:USDT-ETH-BTC-USDT,ETH,USDT->ETH->BTC->USDT,Binance,-1.349843,-39.315807,NO,42080.57,"{""extra_buffer_bps"":8.0,""fee_bps_per_leg"":10.0,""top_of_book_only"":true}"
2026-09-24T05:25:32+00:00,cex_triangle,SOL:USDT-BTC-SOL-USDT,SOL,USDT->BTC->SOL->USDT,Binance,-1.482589,-39.448156,NO,3069.87,"{""extra_buffer_bps"":8.0,""fee_bps_per_leg"":10.0,""top_of_book_only"":true}"
2026-09-24T05:25:32+00:00,cex_triangle,SOL:USDT-SOL-BTC-USDT,SOL,USDT->SOL->BTC->USDT,Binance,-0.113088,-38.082759,NO,1284.01,"{""extra_buffer_bps"":8.0,""fee_bps_per_leg"":10.0,""top_of_book_only"":true}"
2026-09-24T05:25:32+00:00,stable_dislocation,USDC:Binance,USDC,above peg,Binance,1.050000,1.050000,NO,1045158.51,"{""mid"":1.000105,""note"":""Peg deviation is a research signal; redemption, venue and issuer risks matter."",""signed_deviation_bps"":1.0500000000002174,""watch_threshold_bps"":10.0}"
2026-09-24T05:25:32+00:00,stable_dislocation_error,USDC:Bybit:error,USDC,n/a,Bybit,0.000000,-9999.000000,NO,,"{""error"":""HTTP Error 403: Forbidden""}"
2026-09-24T05:25:32+00:00,stable_dislocation,FDUSD:Binance,FDUSD,below peg,Binance,9.500000,9.500000,NO,5170.82,"{""mid"":0.99905,""note"":""Peg deviation is a research signal; redemption, venue and issuer risks matter."",""signed_deviation_bps"":-9.500000000000064,""watch_threshold_bps"":10.0}"
2026-09-24T05:25:32+00:00,stable_dislocation_error,FDUSD:Bybit:error,FDUSD,n/a,Bybit,0.000000,-9999.000000,NO,,"{""error"":""HTTP Error 403: Forbidden""}"
2026-09-24T06:11:00+00:00,cex_triangle,ETH:USDT-BTC-ETH-USDT,ETH,USDT->BTC->ETH->USDT,Binance,-3.114106,-41.074783,NO,38215.30,"{""extra_buffer_bps"":8.0,""fee_bps_per_leg"":10.0,""top_of_book_only"":true}"
2026-09-24T06:11:00+00:00,cex_triangle,ETH:USDT-ETH-BTC-USDT,ETH,USDT->ETH->BTC->USDT,Binance,-0.053203,-38.023053,NO,93454.05,"{""extra_buffer_bps"":8.0,""fee_bps_per_leg"":10.0,""top_of_book_only"":true}"
2026-09-24T06:11:00+00:00,cex_triangle,SOL:USDT-BTC-SOL-USDT,SOL,USDT->BTC->SOL->USDT,Binance,-3.205529,-41.165932,NO,2707.23,"{""extra_buffer_bps"":8.0,""fee_bps_per_leg"":10.0,""top_of_book_only"":true}"
2026-09-24T06:11:00+00:00,cex_triangle,SOL:USDT-SOL-BTC-USDT,SOL,USDT->SOL->BTC->USDT,Binance,1.606079,-36.368744,NO,216.46,"{""extra_buffer_bps"":8.0,""fee_bps_per_leg"":10.0,""top_of_book_only"":true}"
2026-09-24T06:11:00+00:00,stable_dislocation,USDC:Binance,USDC,above peg,Binance,0.650000,0.650000,NO,2209030.62,"{""mid"":1.000065,""note"":""Peg deviation is a research signal; redemption, venue and issuer risks matter."",""signed_deviation_bps"":0.6499999999998174,""watch_threshold_bps"":10.0}"
2026-09-24T06:11:00+00:00,stable_dislocation_error,USDC:Bybit:error,USDC,n/a,Bybit,0.000000,-9999.000000,NO,,"{""error"":""HTTP Error 403: Forbidden""}"
2026-09-24T06:11:00+00:00,stable_dislocation,FDUSD:Binance,FDUSD,below peg,Binance,10.500000,10.500000,YES,65756.18,"{""mid"":0.99895,""note"":""Peg deviation is a research signal; redemption, venue and issuer risks matter."",""signed_deviation_bps"":-10.499999999999954,""watch_threshold_bps"":10.0}"
2026-09-24T06:11:00+00:00,stable_dislocation_error,FDUSD:Bybit:error,FDUSD,n/a,Bybit,0.000000,-9999.000000,NO,,"{""error"":""HTTP Error 403: Forbidden""}"
2026-09-24T06:51:37+00:00,cex_triangle,ETH:USDT-BTC-ETH-USDT,ETH,USDT->BTC->ETH->USDT,Binance,-1.681730,-39.646700,NO,86838.35,"{""extra_buffer_bps"":8.0,""fee_bps_per_leg"":10.0,""top_of_book_only"":true}"
2026-09-24T06:51:37+00:00,cex_triangle,ETH:USDT-ETH-BTC-USDT,ETH,USDT->ETH->BTC->USDT,Binance,-1.487800,-39.453351,NO,41410.01,"{""extra_buffer_bps"":8.0,""fee_bps_per_leg"":10.0,""top_of_book_only"":true}"
2026-09-24T06:51:37+00:00,cex_triangle,SOL:USDT-BTC-SOL-USDT,SOL,USDT->BTC->SOL->USDT,Binance,-2.051474,-40.015336,NO,4952.31,"{""extra_buffer_bps"":8.0,""fee_bps_per_leg"":10.0,""top_of_book_only"":true}"
2026-09-24T06:51:37+00:00,cex_triangle,SOL:USDT-SOL-BTC-USDT,SOL,USDT->SOL->BTC->USDT,Binance,0.446554,-37.524794,NO,8.49,"{""extra_buffer_bps"":8.0,""fee_bps_per_leg"":10.0,""top_of_book_only"":true}"
2026-09-24T06:51:37+00:00,stable_dislocation,USDC:Binance,USDC,above peg,Binance,1.050000,1.050000,NO,1434164.74,"{""mid"":1.000105,""note"":""Peg deviation is a research signal; redemption, venue and issuer risks matter."",""signed_deviation_bps"":1.0500000000002174,""watch_threshold_bps"":10.0}"
2026-09-24T06:51:37+00:00,stable_dislocation_error,USDC:Bybit:error,USDC,n/a,Bybit,0.000000,-9999.000000,NO,,"{""error"":""HTTP Error 403: Forbidden""}"
2026-09-24T06:51:37+00:00,stable_dislocation,FDUSD:Binance,FDUSD,below peg,Binance,9.500000,9.500000,NO,96960.94,"{""mid"":0.99905,""note"":""Peg deviation is a research signal; redemption, venue and issuer risks matter."",""signed_deviation_bps"":-9.500000000000064,""watch_threshold_bps"":10.0}"
2026-09-24T06:51:37+00:00,stable_dislocation_error,FDUSD:Bybit:error,FDUSD,n/a,Bybit,0.000000,-9999.000000,NO,,"{""error"":""HTTP Error 403: Forbidden""}"
2026-09-24T09:55:23+00:00,cex_triangle,ETH:USDT-BTC-ETH-USDT,ETH,USDT->BTC->ETH->USDT,Binance,-0.267361,-38.236569,NO,8312.46,"{""extra_buffer_bps"":8.0,""fee_bps_per_leg"":10.0,""top_of_book_only"":true}"
2026-09-24T09:55:23+00:00,cex_triangle,ETH:USDT-ETH-BTC-USDT,ETH,USDT->ETH->BTC->USDT,Binance,-2.917325,-40.878591,NO,55466.14,"{""extra_buffer_bps"":8.0,""fee_bps_per_leg"":10.0,""top_of_book_only"":true}"
2026-09-24T09:55:23+00:00,cex_triangle,SOL:USDT-BTC-SOL-USDT,SOL,USDT->BTC->SOL->USDT,Binance,-2.283531,-40.246697,NO,2068.27,"{""extra_buffer_bps"":8.0,""fee_bps_per_leg"":10.0,""top_of_book_only"":true}"
2026-09-24T09:55:23+00:00,cex_triangle,SOL:USDT-SOL-BTC-USDT,SOL,USDT->SOL->BTC->USDT,Binance,0.666049,-37.305957,NO,213.12,"{""extra_buffer_bps"":8.0,""fee_bps_per_leg"":10.0,""top_of_book_only"":true}"
2026-09-24T09:55:23+00:00,stable_dislocation,USDC:Binance,USDC,above peg,Binance,1.650000,1.650000,NO,2474117.80,"{""mid"":1.000165,""note"":""Peg deviation is a research signal; redemption, venue and issuer risks matter."",""signed_deviation_bps"":1.6499999999997073,""watch_threshold_bps"":10.0}"
2026-09-24T09:55:23+00:00,stable_dislocation_error,USDC:Bybit:error,USDC,n/a,Bybit,0.000000,-9999.000000,NO,,"{""error"":""HTTP Error 403: Forbidden""}"
2026-09-24T09:55:23+00:00,stable_dislocation,FDUSD:Binance,FDUSD,below peg,Binance,8.500000,8.500000,NO,125825.26,"{""mid"":0.99915,""note"":""Peg deviation is a research signal; redemption, venue and issuer risks matter."",""signed_deviation_bps"":-8.500000000000174,""watch_threshold_bps"":10.0}"
2026-09-24T09:55:23+00:00,stable_dislocation_error,FDUSD:Bybit:error,FDUSD,n/a,Bybit,0.000000,-9999.000000,NO,,"{""error"":""HTTP Error 403: Forbidden""}"
2026-09-24T10:16:49+00:00,cex_triangle,ETH:USDT-BTC-ETH-USDT,ETH,USDT->BTC->ETH->USDT,Binance,3.616308,-34.364540,NO,17.96,"{""extra_buffer_bps"":8.0,""fee_bps_per_leg"":10.0,""top_of_book_only"":true}"
2026-09-24T10:16:49+00:00,cex_triangle,ETH:USDT-ETH-BTC-USDT,ETH,USDT->ETH->BTC->USDT,Binance,-6.808453,-44.758058,NO,76425.95,"{""extra_buffer_bps"":8.0,""fee_bps_per_leg"":10.0,""top_of_book_only"":true}"
2026-09-24T10:16:49+00:00,cex_triangle,SOL:USDT-BTC-SOL-USDT,SOL,USDT->BTC->SOL->USDT,Binance,4.056059,-33.926107,NO,1195.19,"{""extra_buffer_bps"":8.0,""fee_bps_per_leg"":10.0,""top_of_book_only"":true}"
2026-09-24T10:16:49+00:00,cex_triangle,SOL:USDT-SOL-BTC-USDT,SOL,USDT->SOL->BTC->USDT,Binance,-5.673581,-43.626587,NO,339.84,"{""extra_buffer_bps"":8.0,""fee_bps_per_leg"":10.0,""top_of_book_only"":true}"
2026-09-24T10:16:49+00:00,stable_dislocation,USDC:Binance,USDC,above peg,Binance,1.550000,1.550000,NO,1478432.51,"{""mid"":1.000155,""note"":""Peg deviation is a research signal; redemption, venue and issuer risks matter."",""signed_deviation_bps"":1.5499999999990521,""watch_threshold_bps"":10.0}"
2026-09-24T10:16:49+00:00,stable_dislocation_error,USDC:Bybit:error,USDC,n/a,Bybit,0.000000,-9999.000000,NO,,"{""error"":""HTTP Error 403: Forbidden""}"
2026-09-24T10:16:49+00:00,stable_dislocation,FDUSD:Binance,FDUSD,below peg,Binance,8.500000,8.500000,NO,68911.83,"{""mid"":0.99915,""note"":""Peg deviation is a research signal; redemption, venue and issuer risks matter."",""signed_deviation_bps"":-8.500000000000174,""watch_threshold_bps"":10.0}"
2026-09-24T10:16:49+00:00,stable_dislocation_error,FDUSD:Bybit:error,FDUSD,n/a,Bybit,0.000000,-9999.000000,NO,,"{""error"":""HTTP Error 403: Forbidden""}"
2026-09-24T11:50:23+00:00,cex_triangle,ETH:USDT-BTC-ETH-USDT,ETH,USDT->BTC->ETH->USDT,Binance,2.772338,-35.205981,NO,2157.77,"{""extra_buffer_bps"":8.0,""fee_bps_per_leg"":10.0,""top_of_book_only"":true}"
2026-09-24T11:50:23+00:00,cex_triangle,ETH:USDT-ETH-BTC-USDT,ETH,USDT->ETH->BTC->USDT,Binance,-5.963233,-43.915372,NO,984.04,"{""extra_buffer_bps"":8.0,""fee_bps_per_leg"":10.0,""top_of_book_only"":true}"
2026-09-24T11:50:23+00:00,cex_triangle,SOL:USDT-BTC-SOL-USDT,SOL,USDT->BTC->SOL->USDT,Binance,2.570041,-35.407672,NO,1201.12,"{""extra_buffer_bps"":8.0,""fee_bps_per_leg"":10.0,""top_of_book_only"":true}"
2026-09-24T11:50:23+00:00,cex_triangle,SOL:USDT-SOL-BTC-USDT,SOL,USDT->SOL->BTC->USDT,Binance,-4.189148,-42.146603,NO,1228.39,"{""extra_buffer_bps"":8.0,""fee_bps_per_leg"":10.0,""top_of_book_only"":true}"
2026-09-24T11:50:23+00:00,stable_dislocation,USDC:Binance,USDC,above peg,Binance,1.850000,1.850000,NO,2608.47,"{""mid"":1.000185,""note"":""Peg deviation is a research signal; redemption, venue and issuer risks matter."",""signed_deviation_bps"":1.8500000000010175,""watch_threshold_bps"":10.0}"
2026-09-24T11:50:23+00:00,stable_dislocation_error,USDC:Bybit:error,USDC,n/a,Bybit,0.000000,-9999.000000,NO,,"{""error"":""HTTP Error 403: Forbidden""}"
2026-09-24T11:50:23+00:00,stable_dislocation,FDUSD:Binance,FDUSD,below peg,Binance,8.500000,8.500000,NO,200360.58,"{""mid"":0.99915,""note"":""Peg deviation is a research signal; redemption, venue and issuer risks matter."",""signed_deviation_bps"":-8.500000000000174,""watch_threshold_bps"":10.0}"
2026-09-24T11:50:23+00:00,stable_dislocation_error,FDUSD:Bybit:error,FDUSD,n/a,Bybit,0.000000,-9999.000000,NO,,"{""error"":""HTTP Error 403: Forbidden""}"
2026-09-24T12:29:19+00:00,cex_triangle,ETH:USDT-BTC-ETH-USDT,ETH,USDT->BTC->ETH->USDT,Binance,-0.473156,-38.441748,NO,21203.96,"{""extra_buffer_bps"":8.0,""fee_bps_per_leg"":10.0,""top_of_book_only"":true}"
2026-09-24T12:29:19+00:00,cex_triangle,ETH:USDT-ETH-BTC-USDT,ETH,USDT->ETH->BTC->USDT,Binance,-2.720490,-40.682347,NO,40838.90,"{""extra_buffer_bps"":8.0,""fee_bps_per_leg"":10.0,""top_of_book_only"":true}"
2026-09-24T12:29:19+00:00,cex_triangle,SOL:USDT-BTC-SOL-USDT,SOL,USDT->BTC->SOL->USDT,Binance,-0.816836,-38.784398,NO,213.32,"{""extra_buffer_bps"":8.0,""fee_bps_per_leg"":10.0,""top_of_book_only"":true}"
2026-09-24T12:29:19+00:00,cex_triangle,SOL:USDT-SOL-BTC-USDT,SOL,USDT->SOL->BTC->USDT,Binance,-0.801974,-38.769581,NO,2238.57,"{""extra_buffer_bps"":8.0,""fee_bps_per_leg"":10.0,""top_of_book_only"":true}"
2026-09-24T12:29:19+00:00,stable_dislocation,USDC:Binance,USDC,above peg,Binance,2.450000,2.450000,NO,2887080.59,"{""mid"":1.000245,""note"":""Peg deviation is a research signal; redemption, venue and issuer risks matter."",""signed_deviation_bps"":2.4500000000005073,""watch_threshold_bps"":10.0}"
2026-09-24T12:29:19+00:00,stable_dislocation_error,USDC:Bybit:error,USDC,n/a,Bybit,0.000000,-9999.000000,NO,,"{""error"":""HTTP Error 403: Forbidden""}"
2026-09-24T12:29:19+00:00,stable_dislocation,FDUSD:Binance,FDUSD,below peg,Binance,8.500000,8.500000,NO,390237.56,"{""mid"":0.99915,""note"":""Peg deviation is a research signal; redemption, venue and issuer risks matter."",""signed_deviation_bps"":-8.500000000000174,""watch_threshold_bps"":10.0}"
2026-09-24T12:29:19+00:00,stable_dislocation_error,FDUSD:Bybit:error,FDUSD,n/a,Bybit,0.000000,-9999.000000,NO,,"{""error"":""HTTP Error 403: Forbidden""}"
2026-09-24T14:57:10+00:00,cex_triangle,ETH:USDT-BTC-ETH-USDT,ETH,USDT->BTC->ETH->USDT,Binance,1.653926,-36.321041,NO,29983.96,"{""extra_buffer_bps"":8.0,""fee_bps_per_leg"":10.0,""top_of_book_only"":true}"
2026-09-24T14:57:10+00:00,cex_triangle,ETH:USDT-ETH-BTC-USDT,ETH,USDT->ETH->BTC->USDT,Binance,-4.839570,-42.795076,NO,13463.99,"{""extra_buffer_bps"":8.0,""fee_bps_per_leg"":10.0,""top_of_book_only"":true}"
2026-09-24T14:57:10+00:00,cex_triangle,SOL:USDT-BTC-SOL-USDT,SOL,USDT->BTC->SOL->USDT,Binance,0.356636,-37.614443,NO,215.53,"{""extra_buffer_bps"":8.0,""fee_bps_per_leg"":10.0,""top_of_book_only"":true}"
2026-09-24T14:57:10+00:00,cex_triangle,SOL:USDT-SOL-BTC-USDT,SOL,USDT->SOL->BTC->USDT,Binance,-1.959184,-39.923322,NO,1215.63,"{""extra_buffer_bps"":8.0,""fee_bps_per_leg"":10.0,""top_of_book_only"":true}"
2026-09-24T14:57:10+00:00,stable_dislocation,USDC:Binance,USDC,above peg,Binance,2.750000,2.750000,NO,1438244.22,"{""mid"":1.000275,""note"":""Peg deviation is a research signal; redemption, venue and issuer risks matter."",""signed_deviation_bps"":2.7500000000002522,""watch_threshold_bps"":10.0}"
2026-09-24T14:57:10+00:00,stable_dislocation_error,USDC:Bybit:error,USDC,n/a,Bybit,0.000000,-9999.000000,NO,,"{""error"":""HTTP Error 403: Forbidden""}"
2026-09-24T14:57:10+00:00,stable_dislocation,FDUSD:Binance,FDUSD,below peg,Binance,9.500000,9.500000,NO,253397.35,"{""mid"":0.99905,""note"":""Peg deviation is a research signal; redemption, venue and issuer risks matter."",""signed_deviation_bps"":-9.500000000000064,""watch_threshold_bps"":10.0}"
2026-09-24T14:57:10+00:00,stable_dislocation_error,FDUSD:Bybit:error,FDUSD,n/a,Bybit,0.000000,-9999.000000,NO,,"{""error"":""HTTP Error 403: Forbidden""}"
2026-09-24T15:08:08+00:00,cex_triangle,ETH:USDT-BTC-ETH-USDT,ETH,USDT->BTC->ETH->USDT,Binance,-0.451031,-38.419689,NO,148252.68,"{""extra_buffer_bps"":8.0,""fee_bps_per_leg"":10.0,""top_of_book_only"":true}"
2026-09-24T15:08:08+00:00,cex_triangle,ETH:USDT-ETH-BTC-USDT,ETH,USDT->ETH->BTC->USDT,Binance,-2.737437,-40.699243,NO,1425.69,"{""extra_buffer_bps"":8.0,""fee_bps_per_leg"":10.0,""top_of_book_only"":true}"
2026-09-24T15:08:08+00:00,cex_triangle,SOL:USDT-BTC-SOL-USDT,SOL,USDT->BTC->SOL->USDT,Binance,1.736703,-36.238512,NO,1217.86,"{""extra_buffer_bps"":8.0,""fee_bps_per_leg"":10.0,""top_of_book_only"":true}"
2026-09-24T15:08:08+00:00,cex_triangle,SOL:USDT-SOL-BTC-USDT,SOL,USDT->SOL->BTC->USDT,Binance,-3.337790,-41.297796,NO,215.97,"{""extra_buffer_bps"":8.0,""fee_bps_per_leg"":10.0,""top_of_book_only"":true}"
2026-09-24T15:08:08+00:00,stable_dislocation,USDC:Binance,USDC,above peg,Binance,2.650000,2.650000,NO,1458203.03,"{""mid"":1.000265,""note"":""Peg deviation is a research signal; redemption, venue and issuer risks matter."",""signed_deviation_bps"":2.649999999999597,""watch_threshold_bps"":10.0}"
2026-09-24T15:08:08+00:00,stable_dislocation_error,USDC:Bybit:error,USDC,n/a,Bybit,0.000000,-9999.000000,NO,,"{""error"":""HTTP Error 403: Forbidden""}"
2026-09-24T15:08:08+00:00,stable_dislocation,FDUSD:Binance,FDUSD,below peg,Binance,9.500000,9.500000,NO,128624.25,"{""mid"":0.99905,""note"":""Peg deviation is a research signal; redemption, venue and issuer risks matter."",""signed_deviation_bps"":-9.500000000000064,""watch_threshold_bps"":10.0}"
2026-09-24T15:08:08+00:00,stable_dislocation_error,FDUSD:Bybit:error,FDUSD,n/a,Bybit,0.000000,-9999.000000,NO,,"{""error"":""HTTP Error 403: Forbidden""}"
2026-09-24T16:28:19+00:00,cex_triangle,ETH:USDT-BTC-ETH-USDT,ETH,USDT->BTC->ETH->USDT,Binance,0.660478,-37.311511,NO,131953.04,"{""extra_buffer_bps"":8.0,""fee_bps_per_leg"":10.0,""top_of_book_only"":true}"
2026-09-24T16:28:19+00:00,cex_triangle,ETH:USDT-ETH-BTC-USDT,ETH,USDT->ETH->BTC->USDT,Binance,-3.839202,-41.797706,NO,43.93,"{""extra_buffer_bps"":8.0,""fee_bps_per_leg"":10.0,""top_of_book_only"":true}"
2026-09-24T16:28:19+00:00,cex_triangle,SOL:USDT-BTC-SOL-USDT,SOL,USDT->BTC->SOL->USDT,Binance,3.838111,-34.143402,NO,824.30,"{""extra_buffer_bps"":8.0,""fee_bps_per_leg"":10.0,""top_of_book_only"":true}"
2026-09-24T16:28:19+00:00,cex_triangle,SOL:USDT-SOL-BTC-USDT,SOL,USDT->SOL->BTC->USDT,Binance,-5.413438,-43.367224,NO,571.69,"{""extra_buffer_bps"":8.0,""fee_bps_per_leg"":10.0,""top_of_book_only"":true}"
2026-09-24T16:28:19+00:00,stable_dislocation,USDC:Binance,USDC,above peg,Binance,2.350000,2.350000,NO,522340.33,"{""mid"":1.000235,""note"":""Peg deviation is a research signal; redemption, venue and issuer risks matter."",""signed_deviation_bps"":2.349999999999852,""watch_threshold_bps"":10.0}"
2026-09-24T16:28:19+00:00,stable_dislocation_error,USDC:Bybit:error,USDC,n/a,Bybit,0.000000,-9999.000000,NO,,"{""error"":""HTTP Error 403: Forbidden""}"
2026-09-24T16:28:19+00:00,stable_dislocation,FDUSD:Binance,FDUSD,below peg,Binance,10.500000,10.500000,YES,3423.57,"{""mid"":0.99895,""note"":""Peg deviation is a research signal; redemption, venue and issuer risks matter."",""signed_deviation_bps"":-10.499999999999954,""watch_threshold_bps"":10.0}"
2026-09-24T16:28:19+00:00,stable_dislocation_error,FDUSD:Bybit:error,FDUSD,n/a,Bybit,0.000000,-9999.000000,NO,,"{""error"":""HTTP Error 403: Forbidden""}"
2026-09-24T17:41:23+00:00,cex_triangle,ETH:USDT-BTC-ETH-USDT,ETH,USDT->BTC->ETH->USDT,Binance,0.526643,-37.444945,NO,13120.54,"{""extra_buffer_bps"":8.0,""fee_bps_per_leg"":10.0,""top_of_book_only"":true}"
2026-09-24T17:41:23+00:00,cex_triangle,ETH:USDT-ETH-BTC-USDT,ETH,USDT->ETH->BTC->USDT,Binance,-3.712621,-41.671504,NO,49342.90,"{""extra_buffer_bps"":8.0,""fee_bps_per_leg"":10.0,""top_of_book_only"":true}"
2026-09-24T17:41:23+00:00,cex_triangle,SOL:USDT-BTC-SOL-USDT,SOL,USDT->BTC->SOL->USDT,Binance,1.387797,-36.586372,NO,695.22,"{""extra_buffer_bps"":8.0,""fee_bps_per_leg"":10.0,""top_of_book_only"":true}"
2026-09-24T17:41:23+00:00,cex_triangle,SOL:USDT-SOL-BTC-USDT,SOL,USDT->SOL->BTC->USDT,Binance,-2.964633,-40.925758,NO,219.73,"{""extra_buffer_bps"":8.0,""fee_bps_per_leg"":10.0,""top_of_book_only"":true}"
2026-09-24T17:41:23+00:00,stable_dislocation,USDC:Binance,USDC,above peg,Binance,2.250000,2.250000,NO,2000636.04,"{""mid"":1.000225,""note"":""Peg deviation is a research signal; redemption, venue and issuer risks matter."",""signed_deviation_bps"":2.249999999999197,""watch_threshold_bps"":10.0}"
2026-09-24T17:41:23+00:00,stable_dislocation_error,USDC:Bybit:error,USDC,n/a,Bybit,0.000000,-9999.000000,NO,,"{""error"":""HTTP Error 403: Forbidden""}"
2026-09-24T17:41:23+00:00,stable_dislocation,FDUSD:Binance,FDUSD,below peg,Binance,10.500000,10.500000,YES,49362.59,"{""mid"":0.99895,""note"":""Peg deviation is a research signal; redemption, venue and issuer risks matter."",""signed_deviation_bps"":-10.499999999999954,""watch_threshold_bps"":10.0}"
2026-09-24T17:41:23+00:00,stable_dislocation_error,FDUSD:Bybit:error,FDUSD,n/a,Bybit,0.000000,-9999.000000,NO,,"{""error"":""HTTP Error 403: Forbidden""}"
2026-09-24T19:11:18+00:00,cex_triangle,ETH:USDT-BTC-ETH-USDT,ETH,USDT->BTC->ETH->USDT,Binance,-4.447978,-42.404657,NO,22568.25,"{""extra_buffer_bps"":8.0,""fee_bps_per_leg"":10.0,""top_of_book_only"":true}"
2026-09-24T19:11:18+00:00,cex_triangle,ETH:USDT-ETH-BTC-USDT,ETH,USDT->ETH->BTC->USDT,Binance,1.267484,-36.706325,NO,50242.86,"{""extra_buffer_bps"":8.0,""fee_bps_per_leg"":10.0,""top_of_book_only"":true}"
2026-09-24T19:11:18+00:00,cex_triangle,SOL:USDT-BTC-SOL-USDT,SOL,USDT->BTC->SOL->USDT,Binance,-2.604271,-40.566476,NO,220.64,"{""extra_buffer_bps"":8.0,""fee_bps_per_leg"":10.0,""top_of_book_only"":true}"
2026-09-24T19:11:18+00:00,cex_triangle,SOL:USDT-SOL-BTC-USDT,SOL,USDT->SOL->BTC->USDT,Binance,1.031200,-36.941901,NO,1627.98,"{""extra_buffer_bps"":8.0,""fee_bps_per_leg"":10.0,""top_of_book_only"":true}"
2026-09-24T19:11:18+00:00,stable_dislocation,USDC:Binance,USDC,above peg,Binance,2.650000,2.650000,NO,768122.34,"{""mid"":1.000265,""note"":""Peg deviation is a research signal; redemption, venue and issuer risks matter."",""signed_deviation_bps"":2.649999999999597,""watch_threshold_bps"":10.0}"
2026-09-24T19:11:18+00:00,stable_dislocation_error,USDC:Bybit:error,USDC,n/a,Bybit,0.000000,-9999.000000,NO,,"{""error"":""HTTP Error 403: Forbidden""}"
2026-09-24T19:11:18+00:00,stable_dislocation,FDUSD:Binance,FDUSD,below peg,Binance,10.500000,10.500000,YES,98964.94,"{""mid"":0.99895,""note"":""Peg deviation is a research signal; redemption, venue and issuer risks matter."",""signed_deviation_bps"":-10.499999999999954,""watch_threshold_bps"":10.0}"
2026-09-24T19:11:18+00:00,stable_dislocation_error,FDUSD:Bybit:error,FDUSD,n/a,Bybit,0.000000,-9999.000000,NO,,"{""error"":""HTTP Error 403: Forbidden""}"
2026-09-24T20:05:44+00:00,cex_triangle,ETH:USDT-BTC-ETH-USDT,ETH,USDT->BTC->ETH->USDT,Binance,-4.353939,-42.310901,NO,112885.05,"{""extra_buffer_bps"":8.0,""fee_bps_per_leg"":10.0,""top_of_book_only"":true}"
2026-09-24T20:05:44+00:00,cex_triangle,ETH:USDT-ETH-BTC-USDT,ETH,USDT->ETH->BTC->USDT,Binance,1.184292,-36.789268,NO,29821.83,"{""extra_buffer_bps"":8.0,""fee_bps_per_leg"":10.0,""top_of_book_only"":true}"
2026-09-24T20:05:44+00:00,cex_triangle,SOL:USDT-BTC-SOL-USDT,SOL,USDT->BTC->SOL->USDT,Binance,-4.003099,-41.961112,NO,2283.89,"{""extra_buffer_bps"":8.0,""fee_bps_per_leg"":10.0,""top_of_book_only"":true}"
2026-09-24T20:05:44+00:00,cex_triangle,SOL:USDT-SOL-BTC-USDT,SOL,USDT->SOL->BTC->USDT,Binance,2.429700,-35.547591,NO,220.26,"{""extra_buffer_bps"":8.0,""fee_bps_per_leg"":10.0,""top_of_book_only"":true}"
2026-09-24T20:05:44+00:00,stable_dislocation,USDC:Binance,USDC,above peg,Binance,2.450000,2.450000,NO,2199842.82,"{""mid"":1.000245,""note"":""Peg deviation is a research signal; redemption, venue and issuer risks matter."",""signed_deviation_bps"":2.4500000000005073,""watch_threshold_bps"":10.0}"
2026-09-24T20:05:44+00:00,stable_dislocation_error,USDC:Bybit:error,USDC,n/a,Bybit,0.000000,-9999.000000,NO,,"{""error"":""HTTP Error 403: Forbidden""}"
2026-09-24T20:05:44+00:00,stable_dislocation,FDUSD:Binance,FDUSD,below peg,Binance,10.500000,10.500000,YES,116518.37,"{""mid"":0.99895,""note"":""Peg deviation is a research signal; redemption, venue and issuer risks matter."",""signed_deviation_bps"":-10.499999999999954,""watch_threshold_bps"":10.0}"
2026-09-24T20:05:44+00:00,stable_dislocation_error,FDUSD:Bybit:error,FDUSD,n/a,Bybit,0.000000,-9999.000000,NO,,"{""error"":""HTTP Error 403: Forbidden""}"
2026-09-24T20:53:54+00:00,cex_triangle,ETH:USDT-BTC-ETH-USDT,ETH,USDT->BTC->ETH->USDT,Binance,-4.490696,-42.447247,NO,97565.87,"{""extra_buffer_bps"":8.0,""fee_bps_per_leg"":10.0,""top_of_book_only"":true}"
2026-09-24T20:53:54+00:00,cex_triangle,ETH:USDT-ETH-BTC-USDT,ETH,USDT->ETH->BTC->USDT,Binance,1.314184,-36.659764,NO,6520.45,"{""extra_buffer_bps"":8.0,""fee_bps_per_leg"":10.0,""top_of_book_only"":true}"
2026-09-24T20:53:54+00:00,cex_triangle,SOL:USDT-BTC-SOL-USDT,SOL,USDT->BTC->SOL->USDT,Binance,-4.907802,-42.863104,NO,2887.29,"{""extra_buffer_bps"":8.0,""fee_bps_per_leg"":10.0,""top_of_book_only"":true}"
2026-09-24T20:53:54+00:00,cex_triangle,SOL:USDT-SOL-BTC-USDT,SOL,USDT->SOL->BTC->USDT,Binance,3.330767,-34.649226,NO,1355.11,"{""extra_buffer_bps"":8.0,""fee_bps_per_leg"":10.0,""top_of_book_only"":true}"
2026-09-24T20:53:54+00:00,stable_dislocation,USDC:Binance,USDC,above peg,Binance,1.750000,1.750000,NO,1945082.05,"{""mid"":1.000175,""note"":""Peg deviation is a research signal; redemption, venue and issuer risks matter."",""signed_deviation_bps"":1.7500000000003624,""watch_threshold_bps"":10.0}"
2026-09-24T20:53:54+00:00,stable_dislocation_error,USDC:Bybit:error,USDC,n/a,Bybit,0.000000,-9999.000000,NO,,"{""error"":""HTTP Error 403: Forbidden""}"
2026-09-24T20:53:54+00:00,stable_dislocation,FDUSD:Binance,FDUSD,below peg,Binance,10.500000,10.500000,YES,209948.80,"{""mid"":0.99895,""note"":""Peg deviation is a research signal; redemption, venue and issuer risks matter."",""signed_deviation_bps"":-10.499999999999954,""watch_threshold_bps"":10.0}"
2026-09-24T20:53:54+00:00,stable_dislocation_error,FDUSD:Bybit:error,FDUSD,n/a,Bybit,0.000000,-9999.000000,NO,,"{""error"":""HTTP Error 403: Forbidden""}"
2026-09-24T22:23:31+00:00,cex_triangle,ETH:USDT-BTC-ETH-USDT,ETH,USDT->BTC->ETH->USDT,Binance,-3.010273,-40.971261,NO,86943.54,"{""extra_buffer_bps"":8.0,""fee_bps_per_leg"":10.0,""top_of_book_only"":true}"
2026-09-24T22:23:31+00:00,cex_triangle,ETH:USDT-ETH-BTC-USDT,ETH,USDT->ETH->BTC->USDT,Binance,-0.167026,-38.136536,NO,65864.16,"{""extra_buffer_bps"":8.0,""fee_bps_per_leg"":10.0,""top_of_book_only"":true}"
2026-09-24T22:23:31+00:00,cex_triangle,SOL:USDT-BTC-SOL-USDT,SOL,USDT->BTC->SOL->USDT,Binance,-2.411029,-40.373813,NO,348.83,"{""extra_buffer_bps"":8.0,""fee_bps_per_leg"":10.0,""top_of_book_only"":true}"
2026-09-24T22:23:31+00:00,cex_triangle,SOL:USDT-SOL-BTC-USDT,SOL,USDT->SOL->BTC->USDT,Binance,0.826843,-37.145645,NO,2025.42,"{""extra_buffer_bps"":8.0,""fee_bps_per_leg"":10.0,""top_of_book_only"":true}"
2026-09-24T22:23:31+00:00,stable_dislocation,USDC:Binance,USDC,above peg,Binance,1.650000,1.650000,NO,3205351.82,"{""mid"":1.000165,""note"":""Peg deviation is a research signal; redemption, venue and issuer risks matter."",""signed_deviation_bps"":1.6499999999997073,""watch_threshold_bps"":10.0}"
2026-09-24T22:23:31+00:00,stable_dislocation_error,USDC:Bybit:error,USDC,n/a,Bybit,0.000000,-9999.000000,NO,,"{""error"":""HTTP Error 403: Forbidden""}"
2026-09-24T22:23:31+00:00,stable_dislocation,FDUSD:Binance,FDUSD,below peg,Binance,10.500000,10.500000,YES,58688.25,"{""mid"":0.99895,""note"":""Peg deviation is a research signal; redemption, venue and issuer risks matter."",""signed_deviation_bps"":-10.499999999999954,""watch_threshold_bps"":10.0}"
2026-09-24T22:23:31+00:00,stable_dislocation_error,FDUSD:Bybit:error,FDUSD,n/a,Bybit,0.000000,-9999.000000,NO,,"{""error"":""HTTP Error 403: Forbidden""}"
2026-09-24T23:12:54+00:00,cex_triangle,ETH:USDT-BTC-ETH-USDT,ETH,USDT->BTC->ETH->USDT,Binance,-1.038663,-39.005560,NO,21897.24,"{""extra_buffer_bps"":8.0,""fee_bps_per_leg"":10.0,""top_of_book_only"":true}"
2026-09-24T23:12:54+00:00,cex_triangle,ETH:USDT-ETH-BTC-USDT,ETH,USDT->ETH->BTC->USDT,Binance,-2.137718,-40.101322,NO,42408.03,"{""extra_buffer_bps"":8.0,""fee_bps_per_leg"":10.0,""top_of_book_only"":true}"
2026-09-24T23:12:54+00:00,cex_triangle,SOL:USDT-BTC-SOL-USDT,SOL,USDT->BTC->SOL->USDT,Binance,0.964587,-37.008314,NO,2141.57,"{""extra_buffer_bps"":8.0,""fee_bps_per_leg"":10.0,""top_of_book_only"":true}"
2026-09-24T23:12:54+00:00,cex_triangle,SOL:USDT-SOL-BTC-USDT,SOL,USDT->SOL->BTC->USDT,Binance,-2.545704,-40.508085,NO,564.63,"{""extra_buffer_bps"":8.0,""fee_bps_per_leg"":10.0,""top_of_book_only"":true}"
2026-09-24T23:12:54+00:00,stable_dislocation,USDC:Binance,USDC,above peg,Binance,2.250000,2.250000,NO,2976191.62,"{""mid"":1.000225,""note"":""Peg deviation is a research signal; redemption, venue and issuer risks matter."",""signed_deviation_bps"":2.249999999999197,""watch_threshold_bps"":10.0}"
2026-09-24T23:12:54+00:00,stable_dislocation_error,USDC:Bybit:error,USDC,n/a,Bybit,0.000000,-9999.000000,NO,,"{""error"":""HTTP Error 403: Forbidden""}"
2026-09-24T23:12:54+00:00,stable_dislocation,FDUSD:Binance,FDUSD,below peg,Binance,10.500000,10.500000,YES,174651.67,"{""mid"":0.99895,""note"":""Peg deviation is a research signal; redemption, venue and issuer risks matter."",""signed_deviation_bps"":-10.499999999999954,""watch_threshold_bps"":10.0}"
2026-09-24T23:12:54+00:00,stable_dislocation_error,FDUSD:Bybit:error,FDUSD,n/a,Bybit,0.000000,-9999.000000,NO,,"{""error"":""HTTP Error 403: Forbidden""}"
2026-09-24T23:43:33+00:00,cex_triangle,ETH:USDT-BTC-ETH-USDT,ETH,USDT->BTC->ETH->USDT,Binance,-2.152928,-40.116485,NO,7568.48,"{""extra_buffer_bps"":8.0,""fee_bps_per_leg"":10.0,""top_of_book_only"":true}"
2026-09-24T23:43:33+00:00,cex_triangle,ETH:USDT-ETH-BTC-USDT,ETH,USDT->ETH->BTC->USDT,Binance,-1.022379,-38.989325,NO,10456.68,"{""extra_buffer_bps"":8.0,""fee_bps_per_leg"":10.0,""top_of_book_only"":true}"
2026-09-24T23:43:33+00:00,cex_triangle,SOL:USDT-BTC-SOL-USDT,SOL,USDT->BTC->SOL->USDT,Binance,-3.308832,-41.268926,NO,163.07,"{""extra_buffer_bps"":8.0,""fee_bps_per_leg"":10.0,""top_of_book_only"":true}"
2026-09-24T23:43:33+00:00,cex_triangle,SOL:USDT-SOL-BTC-USDT,SOL,USDT->SOL->BTC->USDT,Binance,1.733582,-36.241624,NO,2502.29,"{""extra_buffer_bps"":8.0,""fee_bps_per_leg"":10.0,""top_of_book_only"":true}"
2026-09-24T23:43:33+00:00,stable_dislocation,USDC:Binance,USDC,above peg,Binance,2.450000,2.450000,NO,1764845.10,"{""mid"":1.000245,""note"":""Peg deviation is a research signal; redemption, venue and issuer risks matter."",""signed_deviation_bps"":2.4500000000005073,""watch_threshold_bps"":10.0}"
2026-09-24T23:43:33+00:00,stable_dislocation_error,USDC:Bybit:error,USDC,n/a,Bybit,0.000000,-9999.000000,NO,,"{""error"":""HTTP Error 403: Forbidden""}"
2026-09-24T23:43:33+00:00,stable_dislocation,FDUSD:Binance,FDUSD,below peg,Binance,10.500000,10.500000,YES,194343.99,"{""mid"":0.99895,""note"":""Peg deviation is a research signal; redemption, venue and issuer risks matter."",""signed_deviation_bps"":-10.499999999999954,""watch_threshold_bps"":10.0}"
2026-09-24T23:43:33+00:00,stable_dislocation_error,FDUSD:Bybit:error,FDUSD,n/a,Bybit,0.000000,-9999.000000,NO,,"{""error"":""HTTP Error 403: Forbidden""}"
2026-09-25T00:45:41+00:00,cex_triangle,ETH:USDT-BTC-ETH-USDT,ETH,USDT->BTC->ETH->USDT,Binance,-3.605672,-41.564876,NO,58906.55,"{""extra_buffer_bps"":8.0,""fee_bps_per_leg"":10.0,""top_of_book_only"":true}"
2026-09-25T00:45:41+00:00,cex_triangle,ETH:USDT-ETH-BTC-USDT,ETH,USDT->ETH->BTC->USDT,Binance,0.422817,-37.548460,NO,53013.29,"{""extra_buffer_bps"":8.0,""fee_bps_per_leg"":10.0,""top_of_book_only"":true}"
2026-09-25T00:45:41+00:00,cex_triangle,SOL:USDT-BTC-SOL-USDT,SOL,USDT->BTC->SOL->USDT,Binance,-3.042527,-41.003419,NO,515.25,"{""extra_buffer_bps"":8.0,""fee_bps_per_leg"":10.0,""top_of_book_only"":true}"
2026-09-25T00:45:41+00:00,cex_triangle,SOL:USDT-SOL-BTC-USDT,SOL,USDT->SOL->BTC->USDT,Binance,1.468130,-36.506280,NO,1990.83,"{""extra_buffer_bps"":8.0,""fee_bps_per_leg"":10.0,""top_of_book_only"":true}"
2026-09-25T00:45:41+00:00,stable_dislocation,USDC:Binance,USDC,above peg,Binance,2.250000,2.250000,NO,2344536.12,"{""mid"":1.000225,""note"":""Peg deviation is a research signal; redemption, venue and issuer risks matter."",""signed_deviation_bps"":2.249999999999197,""watch_threshold_bps"":10.0}"
2026-09-25T00:45:41+00:00,stable_dislocation_error,USDC:Bybit:error,USDC,n/a,Bybit,0.000000,-9999.000000,NO,,"{""error"":""HTTP Error 403: Forbidden""}"
2026-09-25T00:45:41+00:00,stable_dislocation,FDUSD:Binance,FDUSD,below peg,Binance,9.500000,9.500000,NO,105226.67,"{""mid"":0.99905,""note"":""Peg deviation is a research signal; redemption, venue and issuer risks matter."",""signed_deviation_bps"":-9.500000000000064,""watch_threshold_bps"":10.0}"
2026-09-25T00:45:41+00:00,stable_dislocation_error,FDUSD:Bybit:error,FDUSD,n/a,Bybit,0.000000,-9999.000000,NO,,"{""error"":""HTTP Error 403: Forbidden""}"
2026-09-25T01:25:26+00:00,cex_triangle,ETH:USDT-BTC-ETH-USDT,ETH,USDT->BTC->ETH->USDT,Binance,-1.384750,-39.350610,NO,100551.76,"{""extra_buffer_bps"":8.0,""fee_bps_per_leg"":10.0,""top_of_book_only"":true}"
2026-09-25T01:25:26+00:00,cex_triangle,ETH:USDT-ETH-BTC-USDT,ETH,USDT->ETH->BTC->USDT,Binance,-1.796539,-39.761164,NO,30016.60,"{""extra_buffer_bps"":8.0,""fee_bps_per_leg"":10.0,""top_of_book_only"":true}"
2026-09-25T01:25:26+00:00,cex_triangle,SOL:USDT-BTC-SOL-USDT,SOL,USDT->BTC->SOL->USDT,Binance,0.451941,-37.519423,NO,2155.45,"{""extra_buffer_bps"":8.0,""fee_bps_per_leg"":10.0,""top_of_book_only"":true}"
2026-09-25T01:25:26+00:00,cex_triangle,SOL:USDT-SOL-BTC-USDT,SOL,USDT->SOL->BTC->USDT,Binance,-2.025128,-39.989068,NO,163.37,"{""extra_buffer_bps"":8.0,""fee_bps_per_leg"":10.0,""top_of_book_only"":true}"
2026-09-25T01:25:26+00:00,stable_dislocation,USDC:Binance,USDC,above peg,Binance,1.750000,1.750000,NO,2778524.04,"{""mid"":1.000175,""note"":""Peg deviation is a research signal; redemption, venue and issuer risks matter."",""signed_deviation_bps"":1.7500000000003624,""watch_threshold_bps"":10.0}"
2026-09-25T01:25:26+00:00,stable_dislocation_error,USDC:Bybit:error,USDC,n/a,Bybit,0.000000,-9999.000000,NO,,"{""error"":""HTTP Error 403: Forbidden""}"
2026-09-25T01:25:26+00:00,stable_dislocation,FDUSD:Binance,FDUSD,below peg,Binance,9.500000,9.500000,NO,134393.94,"{""mid"":0.99905,""note"":""Peg deviation is a research signal; redemption, venue and issuer risks matter."",""signed_deviation_bps"":-9.500000000000064,""watch_threshold_bps"":10.0}"
2026-09-25T01:25:26+00:00,stable_dislocation_error,FDUSD:Bybit:error,FDUSD,n/a,Bybit,0.000000,-9999.000000,NO,,"{""error"":""HTTP Error 403: Forbidden""}"
2026-09-25T01:35:51+00:00,cex_triangle,ETH:USDT-BTC-ETH-USDT,ETH,USDT->BTC->ETH->USDT,Binance,-0.451439,-38.420096,NO,36803.54,"{""extra_buffer_bps"":8.0,""fee_bps_per_leg"":10.0,""top_of_book_only"":true}"
2026-09-25T01:35:51+00:00,cex_triangle,ETH:USDT-ETH-BTC-USDT,ETH,USDT->ETH->BTC->USDT,Binance,-2.730774,-40.692600,NO,43244.72,"{""extra_buffer_bps"":8.0,""fee_bps_per_leg"":10.0,""top_of_book_only"":true}"
2026-09-25T01:35:51+00:00,cex_triangle,SOL:USDT-BTC-SOL-USDT,SOL,USDT->BTC->SOL->USDT,Binance,-0.196856,-38.166276,NO,2656.37,"{""extra_buffer_bps"":8.0,""fee_bps_per_leg"":10.0,""top_of_book_only"":true}"
2026-09-25T01:35:51+00:00,cex_triangle,SOL:USDT-SOL-BTC-USDT,SOL,USDT->SOL->BTC->USDT,Binance,-1.377261,-39.343143,NO,351.66,"{""extra_buffer_bps"":8.0,""fee_bps_per_leg"":10.0,""top_of_book_only"":true}"
2026-09-25T01:35:51+00:00,stable_dislocation,USDC:Binance,USDC,above peg,Binance,1.750000,1.750000,NO,4542106.03,"{""mid"":1.000175,""note"":""Peg deviation is a research signal; redemption, venue and issuer risks matter."",""signed_deviation_bps"":1.7500000000003624,""watch_threshold_bps"":10.0}"
2026-09-25T01:35:51+00:00,stable_dislocation_error,USDC:Bybit:error,USDC,n/a,Bybit,0.000000,-9999.000000,NO,,"{""error"":""HTTP Error 403: Forbidden""}"
2026-09-25T01:35:51+00:00,stable_dislocation,FDUSD:Binance,FDUSD,below peg,Binance,9.500000,9.500000,NO,119576.28,"{""mid"":0.99905,""note"":""Peg deviation is a research signal; redemption, venue and issuer risks matter."",""signed_deviation_bps"":-9.500000000000064,""watch_threshold_bps"":10.0}"
2026-09-25T01:35:51+00:00,stable_dislocation_error,FDUSD:Bybit:error,FDUSD,n/a,Bybit,0.000000,-9999.000000,NO,,"{""error"":""HTTP Error 403: Forbidden""}"
2026-09-25T02:02:50+00:00,cex_triangle,ETH:USDT-BTC-ETH-USDT,ETH,USDT->BTC->ETH->USDT,Binance,-3.598447,-41.557673,NO,41934.67,"{""extra_buffer_bps"":8.0,""fee_bps_per_leg"":10.0,""top_of_book_only"":true}"
2026-09-25T02:02:50+00:00,cex_triangle,ETH:USDT-ETH-BTC-USDT,ETH,USDT->ETH->BTC->USDT,Binance,0.416649,-37.554609,NO,124160.11,"{""extra_buffer_bps"":8.0,""fee_bps_per_leg"":10.0,""top_of_book_only"":true}"
2026-09-25T02:02:50+00:00,cex_triangle,SOL:USDT-BTC-SOL-USDT,SOL,USDT->BTC->SOL->USDT,Binance,-2.144053,-40.107637,NO,1952.15,"{""extra_buffer_bps"":8.0,""fee_bps_per_leg"":10.0,""top_of_book_only"":true}"
2026-09-25T02:02:50+00:00,cex_triangle,SOL:USDT-SOL-BTC-USDT,SOL,USDT->SOL->BTC->USDT,Binance,0.575490,-37.396245,NO,1490.43,"{""extra_buffer_bps"":8.0,""fee_bps_per_leg"":10.0,""top_of_book_only"":true}"
2026-09-25T02:02:50+00:00,stable_dislocation,USDC:Binance,USDC,above peg,Binance,1.750000,1.750000,NO,3750832.03,"{""mid"":1.000175,""note"":""Peg deviation is a research signal; redemption, venue and issuer risks matter."",""signed_deviation_bps"":1.7500000000003624,""watch_threshold_bps"":10.0}"
2026-09-25T02:02:50+00:00,stable_dislocation_error,USDC:Bybit:error,USDC,n/a,Bybit,0.000000,-9999.000000,NO,,"{""error"":""HTTP Error 403: Forbidden""}"
2026-09-25T02:02:50+00:00,stable_dislocation,FDUSD:Binance,FDUSD,below peg,Binance,9.500000,9.500000,NO,273470.65,"{""mid"":0.99905,""note"":""Peg deviation is a research signal; redemption, venue and issuer risks matter."",""signed_deviation_bps"":-9.500000000000064,""watch_threshold_bps"":10.0}"
2026-09-25T02:02:50+00:00,stable_dislocation_error,FDUSD:Bybit:error,FDUSD,n/a,Bybit,0.000000,-9999.000000,NO,,"{""error"":""HTTP Error 403: Forbidden""}"
2026-09-25T05:28:29+00:00,cex_triangle,ETH:USDT-BTC-ETH-USDT,ETH,USDT->BTC->ETH->USDT,Binance,-0.394645,-38.363473,NO,24785.38,"{""extra_buffer_bps"":8.0,""fee_bps_per_leg"":10.0,""top_of_book_only"":true}"
2026-09-25T05:28:29+00:00,cex_triangle,ETH:USDT-ETH-BTC-USDT,ETH,USDT->ETH->BTC->USDT,Binance,-2.785646,-40.747308,NO,54128.75,"{""extra_buffer_bps"":8.0,""fee_bps_per_leg"":10.0,""top_of_book_only"":true}"
2026-09-25T05:28:29+00:00,cex_triangle,SOL:USDT-BTC-SOL-USDT,SOL,USDT->BTC->SOL->USDT,Binance,-0.493695,-38.462226,NO,339.18,"{""extra_buffer_bps"":8.0,""fee_bps_per_leg"":10.0,""top_of_book_only"":true}"
2026-09-25T05:28:29+00:00,cex_triangle,SOL:USDT-SOL-BTC-USDT,SOL,USDT->SOL->BTC->USDT,Binance,-1.088857,-39.055604,NO,2621.62,"{""extra_buffer_bps"":8.0,""fee_bps_per_leg"":10.0,""top_of_book_only"":true}"
2026-09-25T05:28:29+00:00,stable_dislocation,USDC:Binance,USDC,above peg,Binance,1.350000,1.350000,NO,5158353.50,"{""mid"":1.000135,""note"":""Peg deviation is a research signal; redemption, venue and issuer risks matter."",""signed_deviation_bps"":1.3499999999999623,""watch_threshold_bps"":10.0}"
2026-09-25T05:28:29+00:00,stable_dislocation_error,USDC:Bybit:error,USDC,n/a,Bybit,0.000000,-9999.000000,NO,,"{""error"":""HTTP Error 403: Forbidden""}"
2026-09-25T05:28:29+00:00,stable_dislocation,FDUSD:Binance,FDUSD,below peg,Binance,9.500000,9.500000,NO,451954.87,"{""mid"":0.99905,""note"":""Peg deviation is a research signal; redemption, venue and issuer risks matter."",""signed_deviation_bps"":-9.500000000000064,""watch_threshold_bps"":10.0}"
2026-09-25T05:28:29+00:00,stable_dislocation_error,FDUSD:Bybit:error,FDUSD,n/a,Bybit,0.000000,-9999.000000,NO,,"{""error"":""HTTP Error 403: Forbidden""}"
2026-09-25T06:37:32+00:00,cex_triangle,ETH:USDT-BTC-ETH-USDT,ETH,USDT->BTC->ETH->USDT,Binance,-3.416879,-41.376648,NO,27479.37,"{""extra_buffer_bps"":8.0,""fee_bps_per_leg"":10.0,""top_of_book_only"":true}"
2026-09-25T06:37:32+00:00,cex_triangle,ETH:USDT-ETH-BTC-USDT,ETH,USDT->ETH->BTC->USDT,Binance,0.236671,-37.734048,NO,59985.62,"{""extra_buffer_bps"":8.0,""fee_bps_per_leg"":10.0,""top_of_book_only"":true}"
2026-09-25T06:37:32+00:00,cex_triangle,SOL:USDT-BTC-SOL-USDT,SOL,USDT->BTC->SOL->USDT,Binance,-0.979826,-38.946899,NO,161.77,"{""extra_buffer_bps"":8.0,""fee_bps_per_leg"":10.0,""top_of_book_only"":true}"
2026-09-25T06:37:32+00:00,cex_triangle,SOL:USDT-SOL-BTC-USDT,SOL,USDT->SOL->BTC->USDT,Binance,-0.604573,-38.572771,NO,1795.64,"{""extra_buffer_bps"":8.0,""fee_bps_per_leg"":10.0,""top_of_book_only"":true}"
2026-09-25T06:37:32+00:00,stable_dislocation,USDC:Binance,USDC,above peg,Binance,0.550000,0.550000,NO,1237894.27,"{""mid"":1.0000550000000001,""note"":""Peg deviation is a research signal; redemption, venue and issuer risks matter."",""signed_deviation_bps"":0.5500000000013827,""watch_threshold_bps"":10.0}"
2026-09-25T06:37:32+00:00,stable_dislocation_error,USDC:Bybit:error,USDC,n/a,Bybit,0.000000,-9999.000000,NO,,"{""error"":""HTTP Error 403: Forbidden""}"
2026-09-25T06:37:32+00:00,stable_dislocation,FDUSD:Binance,FDUSD,below peg,Binance,6.500000,6.500000,NO,68873.65,"{""mid"":0.99935,""note"":""Peg deviation is a research signal; redemption, venue and issuer risks matter."",""signed_deviation_bps"":-6.500000000000394,""watch_threshold_bps"":10.0}"
2026-09-25T06:37:32+00:00,stable_dislocation_error,FDUSD:Bybit:error,FDUSD,n/a,Bybit,0.000000,-9999.000000,NO,,"{""error"":""HTTP Error 403: Forbidden""}"
2026-09-25T07:48:48+00:00,cex_triangle,ETH:USDT-BTC-ETH-USDT,ETH,USDT->BTC->ETH->USDT,Binance,-4.359707,-42.316651,NO,112743.45,"{""extra_buffer_bps"":8.0,""fee_bps_per_leg"":10.0,""top_of_book_only"":true}"
2026-09-25T07:48:48+00:00,cex_triangle,ETH:USDT-ETH-BTC-USDT,ETH,USDT->ETH->BTC->USDT,Binance,1.178920,-36.794623,NO,11930.55,"{""extra_buffer_bps"":8.0,""fee_bps_per_leg"":10.0,""top_of_book_only"":true}"
2026-09-25T07:48:48+00:00,cex_triangle,SOL:USDT-BTC-SOL-USDT,SOL,USDT->BTC->SOL->USDT,Binance,0.295188,-37.675707,NO,161.83,"{""extra_buffer_bps"":8.0,""fee_bps_per_leg"":10.0,""top_of_book_only"":true}"
2026-09-25T07:48:48+00:00,cex_triangle,SOL:USDT-SOL-BTC-USDT,SOL,USDT->SOL->BTC->USDT,Binance,-1.878559,-39.842938,NO,1452.32,"{""extra_buffer_bps"":8.0,""fee_bps_per_leg"":10.0,""top_of_book_only"":true}"
2026-09-25T07:48:48+00:00,stable_dislocation,USDC:Binance,USDC,above peg,Binance,1.250000,1.250000,NO,1051696.70,"{""mid"":1.000125,""note"":""Peg deviation is a research signal; redemption, venue and issuer risks matter."",""signed_deviation_bps"":1.2499999999993072,""watch_threshold_bps"":10.0}"
2026-09-25T07:48:48+00:00,stable_dislocation_error,USDC:Bybit:error,USDC,n/a,Bybit,0.000000,-9999.000000,NO,,"{""error"":""HTTP Error 403: Forbidden""}"
2026-09-25T07:48:48+00:00,stable_dislocation,FDUSD:Binance,FDUSD,below peg,Binance,7.500000,7.500000,NO,42812.01,"{""mid"":0.99925,""note"":""Peg deviation is a research signal; redemption, venue and issuer risks matter."",""signed_deviation_bps"":-7.500000000000284,""watch_threshold_bps"":10.0}"
2026-09-25T07:48:48+00:00,stable_dislocation_error,FDUSD:Bybit:error,FDUSD,n/a,Bybit,0.000000,-9999.000000,NO,,"{""error"":""HTTP Error 403: Forbidden""}"
2026-09-25T10:26:18+00:00,cex_triangle,ETH:USDT-BTC-ETH-USDT,ETH,USDT->BTC->ETH->USDT,Binance,-0.129489,-38.099111,NO,66898.32,"{""extra_buffer_bps"":8.0,""fee_bps_per_leg"":10.0,""top_of_book_only"":true}"
2026-09-25T10:26:18+00:00,cex_triangle,ETH:USDT-ETH-BTC-USDT,ETH,USDT->ETH->BTC->USDT,Binance,-3.033676,-40.994594,NO,101571.94,"{""extra_buffer_bps"":8.0,""fee_bps_per_leg"":10.0,""top_of_book_only"":true}"
2026-09-25T10:26:18+00:00,cex_triangle,SOL:USDT-BTC-SOL-USDT,SOL,USDT->BTC->SOL->USDT,Binance,2.172413,-35.804108,NO,535.46,"{""extra_buffer_bps"":8.0,""fee_bps_per_leg"":10.0,""top_of_book_only"":true}"
2026-09-25T10:26:18+00:00,cex_triangle,SOL:USDT-SOL-BTC-USDT,SOL,USDT->SOL->BTC->USDT,Binance,-3.730433,-41.689263,NO,1996.20,"{""extra_buffer_bps"":8.0,""fee_bps_per_leg"":10.0,""top_of_book_only"":true}"
2026-09-25T10:26:18+00:00,stable_dislocation,USDC:Binance,USDC,above peg,Binance,0.850000,0.850000,NO,1575485.78,"{""mid"":1.000085,""note"":""Peg deviation is a research signal; redemption, venue and issuer risks matter."",""signed_deviation_bps"":0.8499999999989072,""watch_threshold_bps"":10.0}"
2026-09-25T10:26:18+00:00,stable_dislocation_error,USDC:Bybit:error,USDC,n/a,Bybit,0.000000,-9999.000000,NO,,"{""error"":""HTTP Error 403: Forbidden""}"
2026-09-25T10:26:18+00:00,stable_dislocation,FDUSD:Binance,FDUSD,below peg,Binance,7.500000,7.500000,NO,52496.23,"{""mid"":0.99925,""note"":""Peg deviation is a research signal; redemption, venue and issuer risks matter."",""signed_deviation_bps"":-7.500000000000284,""watch_threshold_bps"":10.0}"
2026-09-25T10:26:18+00:00,stable_dislocation_error,FDUSD:Bybit:error,FDUSD,n/a,Bybit,0.000000,-9999.000000,NO,,"{""error"":""HTTP Error 403: Forbidden""}"
2026-09-25T12:16:07+00:00,cex_triangle,ETH:USDT-BTC-ETH-USDT,ETH,USDT->BTC->ETH->USDT,Binance,-1.182890,-39.149355,NO,40029.54,"{""extra_buffer_bps"":8.0,""fee_bps_per_leg"":10.0,""top_of_book_only"":true}"
2026-09-25T12:16:07+00:00,cex_triangle,ETH:USDT-ETH-BTC-USDT,ETH,USDT->ETH->BTC->USDT,Binance,-1.972771,-39.936869,NO,28470.76,"{""extra_buffer_bps"":8.0,""fee_bps_per_leg"":10.0,""top_of_book_only"":true}"
2026-09-25T12:16:07+00:00,cex_triangle,SOL:USDT-BTC-SOL-USDT,SOL,USDT->BTC->SOL->USDT,Binance,1.118951,-36.854412,NO,877.34,"{""extra_buffer_bps"":8.0,""fee_bps_per_leg"":10.0,""top_of_book_only"":true}"
2026-09-25T12:16:07+00:00,cex_triangle,SOL:USDT-SOL-BTC-USDT,SOL,USDT->SOL->BTC->USDT,Binance,-2.662393,-40.624424,NO,347.63,"{""extra_buffer_bps"":8.0,""fee_bps_per_leg"":10.0,""top_of_book_only"":true}"
2026-09-25T12:16:07+00:00,stable_dislocation,USDC:Binance,USDC,above peg,Binance,0.950000,0.950000,NO,2159840.37,"{""mid"":1.000095,""note"":""Peg deviation is a research signal; redemption, venue and issuer risks matter."",""signed_deviation_bps"":0.9499999999995623,""watch_threshold_bps"":10.0}"
2026-09-25T12:16:07+00:00,stable_dislocation_error,USDC:Bybit:error,USDC,n/a,Bybit,0.000000,-9999.000000,NO,,"{""error"":""HTTP Error 403: Forbidden""}"
2026-09-25T12:16:07+00:00,stable_dislocation,FDUSD:Binance,FDUSD,below peg,Binance,6.500000,6.500000,NO,118233.02,"{""mid"":0.99935,""note"":""Peg deviation is a research signal; redemption, venue and issuer risks matter."",""signed_deviation_bps"":-6.500000000000394,""watch_threshold_bps"":10.0}"
2026-09-25T12:16:07+00:00,stable_dislocation_error,FDUSD:Bybit:error,FDUSD,n/a,Bybit,0.000000,-9999.000000,NO,,"{""error"":""HTTP Error 403: Forbidden""}"
2026-09-25T13:12:17+00:00,cex_triangle,ETH:USDT-BTC-ETH-USDT,ETH,USDT->BTC->ETH->USDT,Binance,-1.730085,-39.694910,NO,5298.48,"{""extra_buffer_bps"":8.0,""fee_bps_per_leg"":10.0,""top_of_book_only"":true}"
2026-09-25T13:12:17+00:00,cex_triangle,ETH:USDT-ETH-BTC-USDT,ETH,USDT->ETH->BTC->USDT,Binance,-1.417620,-39.383382,NO,80268.22,"{""extra_buffer_bps"":8.0,""fee_bps_per_leg"":10.0,""top_of_book_only"":true}"
2026-09-25T13:12:17+00:00,cex_triangle,SOL:USDT-BTC-SOL-USDT,SOL,USDT->BTC->SOL->USDT,Binance,-1.312763,-39.278839,NO,530.01,"{""extra_buffer_bps"":8.0,""fee_bps_per_leg"":10.0,""top_of_book_only"":true}"
2026-09-25T13:12:17+00:00,cex_triangle,SOL:USDT-SOL-BTC-USDT,SOL,USDT->SOL->BTC->USDT,Binance,-0.216741,-38.186102,NO,397.21,"{""extra_buffer_bps"":8.0,""fee_bps_per_leg"":10.0,""top_of_book_only"":true}"
2026-09-25T13:12:17+00:00,stable_dislocation,USDC:Binance,USDC,above peg,Binance,1.550000,1.550000,NO,1924295.84,"{""mid"":1.000155,""note"":""Peg deviation is a research signal; redemption, venue and issuer risks matter."",""signed_deviation_bps"":1.5499999999990521,""watch_threshold_bps"":10.0}"
2026-09-25T13:12:17+00:00,stable_dislocation_error,USDC:Bybit:error,USDC,n/a,Bybit,0.000000,-9999.000000,NO,,"{""error"":""HTTP Error 403: Forbidden""}"
2026-09-25T13:12:17+00:00,stable_dislocation,FDUSD:Binance,FDUSD,below peg,Binance,6.000000,6.000000,NO,938609.51,"{""mid"":0.9994000000000001,""note"":""Peg deviation is a research signal; redemption, venue and issuer risks matter."",""signed_deviation_bps"":-5.999999999999339,""watch_threshold_bps"":10.0}"
2026-09-25T13:12:17+00:00,stable_dislocation_error,FDUSD:Bybit:error,FDUSD,n/a,Bybit,0.000000,-9999.000000,NO,,"{""error"":""HTTP Error 403: Forbidden""}"
2026-09-25T13:39:34+00:00,cex_triangle,ETH:USDT-BTC-ETH-USDT,ETH,USDT->BTC->ETH->USDT,Binance,-4.076760,-42.034552,NO,66017.22,"{""extra_buffer_bps"":8.0,""fee_bps_per_leg"":10.0,""top_of_book_only"":true}"
2026-09-25T13:39:34+00:00,cex_triangle,ETH:USDT-ETH-BTC-USDT,ETH,USDT->ETH->BTC->USDT,Binance,0.925597,-37.047187,NO,145.52,"{""extra_buffer_bps"":8.0,""fee_bps_per_leg"":10.0,""top_of_book_only"":true}"
2026-09-25T13:39:34+00:00,cex_triangle,SOL:USDT-BTC-SOL-USDT,SOL,USDT->BTC->SOL->USDT,Binance,-3.386355,-41.346216,NO,760.04,"{""extra_buffer_bps"":8.0,""fee_bps_per_leg"":10.0,""top_of_book_only"":true}"
2026-09-25T13:39:34+00:00,cex_triangle,SOL:USDT-SOL-BTC-USDT,SOL,USDT->SOL->BTC->USDT,Binance,1.847844,-36.127704,NO,227.37,"{""extra_buffer_bps"":8.0,""fee_bps_per_leg"":10.0,""top_of_book_only"":true}"
2026-09-25T13:39:34+00:00,stable_dislocation,USDC:Binance,USDC,above peg,Binance,1.550000,1.550000,NO,1716733.47,"{""mid"":1.000155,""note"":""Peg deviation is a research signal; redemption, venue and issuer risks matter."",""signed_deviation_bps"":1.5499999999990521,""watch_threshold_bps"":10.0}"
2026-09-25T13:39:34+00:00,stable_dislocation_error,USDC:Bybit:error,USDC,n/a,Bybit,0.000000,-9999.000000,NO,,"{""error"":""HTTP Error 403: Forbidden""}"
2026-09-25T13:39:34+00:00,stable_dislocation,FDUSD:Binance,FDUSD,below peg,Binance,6.500000,6.500000,NO,1773.93,"{""mid"":0.99935,""note"":""Peg deviation is a research signal; redemption, venue and issuer risks matter."",""signed_deviation_bps"":-6.500000000000394,""watch_threshold_bps"":10.0}"
2026-09-25T13:39:34+00:00,stable_dislocation_error,FDUSD:Bybit:error,FDUSD,n/a,Bybit,0.000000,-9999.000000,NO,,"{""error"":""HTTP Error 403: Forbidden""}"
2026-09-25T15:28:30+00:00,cex_triangle,ETH:USDT-BTC-ETH-USDT,ETH,USDT->BTC->ETH->USDT,Binance,3.735256,-34.245949,NO,70997.89,"{""extra_buffer_bps"":8.0,""fee_bps_per_leg"":10.0,""top_of_book_only"":true}"
2026-09-25T15:28:30+00:00,cex_triangle,ETH:USDT-ETH-BTC-USDT,ETH,USDT->ETH->BTC->USDT,Binance,-6.884349,-44.833727,NO,29312.77,"{""extra_buffer_bps"":8.0,""fee_bps_per_leg"":10.0,""top_of_book_only"":true}"
2026-09-25T15:28:30+00:00,cex_triangle,SOL:USDT-BTC-SOL-USDT,SOL,USDT->BTC->SOL->USDT,Binance,4.423450,-33.559818,NO,228.47,"{""extra_buffer_bps"":8.0,""fee_bps_per_leg"":10.0,""top_of_book_only"":true}"
2026-09-25T15:28:30+00:00,cex_triangle,SOL:USDT-SOL-BTC-USDT,SOL,USDT->SOL->BTC->USDT,Binance,-5.949664,-43.901843,NO,670.07,"{""extra_buffer_bps"":8.0,""fee_bps_per_leg"":10.0,""top_of_book_only"":true}"
2026-09-25T15:28:30+00:00,stable_dislocation,USDC:Binance,USDC,above peg,Binance,1.050000,1.050000,NO,3790693.93,"{""mid"":1.000105,""note"":""Peg deviation is a research signal; redemption, venue and issuer risks matter."",""signed_deviation_bps"":1.0500000000002174,""watch_threshold_bps"":10.0}"
2026-09-25T15:28:30+00:00,stable_dislocation_error,USDC:Bybit:error,USDC,n/a,Bybit,0.000000,-9999.000000,NO,,"{""error"":""HTTP Error 403: Forbidden""}"
2026-09-25T15:28:30+00:00,stable_dislocation,FDUSD:Binance,FDUSD,below peg,Binance,6.500000,6.500000,NO,694231.21,"{""mid"":0.99935,""note"":""Peg deviation is a research signal; redemption, venue and issuer risks matter."",""signed_deviation_bps"":-6.500000000000394,""watch_threshold_bps"":10.0}"
2026-09-25T15:28:30+00:00,stable_dislocation_error,FDUSD:Bybit:error,FDUSD,n/a,Bybit,0.000000,-9999.000000,NO,,"{""error"":""HTTP Error 403: Forbidden""}"
2026-09-25T17:25:57+00:00,cex_triangle,ETH:USDT-BTC-ETH-USDT,ETH,USDT->BTC->ETH->USDT,Binance,-0.472487,-38.441081,NO,57419.39,"{""extra_buffer_bps"":8.0,""fee_bps_per_leg"":10.0,""top_of_book_only"":true}"
2026-09-25T17:25:57+00:00,cex_triangle,ETH:USDT-ETH-BTC-USDT,ETH,USDT->ETH->BTC->USDT,Binance,-2.687136,-40.649093,NO,29254.71,"{""extra_buffer_bps"":8.0,""fee_bps_per_leg"":10.0,""top_of_book_only"":true}"
2026-09-25T17:25:57+00:00,cex_triangle,SOL:USDT-BTC-SOL-USDT,SOL,USDT->BTC->SOL->USDT,Binance,-2.666911,-40.628928,NO,1854.76,"{""extra_buffer_bps"":8.0,""fee_bps_per_leg"":10.0,""top_of_book_only"":true}"
2026-09-25T17:25:57+00:00,cex_triangle,SOL:USDT-SOL-BTC-USDT,SOL,USDT->SOL->BTC->USDT,Binance,1.143761,-36.829677,NO,406.96,"{""extra_buffer_bps"":8.0,""fee_bps_per_leg"":10.0,""top_of_book_only"":true}"
2026-09-25T17:25:57+00:00,stable_dislocation,USDC:Binance,USDC,above peg,Binance,1.550000,1.550000,NO,1873303.95,"{""mid"":1.000155,""note"":""Peg deviation is a research signal; redemption, venue and issuer risks matter."",""signed_deviation_bps"":1.5499999999990521,""watch_threshold_bps"":10.0}"
2026-09-25T17:25:57+00:00,stable_dislocation_error,USDC:Bybit:error,USDC,n/a,Bybit,0.000000,-9999.000000,NO,,"{""error"":""HTTP Error 403: Forbidden""}"
2026-09-25T17:25:57+00:00,stable_dislocation,FDUSD:Binance,FDUSD,below peg,Binance,6.500000,6.500000,NO,449834.94,"{""mid"":0.99935,""note"":""Peg deviation is a research signal; redemption, venue and issuer risks matter."",""signed_deviation_bps"":-6.500000000000394,""watch_threshold_bps"":10.0}"
2026-09-25T17:25:57+00:00,stable_dislocation_error,FDUSD:Bybit:error,FDUSD,n/a,Bybit,0.000000,-9999.000000,NO,,"{""error"":""HTTP Error 403: Forbidden""}"
2026-09-25T18:06:10+00:00,cex_triangle,ETH:USDT-BTC-ETH-USDT,ETH,USDT->BTC->ETH->USDT,Binance,5.050574,-32.934573,NO,18157.46,"{""extra_buffer_bps"":8.0,""fee_bps_per_leg"":10.0,""top_of_book_only"":true}"
2026-09-25T18:06:10+00:00,cex_triangle,ETH:USDT-ETH-BTC-USDT,ETH,USDT->ETH->BTC->USDT,Binance,-8.204943,-46.150362,NO,2302.55,"{""extra_buffer_bps"":8.0,""fee_bps_per_leg"":10.0,""top_of_book_only"":true}"
2026-09-25T18:06:10+00:00,cex_triangle,SOL:USDT-BTC-SOL-USDT,SOL,USDT->BTC->SOL->USDT,Binance,3.967067,-34.014832,NO,228.84,"{""extra_buffer_bps"":8.0,""fee_bps_per_leg"":10.0,""top_of_book_only"":true}"
2026-09-25T18:06:10+00:00,cex_triangle,SOL:USDT-SOL-BTC-USDT,SOL,USDT->SOL->BTC->USDT,Binance,-5.483752,-43.437327,NO,398.76,"{""extra_buffer_bps"":8.0,""fee_bps_per_leg"":10.0,""top_of_book_only"":true}"
2026-09-25T18:06:10+00:00,stable_dislocation,USDC:Binance,USDC,above peg,Binance,1.550000,1.550000,NO,2806964.04,"{""mid"":1.000155,""note"":""Peg deviation is a research signal; redemption, venue and issuer risks matter."",""signed_deviation_bps"":1.5499999999990521,""watch_threshold_bps"":10.0}"
2026-09-25T18:06:10+00:00,stable_dislocation_error,USDC:Bybit:error,USDC,n/a,Bybit,0.000000,-9999.000000,NO,,"{""error"":""HTTP Error 403: Forbidden""}"
2026-09-25T18:06:10+00:00,stable_dislocation,FDUSD:Binance,FDUSD,below peg,Binance,6.500000,6.500000,NO,336432.02,"{""mid"":0.99935,""note"":""Peg deviation is a research signal; redemption, venue and issuer risks matter."",""signed_deviation_bps"":-6.500000000000394,""watch_threshold_bps"":10.0}"
2026-09-25T18:06:10+00:00,stable_dislocation_error,FDUSD:Bybit:error,FDUSD,n/a,Bybit,0.000000,-9999.000000,NO,,"{""error"":""HTTP Error 403: Forbidden""}"
2026-09-25T18:30:45+00:00,cex_triangle,ETH:USDT-BTC-ETH-USDT,ETH,USDT->BTC->ETH->USDT,Binance,-1.695261,-39.660191,NO,37024.28,"{""extra_buffer_bps"":8.0,""fee_bps_per_leg"":10.0,""top_of_book_only"":true}"
2026-09-25T18:30:45+00:00,cex_triangle,ETH:USDT-ETH-BTC-USDT,ETH,USDT->ETH->BTC->USDT,Binance,-1.459512,-39.425147,NO,53086.31,"{""extra_buffer_bps"":8.0,""fee_bps_per_leg"":10.0,""top_of_book_only"":true}"
2026-09-25T18:30:45+00:00,cex_triangle,SOL:USDT-BTC-SOL-USDT,SOL,USDT->BTC->SOL->USDT,Binance,-3.115422,-41.076095,NO,198.13,"{""extra_buffer_bps"":8.0,""fee_bps_per_leg"":10.0,""top_of_book_only"":true}"
2026-09-25T18:30:45+00:00,cex_triangle,SOL:USDT-SOL-BTC-USDT,SOL,USDT->SOL->BTC->USDT,Binance,0.916686,-37.056072,NO,401.26,"{""extra_buffer_bps"":8.0,""fee_bps_per_leg"":10.0,""top_of_book_only"":true}"
2026-09-25T18:30:45+00:00,stable_dislocation,USDC:Binance,USDC,above peg,Binance,1.250000,1.250000,NO,281123.54,"{""mid"":1.000125,""note"":""Peg deviation is a research signal; redemption, venue and issuer risks matter."",""signed_deviation_bps"":1.2499999999993072,""watch_threshold_bps"":10.0}"
2026-09-25T18:30:45+00:00,stable_dislocation_error,USDC:Bybit:error,USDC,n/a,Bybit,0.000000,-9999.000000,NO,,"{""error"":""HTTP Error 403: Forbidden""}"
2026-09-25T18:30:45+00:00,stable_dislocation,FDUSD:Binance,FDUSD,below peg,Binance,6.500000,6.500000,NO,327544.36,"{""mid"":0.99935,""note"":""Peg deviation is a research signal; redemption, venue and issuer risks matter."",""signed_deviation_bps"":-6.500000000000394,""watch_threshold_bps"":10.0}"
2026-09-25T18:30:45+00:00,stable_dislocation_error,FDUSD:Bybit:error,FDUSD,n/a,Bybit,0.000000,-9999.000000,NO,,"{""error"":""HTTP Error 403: Forbidden""}"
2026-09-25T19:29:36+00:00,cex_triangle,ETH:USDT-BTC-ETH-USDT,ETH,USDT->BTC->ETH->USDT,Binance,-1.982072,-39.946142,NO,24550.70,"{""extra_buffer_bps"":8.0,""fee_bps_per_leg"":10.0,""top_of_book_only"":true}"
2026-09-25T19:29:36+00:00,cex_triangle,ETH:USDT-ETH-BTC-USDT,ETH,USDT->ETH->BTC->USDT,Binance,-1.174645,-39.141135,NO,8326.23,"{""extra_buffer_bps"":8.0,""fee_bps_per_leg"":10.0,""top_of_book_only"":true}"
2026-09-25T19:29:36+00:00,cex_triangle,SOL:USDT-BTC-SOL-USDT,SOL,USDT->BTC->SOL->USDT,Binance,0.997254,-36.975745,NO,800.96,"{""extra_buffer_bps"":8.0,""fee_bps_per_leg"":10.0,""top_of_book_only"":true}"
2026-09-25T19:29:36+00:00,cex_triangle,SOL:USDT-SOL-BTC-USDT,SOL,USDT->SOL->BTC->USDT,Binance,-2.508216,-40.470709,NO,766.68,"{""extra_buffer_bps"":8.0,""fee_bps_per_leg"":10.0,""top_of_book_only"":true}"
2026-09-25T19:29:36+00:00,stable_dislocation,USDC:Binance,USDC,above peg,Binance,1.450000,1.450000,NO,1548172.71,"{""mid"":1.000145,""note"":""Peg deviation is a research signal; redemption, venue and issuer risks matter."",""signed_deviation_bps"":1.4500000000006175,""watch_threshold_bps"":10.0}"
2026-09-25T19:29:36+00:00,stable_dislocation_error,USDC:Bybit:error,USDC,n/a,Bybit,0.000000,-9999.000000,NO,,"{""error"":""HTTP Error 403: Forbidden""}"
2026-09-25T19:29:36+00:00,stable_dislocation,FDUSD:Binance,FDUSD,below peg,Binance,5.500000,5.500000,NO,10917.45,"{""mid"":0.99945,""note"":""Peg deviation is a research signal; redemption, venue and issuer risks matter."",""signed_deviation_bps"":-5.5000000000005045,""watch_threshold_bps"":10.0}"
2026-09-25T19:29:36+00:00,stable_dislocation_error,FDUSD:Bybit:error,FDUSD,n/a,Bybit,0.000000,-9999.000000,NO,,"{""error"":""HTTP Error 403: Forbidden""}"
2026-09-25T20:41:00+00:00,cex_triangle,ETH:USDT-BTC-ETH-USDT,ETH,USDT->BTC->ETH->USDT,Binance,-2.065949,-40.029768,NO,8089.39,"{""extra_buffer_bps"":8.0,""fee_bps_per_leg"":10.0,""top_of_book_only"":true}"
2026-09-25T20:41:00+00:00,cex_triangle,ETH:USDT-ETH-BTC-USDT,ETH,USDT->ETH->BTC->USDT,Binance,-1.095631,-39.062357,NO,93679.40,"{""extra_buffer_bps"":8.0,""fee_bps_per_leg"":10.0,""top_of_book_only"":true}"
2026-09-25T20:41:00+00:00,cex_triangle,SOL:USDT-BTC-SOL-USDT,SOL,USDT->BTC->SOL->USDT,Binance,-1.752533,-39.717291,NO,797.86,"{""extra_buffer_bps"":8.0,""fee_bps_per_leg"":10.0,""top_of_book_only"":true}"
2026-09-25T20:41:00+00:00,cex_triangle,SOL:USDT-SOL-BTC-USDT,SOL,USDT->SOL->BTC->USDT,Binance,0.250359,-37.720402,NO,122.65,"{""extra_buffer_bps"":8.0,""fee_bps_per_leg"":10.0,""top_of_book_only"":true}"
2026-09-25T20:41:00+00:00,stable_dislocation,USDC:Binance,USDC,above peg,Binance,1.150000,1.150000,NO,2954161.92,"{""mid"":1.000115,""note"":""Peg deviation is a research signal; redemption, venue and issuer risks matter."",""signed_deviation_bps"":1.1500000000008725,""watch_threshold_bps"":10.0}"
2026-09-25T20:41:00+00:00,stable_dislocation_error,USDC:Bybit:error,USDC,n/a,Bybit,0.000000,-9999.000000,NO,,"{""error"":""HTTP Error 403: Forbidden""}"
2026-09-25T20:41:00+00:00,stable_dislocation,FDUSD:Binance,FDUSD,below peg,Binance,6.500000,6.500000,NO,1605.04,"{""mid"":0.99935,""note"":""Peg deviation is a research signal; redemption, venue and issuer risks matter."",""signed_deviation_bps"":-6.500000000000394,""watch_threshold_bps"":10.0}"
2026-09-25T20:41:00+00:00,stable_dislocation_error,FDUSD:Bybit:error,FDUSD,n/a,Bybit,0.000000,-9999.000000,NO,,"{""error"":""HTTP Error 403: Forbidden""}"
2026-09-25T21:37:50+00:00,cex_triangle,ETH:USDT-BTC-ETH-USDT,ETH,USDT->BTC->ETH->USDT,Binance,-1.536851,-39.502255,NO,3708.95,"{""extra_buffer_bps"":8.0,""fee_bps_per_leg"":10.0,""top_of_book_only"":true}"
2026-09-25T21:37:50+00:00,cex_triangle,ETH:USDT-ETH-BTC-USDT,ETH,USDT->ETH->BTC->USDT,Binance,-1.628883,-39.594011,NO,6718.30,"{""extra_buffer_bps"":8.0,""fee_bps_per_leg"":10.0,""top_of_book_only"":true}"
2026-09-25T21:37:50+00:00,cex_triangle,SOL:USDT-BTC-SOL-USDT,SOL,USDT->BTC->SOL->USDT,Binance,-1.770595,-39.735298,NO,229.90,"{""extra_buffer_bps"":8.0,""fee_bps_per_leg"":10.0,""top_of_book_only"":true}"
2026-09-25T21:37:50+00:00,cex_triangle,SOL:USDT-SOL-BTC-USDT,SOL,USDT->SOL->BTC->USDT,Binance,0.250946,-37.719816,NO,229.86,"{""extra_buffer_bps"":8.0,""fee_bps_per_leg"":10.0,""top_of_book_only"":true}"
2026-09-25T21:37:50+00:00,stable_dislocation,USDC:Binance,USDC,above peg,Binance,1.050000,1.050000,NO,2465171.14,"{""mid"":1.000105,""note"":""Peg deviation is a research signal; redemption, venue and issuer risks matter."",""signed_deviation_bps"":1.0500000000002174,""watch_threshold_bps"":10.0}"
2026-09-25T21:37:50+00:00,stable_dislocation_error,USDC:Bybit:error,USDC,n/a,Bybit,0.000000,-9999.000000,NO,,"{""error"":""HTTP Error 403: Forbidden""}"
2026-09-25T21:37:50+00:00,stable_dislocation,FDUSD:Binance,FDUSD,below peg,Binance,6.500000,6.500000,NO,95.94,"{""mid"":0.99935,""note"":""Peg deviation is a research signal; redemption, venue and issuer risks matter."",""signed_deviation_bps"":-6.500000000000394,""watch_threshold_bps"":10.0}"
2026-09-25T21:37:50+00:00,stable_dislocation_error,FDUSD:Bybit:error,FDUSD,n/a,Bybit,0.000000,-9999.000000,NO,,"{""error"":""HTTP Error 403: Forbidden""}"
2026-09-25T22:14:38+00:00,cex_triangle,ETH:USDT-BTC-ETH-USDT,ETH,USDT->BTC->ETH->USDT,Binance,-0.692807,-38.660740,NO,47493.44,"{""extra_buffer_bps"":8.0,""fee_bps_per_leg"":10.0,""top_of_book_only"":true}"
2026-09-25T22:14:38+00:00,cex_triangle,ETH:USDT-ETH-BTC-USDT,ETH,USDT->ETH->BTC->USDT,Binance,-2.470778,-40.433383,NO,21741.90,"{""extra_buffer_bps"":8.0,""fee_bps_per_leg"":10.0,""top_of_book_only"":true}"
2026-09-25T22:14:38+00:00,cex_triangle,SOL:USDT-BTC-SOL-USDT,SOL,USDT->BTC->SOL->USDT,Binance,-2.121651,-40.085302,NO,463.66,"{""extra_buffer_bps"":8.0,""fee_bps_per_leg"":10.0,""top_of_book_only"":true}"
2026-09-25T22:14:38+00:00,cex_triangle,SOL:USDT-SOL-BTC-USDT,SOL,USDT->SOL->BTC->USDT,Binance,-0.080677,-38.050445,NO,828.57,"{""extra_buffer_bps"":8.0,""fee_bps_per_leg"":10.0,""top_of_book_only"":true}"
2026-09-25T22:14:38+00:00,stable_dislocation,USDC:Binance,USDC,above peg,Binance,1.250000,1.250000,NO,2753045.85,"{""mid"":1.000125,""note"":""Peg deviation is a research signal; redemption, venue and issuer risks matter."",""signed_deviation_bps"":1.2499999999993072,""watch_threshold_bps"":10.0}"
2026-09-25T22:14:38+00:00,stable_dislocation_error,USDC:Bybit:error,USDC,n/a,Bybit,0.000000,-9999.000000,NO,,"{""error"":""HTTP Error 403: Forbidden""}"
2026-09-25T22:14:38+00:00,stable_dislocation,FDUSD:Binance,FDUSD,below peg,Binance,5.500000,5.500000,NO,30226.85,"{""mid"":0.99945,""note"":""Peg deviation is a research signal; redemption, venue and issuer risks matter."",""signed_deviation_bps"":-5.5000000000005045,""watch_threshold_bps"":10.0}"
2026-09-25T22:14:38+00:00,stable_dislocation_error,FDUSD:Bybit:error,FDUSD,n/a,Bybit,0.000000,-9999.000000,NO,,"{""error"":""HTTP Error 403: Forbidden""}"
2026-09-25T22:39:28+00:00,cex_triangle,ETH:USDT-BTC-ETH-USDT,ETH,USDT->BTC->ETH->USDT,Binance,-1.803742,-39.768346,NO,18477.76,"{""extra_buffer_bps"":8.0,""fee_bps_per_leg"":10.0,""top_of_book_only"":true}"
2026-09-25T22:39:28+00:00,cex_triangle,ETH:USDT-ETH-BTC-USDT,ETH,USDT->ETH->BTC->USDT,Binance,-1.354929,-39.320879,NO,61058.94,"{""extra_buffer_bps"":8.0,""fee_bps_per_leg"":10.0,""top_of_book_only"":true}"
2026-09-25T22:39:28+00:00,cex_triangle,SOL:USDT-BTC-SOL-USDT,SOL,USDT->BTC->SOL->USDT,Binance,1.230932,-36.742767,NO,2722.23,"{""extra_buffer_bps"":8.0,""fee_bps_per_leg"":10.0,""top_of_book_only"":true}"
2026-09-25T22:39:28+00:00,cex_triangle,SOL:USDT-SOL-BTC-USDT,SOL,USDT->SOL->BTC->USDT,Binance,-3.424359,-41.384106,NO,832.73,"{""extra_buffer_bps"":8.0,""fee_bps_per_leg"":10.0,""top_of_book_only"":true}"
2026-09-25T22:39:28+00:00,stable_dislocation,USDC:Binance,USDC,above peg,Binance,1.250000,1.250000,NO,2329587.81,"{""mid"":1.000125,""note"":""Peg deviation is a research signal; redemption, venue and issuer risks matter."",""signed_deviation_bps"":1.2499999999993072,""watch_threshold_bps"":10.0}"
2026-09-25T22:39:28+00:00,stable_dislocation_error,USDC:Bybit:error,USDC,n/a,Bybit,0.000000,-9999.000000,NO,,"{""error"":""HTTP Error 403: Forbidden""}"
2026-09-25T22:39:28+00:00,stable_dislocation,FDUSD:Binance,FDUSD,below peg,Binance,5.500000,5.500000,NO,377396.43,"{""mid"":0.99945,""note"":""Peg deviation is a research signal; redemption, venue and issuer risks matter."",""signed_deviation_bps"":-5.5000000000005045,""watch_threshold_bps"":10.0}"
2026-09-25T22:39:28+00:00,stable_dislocation_error,FDUSD:Bybit:error,FDUSD,n/a,Bybit,0.000000,-9999.000000,NO,,"{""error"":""HTTP Error 403: Forbidden""}"
