timestamp_utc,strategy,key,asset,direction,venue,gross_bps,stressed_bps,candidate,capacity_usdt_est,detail_json
2026-09-06T15:31:37+00:00,cex_cross_spot,BTC:buy Bitget / sell Gate,BTC,buy Bitget / sell Gate,Bitget<->Gate,-1.182870,-31.182870,NO,28011.80,"{""buy_ask"":79636.82,""buy_venue"":""Bitget"",""extra_buffer_bps"":10.0,""note"":""Discovery snapshot only; assumes capital pre-positioned on both venues. Rebalancing, withdrawal, latency and deeper-book impact are not yet validated."",""sell_bid"":79627.4,""sell_venue"":""Gate"",""source"":""wide_cex_hunter"",""taker_fee_bps_per_leg"":10.0,""total_friction_bps"":30.0}"
2026-09-06T15:31:37+00:00,cex_cross_spot,BTC:buy Gate / sell Bitget,BTC,buy Gate / sell Bitget,Bitget<->Gate,1.169194,-28.830806,NO,3649.41,"{""buy_ask"":79627.5,""buy_venue"":""Gate"",""extra_buffer_bps"":10.0,""note"":""Discovery snapshot only; assumes capital pre-positioned on both venues. Rebalancing, withdrawal, latency and deeper-book impact are not yet validated."",""sell_bid"":79636.81,""sell_venue"":""Bitget"",""source"":""wide_cex_hunter"",""taker_fee_bps_per_leg"":10.0,""total_friction_bps"":30.0}"
2026-09-06T15:31:37+00:00,cex_cross_spot,ETH:buy Bitget / sell Gate,ETH,buy Bitget / sell Gate,Bitget<->Gate,-0.524532,-30.524532,NO,3365.74,"{""buy_ask"":2478.4,""buy_venue"":""Bitget"",""extra_buffer_bps"":10.0,""note"":""Discovery snapshot only; assumes capital pre-positioned on both venues. Rebalancing, withdrawal, latency and deeper-book impact are not yet validated."",""sell_bid"":2478.27,""sell_venue"":""Gate"",""source"":""wide_cex_hunter"",""taker_fee_bps_per_leg"":10.0,""total_friction_bps"":30.0}"
2026-09-06T15:31:37+00:00,cex_cross_spot,ETH:buy Gate / sell Bitget,ETH,buy Gate / sell Bitget,Bitget<->Gate,0.443856,-29.556144,NO,4971.18,"{""buy_ask"":2478.28,""buy_venue"":""Gate"",""extra_buffer_bps"":10.0,""note"":""Discovery snapshot only; assumes capital pre-positioned on both venues. Rebalancing, withdrawal, latency and deeper-book impact are not yet validated."",""sell_bid"":2478.39,""sell_venue"":""Bitget"",""source"":""wide_cex_hunter"",""taker_fee_bps_per_leg"":10.0,""total_friction_bps"":30.0}"
2026-09-06T15:31:37+00:00,cex_cross_spot,SOL:buy Bitget / sell Gate,SOL,buy Bitget / sell Gate,Bitget<->Gate,-1.891253,-31.891253,NO,834.95,"{""buy_ask"":105.75,""buy_venue"":""Bitget"",""extra_buffer_bps"":10.0,""note"":""Discovery snapshot only; assumes capital pre-positioned on both venues. Rebalancing, withdrawal, latency and deeper-book impact are not yet validated."",""sell_bid"":105.73,""sell_venue"":""Gate"",""source"":""wide_cex_hunter"",""taker_fee_bps_per_leg"":10.0,""total_friction_bps"":30.0}"
2026-09-06T15:31:37+00:00,cex_cross_spot,SOL:buy Gate / sell Bitget,SOL,buy Gate / sell Bitget,Bitget<->Gate,0.000000,-30.000000,NO,1040.87,"{""buy_ask"":105.74,""buy_venue"":""Gate"",""extra_buffer_bps"":10.0,""note"":""Discovery snapshot only; assumes capital pre-positioned on both venues. Rebalancing, withdrawal, latency and deeper-book impact are not yet validated."",""sell_bid"":105.74,""sell_venue"":""Bitget"",""source"":""wide_cex_hunter"",""taker_fee_bps_per_leg"":10.0,""total_friction_bps"":30.0}"
2026-09-06T15:31:37+00:00,cex_cross_spot,XRP:buy Bitget / sell Gate,XRP,buy Bitget / sell Gate,Bitget<->Gate,0.709874,-29.290126,NO,67.76,"{""buy_ask"":1.4087,""buy_venue"":""Bitget"",""extra_buffer_bps"":10.0,""note"":""Discovery snapshot only; assumes capital pre-positioned on both venues. Rebalancing, withdrawal, latency and deeper-book impact are not yet validated."",""sell_bid"":1.4088,""sell_venue"":""Gate"",""source"":""wide_cex_hunter"",""taker_fee_bps_per_leg"":10.0,""total_friction_bps"":30.0}"
2026-09-06T15:31:37+00:00,cex_cross_spot,XRP:buy Gate / sell Bitget,XRP,buy Gate / sell Bitget,Bitget<->Gate,-2.129321,-32.129321,NO,1261.39,"{""buy_ask"":1.4089,""buy_venue"":""Gate"",""extra_buffer_bps"":10.0,""note"":""Discovery snapshot only; assumes capital pre-positioned on both venues. Rebalancing, withdrawal, latency and deeper-book impact are not yet validated."",""sell_bid"":1.4086,""sell_venue"":""Bitget"",""source"":""wide_cex_hunter"",""taker_fee_bps_per_leg"":10.0,""total_friction_bps"":30.0}"
2026-09-06T15:31:37+00:00,cex_cross_spot,DOGE:buy Bitget / sell Gate,DOGE,buy Bitget / sell Gate,Bitget<->Gate,-1.128159,-31.128159,NO,139.72,"{""buy_ask"":0.08864,""buy_venue"":""Bitget"",""extra_buffer_bps"":10.0,""note"":""Discovery snapshot only; assumes capital pre-positioned on both venues. Rebalancing, withdrawal, latency and deeper-book impact are not yet validated."",""sell_bid"":0.08863,""sell_venue"":""Gate"",""source"":""wide_cex_hunter"",""taker_fee_bps_per_leg"":10.0,""total_friction_bps"":30.0}"
2026-09-06T15:31:37+00:00,cex_cross_spot,DOGE:buy Gate / sell Bitget,DOGE,buy Gate / sell Bitget,Bitget<->Gate,-1.128159,-31.128159,NO,215.55,"{""buy_ask"":0.08864,""buy_venue"":""Gate"",""extra_buffer_bps"":10.0,""note"":""Discovery snapshot only; assumes capital pre-positioned on both venues. Rebalancing, withdrawal, latency and deeper-book impact are not yet validated."",""sell_bid"":0.08863,""sell_venue"":""Bitget"",""source"":""wide_cex_hunter"",""taker_fee_bps_per_leg"":10.0,""total_friction_bps"":30.0}"
2026-09-06T15:31:37+00:00,cex_cross_spot,ADA:buy Bitget / sell Gate,ADA,buy Bitget / sell Gate,Bitget<->Gate,-0.918695,-30.918695,NO,51.37,"{""buy_ask"":0.2177,""buy_venue"":""Bitget"",""extra_buffer_bps"":10.0,""note"":""Discovery snapshot only; assumes capital pre-positioned on both venues. Rebalancing, withdrawal, latency and deeper-book impact are not yet validated."",""sell_bid"":0.21768,""sell_venue"":""Gate"",""source"":""wide_cex_hunter"",""taker_fee_bps_per_leg"":10.0,""total_friction_bps"":30.0}"
2026-09-06T15:31:37+00:00,cex_cross_spot,ADA:buy Gate / sell Bitget,ADA,buy Gate / sell Bitget,Bitget<->Gate,-4.134319,-34.134319,NO,104.06,"{""buy_ask"":0.21769,""buy_venue"":""Gate"",""extra_buffer_bps"":10.0,""note"":""Discovery snapshot only; assumes capital pre-positioned on both venues. Rebalancing, withdrawal, latency and deeper-book impact are not yet validated."",""sell_bid"":0.2176,""sell_venue"":""Bitget"",""source"":""wide_cex_hunter"",""taker_fee_bps_per_leg"":10.0,""total_friction_bps"":30.0}"
2026-09-06T15:31:37+00:00,cex_cross_spot,LINK:buy Bitget / sell Gate,LINK,buy Bitget / sell Gate,Bitget<->Gate,0.821220,-29.178780,NO,53.66,"{""buy_ask"":12.177,""buy_venue"":""Bitget"",""extra_buffer_bps"":10.0,""note"":""Discovery snapshot only; assumes capital pre-positioned on both venues. Rebalancing, withdrawal, latency and deeper-book impact are not yet validated."",""sell_bid"":12.178,""sell_venue"":""Gate"",""source"":""wide_cex_hunter"",""taker_fee_bps_per_leg"":10.0,""total_friction_bps"":30.0}"
2026-09-06T15:31:37+00:00,cex_cross_spot,LINK:buy Gate / sell Bitget,LINK,buy Gate / sell Bitget,Bitget<->Gate,-3.284072,-33.284072,NO,133.86,"{""buy_ask"":12.18,""buy_venue"":""Gate"",""extra_buffer_bps"":10.0,""note"":""Discovery snapshot only; assumes capital pre-positioned on both venues. Rebalancing, withdrawal, latency and deeper-book impact are not yet validated."",""sell_bid"":12.176,""sell_venue"":""Bitget"",""source"":""wide_cex_hunter"",""taker_fee_bps_per_leg"":10.0,""total_friction_bps"":30.0}"
2026-09-06T15:31:37+00:00,cex_cross_spot,LTC:buy Bitget / sell Gate,LTC,buy Bitget / sell Gate,Bitget<->Gate,-3.675119,-33.675119,NO,208.90,"{""buy_ask"":54.42,""buy_venue"":""Bitget"",""extra_buffer_bps"":10.0,""note"":""Discovery snapshot only; assumes capital pre-positioned on both venues. Rebalancing, withdrawal, latency and deeper-book impact are not yet validated."",""sell_bid"":54.4,""sell_venue"":""Gate"",""source"":""wide_cex_hunter"",""taker_fee_bps_per_leg"":10.0,""total_friction_bps"":30.0}"
2026-09-06T15:31:37+00:00,cex_cross_spot,LTC:buy Gate / sell Bitget,LTC,buy Gate / sell Bitget,Bitget<->Gate,-1.837897,-31.837897,NO,372.44,"{""buy_ask"":54.41,""buy_venue"":""Gate"",""extra_buffer_bps"":10.0,""note"":""Discovery snapshot only; assumes capital pre-positioned on both venues. Rebalancing, withdrawal, latency and deeper-book impact are not yet validated."",""sell_bid"":54.4,""sell_venue"":""Bitget"",""source"":""wide_cex_hunter"",""taker_fee_bps_per_leg"":10.0,""total_friction_bps"":30.0}"
2026-09-06T15:31:37+00:00,cex_cross_spot,BCH:buy Bitget / sell Gate,BCH,buy Bitget / sell Gate,Bitget<->Gate,-3.533569,-33.533569,NO,296.62,"{""buy_ask"":254.7,""buy_venue"":""Bitget"",""extra_buffer_bps"":10.0,""note"":""Discovery snapshot only; assumes capital pre-positioned on both venues. Rebalancing, withdrawal, latency and deeper-book impact are not yet validated."",""sell_bid"":254.61,""sell_venue"":""Gate"",""source"":""wide_cex_hunter"",""taker_fee_bps_per_leg"":10.0,""total_friction_bps"":30.0}"
2026-09-06T15:31:37+00:00,cex_cross_spot,BCH:buy Gate / sell Bitget,BCH,buy Gate / sell Bitget,Bitget<->Gate,-1.963479,-31.963479,NO,325.19,"{""buy_ask"":254.65,""buy_venue"":""Gate"",""extra_buffer_bps"":10.0,""note"":""Discovery snapshot only; assumes capital pre-positioned on both venues. Rebalancing, withdrawal, latency and deeper-book impact are not yet validated."",""sell_bid"":254.6,""sell_venue"":""Bitget"",""source"":""wide_cex_hunter"",""taker_fee_bps_per_leg"":10.0,""total_friction_bps"":30.0}"
2026-09-06T15:31:37+00:00,cex_cross_spot,AVAX:buy Bitget / sell Gate,AVAX,buy Bitget / sell Gate,Bitget<->Gate,-5.259006,-35.259006,NO,508.95,"{""buy_ask"":7.606,""buy_venue"":""Bitget"",""extra_buffer_bps"":10.0,""note"":""Discovery snapshot only; assumes capital pre-positioned on both venues. Rebalancing, withdrawal, latency and deeper-book impact are not yet validated."",""sell_bid"":7.602,""sell_venue"":""Gate"",""source"":""wide_cex_hunter"",""taker_fee_bps_per_leg"":10.0,""total_friction_bps"":30.0}"
2026-09-06T15:31:37+00:00,cex_cross_spot,AVAX:buy Gate / sell Bitget,AVAX,buy Gate / sell Bitget,Bitget<->Gate,1.315097,-28.684903,NO,239.28,"{""buy_ask"":7.604,""buy_venue"":""Gate"",""extra_buffer_bps"":10.0,""note"":""Discovery snapshot only; assumes capital pre-positioned on both venues. Rebalancing, withdrawal, latency and deeper-book impact are not yet validated."",""sell_bid"":7.605,""sell_venue"":""Bitget"",""source"":""wide_cex_hunter"",""taker_fee_bps_per_leg"":10.0,""total_friction_bps"":30.0}"
2026-09-06T15:31:37+00:00,cex_cross_spot,DOT:buy Bitget / sell Gate,DOT,buy Bitget / sell Gate,Bitget<->Gate,-8.421053,-38.421053,NO,4.94,"{""buy_ask"":0.95,""buy_venue"":""Bitget"",""extra_buffer_bps"":10.0,""note"":""Discovery snapshot only; assumes capital pre-positioned on both venues. Rebalancing, withdrawal, latency and deeper-book impact are not yet validated."",""sell_bid"":0.9492,""sell_venue"":""Gate"",""source"":""wide_cex_hunter"",""taker_fee_bps_per_leg"":10.0,""total_friction_bps"":30.0}"
2026-09-06T15:31:37+00:00,cex_cross_spot,DOT:buy Gate / sell Bitget,DOT,buy Gate / sell Bitget,Bitget<->Gate,-6.318450,-36.318450,NO,144.70,"{""buy_ask"":0.9496,""buy_venue"":""Gate"",""extra_buffer_bps"":10.0,""note"":""Discovery snapshot only; assumes capital pre-positioned on both venues. Rebalancing, withdrawal, latency and deeper-book impact are not yet validated."",""sell_bid"":0.949,""sell_venue"":""Bitget"",""source"":""wide_cex_hunter"",""taker_fee_bps_per_leg"":10.0,""total_friction_bps"":30.0}"
2026-09-06T15:31:37+00:00,cex_cross_spot,TRX:buy Bitget / sell Gate,TRX,buy Bitget / sell Gate,Bitget<->Gate,0.596694,-29.403306,NO,880.80,"{""buy_ask"":0.33518,""buy_venue"":""Bitget"",""extra_buffer_bps"":10.0,""note"":""Discovery snapshot only; assumes capital pre-positioned on both venues. Rebalancing, withdrawal, latency and deeper-book impact are not yet validated."",""sell_bid"":0.3352,""sell_venue"":""Gate"",""source"":""wide_cex_hunter"",""taker_fee_bps_per_leg"":10.0,""total_friction_bps"":30.0}"
2026-09-06T15:31:37+00:00,cex_cross_spot,TRX:buy Gate / sell Bitget,TRX,buy Gate / sell Bitget,Bitget<->Gate,-3.877125,-33.877125,NO,1753.29,"{""buy_ask"":0.3353,""buy_venue"":""Gate"",""extra_buffer_bps"":10.0,""note"":""Discovery snapshot only; assumes capital pre-positioned on both venues. Rebalancing, withdrawal, latency and deeper-book impact are not yet validated."",""sell_bid"":0.33517,""sell_venue"":""Bitget"",""source"":""wide_cex_hunter"",""taker_fee_bps_per_leg"":10.0,""total_friction_bps"":30.0}"
2026-09-06T15:31:37+00:00,cex_cross_spot,SUI:buy Bitget / sell Gate,SUI,buy Bitget / sell Gate,Bitget<->Gate,-1.267909,-31.267909,NO,185.79,"{""buy_ask"":0.7887,""buy_venue"":""Bitget"",""extra_buffer_bps"":10.0,""note"":""Discovery snapshot only; assumes capital pre-positioned on both venues. Rebalancing, withdrawal, latency and deeper-book impact are not yet validated."",""sell_bid"":0.7886,""sell_venue"":""Gate"",""source"":""wide_cex_hunter"",""taker_fee_bps_per_leg"":10.0,""total_friction_bps"":30.0}"
2026-09-06T15:31:37+00:00,cex_cross_spot,SUI:buy Gate / sell Bitget,SUI,buy Gate / sell Bitget,Bitget<->Gate,-2.535818,-32.535818,NO,214.75,"{""buy_ask"":0.7887,""buy_venue"":""Gate"",""extra_buffer_bps"":10.0,""note"":""Discovery snapshot only; assumes capital pre-positioned on both venues. Rebalancing, withdrawal, latency and deeper-book impact are not yet validated."",""sell_bid"":0.7885,""sell_venue"":""Bitget"",""source"":""wide_cex_hunter"",""taker_fee_bps_per_leg"":10.0,""total_friction_bps"":30.0}"
2026-09-06T15:31:37+00:00,cex_cross_spot,APT:buy Bitget / sell Gate,APT,buy Bitget / sell Gate,Bitget<->Gate,-13.044187,-43.044187,NO,79.58,"{""buy_ask"":0.6133,""buy_venue"":""Bitget"",""extra_buffer_bps"":10.0,""note"":""Discovery snapshot only; assumes capital pre-positioned on both venues. Rebalancing, withdrawal, latency and deeper-book impact are not yet validated."",""sell_bid"":0.6125,""sell_venue"":""Gate"",""source"":""wide_cex_hunter"",""taker_fee_bps_per_leg"":10.0,""total_friction_bps"":30.0}"
2026-09-06T15:31:37+00:00,cex_cross_spot,APT:buy Gate / sell Bitget,APT,buy Gate / sell Bitget,Bitget<->Gate,3.262643,-26.737357,NO,16.16,"{""buy_ask"":0.613,""buy_venue"":""Gate"",""extra_buffer_bps"":10.0,""note"":""Discovery snapshot only; assumes capital pre-positioned on both venues. Rebalancing, withdrawal, latency and deeper-book impact are not yet validated."",""sell_bid"":0.6132,""sell_venue"":""Bitget"",""source"":""wide_cex_hunter"",""taker_fee_bps_per_leg"":10.0,""total_friction_bps"":30.0}"
2026-09-06T15:31:37+00:00,cex_cross_spot,NEAR:buy Bitget / sell Gate,NEAR,buy Bitget / sell Gate,Bitget<->Gate,-4.222973,-34.222973,NO,326.14,"{""buy_ask"":2.368,""buy_venue"":""Bitget"",""extra_buffer_bps"":10.0,""note"":""Discovery snapshot only; assumes capital pre-positioned on both venues. Rebalancing, withdrawal, latency and deeper-book impact are not yet validated."",""sell_bid"":2.367,""sell_venue"":""Gate"",""source"":""wide_cex_hunter"",""taker_fee_bps_per_leg"":10.0,""total_friction_bps"":30.0}"
2026-09-06T15:31:37+00:00,cex_cross_spot,NEAR:buy Gate / sell Bitget,NEAR,buy Gate / sell Bitget,Bitget<->Gate,-8.445946,-38.445946,NO,443.74,"{""buy_ask"":2.368,""buy_venue"":""Gate"",""extra_buffer_bps"":10.0,""note"":""Discovery snapshot only; assumes capital pre-positioned on both venues. Rebalancing, withdrawal, latency and deeper-book impact are not yet validated."",""sell_bid"":2.366,""sell_venue"":""Bitget"",""source"":""wide_cex_hunter"",""taker_fee_bps_per_leg"":10.0,""total_friction_bps"":30.0}"
2026-09-06T17:09:49+00:00,cex_cross_spot,BTC:buy Bitget / sell Gate,BTC,buy Bitget / sell Gate,Bitget<->Gate,0.099252,-29.900748,NO,12923.97,"{""buy_ask"":79595.01,""buy_venue"":""Bitget"",""extra_buffer_bps"":10.0,""note"":""Discovery snapshot only; assumes capital pre-positioned on both venues. Rebalancing, withdrawal, latency and deeper-book impact are not yet validated."",""sell_bid"":79595.8,""sell_venue"":""Gate"",""source"":""wide_cex_hunter"",""taker_fee_bps_per_leg"":10.0,""total_friction_bps"":30.0}"
2026-09-06T17:09:49+00:00,cex_cross_spot,BTC:buy Gate / sell Bitget,BTC,buy Gate / sell Bitget,Bitget<->Gate,-0.113071,-30.113071,NO,1587.36,"{""buy_ask"":79595.9,""buy_venue"":""Gate"",""extra_buffer_bps"":10.0,""note"":""Discovery snapshot only; assumes capital pre-positioned on both venues. Rebalancing, withdrawal, latency and deeper-book impact are not yet validated."",""sell_bid"":79595.0,""sell_venue"":""Bitget"",""source"":""wide_cex_hunter"",""taker_fee_bps_per_leg"":10.0,""total_friction_bps"":30.0}"
2026-09-06T17:09:49+00:00,cex_cross_spot,ETH:buy Bitget / sell Gate,ETH,buy Bitget / sell Gate,Bitget<->Gate,-1.128436,-31.128436,NO,16259.43,"{""buy_ask"":2481.31,""buy_venue"":""Bitget"",""extra_buffer_bps"":10.0,""note"":""Discovery snapshot only; assumes capital pre-positioned on both venues. Rebalancing, withdrawal, latency and deeper-book impact are not yet validated."",""sell_bid"":2481.03,""sell_venue"":""Gate"",""source"":""wide_cex_hunter"",""taker_fee_bps_per_leg"":10.0,""total_friction_bps"":30.0}"
2026-09-06T17:09:49+00:00,cex_cross_spot,ETH:buy Gate / sell Bitget,ETH,buy Gate / sell Bitget,Bitget<->Gate,1.047948,-28.952052,NO,1161.37,"{""buy_ask"":2481.04,""buy_venue"":""Gate"",""extra_buffer_bps"":10.0,""note"":""Discovery snapshot only; assumes capital pre-positioned on both venues. Rebalancing, withdrawal, latency and deeper-book impact are not yet validated."",""sell_bid"":2481.3,""sell_venue"":""Bitget"",""source"":""wide_cex_hunter"",""taker_fee_bps_per_leg"":10.0,""total_friction_bps"":30.0}"
2026-09-06T17:09:49+00:00,cex_cross_spot,SOL:buy Bitget / sell Gate,SOL,buy Bitget / sell Gate,Bitget<->Gate,-0.947149,-30.947149,NO,2431.70,"{""buy_ask"":105.58,""buy_venue"":""Bitget"",""extra_buffer_bps"":10.0,""note"":""Discovery snapshot only; assumes capital pre-positioned on both venues. Rebalancing, withdrawal, latency and deeper-book impact are not yet validated."",""sell_bid"":105.57,""sell_venue"":""Gate"",""source"":""wide_cex_hunter"",""taker_fee_bps_per_leg"":10.0,""total_friction_bps"":30.0}"
2026-09-06T17:09:49+00:00,cex_cross_spot,SOL:buy Gate / sell Bitget,SOL,buy Gate / sell Bitget,Bitget<->Gate,-1.894119,-31.894119,NO,1161.49,"{""buy_ask"":105.59,""buy_venue"":""Gate"",""extra_buffer_bps"":10.0,""note"":""Discovery snapshot only; assumes capital pre-positioned on both venues. Rebalancing, withdrawal, latency and deeper-book impact are not yet validated."",""sell_bid"":105.57,""sell_venue"":""Bitget"",""source"":""wide_cex_hunter"",""taker_fee_bps_per_leg"":10.0,""total_friction_bps"":30.0}"
2026-09-06T17:09:49+00:00,cex_cross_spot,XRP:buy Bitget / sell Gate,XRP,buy Bitget / sell Gate,Bitget<->Gate,0.710379,-29.289621,NO,84.61,"{""buy_ask"":1.4077,""buy_venue"":""Bitget"",""extra_buffer_bps"":10.0,""note"":""Discovery snapshot only; assumes capital pre-positioned on both venues. Rebalancing, withdrawal, latency and deeper-book impact are not yet validated."",""sell_bid"":1.4078,""sell_venue"":""Gate"",""source"":""wide_cex_hunter"",""taker_fee_bps_per_leg"":10.0,""total_friction_bps"":30.0}"
2026-09-06T17:09:49+00:00,cex_cross_spot,XRP:buy Gate / sell Bitget,XRP,buy Gate / sell Bitget,Bitget<->Gate,-2.130833,-32.130833,NO,759.89,"{""buy_ask"":1.4079,""buy_venue"":""Gate"",""extra_buffer_bps"":10.0,""note"":""Discovery snapshot only; assumes capital pre-positioned on both venues. Rebalancing, withdrawal, latency and deeper-book impact are not yet validated."",""sell_bid"":1.4076,""sell_venue"":""Bitget"",""source"":""wide_cex_hunter"",""taker_fee_bps_per_leg"":10.0,""total_friction_bps"":30.0}"
2026-09-06T17:09:49+00:00,cex_cross_spot,DOGE:buy Bitget / sell Gate,DOGE,buy Bitget / sell Gate,Bitget<->Gate,-2.247949,-32.247949,NO,138.20,"{""buy_ask"":0.08897,""buy_venue"":""Bitget"",""extra_buffer_bps"":10.0,""note"":""Discovery snapshot only; assumes capital pre-positioned on both venues. Rebalancing, withdrawal, latency and deeper-book impact are not yet validated."",""sell_bid"":0.08895,""sell_venue"":""Gate"",""source"":""wide_cex_hunter"",""taker_fee_bps_per_leg"":10.0,""total_friction_bps"":30.0}"
2026-09-06T17:09:49+00:00,cex_cross_spot,DOGE:buy Gate / sell Bitget,DOGE,buy Gate / sell Bitget,Bitget<->Gate,0.000000,-30.000000,NO,38.41,"{""buy_ask"":0.08896,""buy_venue"":""Gate"",""extra_buffer_bps"":10.0,""note"":""Discovery snapshot only; assumes capital pre-positioned on both venues. Rebalancing, withdrawal, latency and deeper-book impact are not yet validated."",""sell_bid"":0.08896,""sell_venue"":""Bitget"",""source"":""wide_cex_hunter"",""taker_fee_bps_per_leg"":10.0,""total_friction_bps"":30.0}"
2026-09-06T17:09:49+00:00,cex_cross_spot,ADA:buy Bitget / sell Gate,ADA,buy Bitget / sell Gate,Bitget<->Gate,-5.512173,-35.512173,NO,174.06,"{""buy_ask"":0.2177,""buy_venue"":""Bitget"",""extra_buffer_bps"":10.0,""note"":""Discovery snapshot only; assumes capital pre-positioned on both venues. Rebalancing, withdrawal, latency and deeper-book impact are not yet validated."",""sell_bid"":0.21758,""sell_venue"":""Gate"",""source"":""wide_cex_hunter"",""taker_fee_bps_per_leg"":10.0,""total_friction_bps"":30.0}"
2026-09-06T17:09:49+00:00,cex_cross_spot,ADA:buy Gate / sell Bitget,ADA,buy Gate / sell Bitget,Bitget<->Gate,-2.756593,-32.756593,NO,104.04,"{""buy_ask"":0.21766,""buy_venue"":""Gate"",""extra_buffer_bps"":10.0,""note"":""Discovery snapshot only; assumes capital pre-positioned on both venues. Rebalancing, withdrawal, latency and deeper-book impact are not yet validated."",""sell_bid"":0.2176,""sell_venue"":""Bitget"",""source"":""wide_cex_hunter"",""taker_fee_bps_per_leg"":10.0,""total_friction_bps"":30.0}"
2026-09-06T17:09:49+00:00,cex_cross_spot,LINK:buy Bitget / sell Gate,LINK,buy Bitget / sell Gate,Bitget<->Gate,-0.815528,-30.815528,NO,79.27,"{""buy_ask"":12.262,""buy_venue"":""Bitget"",""extra_buffer_bps"":10.0,""note"":""Discovery snapshot only; assumes capital pre-positioned on both venues. Rebalancing, withdrawal, latency and deeper-book impact are not yet validated."",""sell_bid"":12.261,""sell_venue"":""Gate"",""source"":""wide_cex_hunter"",""taker_fee_bps_per_leg"":10.0,""total_friction_bps"":30.0}"
2026-09-06T17:09:49+00:00,cex_cross_spot,LINK:buy Gate / sell Bitget,LINK,buy Gate / sell Bitget,Bitget<->Gate,-4.076973,-34.076973,NO,74.20,"{""buy_ask"":12.264,""buy_venue"":""Gate"",""extra_buffer_bps"":10.0,""note"":""Discovery snapshot only; assumes capital pre-positioned on both venues. Rebalancing, withdrawal, latency and deeper-book impact are not yet validated."",""sell_bid"":12.259,""sell_venue"":""Bitget"",""source"":""wide_cex_hunter"",""taker_fee_bps_per_leg"":10.0,""total_friction_bps"":30.0}"
2026-09-06T17:09:49+00:00,cex_cross_spot,LTC:buy Bitget / sell Gate,LTC,buy Bitget / sell Gate,Bitget<->Gate,-5.506608,-35.506608,NO,133.13,"{""buy_ask"":54.48,""buy_venue"":""Bitget"",""extra_buffer_bps"":10.0,""note"":""Discovery snapshot only; assumes capital pre-positioned on both venues. Rebalancing, withdrawal, latency and deeper-book impact are not yet validated."",""sell_bid"":54.45,""sell_venue"":""Gate"",""source"":""wide_cex_hunter"",""taker_fee_bps_per_leg"":10.0,""total_friction_bps"":30.0}"
2026-09-06T17:09:49+00:00,cex_cross_spot,LTC:buy Gate / sell Bitget,LTC,buy Gate / sell Bitget,Bitget<->Gate,0.000000,-30.000000,NO,139.53,"{""buy_ask"":54.46,""buy_venue"":""Gate"",""extra_buffer_bps"":10.0,""note"":""Discovery snapshot only; assumes capital pre-positioned on both venues. Rebalancing, withdrawal, latency and deeper-book impact are not yet validated."",""sell_bid"":54.46,""sell_venue"":""Bitget"",""source"":""wide_cex_hunter"",""taker_fee_bps_per_leg"":10.0,""total_friction_bps"":30.0}"
2026-09-06T17:09:49+00:00,cex_cross_spot,BCH:buy Bitget / sell Gate,BCH,buy Bitget / sell Gate,Bitget<->Gate,-9.378664,-39.378664,NO,142.91,"{""buy_ask"":255.9,""buy_venue"":""Bitget"",""extra_buffer_bps"":10.0,""note"":""Discovery snapshot only; assumes capital pre-positioned on both venues. Rebalancing, withdrawal, latency and deeper-book impact are not yet validated."",""sell_bid"":255.66,""sell_venue"":""Gate"",""source"":""wide_cex_hunter"",""taker_fee_bps_per_leg"":10.0,""total_friction_bps"":30.0}"
2026-09-06T17:09:49+00:00,cex_cross_spot,BCH:buy Gate / sell Bitget,BCH,buy Gate / sell Bitget,Bitget<->Gate,-1.563477,-31.563477,NO,238.07,"{""buy_ask"":255.84,""buy_venue"":""Gate"",""extra_buffer_bps"":10.0,""note"":""Discovery snapshot only; assumes capital pre-positioned on both venues. Rebalancing, withdrawal, latency and deeper-book impact are not yet validated."",""sell_bid"":255.8,""sell_venue"":""Bitget"",""source"":""wide_cex_hunter"",""taker_fee_bps_per_leg"":10.0,""total_friction_bps"":30.0}"
2026-09-06T17:09:49+00:00,cex_cross_spot,AVAX:buy Bitget / sell Gate,AVAX,buy Bitget / sell Gate,Bitget<->Gate,-2.625706,-32.625706,NO,299.78,"{""buy_ask"":7.617,""buy_venue"":""Bitget"",""extra_buffer_bps"":10.0,""note"":""Discovery snapshot only; assumes capital pre-positioned on both venues. Rebalancing, withdrawal, latency and deeper-book impact are not yet validated."",""sell_bid"":7.615,""sell_venue"":""Gate"",""source"":""wide_cex_hunter"",""taker_fee_bps_per_leg"":10.0,""total_friction_bps"":30.0}"
2026-09-06T17:09:49+00:00,cex_cross_spot,AVAX:buy Gate / sell Bitget,AVAX,buy Gate / sell Bitget,Bitget<->Gate,-2.625361,-32.625361,NO,124.20,"{""buy_ask"":7.618,""buy_venue"":""Gate"",""extra_buffer_bps"":10.0,""note"":""Discovery snapshot only; assumes capital pre-positioned on both venues. Rebalancing, withdrawal, latency and deeper-book impact are not yet validated."",""sell_bid"":7.616,""sell_venue"":""Bitget"",""source"":""wide_cex_hunter"",""taker_fee_bps_per_leg"":10.0,""total_friction_bps"":30.0}"
2026-09-06T17:09:49+00:00,cex_cross_spot,DOT:buy Bitget / sell Gate,DOT,buy Bitget / sell Gate,Bitget<->Gate,-8.281573,-38.281573,NO,4.92,"{""buy_ask"":0.966,""buy_venue"":""Bitget"",""extra_buffer_bps"":10.0,""note"":""Discovery snapshot only; assumes capital pre-positioned on both venues. Rebalancing, withdrawal, latency and deeper-book impact are not yet validated."",""sell_bid"":0.9652,""sell_venue"":""Gate"",""source"":""wide_cex_hunter"",""taker_fee_bps_per_leg"":10.0,""total_friction_bps"":30.0}"
2026-09-06T17:09:49+00:00,cex_cross_spot,DOT:buy Gate / sell Bitget,DOT,buy Gate / sell Bitget,Bitget<->Gate,-5.178664,-35.178664,NO,116.23,"{""buy_ask"":0.9655,""buy_venue"":""Gate"",""extra_buffer_bps"":10.0,""note"":""Discovery snapshot only; assumes capital pre-positioned on both venues. Rebalancing, withdrawal, latency and deeper-book impact are not yet validated."",""sell_bid"":0.965,""sell_venue"":""Bitget"",""source"":""wide_cex_hunter"",""taker_fee_bps_per_leg"":10.0,""total_friction_bps"":30.0}"
2026-09-06T17:09:49+00:00,cex_cross_spot,TRX:buy Bitget / sell Gate,TRX,buy Bitget / sell Gate,Bitget<->Gate,0.000000,-30.000000,NO,605.70,"{""buy_ask"":0.3353,""buy_venue"":""Bitget"",""extra_buffer_bps"":10.0,""note"":""Discovery snapshot only; assumes capital pre-positioned on both venues. Rebalancing, withdrawal, latency and deeper-book impact are not yet validated."",""sell_bid"":0.3353,""sell_venue"":""Gate"",""source"":""wide_cex_hunter"",""taker_fee_bps_per_leg"":10.0,""total_friction_bps"":30.0}"
2026-09-06T17:09:49+00:00,cex_cross_spot,TRX:buy Gate / sell Bitget,TRX,buy Gate / sell Bitget,Bitget<->Gate,-3.279666,-33.279666,NO,394.28,"{""buy_ask"":0.3354,""buy_venue"":""Gate"",""extra_buffer_bps"":10.0,""note"":""Discovery snapshot only; assumes capital pre-positioned on both venues. Rebalancing, withdrawal, latency and deeper-book impact are not yet validated."",""sell_bid"":0.33529,""sell_venue"":""Bitget"",""source"":""wide_cex_hunter"",""taker_fee_bps_per_leg"":10.0,""total_friction_bps"":30.0}"
2026-09-06T17:09:49+00:00,cex_cross_spot,SUI:buy Bitget / sell Gate,SUI,buy Bitget / sell Gate,Bitget<->Gate,-1.259287,-31.259287,NO,16.31,"{""buy_ask"":0.7941,""buy_venue"":""Bitget"",""extra_buffer_bps"":10.0,""note"":""Discovery snapshot only; assumes capital pre-positioned on both venues. Rebalancing, withdrawal, latency and deeper-book impact are not yet validated."",""sell_bid"":0.794,""sell_venue"":""Gate"",""source"":""wide_cex_hunter"",""taker_fee_bps_per_leg"":10.0,""total_friction_bps"":30.0}"
2026-09-06T17:09:49+00:00,cex_cross_spot,SUI:buy Gate / sell Bitget,SUI,buy Gate / sell Bitget,Bitget<->Gate,-1.259287,-31.259287,NO,139.33,"{""buy_ask"":0.7941,""buy_venue"":""Gate"",""extra_buffer_bps"":10.0,""note"":""Discovery snapshot only; assumes capital pre-positioned on both venues. Rebalancing, withdrawal, latency and deeper-book impact are not yet validated."",""sell_bid"":0.794,""sell_venue"":""Bitget"",""source"":""wide_cex_hunter"",""taker_fee_bps_per_leg"":10.0,""total_friction_bps"":30.0}"
2026-09-06T17:09:49+00:00,cex_cross_spot,APT:buy Bitget / sell Gate,APT,buy Bitget / sell Gate,Bitget<->Gate,-4.855940,-34.855940,NO,53.45,"{""buy_ask"":0.6178,""buy_venue"":""Bitget"",""extra_buffer_bps"":10.0,""note"":""Discovery snapshot only; assumes capital pre-positioned on both venues. Rebalancing, withdrawal, latency and deeper-book impact are not yet validated."",""sell_bid"":0.6175,""sell_venue"":""Gate"",""source"":""wide_cex_hunter"",""taker_fee_bps_per_leg"":10.0,""total_friction_bps"":30.0}"
2026-09-06T17:09:49+00:00,cex_cross_spot,APT:buy Gate / sell Bitget,APT,buy Gate / sell Bitget,Bitget<->Gate,-3.236770,-33.236770,NO,65.14,"{""buy_ask"":0.6179,""buy_venue"":""Gate"",""extra_buffer_bps"":10.0,""note"":""Discovery snapshot only; assumes capital pre-positioned on both venues. Rebalancing, withdrawal, latency and deeper-book impact are not yet validated."",""sell_bid"":0.6177,""sell_venue"":""Bitget"",""source"":""wide_cex_hunter"",""taker_fee_bps_per_leg"":10.0,""total_friction_bps"":30.0}"
2026-09-06T17:09:49+00:00,cex_cross_spot,NEAR:buy Bitget / sell Gate,NEAR,buy Bitget / sell Gate,Bitget<->Gate,-16.659725,-46.659725,NO,889.55,"{""buy_ask"":2.401,""buy_venue"":""Bitget"",""extra_buffer_bps"":10.0,""note"":""Discovery snapshot only; assumes capital pre-positioned on both venues. Rebalancing, withdrawal, latency and deeper-book impact are not yet validated."",""sell_bid"":2.397,""sell_venue"":""Gate"",""source"":""wide_cex_hunter"",""taker_fee_bps_per_leg"":10.0,""total_friction_bps"":30.0}"
2026-09-06T17:09:49+00:00,cex_cross_spot,NEAR:buy Gate / sell Bitget,NEAR,buy Gate / sell Bitget,Bitget<->Gate,0.000000,-30.000000,NO,171.36,"{""buy_ask"":2.399,""buy_venue"":""Gate"",""extra_buffer_bps"":10.0,""note"":""Discovery snapshot only; assumes capital pre-positioned on both venues. Rebalancing, withdrawal, latency and deeper-book impact are not yet validated."",""sell_bid"":2.399,""sell_venue"":""Bitget"",""source"":""wide_cex_hunter"",""taker_fee_bps_per_leg"":10.0,""total_friction_bps"":30.0}"
2026-09-06T18:07:22+00:00,cex_cross_spot,BTC:buy Bitget / sell Gate,BTC,buy Bitget / sell Gate,Bitget<->Gate,0.661564,-29.338436,NO,5963.70,"{""buy_ask"":79810.82,""buy_venue"":""Bitget"",""extra_buffer_bps"":10.0,""note"":""Discovery snapshot only; assumes capital pre-positioned on both venues. Rebalancing, withdrawal, latency and deeper-book impact are not yet validated."",""sell_bid"":79816.1,""sell_venue"":""Gate"",""source"":""wide_cex_hunter"",""taker_fee_bps_per_leg"":10.0,""total_friction_bps"":30.0}"
2026-09-06T18:07:22+00:00,cex_cross_spot,BTC:buy Gate / sell Bitget,BTC,buy Gate / sell Bitget,Bitget<->Gate,-0.675302,-30.675302,NO,10478.19,"{""buy_ask"":79816.2,""buy_venue"":""Gate"",""extra_buffer_bps"":10.0,""note"":""Discovery snapshot only; assumes capital pre-positioned on both venues. Rebalancing, withdrawal, latency and deeper-book impact are not yet validated."",""sell_bid"":79810.81,""sell_venue"":""Bitget"",""source"":""wide_cex_hunter"",""taker_fee_bps_per_leg"":10.0,""total_friction_bps"":30.0}"
2026-09-06T18:07:22+00:00,cex_cross_spot,ETH:buy Bitget / sell Gate,ETH,buy Bitget / sell Gate,Bitget<->Gate,0.521404,-29.478596,NO,10352.60,"{""buy_ask"":2493.27,""buy_venue"":""Bitget"",""extra_buffer_bps"":10.0,""note"":""Discovery snapshot only; assumes capital pre-positioned on both venues. Rebalancing, withdrawal, latency and deeper-book impact are not yet validated."",""sell_bid"":2493.4,""sell_venue"":""Gate"",""source"":""wide_cex_hunter"",""taker_fee_bps_per_leg"":10.0,""total_friction_bps"":30.0}"
2026-09-06T18:07:22+00:00,cex_cross_spot,ETH:buy Gate / sell Bitget,ETH,buy Gate / sell Bitget,Bitget<->Gate,-0.601586,-30.601586,NO,6066.72,"{""buy_ask"":2493.41,""buy_venue"":""Gate"",""extra_buffer_bps"":10.0,""note"":""Discovery snapshot only; assumes capital pre-positioned on both venues. Rebalancing, withdrawal, latency and deeper-book impact are not yet validated."",""sell_bid"":2493.26,""sell_venue"":""Bitget"",""source"":""wide_cex_hunter"",""taker_fee_bps_per_leg"":10.0,""total_friction_bps"":30.0}"
2026-09-06T18:07:22+00:00,cex_cross_spot,SOL:buy Bitget / sell Gate,SOL,buy Bitget / sell Gate,Bitget<->Gate,0.000000,-30.000000,NO,711.17,"{""buy_ask"":106.32,""buy_venue"":""Bitget"",""extra_buffer_bps"":10.0,""note"":""Discovery snapshot only; assumes capital pre-positioned on both venues. Rebalancing, withdrawal, latency and deeper-book impact are not yet validated."",""sell_bid"":106.32,""sell_venue"":""Gate"",""source"":""wide_cex_hunter"",""taker_fee_bps_per_leg"":10.0,""total_friction_bps"":30.0}"
2026-09-06T18:07:22+00:00,cex_cross_spot,SOL:buy Gate / sell Bitget,SOL,buy Gate / sell Bitget,Bitget<->Gate,-1.880937,-31.880937,NO,1619.42,"{""buy_ask"":106.33,""buy_venue"":""Gate"",""extra_buffer_bps"":10.0,""note"":""Discovery snapshot only; assumes capital pre-positioned on both venues. Rebalancing, withdrawal, latency and deeper-book impact are not yet validated."",""sell_bid"":106.31,""sell_venue"":""Bitget"",""source"":""wide_cex_hunter"",""taker_fee_bps_per_leg"":10.0,""total_friction_bps"":30.0}"
2026-09-06T18:07:22+00:00,cex_cross_spot,XRP:buy Bitget / sell Gate,XRP,buy Bitget / sell Gate,Bitget<->Gate,-1.417836,-31.417836,NO,211.70,"{""buy_ask"":1.4106,""buy_venue"":""Bitget"",""extra_buffer_bps"":10.0,""note"":""Discovery snapshot only; assumes capital pre-positioned on both venues. Rebalancing, withdrawal, latency and deeper-book impact are not yet validated."",""sell_bid"":1.4104,""sell_venue"":""Gate"",""source"":""wide_cex_hunter"",""taker_fee_bps_per_leg"":10.0,""total_friction_bps"":30.0}"
2026-09-06T18:07:22+00:00,cex_cross_spot,XRP:buy Gate / sell Bitget,XRP,buy Gate / sell Bitget,Bitget<->Gate,-0.708918,-30.708918,NO,257.86,"{""buy_ask"":1.4106,""buy_venue"":""Gate"",""extra_buffer_bps"":10.0,""note"":""Discovery snapshot only; assumes capital pre-positioned on both venues. Rebalancing, withdrawal, latency and deeper-book impact are not yet validated."",""sell_bid"":1.4105,""sell_venue"":""Bitget"",""source"":""wide_cex_hunter"",""taker_fee_bps_per_leg"":10.0,""total_friction_bps"":30.0}"
2026-09-06T18:07:22+00:00,cex_cross_spot,DOGE:buy Bitget / sell Gate,DOGE,buy Bitget / sell Gate,Bitget<->Gate,-2.241147,-32.241147,NO,427.74,"{""buy_ask"":0.08924,""buy_venue"":""Bitget"",""extra_buffer_bps"":10.0,""note"":""Discovery snapshot only; assumes capital pre-positioned on both venues. Rebalancing, withdrawal, latency and deeper-book impact are not yet validated."",""sell_bid"":0.08922,""sell_venue"":""Gate"",""source"":""wide_cex_hunter"",""taker_fee_bps_per_leg"":10.0,""total_friction_bps"":30.0}"
2026-09-06T18:07:22+00:00,cex_cross_spot,DOGE:buy Gate / sell Bitget,DOGE,buy Gate / sell Bitget,Bitget<->Gate,0.000000,-30.000000,NO,533.29,"{""buy_ask"":0.08923,""buy_venue"":""Gate"",""extra_buffer_bps"":10.0,""note"":""Discovery snapshot only; assumes capital pre-positioned on both venues. Rebalancing, withdrawal, latency and deeper-book impact are not yet validated."",""sell_bid"":0.08923,""sell_venue"":""Bitget"",""source"":""wide_cex_hunter"",""taker_fee_bps_per_leg"":10.0,""total_friction_bps"":30.0}"
2026-09-06T18:07:22+00:00,cex_cross_spot,ADA:buy Bitget / sell Gate,ADA,buy Bitget / sell Gate,Bitget<->Gate,-3.656307,-33.656307,NO,51.62,"{""buy_ask"":0.2188,""buy_venue"":""Bitget"",""extra_buffer_bps"":10.0,""note"":""Discovery snapshot only; assumes capital pre-positioned on both venues. Rebalancing, withdrawal, latency and deeper-book impact are not yet validated."",""sell_bid"":0.21872,""sell_venue"":""Gate"",""source"":""wide_cex_hunter"",""taker_fee_bps_per_leg"":10.0,""total_friction_bps"":30.0}"
2026-09-06T18:07:22+00:00,cex_cross_spot,ADA:buy Gate / sell Bitget,ADA,buy Gate / sell Bitget,Bitget<->Gate,-2.742732,-32.742732,NO,104.57,"{""buy_ask"":0.21876,""buy_venue"":""Gate"",""extra_buffer_bps"":10.0,""note"":""Discovery snapshot only; assumes capital pre-positioned on both venues. Rebalancing, withdrawal, latency and deeper-book impact are not yet validated."",""sell_bid"":0.2187,""sell_venue"":""Bitget"",""source"":""wide_cex_hunter"",""taker_fee_bps_per_leg"":10.0,""total_friction_bps"":30.0}"
2026-09-06T18:07:22+00:00,cex_cross_spot,LINK:buy Bitget / sell Gate,LINK,buy Bitget / sell Gate,Bitget<->Gate,-3.247280,-33.247280,NO,74.79,"{""buy_ask"":12.318,""buy_venue"":""Bitget"",""extra_buffer_bps"":10.0,""note"":""Discovery snapshot only; assumes capital pre-positioned on both venues. Rebalancing, withdrawal, latency and deeper-book impact are not yet validated."",""sell_bid"":12.314,""sell_venue"":""Gate"",""source"":""wide_cex_hunter"",""taker_fee_bps_per_leg"":10.0,""total_friction_bps"":30.0}"
2026-09-06T18:07:22+00:00,cex_cross_spot,LINK:buy Gate / sell Bitget,LINK,buy Gate / sell Bitget,Bitget<->Gate,-3.247808,-33.247808,NO,222.23,"{""buy_ask"":12.316,""buy_venue"":""Gate"",""extra_buffer_bps"":10.0,""note"":""Discovery snapshot only; assumes capital pre-positioned on both venues. Rebalancing, withdrawal, latency and deeper-book impact are not yet validated."",""sell_bid"":12.312,""sell_venue"":""Bitget"",""source"":""wide_cex_hunter"",""taker_fee_bps_per_leg"":10.0,""total_friction_bps"":30.0}"
2026-09-06T18:07:22+00:00,cex_cross_spot,LTC:buy Bitget / sell Gate,LTC,buy Bitget / sell Gate,Bitget<->Gate,-9.221689,-39.221689,NO,534.17,"{""buy_ask"":54.22,""buy_venue"":""Bitget"",""extra_buffer_bps"":10.0,""note"":""Discovery snapshot only; assumes capital pre-positioned on both venues. Rebalancing, withdrawal, latency and deeper-book impact are not yet validated."",""sell_bid"":54.17,""sell_venue"":""Gate"",""source"":""wide_cex_hunter"",""taker_fee_bps_per_leg"":10.0,""total_friction_bps"":30.0}"
2026-09-06T18:07:22+00:00,cex_cross_spot,LTC:buy Gate / sell Bitget,LTC,buy Gate / sell Bitget,Bitget<->Gate,0.000000,-30.000000,NO,247.49,"{""buy_ask"":54.19,""buy_venue"":""Gate"",""extra_buffer_bps"":10.0,""note"":""Discovery snapshot only; assumes capital pre-positioned on both venues. Rebalancing, withdrawal, latency and deeper-book impact are not yet validated."",""sell_bid"":54.19,""sell_venue"":""Bitget"",""source"":""wide_cex_hunter"",""taker_fee_bps_per_leg"":10.0,""total_friction_bps"":30.0}"
2026-09-06T18:07:22+00:00,cex_cross_spot,BCH:buy Bitget / sell Gate,BCH,buy Bitget / sell Gate,Bitget<->Gate,-3.897116,-33.897116,NO,94.89,"{""buy_ask"":256.6,""buy_venue"":""Bitget"",""extra_buffer_bps"":10.0,""note"":""Discovery snapshot only; assumes capital pre-positioned on both venues. Rebalancing, withdrawal, latency and deeper-book impact are not yet validated."",""sell_bid"":256.5,""sell_venue"":""Gate"",""source"":""wide_cex_hunter"",""taker_fee_bps_per_leg"":10.0,""total_friction_bps"":30.0}"
2026-09-06T18:07:22+00:00,cex_cross_spot,BCH:buy Gate / sell Bitget,BCH,buy Gate / sell Bitget,Bitget<->Gate,-5.065659,-35.065659,NO,3.59,"{""buy_ask"":256.63,""buy_venue"":""Gate"",""extra_buffer_bps"":10.0,""note"":""Discovery snapshot only; assumes capital pre-positioned on both venues. Rebalancing, withdrawal, latency and deeper-book impact are not yet validated."",""sell_bid"":256.5,""sell_venue"":""Bitget"",""source"":""wide_cex_hunter"",""taker_fee_bps_per_leg"":10.0,""total_friction_bps"":30.0}"
2026-09-06T18:07:22+00:00,cex_cross_spot,AVAX:buy Bitget / sell Gate,AVAX,buy Bitget / sell Gate,Bitget<->Gate,-2.621232,-32.621232,NO,393.03,"{""buy_ask"":7.63,""buy_venue"":""Bitget"",""extra_buffer_bps"":10.0,""note"":""Discovery snapshot only; assumes capital pre-positioned on both venues. Rebalancing, withdrawal, latency and deeper-book impact are not yet validated."",""sell_bid"":7.628,""sell_venue"":""Gate"",""source"":""wide_cex_hunter"",""taker_fee_bps_per_leg"":10.0,""total_friction_bps"":30.0}"
2026-09-06T18:07:22+00:00,cex_cross_spot,AVAX:buy Gate / sell Bitget,AVAX,buy Gate / sell Bitget,Bitget<->Gate,-2.621232,-32.621232,NO,118.02,"{""buy_ask"":7.63,""buy_venue"":""Gate"",""extra_buffer_bps"":10.0,""note"":""Discovery snapshot only; assumes capital pre-positioned on both venues. Rebalancing, withdrawal, latency and deeper-book impact are not yet validated."",""sell_bid"":7.628,""sell_venue"":""Bitget"",""source"":""wide_cex_hunter"",""taker_fee_bps_per_leg"":10.0,""total_friction_bps"":30.0}"
2026-09-06T18:07:22+00:00,cex_cross_spot,DOT:buy Bitget / sell Gate,DOT,buy Bitget / sell Gate,Bitget<->Gate,-5.208333,-35.208333,NO,167.72,"{""buy_ask"":0.96,""buy_venue"":""Bitget"",""extra_buffer_bps"":10.0,""note"":""Discovery snapshot only; assumes capital pre-positioned on both venues. Rebalancing, withdrawal, latency and deeper-book impact are not yet validated."",""sell_bid"":0.9595,""sell_venue"":""Gate"",""source"":""wide_cex_hunter"",""taker_fee_bps_per_leg"":10.0,""total_friction_bps"":30.0}"
2026-09-06T18:07:22+00:00,cex_cross_spot,DOT:buy Gate / sell Bitget,DOT,buy Gate / sell Bitget,Bitget<->Gate,-8.335070,-38.335070,NO,4.89,"{""buy_ask"":0.9598,""buy_venue"":""Gate"",""extra_buffer_bps"":10.0,""note"":""Discovery snapshot only; assumes capital pre-positioned on both venues. Rebalancing, withdrawal, latency and deeper-book impact are not yet validated."",""sell_bid"":0.959,""sell_venue"":""Bitget"",""source"":""wide_cex_hunter"",""taker_fee_bps_per_leg"":10.0,""total_friction_bps"":30.0}"
2026-09-06T18:07:22+00:00,cex_cross_spot,TRX:buy Bitget / sell Gate,TRX,buy Bitget / sell Gate,Bitget<->Gate,-0.298320,-30.298320,NO,729.20,"{""buy_ask"":0.33521,""buy_venue"":""Bitget"",""extra_buffer_bps"":10.0,""note"":""Discovery snapshot only; assumes capital pre-positioned on both venues. Rebalancing, withdrawal, latency and deeper-book impact are not yet validated."",""sell_bid"":0.3352,""sell_venue"":""Gate"",""source"":""wide_cex_hunter"",""taker_fee_bps_per_leg"":10.0,""total_friction_bps"":30.0}"
2026-09-06T18:07:22+00:00,cex_cross_spot,TRX:buy Gate / sell Bitget,TRX,buy Gate / sell Bitget,Bitget<->Gate,-2.982404,-32.982404,NO,87.50,"{""buy_ask"":0.3353,""buy_venue"":""Gate"",""extra_buffer_bps"":10.0,""note"":""Discovery snapshot only; assumes capital pre-positioned on both venues. Rebalancing, withdrawal, latency and deeper-book impact are not yet validated."",""sell_bid"":0.3352,""sell_venue"":""Bitget"",""source"":""wide_cex_hunter"",""taker_fee_bps_per_leg"":10.0,""total_friction_bps"":30.0}"
2026-09-06T18:07:22+00:00,cex_cross_spot,SUI:buy Bitget / sell Gate,SUI,buy Bitget / sell Gate,Bitget<->Gate,0.000000,-30.000000,NO,36.71,"{""buy_ask"":0.7965,""buy_venue"":""Bitget"",""extra_buffer_bps"":10.0,""note"":""Discovery snapshot only; assumes capital pre-positioned on both venues. Rebalancing, withdrawal, latency and deeper-book impact are not yet validated."",""sell_bid"":0.7965,""sell_venue"":""Gate"",""source"":""wide_cex_hunter"",""taker_fee_bps_per_leg"":10.0,""total_friction_bps"":30.0}"
2026-09-06T18:07:22+00:00,cex_cross_spot,SUI:buy Gate / sell Bitget,SUI,buy Gate / sell Bitget,Bitget<->Gate,-2.510670,-32.510670,NO,108.84,"{""buy_ask"":0.7966,""buy_venue"":""Gate"",""extra_buffer_bps"":10.0,""note"":""Discovery snapshot only; assumes capital pre-positioned on both venues. Rebalancing, withdrawal, latency and deeper-book impact are not yet validated."",""sell_bid"":0.7964,""sell_venue"":""Bitget"",""source"":""wide_cex_hunter"",""taker_fee_bps_per_leg"":10.0,""total_friction_bps"":30.0}"
2026-09-06T18:07:22+00:00,cex_cross_spot,APT:buy Bitget / sell Gate,APT,buy Bitget / sell Gate,Bitget<->Gate,1.617861,-28.382139,NO,3.34,"{""buy_ask"":0.6181,""buy_venue"":""Bitget"",""extra_buffer_bps"":10.0,""note"":""Discovery snapshot only; assumes capital pre-positioned on both venues. Rebalancing, withdrawal, latency and deeper-book impact are not yet validated."",""sell_bid"":0.6182,""sell_venue"":""Gate"",""source"":""wide_cex_hunter"",""taker_fee_bps_per_leg"":10.0,""total_friction_bps"":30.0}"
2026-09-06T18:07:22+00:00,cex_cross_spot,APT:buy Gate / sell Bitget,APT,buy Gate / sell Bitget,Bitget<->Gate,-8.084074,-38.084074,NO,40.56,"{""buy_ask"":0.6185,""buy_venue"":""Gate"",""extra_buffer_bps"":10.0,""note"":""Discovery snapshot only; assumes capital pre-positioned on both venues. Rebalancing, withdrawal, latency and deeper-book impact are not yet validated."",""sell_bid"":0.618,""sell_venue"":""Bitget"",""source"":""wide_cex_hunter"",""taker_fee_bps_per_leg"":10.0,""total_friction_bps"":30.0}"
2026-09-06T18:07:22+00:00,cex_cross_spot,NEAR:buy Bitget / sell Gate,NEAR,buy Bitget / sell Gate,Bitget<->Gate,-8.417508,-38.417508,NO,400.97,"{""buy_ask"":2.376,""buy_venue"":""Bitget"",""extra_buffer_bps"":10.0,""note"":""Discovery snapshot only; assumes capital pre-positioned on both venues. Rebalancing, withdrawal, latency and deeper-book impact are not yet validated."",""sell_bid"":2.374,""sell_venue"":""Gate"",""source"":""wide_cex_hunter"",""taker_fee_bps_per_leg"":10.0,""total_friction_bps"":30.0}"
2026-09-06T18:07:22+00:00,cex_cross_spot,NEAR:buy Gate / sell Bitget,NEAR,buy Gate / sell Bitget,Bitget<->Gate,-4.210526,-34.210526,NO,264.48,"{""buy_ask"":2.375,""buy_venue"":""Gate"",""extra_buffer_bps"":10.0,""note"":""Discovery snapshot only; assumes capital pre-positioned on both venues. Rebalancing, withdrawal, latency and deeper-book impact are not yet validated."",""sell_bid"":2.374,""sell_venue"":""Bitget"",""source"":""wide_cex_hunter"",""taker_fee_bps_per_leg"":10.0,""total_friction_bps"":30.0}"
2026-09-06T18:24:52+00:00,cex_cross_spot,BTC:buy Bitget / sell Gate,BTC,buy Bitget / sell Gate,Bitget<->Gate,-0.665868,-30.665868,NO,24768.98,"{""buy_ask"":79895.72,""buy_venue"":""Bitget"",""extra_buffer_bps"":10.0,""note"":""Discovery snapshot only; assumes capital pre-positioned on both venues. Rebalancing, withdrawal, latency and deeper-book impact are not yet validated."",""sell_bid"":79890.4,""sell_venue"":""Gate"",""source"":""wide_cex_hunter"",""taker_fee_bps_per_leg"":10.0,""total_friction_bps"":30.0}"
2026-09-06T18:24:52+00:00,cex_cross_spot,BTC:buy Gate / sell Bitget,BTC,buy Gate / sell Bitget,Bitget<->Gate,0.652143,-29.347857,NO,5948.81,"{""buy_ask"":79890.5,""buy_venue"":""Gate"",""extra_buffer_bps"":10.0,""note"":""Discovery snapshot only; assumes capital pre-positioned on both venues. Rebalancing, withdrawal, latency and deeper-book impact are not yet validated."",""sell_bid"":79895.71,""sell_venue"":""Bitget"",""source"":""wide_cex_hunter"",""taker_fee_bps_per_leg"":10.0,""total_friction_bps"":30.0}"
2026-09-06T18:24:52+00:00,cex_cross_spot,ETH:buy Bitget / sell Gate,ETH,buy Bitget / sell Gate,Bitget<->Gate,-0.120255,-30.120255,NO,7977.42,"{""buy_ask"":2494.69,""buy_venue"":""Bitget"",""extra_buffer_bps"":10.0,""note"":""Discovery snapshot only; assumes capital pre-positioned on both venues. Rebalancing, withdrawal, latency and deeper-book impact are not yet validated."",""sell_bid"":2494.66,""sell_venue"":""Gate"",""source"":""wide_cex_hunter"",""taker_fee_bps_per_leg"":10.0,""total_friction_bps"":30.0}"
2026-09-06T18:24:52+00:00,cex_cross_spot,ETH:buy Gate / sell Bitget,ETH,buy Gate / sell Bitget,Bitget<->Gate,0.040085,-29.959915,NO,11216.29,"{""buy_ask"":2494.67,""buy_venue"":""Gate"",""extra_buffer_bps"":10.0,""note"":""Discovery snapshot only; assumes capital pre-positioned on both venues. Rebalancing, withdrawal, latency and deeper-book impact are not yet validated."",""sell_bid"":2494.68,""sell_venue"":""Bitget"",""source"":""wide_cex_hunter"",""taker_fee_bps_per_leg"":10.0,""total_friction_bps"":30.0}"
2026-09-06T18:24:52+00:00,cex_cross_spot,SOL:buy Bitget / sell Gate,SOL,buy Bitget / sell Gate,Bitget<->Gate,0.000000,-30.000000,NO,440.40,"{""buy_ask"":106.28,""buy_venue"":""Bitget"",""extra_buffer_bps"":10.0,""note"":""Discovery snapshot only; assumes capital pre-positioned on both venues. Rebalancing, withdrawal, latency and deeper-book impact are not yet validated."",""sell_bid"":106.28,""sell_venue"":""Gate"",""source"":""wide_cex_hunter"",""taker_fee_bps_per_leg"":10.0,""total_friction_bps"":30.0}"
2026-09-06T18:24:52+00:00,cex_cross_spot,SOL:buy Gate / sell Bitget,SOL,buy Gate / sell Bitget,Bitget<->Gate,-1.881645,-31.881645,NO,2788.41,"{""buy_ask"":106.29,""buy_venue"":""Gate"",""extra_buffer_bps"":10.0,""note"":""Discovery snapshot only; assumes capital pre-positioned on both venues. Rebalancing, withdrawal, latency and deeper-book impact are not yet validated."",""sell_bid"":106.27,""sell_venue"":""Bitget"",""source"":""wide_cex_hunter"",""taker_fee_bps_per_leg"":10.0,""total_friction_bps"":30.0}"
2026-09-06T18:24:52+00:00,cex_cross_spot,XRP:buy Bitget / sell Gate,XRP,buy Bitget / sell Gate,Bitget<->Gate,-0.707564,-30.707564,NO,79.70,"{""buy_ask"":1.4133,""buy_venue"":""Bitget"",""extra_buffer_bps"":10.0,""note"":""Discovery snapshot only; assumes capital pre-positioned on both venues. Rebalancing, withdrawal, latency and deeper-book impact are not yet validated."",""sell_bid"":1.4132,""sell_venue"":""Gate"",""source"":""wide_cex_hunter"",""taker_fee_bps_per_leg"":10.0,""total_friction_bps"":30.0}"
2026-09-06T18:24:52+00:00,cex_cross_spot,XRP:buy Gate / sell Bitget,XRP,buy Gate / sell Bitget,Bitget<->Gate,-0.707564,-30.707564,NO,258.35,"{""buy_ask"":1.4133,""buy_venue"":""Gate"",""extra_buffer_bps"":10.0,""note"":""Discovery snapshot only; assumes capital pre-positioned on both venues. Rebalancing, withdrawal, latency and deeper-book impact are not yet validated."",""sell_bid"":1.4132,""sell_venue"":""Bitget"",""source"":""wide_cex_hunter"",""taker_fee_bps_per_leg"":10.0,""total_friction_bps"":30.0}"
2026-09-06T18:24:52+00:00,cex_cross_spot,DOGE:buy Bitget / sell Gate,DOGE,buy Bitget / sell Gate,Bitget<->Gate,-1.120323,-31.120323,NO,156.61,"{""buy_ask"":0.08926,""buy_venue"":""Bitget"",""extra_buffer_bps"":10.0,""note"":""Discovery snapshot only; assumes capital pre-positioned on both venues. Rebalancing, withdrawal, latency and deeper-book impact are not yet validated."",""sell_bid"":0.08925,""sell_venue"":""Gate"",""source"":""wide_cex_hunter"",""taker_fee_bps_per_leg"":10.0,""total_friction_bps"":30.0}"
2026-09-06T18:24:52+00:00,cex_cross_spot,DOGE:buy Gate / sell Bitget,DOGE,buy Gate / sell Bitget,Bitget<->Gate,-1.120323,-31.120323,NO,264.48,"{""buy_ask"":0.08926,""buy_venue"":""Gate"",""extra_buffer_bps"":10.0,""note"":""Discovery snapshot only; assumes capital pre-positioned on both venues. Rebalancing, withdrawal, latency and deeper-book impact are not yet validated."",""sell_bid"":0.08925,""sell_venue"":""Bitget"",""source"":""wide_cex_hunter"",""taker_fee_bps_per_leg"":10.0,""total_friction_bps"":30.0}"
2026-09-06T18:24:52+00:00,cex_cross_spot,ADA:buy Bitget / sell Gate,ADA,buy Bitget / sell Gate,Bitget<->Gate,-0.912409,-30.912409,NO,51.73,"{""buy_ask"":0.2192,""buy_venue"":""Bitget"",""extra_buffer_bps"":10.0,""note"":""Discovery snapshot only; assumes capital pre-positioned on both venues. Rebalancing, withdrawal, latency and deeper-book impact are not yet validated."",""sell_bid"":0.21918,""sell_venue"":""Gate"",""source"":""wide_cex_hunter"",""taker_fee_bps_per_leg"":10.0,""total_friction_bps"":30.0}"
2026-09-06T18:24:52+00:00,cex_cross_spot,ADA:buy Gate / sell Bitget,ADA,buy Gate / sell Bitget,Bitget<->Gate,-4.562044,-34.562044,NO,104.78,"{""buy_ask"":0.2192,""buy_venue"":""Gate"",""extra_buffer_bps"":10.0,""note"":""Discovery snapshot only; assumes capital pre-positioned on both venues. Rebalancing, withdrawal, latency and deeper-book impact are not yet validated."",""sell_bid"":0.2191,""sell_venue"":""Bitget"",""source"":""wide_cex_hunter"",""taker_fee_bps_per_leg"":10.0,""total_friction_bps"":30.0}"
2026-09-06T18:24:52+00:00,cex_cross_spot,LINK:buy Bitget / sell Gate,LINK,buy Bitget / sell Gate,Bitget<->Gate,-2.429740,-32.429740,NO,805.42,"{""buy_ask"":12.347,""buy_venue"":""Bitget"",""extra_buffer_bps"":10.0,""note"":""Discovery snapshot only; assumes capital pre-positioned on both venues. Rebalancing, withdrawal, latency and deeper-book impact are not yet validated."",""sell_bid"":12.344,""sell_venue"":""Gate"",""source"":""wide_cex_hunter"",""taker_fee_bps_per_leg"":10.0,""total_friction_bps"":30.0}"
2026-09-06T18:24:52+00:00,cex_cross_spot,LINK:buy Gate / sell Bitget,LINK,buy Gate / sell Bitget,Bitget<->Gate,-0.809913,-30.809913,NO,137.05,"{""buy_ask"":12.347,""buy_venue"":""Gate"",""extra_buffer_bps"":10.0,""note"":""Discovery snapshot only; assumes capital pre-positioned on both venues. Rebalancing, withdrawal, latency and deeper-book impact are not yet validated."",""sell_bid"":12.346,""sell_venue"":""Bitget"",""source"":""wide_cex_hunter"",""taker_fee_bps_per_leg"":10.0,""total_friction_bps"":30.0}"
2026-09-06T18:24:52+00:00,cex_cross_spot,LTC:buy Bitget / sell Gate,LTC,buy Bitget / sell Gate,Bitget<->Gate,-7.342144,-37.342144,NO,108.55,"{""buy_ask"":54.48,""buy_venue"":""Bitget"",""extra_buffer_bps"":10.0,""note"":""Discovery snapshot only; assumes capital pre-positioned on both venues. Rebalancing, withdrawal, latency and deeper-book impact are not yet validated."",""sell_bid"":54.44,""sell_venue"":""Gate"",""source"":""wide_cex_hunter"",""taker_fee_bps_per_leg"":10.0,""total_friction_bps"":30.0}"
2026-09-06T18:24:52+00:00,cex_cross_spot,LTC:buy Gate / sell Bitget,LTC,buy Gate / sell Bitget,Bitget<->Gate,0.000000,-30.000000,NO,107.16,"{""buy_ask"":54.45,""buy_venue"":""Gate"",""extra_buffer_bps"":10.0,""note"":""Discovery snapshot only; assumes capital pre-positioned on both venues. Rebalancing, withdrawal, latency and deeper-book impact are not yet validated."",""sell_bid"":54.45,""sell_venue"":""Bitget"",""source"":""wide_cex_hunter"",""taker_fee_bps_per_leg"":10.0,""total_friction_bps"":30.0}"
2026-09-06T18:24:52+00:00,cex_cross_spot,BCH:buy Bitget / sell Gate,BCH,buy Bitget / sell Gate,Bitget<->Gate,-8.952900,-38.952900,NO,405.54,"{""buy_ask"":256.9,""buy_venue"":""Bitget"",""extra_buffer_bps"":10.0,""note"":""Discovery snapshot only; assumes capital pre-positioned on both venues. Rebalancing, withdrawal, latency and deeper-book impact are not yet validated."",""sell_bid"":256.67,""sell_venue"":""Gate"",""source"":""wide_cex_hunter"",""taker_fee_bps_per_leg"":10.0,""total_friction_bps"":30.0}"
2026-09-06T18:24:52+00:00,cex_cross_spot,BCH:buy Gate / sell Bitget,BCH,buy Gate / sell Bitget,Bitget<->Gate,-3.894081,-33.894081,NO,129.17,"{""buy_ask"":256.8,""buy_venue"":""Gate"",""extra_buffer_bps"":10.0,""note"":""Discovery snapshot only; assumes capital pre-positioned on both venues. Rebalancing, withdrawal, latency and deeper-book impact are not yet validated."",""sell_bid"":256.7,""sell_venue"":""Bitget"",""source"":""wide_cex_hunter"",""taker_fee_bps_per_leg"":10.0,""total_friction_bps"":30.0}"
2026-09-06T18:24:52+00:00,cex_cross_spot,AVAX:buy Bitget / sell Gate,AVAX,buy Bitget / sell Gate,Bitget<->Gate,0.000000,-30.000000,NO,1.05,"{""buy_ask"":7.628,""buy_venue"":""Bitget"",""extra_buffer_bps"":10.0,""note"":""Discovery snapshot only; assumes capital pre-positioned on both venues. Rebalancing, withdrawal, latency and deeper-book impact are not yet validated."",""sell_bid"":7.628,""sell_venue"":""Gate"",""source"":""wide_cex_hunter"",""taker_fee_bps_per_leg"":10.0,""total_friction_bps"":30.0}"
2026-09-06T18:24:52+00:00,cex_cross_spot,AVAX:buy Gate / sell Bitget,AVAX,buy Gate / sell Bitget,Bitget<->Gate,-3.931848,-33.931848,NO,512.19,"{""buy_ask"":7.63,""buy_venue"":""Gate"",""extra_buffer_bps"":10.0,""note"":""Discovery snapshot only; assumes capital pre-positioned on both venues. Rebalancing, withdrawal, latency and deeper-book impact are not yet validated."",""sell_bid"":7.627,""sell_venue"":""Bitget"",""source"":""wide_cex_hunter"",""taker_fee_bps_per_leg"":10.0,""total_friction_bps"":30.0}"
2026-09-06T18:24:52+00:00,cex_cross_spot,DOT:buy Bitget / sell Gate,DOT,buy Bitget / sell Gate,Bitget<->Gate,-7.299270,-37.299270,NO,74.08,"{""buy_ask"":0.959,""buy_venue"":""Bitget"",""extra_buffer_bps"":10.0,""note"":""Discovery snapshot only; assumes capital pre-positioned on both venues. Rebalancing, withdrawal, latency and deeper-book impact are not yet validated."",""sell_bid"":0.9583,""sell_venue"":""Gate"",""source"":""wide_cex_hunter"",""taker_fee_bps_per_leg"":10.0,""total_friction_bps"":30.0}"
2026-09-06T18:24:52+00:00,cex_cross_spot,DOT:buy Gate / sell Bitget,DOT,buy Gate / sell Bitget,Bitget<->Gate,-8.343763,-38.343763,NO,87.35,"{""buy_ask"":0.9588,""buy_venue"":""Gate"",""extra_buffer_bps"":10.0,""note"":""Discovery snapshot only; assumes capital pre-positioned on both venues. Rebalancing, withdrawal, latency and deeper-book impact are not yet validated."",""sell_bid"":0.958,""sell_venue"":""Bitget"",""source"":""wide_cex_hunter"",""taker_fee_bps_per_leg"":10.0,""total_friction_bps"":30.0}"
2026-09-06T18:24:52+00:00,cex_cross_spot,TRX:buy Bitget / sell Gate,TRX,buy Bitget / sell Gate,Bitget<->Gate,-0.596623,-30.596623,NO,345.78,"{""buy_ask"":0.33522,""buy_venue"":""Bitget"",""extra_buffer_bps"":10.0,""note"":""Discovery snapshot only; assumes capital pre-positioned on both venues. Rebalancing, withdrawal, latency and deeper-book impact are not yet validated."",""sell_bid"":0.3352,""sell_venue"":""Gate"",""source"":""wide_cex_hunter"",""taker_fee_bps_per_leg"":10.0,""total_friction_bps"":30.0}"
2026-09-06T18:24:52+00:00,cex_cross_spot,TRX:buy Gate / sell Bitget,TRX,buy Gate / sell Bitget,Bitget<->Gate,-2.684163,-32.684163,NO,338.76,"{""buy_ask"":0.3353,""buy_venue"":""Gate"",""extra_buffer_bps"":10.0,""note"":""Discovery snapshot only; assumes capital pre-positioned on both venues. Rebalancing, withdrawal, latency and deeper-book impact are not yet validated."",""sell_bid"":0.33521,""sell_venue"":""Bitget"",""source"":""wide_cex_hunter"",""taker_fee_bps_per_leg"":10.0,""total_friction_bps"":30.0}"
2026-09-06T18:24:52+00:00,cex_cross_spot,SUI:buy Bitget / sell Gate,SUI,buy Bitget / sell Gate,Bitget<->Gate,6.273526,-23.726474,NO,50.49,"{""buy_ask"":0.797,""buy_venue"":""Bitget"",""extra_buffer_bps"":10.0,""note"":""Discovery snapshot only; assumes capital pre-positioned on both venues. Rebalancing, withdrawal, latency and deeper-book impact are not yet validated."",""sell_bid"":0.7975,""sell_venue"":""Gate"",""source"":""wide_cex_hunter"",""taker_fee_bps_per_leg"":10.0,""total_friction_bps"":30.0}"
2026-09-06T18:24:52+00:00,cex_cross_spot,SUI:buy Gate / sell Bitget,SUI,buy Gate / sell Bitget,Bitget<->Gate,-12.532899,-42.532899,NO,103.22,"{""buy_ask"":0.7979,""buy_venue"":""Gate"",""extra_buffer_bps"":10.0,""note"":""Discovery snapshot only; assumes capital pre-positioned on both venues. Rebalancing, withdrawal, latency and deeper-book impact are not yet validated."",""sell_bid"":0.7969,""sell_venue"":""Bitget"",""source"":""wide_cex_hunter"",""taker_fee_bps_per_leg"":10.0,""total_friction_bps"":30.0}"
2026-09-06T18:24:52+00:00,cex_cross_spot,APT:buy Bitget / sell Gate,APT,buy Bitget / sell Gate,Bitget<->Gate,0.000000,-30.000000,NO,50.00,"{""buy_ask"":0.6171,""buy_venue"":""Bitget"",""extra_buffer_bps"":10.0,""note"":""Discovery snapshot only; assumes capital pre-positioned on both venues. Rebalancing, withdrawal, latency and deeper-book impact are not yet validated."",""sell_bid"":0.6171,""sell_venue"":""Gate"",""source"":""wide_cex_hunter"",""taker_fee_bps_per_leg"":10.0,""total_friction_bps"":30.0}"
2026-09-06T18:24:52+00:00,cex_cross_spot,APT:buy Gate / sell Bitget,APT,buy Gate / sell Bitget,Bitget<->Gate,-4.859874,-34.859874,NO,47.36,"{""buy_ask"":0.6173,""buy_venue"":""Gate"",""extra_buffer_bps"":10.0,""note"":""Discovery snapshot only; assumes capital pre-positioned on both venues. Rebalancing, withdrawal, latency and deeper-book impact are not yet validated."",""sell_bid"":0.617,""sell_venue"":""Bitget"",""source"":""wide_cex_hunter"",""taker_fee_bps_per_leg"":10.0,""total_friction_bps"":30.0}"
2026-09-06T18:24:52+00:00,cex_cross_spot,NEAR:buy Bitget / sell Gate,NEAR,buy Bitget / sell Gate,Bitget<->Gate,-8.364701,-38.364701,NO,499.87,"{""buy_ask"":2.391,""buy_venue"":""Bitget"",""extra_buffer_bps"":10.0,""note"":""Discovery snapshot only; assumes capital pre-positioned on both venues. Rebalancing, withdrawal, latency and deeper-book impact are not yet validated."",""sell_bid"":2.389,""sell_venue"":""Gate"",""source"":""wide_cex_hunter"",""taker_fee_bps_per_leg"":10.0,""total_friction_bps"":30.0}"
2026-09-06T18:24:52+00:00,cex_cross_spot,NEAR:buy Gate / sell Bitget,NEAR,buy Gate / sell Bitget,Bitget<->Gate,0.000000,-30.000000,NO,874.93,"{""buy_ask"":2.39,""buy_venue"":""Gate"",""extra_buffer_bps"":10.0,""note"":""Discovery snapshot only; assumes capital pre-positioned on both venues. Rebalancing, withdrawal, latency and deeper-book impact are not yet validated."",""sell_bid"":2.39,""sell_venue"":""Bitget"",""source"":""wide_cex_hunter"",""taker_fee_bps_per_leg"":10.0,""total_friction_bps"":30.0}"
2026-09-06T18:57:39+00:00,cex_cross_spot,BTC:buy Bitget / sell Gate,BTC,buy Bitget / sell Gate,Bitget<->Gate,-0.093844,-30.093844,NO,22313.74,"{""buy_ask"":79920.15,""buy_venue"":""Bitget"",""extra_buffer_bps"":10.0,""note"":""Discovery snapshot only; assumes capital pre-positioned on both venues. Rebalancing, withdrawal, latency and deeper-book impact are not yet validated."",""sell_bid"":79919.4,""sell_venue"":""Gate"",""source"":""wide_cex_hunter"",""taker_fee_bps_per_leg"":10.0,""total_friction_bps"":30.0}"
2026-09-06T18:57:39+00:00,cex_cross_spot,BTC:buy Gate / sell Bitget,BTC,buy Gate / sell Bitget,Bitget<->Gate,0.080081,-29.919919,NO,60.50,"{""buy_ask"":79919.5,""buy_venue"":""Gate"",""extra_buffer_bps"":10.0,""note"":""Discovery snapshot only; assumes capital pre-positioned on both venues. Rebalancing, withdrawal, latency and deeper-book impact are not yet validated."",""sell_bid"":79920.14,""sell_venue"":""Bitget"",""source"":""wide_cex_hunter"",""taker_fee_bps_per_leg"":10.0,""total_friction_bps"":30.0}"
2026-09-06T18:57:39+00:00,cex_cross_spot,ETH:buy Bitget / sell Gate,ETH,buy Bitget / sell Gate,Bitget<->Gate,-1.363108,-31.363108,NO,1594.64,"{""buy_ask"":2494.3,""buy_venue"":""Bitget"",""extra_buffer_bps"":10.0,""note"":""Discovery snapshot only; assumes capital pre-positioned on both venues. Rebalancing, withdrawal, latency and deeper-book impact are not yet validated."",""sell_bid"":2493.96,""sell_venue"":""Gate"",""source"":""wide_cex_hunter"",""taker_fee_bps_per_leg"":10.0,""total_friction_bps"":30.0}"
2026-09-06T18:57:39+00:00,cex_cross_spot,ETH:buy Gate / sell Bitget,ETH,buy Gate / sell Bitget,Bitget<->Gate,1.283095,-28.716905,NO,9658.90,"{""buy_ask"":2493.97,""buy_venue"":""Gate"",""extra_buffer_bps"":10.0,""note"":""Discovery snapshot only; assumes capital pre-positioned on both venues. Rebalancing, withdrawal, latency and deeper-book impact are not yet validated."",""sell_bid"":2494.29,""sell_venue"":""Bitget"",""source"":""wide_cex_hunter"",""taker_fee_bps_per_leg"":10.0,""total_friction_bps"":30.0}"
2026-09-06T18:57:39+00:00,cex_cross_spot,SOL:buy Bitget / sell Gate,SOL,buy Bitget / sell Gate,Bitget<->Gate,0.944287,-29.055713,NO,644.04,"{""buy_ask"":105.9,""buy_venue"":""Bitget"",""extra_buffer_bps"":10.0,""note"":""Discovery snapshot only; assumes capital pre-positioned on both venues. Rebalancing, withdrawal, latency and deeper-book impact are not yet validated."",""sell_bid"":105.91,""sell_venue"":""Gate"",""source"":""wide_cex_hunter"",""taker_fee_bps_per_leg"":10.0,""total_friction_bps"":30.0}"
2026-09-06T18:57:39+00:00,cex_cross_spot,SOL:buy Gate / sell Bitget,SOL,buy Gate / sell Bitget,Bitget<->Gate,-2.832326,-32.832326,NO,90.35,"{""buy_ask"":105.92,""buy_venue"":""Gate"",""extra_buffer_bps"":10.0,""note"":""Discovery snapshot only; assumes capital pre-positioned on both venues. Rebalancing, withdrawal, latency and deeper-book impact are not yet validated."",""sell_bid"":105.89,""sell_venue"":""Bitget"",""source"":""wide_cex_hunter"",""taker_fee_bps_per_leg"":10.0,""total_friction_bps"":30.0}"
2026-09-06T18:57:39+00:00,cex_cross_spot,XRP:buy Bitget / sell Gate,XRP,buy Bitget / sell Gate,Bitget<->Gate,-2.123894,-32.123894,NO,743.03,"{""buy_ask"":1.4125,""buy_venue"":""Bitget"",""extra_buffer_bps"":10.0,""note"":""Discovery snapshot only; assumes capital pre-positioned on both venues. Rebalancing, withdrawal, latency and deeper-book impact are not yet validated."",""sell_bid"":1.4122,""sell_venue"":""Gate"",""source"":""wide_cex_hunter"",""taker_fee_bps_per_leg"":10.0,""total_friction_bps"":30.0}"
2026-09-06T18:57:39+00:00,cex_cross_spot,XRP:buy Gate / sell Bitget,XRP,buy Gate / sell Bitget,Bitget<->Gate,-0.707965,-30.707965,NO,258.21,"{""buy_ask"":1.4125,""buy_venue"":""Gate"",""extra_buffer_bps"":10.0,""note"":""Discovery snapshot only; assumes capital pre-positioned on both venues. Rebalancing, withdrawal, latency and deeper-book impact are not yet validated."",""sell_bid"":1.4124,""sell_venue"":""Bitget"",""source"":""wide_cex_hunter"",""taker_fee_bps_per_leg"":10.0,""total_friction_bps"":30.0}"
2026-09-06T18:57:39+00:00,cex_cross_spot,DOGE:buy Bitget / sell Gate,DOGE,buy Bitget / sell Gate,Bitget<->Gate,-2.236636,-32.236636,NO,38.60,"{""buy_ask"":0.08942,""buy_venue"":""Bitget"",""extra_buffer_bps"":10.0,""note"":""Discovery snapshot only; assumes capital pre-positioned on both venues. Rebalancing, withdrawal, latency and deeper-book impact are not yet validated."",""sell_bid"":0.0894,""sell_venue"":""Gate"",""source"":""wide_cex_hunter"",""taker_fee_bps_per_leg"":10.0,""total_friction_bps"":30.0}"
2026-09-06T18:57:39+00:00,cex_cross_spot,DOGE:buy Gate / sell Bitget,DOGE,buy Gate / sell Bitget,Bitget<->Gate,0.000000,-30.000000,NO,268.23,"{""buy_ask"":0.08941,""buy_venue"":""Gate"",""extra_buffer_bps"":10.0,""note"":""Discovery snapshot only; assumes capital pre-positioned on both venues. Rebalancing, withdrawal, latency and deeper-book impact are not yet validated."",""sell_bid"":0.08941,""sell_venue"":""Bitget"",""source"":""wide_cex_hunter"",""taker_fee_bps_per_leg"":10.0,""total_friction_bps"":30.0}"
2026-09-06T18:57:39+00:00,cex_cross_spot,ADA:buy Bitget / sell Gate,ADA,buy Bitget / sell Gate,Bitget<->Gate,-3.183265,-33.183265,NO,105.08,"{""buy_ask"":0.2199,""buy_venue"":""Bitget"",""extra_buffer_bps"":10.0,""note"":""Discovery snapshot only; assumes capital pre-positioned on both venues. Rebalancing, withdrawal, latency and deeper-book impact are not yet validated."",""sell_bid"":0.21983,""sell_venue"":""Gate"",""source"":""wide_cex_hunter"",""taker_fee_bps_per_leg"":10.0,""total_friction_bps"":30.0}"
2026-09-06T18:57:39+00:00,cex_cross_spot,ADA:buy Gate / sell Bitget,ADA,buy Gate / sell Bitget,Bitget<->Gate,-3.638348,-33.638348,NO,51.89,"{""buy_ask"":0.21988,""buy_venue"":""Gate"",""extra_buffer_bps"":10.0,""note"":""Discovery snapshot only; assumes capital pre-positioned on both venues. Rebalancing, withdrawal, latency and deeper-book impact are not yet validated."",""sell_bid"":0.2198,""sell_venue"":""Bitget"",""source"":""wide_cex_hunter"",""taker_fee_bps_per_leg"":10.0,""total_friction_bps"":30.0}"
2026-09-06T18:57:39+00:00,cex_cross_spot,LINK:buy Bitget / sell Gate,LINK,buy Bitget / sell Gate,Bitget<->Gate,-1.614205,-31.614205,NO,119.30,"{""buy_ask"":12.39,""buy_venue"":""Bitget"",""extra_buffer_bps"":10.0,""note"":""Discovery snapshot only; assumes capital pre-positioned on both venues. Rebalancing, withdrawal, latency and deeper-book impact are not yet validated."",""sell_bid"":12.388,""sell_venue"":""Gate"",""source"":""wide_cex_hunter"",""taker_fee_bps_per_leg"":10.0,""total_friction_bps"":30.0}"
2026-09-06T18:57:39+00:00,cex_cross_spot,LINK:buy Gate / sell Bitget,LINK,buy Gate / sell Bitget,Bitget<->Gate,-2.421112,-32.421112,NO,79.23,"{""buy_ask"":12.391,""buy_venue"":""Gate"",""extra_buffer_bps"":10.0,""note"":""Discovery snapshot only; assumes capital pre-positioned on both venues. Rebalancing, withdrawal, latency and deeper-book impact are not yet validated."",""sell_bid"":12.388,""sell_venue"":""Bitget"",""source"":""wide_cex_hunter"",""taker_fee_bps_per_leg"":10.0,""total_friction_bps"":30.0}"
2026-09-06T18:57:39+00:00,cex_cross_spot,LTC:buy Bitget / sell Gate,LTC,buy Bitget / sell Gate,Bitget<->Gate,-11.055832,-41.055832,NO,887.69,"{""buy_ask"":54.27,""buy_venue"":""Bitget"",""extra_buffer_bps"":10.0,""note"":""Discovery snapshot only; assumes capital pre-positioned on both venues. Rebalancing, withdrawal, latency and deeper-book impact are not yet validated."",""sell_bid"":54.21,""sell_venue"":""Gate"",""source"":""wide_cex_hunter"",""taker_fee_bps_per_leg"":10.0,""total_friction_bps"":30.0}"
2026-09-06T18:57:39+00:00,cex_cross_spot,LTC:buy Gate / sell Bitget,LTC,buy Gate / sell Bitget,Bitget<->Gate,0.000000,-30.000000,NO,277.39,"{""buy_ask"":54.23,""buy_venue"":""Gate"",""extra_buffer_bps"":10.0,""note"":""Discovery snapshot only; assumes capital pre-positioned on both venues. Rebalancing, withdrawal, latency and deeper-book impact are not yet validated."",""sell_bid"":54.23,""sell_venue"":""Bitget"",""source"":""wide_cex_hunter"",""taker_fee_bps_per_leg"":10.0,""total_friction_bps"":30.0}"
2026-09-06T18:57:39+00:00,cex_cross_spot,BCH:buy Bitget / sell Gate,BCH,buy Bitget / sell Gate,Bitget<->Gate,-8.583691,-38.583691,NO,396.41,"{""buy_ask"":256.3,""buy_venue"":""Bitget"",""extra_buffer_bps"":10.0,""note"":""Discovery snapshot only; assumes capital pre-positioned on both venues. Rebalancing, withdrawal, latency and deeper-book impact are not yet validated."",""sell_bid"":256.08,""sell_venue"":""Gate"",""source"":""wide_cex_hunter"",""taker_fee_bps_per_leg"":10.0,""total_friction_bps"":30.0}"
2026-09-06T18:57:39+00:00,cex_cross_spot,BCH:buy Gate / sell Bitget,BCH,buy Gate / sell Bitget,Bitget<->Gate,-5.073567,-35.073567,NO,729.49,"{""buy_ask"":256.23,""buy_venue"":""Gate"",""extra_buffer_bps"":10.0,""note"":""Discovery snapshot only; assumes capital pre-positioned on both venues. Rebalancing, withdrawal, latency and deeper-book impact are not yet validated."",""sell_bid"":256.1,""sell_venue"":""Bitget"",""source"":""wide_cex_hunter"",""taker_fee_bps_per_leg"":10.0,""total_friction_bps"":30.0}"
2026-09-06T18:57:39+00:00,cex_cross_spot,AVAX:buy Bitget / sell Gate,AVAX,buy Bitget / sell Gate,Bitget<->Gate,-2.620888,-32.620888,NO,628.14,"{""buy_ask"":7.631,""buy_venue"":""Bitget"",""extra_buffer_bps"":10.0,""note"":""Discovery snapshot only; assumes capital pre-positioned on both venues. Rebalancing, withdrawal, latency and deeper-book impact are not yet validated."",""sell_bid"":7.629,""sell_venue"":""Gate"",""source"":""wide_cex_hunter"",""taker_fee_bps_per_leg"":10.0,""total_friction_bps"":30.0}"
2026-09-06T18:57:39+00:00,cex_cross_spot,AVAX:buy Gate / sell Bitget,AVAX,buy Gate / sell Bitget,Bitget<->Gate,-3.930303,-33.930303,NO,275.13,"{""buy_ask"":7.633,""buy_venue"":""Gate"",""extra_buffer_bps"":10.0,""note"":""Discovery snapshot only; assumes capital pre-positioned on both venues. Rebalancing, withdrawal, latency and deeper-book impact are not yet validated."",""sell_bid"":7.63,""sell_venue"":""Bitget"",""source"":""wide_cex_hunter"",""taker_fee_bps_per_leg"":10.0,""total_friction_bps"":30.0}"
2026-09-06T18:57:39+00:00,cex_cross_spot,DOT:buy Bitget / sell Gate,DOT,buy Bitget / sell Gate,Bitget<->Gate,-8.324662,-38.324662,NO,285.28,"{""buy_ask"":0.961,""buy_venue"":""Bitget"",""extra_buffer_bps"":10.0,""note"":""Discovery snapshot only; assumes capital pre-positioned on both venues. Rebalancing, withdrawal, latency and deeper-book impact are not yet validated."",""sell_bid"":0.9602,""sell_venue"":""Gate"",""source"":""wide_cex_hunter"",""taker_fee_bps_per_leg"":10.0,""total_friction_bps"":30.0}"
2026-09-06T18:57:39+00:00,cex_cross_spot,DOT:buy Gate / sell Bitget,DOT,buy Gate / sell Bitget,Bitget<->Gate,-7.286354,-37.286354,NO,1120.18,"{""buy_ask"":0.9607,""buy_venue"":""Gate"",""extra_buffer_bps"":10.0,""note"":""Discovery snapshot only; assumes capital pre-positioned on both venues. Rebalancing, withdrawal, latency and deeper-book impact are not yet validated."",""sell_bid"":0.96,""sell_venue"":""Bitget"",""source"":""wide_cex_hunter"",""taker_fee_bps_per_leg"":10.0,""total_friction_bps"":30.0}"
2026-09-06T18:57:39+00:00,cex_cross_spot,TRX:buy Bitget / sell Gate,TRX,buy Bitget / sell Gate,Bitget<->Gate,-1.788589,-31.788589,NO,834.33,"{""buy_ask"":0.33546,""buy_venue"":""Bitget"",""extra_buffer_bps"":10.0,""note"":""Discovery snapshot only; assumes capital pre-positioned on both venues. Rebalancing, withdrawal, latency and deeper-book impact are not yet validated."",""sell_bid"":0.3354,""sell_venue"":""Gate"",""source"":""wide_cex_hunter"",""taker_fee_bps_per_leg"":10.0,""total_friction_bps"":30.0}"
2026-09-06T18:57:39+00:00,cex_cross_spot,TRX:buy Gate / sell Bitget,TRX,buy Gate / sell Bitget,Bitget<->Gate,-1.490313,-31.490313,NO,797.53,"{""buy_ask"":0.3355,""buy_venue"":""Gate"",""extra_buffer_bps"":10.0,""note"":""Discovery snapshot only; assumes capital pre-positioned on both venues. Rebalancing, withdrawal, latency and deeper-book impact are not yet validated."",""sell_bid"":0.33545,""sell_venue"":""Bitget"",""source"":""wide_cex_hunter"",""taker_fee_bps_per_leg"":10.0,""total_friction_bps"":30.0}"
2026-09-06T18:57:39+00:00,cex_cross_spot,SUI:buy Bitget / sell Gate,SUI,buy Bitget / sell Gate,Bitget<->Gate,-1.259287,-31.259287,NO,64.20,"{""buy_ask"":0.7941,""buy_venue"":""Bitget"",""extra_buffer_bps"":10.0,""note"":""Discovery snapshot only; assumes capital pre-positioned on both venues. Rebalancing, withdrawal, latency and deeper-book impact are not yet validated."",""sell_bid"":0.794,""sell_venue"":""Gate"",""source"":""wide_cex_hunter"",""taker_fee_bps_per_leg"":10.0,""total_friction_bps"":30.0}"
2026-09-06T18:57:39+00:00,cex_cross_spot,SUI:buy Gate / sell Bitget,SUI,buy Gate / sell Bitget,Bitget<->Gate,-1.259287,-31.259287,NO,145.62,"{""buy_ask"":0.7941,""buy_venue"":""Gate"",""extra_buffer_bps"":10.0,""note"":""Discovery snapshot only; assumes capital pre-positioned on both venues. Rebalancing, withdrawal, latency and deeper-book impact are not yet validated."",""sell_bid"":0.794,""sell_venue"":""Bitget"",""source"":""wide_cex_hunter"",""taker_fee_bps_per_leg"":10.0,""total_friction_bps"":30.0}"
2026-09-06T18:57:39+00:00,cex_cross_spot,APT:buy Bitget / sell Gate,APT,buy Bitget / sell Gate,Bitget<->Gate,-4.876463,-34.876463,NO,63.95,"{""buy_ask"":0.6152,""buy_venue"":""Bitget"",""extra_buffer_bps"":10.0,""note"":""Discovery snapshot only; assumes capital pre-positioned on both venues. Rebalancing, withdrawal, latency and deeper-book impact are not yet validated."",""sell_bid"":0.6149,""sell_venue"":""Gate"",""source"":""wide_cex_hunter"",""taker_fee_bps_per_leg"":10.0,""total_friction_bps"":30.0}"
2026-09-06T18:57:39+00:00,cex_cross_spot,APT:buy Gate / sell Bitget,APT,buy Gate / sell Bitget,Bitget<->Gate,-1.625488,-31.625488,NO,16.22,"{""buy_ask"":0.6152,""buy_venue"":""Gate"",""extra_buffer_bps"":10.0,""note"":""Discovery snapshot only; assumes capital pre-positioned on both venues. Rebalancing, withdrawal, latency and deeper-book impact are not yet validated."",""sell_bid"":0.6151,""sell_venue"":""Bitget"",""source"":""wide_cex_hunter"",""taker_fee_bps_per_leg"":10.0,""total_friction_bps"":30.0}"
2026-09-06T18:57:39+00:00,cex_cross_spot,NEAR:buy Bitget / sell Gate,NEAR,buy Bitget / sell Gate,Bitget<->Gate,-4.142502,-34.142502,NO,262.15,"{""buy_ask"":2.414,""buy_venue"":""Bitget"",""extra_buffer_bps"":10.0,""note"":""Discovery snapshot only; assumes capital pre-positioned on both venues. Rebalancing, withdrawal, latency and deeper-book impact are not yet validated."",""sell_bid"":2.413,""sell_venue"":""Gate"",""source"":""wide_cex_hunter"",""taker_fee_bps_per_leg"":10.0,""total_friction_bps"":30.0}"
2026-09-06T18:57:39+00:00,cex_cross_spot,NEAR:buy Gate / sell Bitget,NEAR,buy Gate / sell Bitget,Bitget<->Gate,-8.285004,-38.285004,NO,124.54,"{""buy_ask"":2.414,""buy_venue"":""Gate"",""extra_buffer_bps"":10.0,""note"":""Discovery snapshot only; assumes capital pre-positioned on both venues. Rebalancing, withdrawal, latency and deeper-book impact are not yet validated."",""sell_bid"":2.412,""sell_venue"":""Bitget"",""source"":""wide_cex_hunter"",""taker_fee_bps_per_leg"":10.0,""total_friction_bps"":30.0}"
2026-09-06T19:10:07+00:00,cex_cross_spot,BTC:buy Bitget / sell Gate,BTC,buy Bitget / sell Gate,Bitget<->Gate,0.052582,-29.947418,NO,8164.66,"{""buy_ask"":79875.38,""buy_venue"":""Bitget"",""extra_buffer_bps"":10.0,""note"":""Discovery snapshot only; assumes capital pre-positioned on both venues. Rebalancing, withdrawal, latency and deeper-book impact are not yet validated."",""sell_bid"":79875.8,""sell_venue"":""Gate"",""source"":""wide_cex_hunter"",""taker_fee_bps_per_leg"":10.0,""total_friction_bps"":30.0}"
2026-09-06T19:10:07+00:00,cex_cross_spot,BTC:buy Gate / sell Bitget,BTC,buy Gate / sell Bitget,Bitget<->Gate,-0.066353,-30.066353,NO,31861.22,"{""buy_ask"":79875.9,""buy_venue"":""Gate"",""extra_buffer_bps"":10.0,""note"":""Discovery snapshot only; assumes capital pre-positioned on both venues. Rebalancing, withdrawal, latency and deeper-book impact are not yet validated."",""sell_bid"":79875.37,""sell_venue"":""Bitget"",""source"":""wide_cex_hunter"",""taker_fee_bps_per_leg"":10.0,""total_friction_bps"":30.0}"
2026-09-06T19:10:07+00:00,cex_cross_spot,ETH:buy Bitget / sell Gate,ETH,buy Bitget / sell Gate,Bitget<->Gate,-0.120397,-30.120397,NO,221.76,"{""buy_ask"":2491.76,""buy_venue"":""Bitget"",""extra_buffer_bps"":10.0,""note"":""Discovery snapshot only; assumes capital pre-positioned on both venues. Rebalancing, withdrawal, latency and deeper-book impact are not yet validated."",""sell_bid"":2491.73,""sell_venue"":""Gate"",""source"":""wide_cex_hunter"",""taker_fee_bps_per_leg"":10.0,""total_friction_bps"":30.0}"
2026-09-06T19:10:07+00:00,cex_cross_spot,ETH:buy Gate / sell Bitget,ETH,buy Gate / sell Bitget,Bitget<->Gate,0.040133,-29.959867,NO,10179.01,"{""buy_ask"":2491.74,""buy_venue"":""Gate"",""extra_buffer_bps"":10.0,""note"":""Discovery snapshot only; assumes capital pre-positioned on both venues. Rebalancing, withdrawal, latency and deeper-book impact are not yet validated."",""sell_bid"":2491.75,""sell_venue"":""Bitget"",""source"":""wide_cex_hunter"",""taker_fee_bps_per_leg"":10.0,""total_friction_bps"":30.0}"
2026-09-06T19:10:07+00:00,cex_cross_spot,SOL:buy Bitget / sell Gate,SOL,buy Bitget / sell Gate,Bitget<->Gate,-1.889645,-31.889645,NO,7680.05,"{""buy_ask"":105.84,""buy_venue"":""Bitget"",""extra_buffer_bps"":10.0,""note"":""Discovery snapshot only; assumes capital pre-positioned on both venues. Rebalancing, withdrawal, latency and deeper-book impact are not yet validated."",""sell_bid"":105.82,""sell_venue"":""Gate"",""source"":""wide_cex_hunter"",""taker_fee_bps_per_leg"":10.0,""total_friction_bps"":30.0}"
2026-09-06T19:10:07+00:00,cex_cross_spot,SOL:buy Gate / sell Bitget,SOL,buy Gate / sell Bitget,Bitget<->Gate,0.000000,-30.000000,NO,31.56,"{""buy_ask"":105.83,""buy_venue"":""Gate"",""extra_buffer_bps"":10.0,""note"":""Discovery snapshot only; assumes capital pre-positioned on both venues. Rebalancing, withdrawal, latency and deeper-book impact are not yet validated."",""sell_bid"":105.83,""sell_venue"":""Bitget"",""source"":""wide_cex_hunter"",""taker_fee_bps_per_leg"":10.0,""total_friction_bps"":30.0}"
2026-09-06T19:10:07+00:00,cex_cross_spot,XRP:buy Bitget / sell Gate,XRP,buy Bitget / sell Gate,Bitget<->Gate,-1.416832,-31.416832,NO,98.52,"{""buy_ask"":1.4116,""buy_venue"":""Bitget"",""extra_buffer_bps"":10.0,""note"":""Discovery snapshot only; assumes capital pre-positioned on both venues. Rebalancing, withdrawal, latency and deeper-book impact are not yet validated."",""sell_bid"":1.4114,""sell_venue"":""Gate"",""source"":""wide_cex_hunter"",""taker_fee_bps_per_leg"":10.0,""total_friction_bps"":30.0}"
2026-09-06T19:10:07+00:00,cex_cross_spot,XRP:buy Gate / sell Bitget,XRP,buy Gate / sell Bitget,Bitget<->Gate,0.000000,-30.000000,NO,3.60,"{""buy_ask"":1.4115,""buy_venue"":""Gate"",""extra_buffer_bps"":10.0,""note"":""Discovery snapshot only; assumes capital pre-positioned on both venues. Rebalancing, withdrawal, latency and deeper-book impact are not yet validated."",""sell_bid"":1.4115,""sell_venue"":""Bitget"",""source"":""wide_cex_hunter"",""taker_fee_bps_per_leg"":10.0,""total_friction_bps"":30.0}"
2026-09-06T19:10:07+00:00,cex_cross_spot,DOGE:buy Bitget / sell Gate,DOGE,buy Bitget / sell Gate,Bitget<->Gate,-2.237637,-32.237637,NO,481.41,"{""buy_ask"":0.08938,""buy_venue"":""Bitget"",""extra_buffer_bps"":10.0,""note"":""Discovery snapshot only; assumes capital pre-positioned on both venues. Rebalancing, withdrawal, latency and deeper-book impact are not yet validated."",""sell_bid"":0.08936,""sell_venue"":""Gate"",""source"":""wide_cex_hunter"",""taker_fee_bps_per_leg"":10.0,""total_friction_bps"":30.0}"
2026-09-06T19:10:07+00:00,cex_cross_spot,DOGE:buy Gate / sell Bitget,DOGE,buy Gate / sell Bitget,Bitget<->Gate,0.000000,-30.000000,NO,38.59,"{""buy_ask"":0.08937,""buy_venue"":""Gate"",""extra_buffer_bps"":10.0,""note"":""Discovery snapshot only; assumes capital pre-positioned on both venues. Rebalancing, withdrawal, latency and deeper-book impact are not yet validated."",""sell_bid"":0.08937,""sell_venue"":""Bitget"",""source"":""wide_cex_hunter"",""taker_fee_bps_per_leg"":10.0,""total_friction_bps"":30.0}"
2026-09-06T19:10:07+00:00,cex_cross_spot,ADA:buy Bitget / sell Gate,ADA,buy Bitget / sell Gate,Bitget<->Gate,-7.295942,-37.295942,NO,282.03,"{""buy_ask"":0.2193,""buy_venue"":""Bitget"",""extra_buffer_bps"":10.0,""note"":""Discovery snapshot only; assumes capital pre-positioned on both venues. Rebalancing, withdrawal, latency and deeper-book impact are not yet validated."",""sell_bid"":0.21914,""sell_venue"":""Gate"",""source"":""wide_cex_hunter"",""taker_fee_bps_per_leg"":10.0,""total_friction_bps"":30.0}"
2026-09-06T19:10:07+00:00,cex_cross_spot,ADA:buy Gate / sell Bitget,ADA,buy Gate / sell Bitget,Bitget<->Gate,0.000000,-30.000000,NO,25.51,"{""buy_ask"":0.2192,""buy_venue"":""Gate"",""extra_buffer_bps"":10.0,""note"":""Discovery snapshot only; assumes capital pre-positioned on both venues. Rebalancing, withdrawal, latency and deeper-book impact are not yet validated."",""sell_bid"":0.2192,""sell_venue"":""Bitget"",""source"":""wide_cex_hunter"",""taker_fee_bps_per_leg"":10.0,""total_friction_bps"":30.0}"
2026-09-06T19:10:07+00:00,cex_cross_spot,LINK:buy Bitget / sell Gate,LINK,buy Bitget / sell Gate,Bitget<->Gate,-0.809782,-30.809782,NO,76.82,"{""buy_ask"":12.349,""buy_venue"":""Bitget"",""extra_buffer_bps"":10.0,""note"":""Discovery snapshot only; assumes capital pre-positioned on both venues. Rebalancing, withdrawal, latency and deeper-book impact are not yet validated."",""sell_bid"":12.348,""sell_venue"":""Gate"",""source"":""wide_cex_hunter"",""taker_fee_bps_per_leg"":10.0,""total_friction_bps"":30.0}"
2026-09-06T19:10:07+00:00,cex_cross_spot,LINK:buy Gate / sell Bitget,LINK,buy Gate / sell Bitget,Bitget<->Gate,-4.857906,-34.857906,NO,173.26,"{""buy_ask"":12.351,""buy_venue"":""Gate"",""extra_buffer_bps"":10.0,""note"":""Discovery snapshot only; assumes capital pre-positioned on both venues. Rebalancing, withdrawal, latency and deeper-book impact are not yet validated."",""sell_bid"":12.345,""sell_venue"":""Bitget"",""source"":""wide_cex_hunter"",""taker_fee_bps_per_leg"":10.0,""total_friction_bps"":30.0}"
2026-09-06T19:10:07+00:00,cex_cross_spot,LTC:buy Bitget / sell Gate,LTC,buy Bitget / sell Gate,Bitget<->Gate,-7.381436,-37.381436,NO,784.36,"{""buy_ask"":54.19,""buy_venue"":""Bitget"",""extra_buffer_bps"":10.0,""note"":""Discovery snapshot only; assumes capital pre-positioned on both venues. Rebalancing, withdrawal, latency and deeper-book impact are not yet validated."",""sell_bid"":54.15,""sell_venue"":""Gate"",""source"":""wide_cex_hunter"",""taker_fee_bps_per_leg"":10.0,""total_friction_bps"":30.0}"
2026-09-06T19:10:07+00:00,cex_cross_spot,LTC:buy Gate / sell Bitget,LTC,buy Gate / sell Bitget,Bitget<->Gate,1.846040,-28.153960,NO,205.71,"{""buy_ask"":54.17,""buy_venue"":""Gate"",""extra_buffer_bps"":10.0,""note"":""Discovery snapshot only; assumes capital pre-positioned on both venues. Rebalancing, withdrawal, latency and deeper-book impact are not yet validated."",""sell_bid"":54.18,""sell_venue"":""Bitget"",""source"":""wide_cex_hunter"",""taker_fee_bps_per_leg"":10.0,""total_friction_bps"":30.0}"
2026-09-06T19:10:07+00:00,cex_cross_spot,BCH:buy Bitget / sell Gate,BCH,buy Bitget / sell Gate,Bitget<->Gate,-9.371339,-39.371339,NO,110.53,"{""buy_ask"":256.1,""buy_venue"":""Bitget"",""extra_buffer_bps"":10.0,""note"":""Discovery snapshot only; assumes capital pre-positioned on both venues. Rebalancing, withdrawal, latency and deeper-book impact are not yet validated."",""sell_bid"":255.86,""sell_venue"":""Gate"",""source"":""wide_cex_hunter"",""taker_fee_bps_per_leg"":10.0,""total_friction_bps"":30.0}"
2026-09-06T19:10:07+00:00,cex_cross_spot,BCH:buy Gate / sell Bitget,BCH,buy Gate / sell Bitget,Bitget<->Gate,0.390640,-29.609360,NO,14.85,"{""buy_ask"":255.99,""buy_venue"":""Gate"",""extra_buffer_bps"":10.0,""note"":""Discovery snapshot only; assumes capital pre-positioned on both venues. Rebalancing, withdrawal, latency and deeper-book impact are not yet validated."",""sell_bid"":256.0,""sell_venue"":""Bitget"",""source"":""wide_cex_hunter"",""taker_fee_bps_per_leg"":10.0,""total_friction_bps"":30.0}"
2026-09-06T19:10:07+00:00,cex_cross_spot,AVAX:buy Bitget / sell Gate,AVAX,buy Bitget / sell Gate,Bitget<->Gate,-1.311819,-31.311819,NO,348.63,"{""buy_ask"":7.623,""buy_venue"":""Bitget"",""extra_buffer_bps"":10.0,""note"":""Discovery snapshot only; assumes capital pre-positioned on both venues. Rebalancing, withdrawal, latency and deeper-book impact are not yet validated."",""sell_bid"":7.622,""sell_venue"":""Gate"",""source"":""wide_cex_hunter"",""taker_fee_bps_per_leg"":10.0,""total_friction_bps"":30.0}"
2026-09-06T19:10:07+00:00,cex_cross_spot,AVAX:buy Gate / sell Bitget,AVAX,buy Gate / sell Bitget,Bitget<->Gate,-2.623295,-32.623295,NO,185.80,"{""buy_ask"":7.624,""buy_venue"":""Gate"",""extra_buffer_bps"":10.0,""note"":""Discovery snapshot only; assumes capital pre-positioned on both venues. Rebalancing, withdrawal, latency and deeper-book impact are not yet validated."",""sell_bid"":7.622,""sell_venue"":""Bitget"",""source"":""wide_cex_hunter"",""taker_fee_bps_per_leg"":10.0,""total_friction_bps"":30.0}"
2026-09-06T19:10:07+00:00,cex_cross_spot,DOT:buy Bitget / sell Gate,DOT,buy Bitget / sell Gate,Bitget<->Gate,-7.329843,-37.329843,NO,116.01,"{""buy_ask"":0.955,""buy_venue"":""Bitget"",""extra_buffer_bps"":10.0,""note"":""Discovery snapshot only; assumes capital pre-positioned on both venues. Rebalancing, withdrawal, latency and deeper-book impact are not yet validated."",""sell_bid"":0.9543,""sell_venue"":""Gate"",""source"":""wide_cex_hunter"",""taker_fee_bps_per_leg"":10.0,""total_friction_bps"":30.0}"
2026-09-06T19:10:07+00:00,cex_cross_spot,DOT:buy Gate / sell Bitget,DOT,buy Gate / sell Bitget,Bitget<->Gate,-8.378718,-38.378718,NO,4.96,"{""buy_ask"":0.9548,""buy_venue"":""Gate"",""extra_buffer_bps"":10.0,""note"":""Discovery snapshot only; assumes capital pre-positioned on both venues. Rebalancing, withdrawal, latency and deeper-book impact are not yet validated."",""sell_bid"":0.954,""sell_venue"":""Bitget"",""source"":""wide_cex_hunter"",""taker_fee_bps_per_leg"":10.0,""total_friction_bps"":30.0}"
2026-09-06T19:10:07+00:00,cex_cross_spot,TRX:buy Bitget / sell Gate,TRX,buy Bitget / sell Gate,Bitget<->Gate,-1.192464,-31.192464,NO,335.02,"{""buy_ask"":0.33544,""buy_venue"":""Bitget"",""extra_buffer_bps"":10.0,""note"":""Discovery snapshot only; assumes capital pre-positioned on both venues. Rebalancing, withdrawal, latency and deeper-book impact are not yet validated."",""sell_bid"":0.3354,""sell_venue"":""Gate"",""source"":""wide_cex_hunter"",""taker_fee_bps_per_leg"":10.0,""total_friction_bps"":30.0}"
2026-09-06T19:10:07+00:00,cex_cross_spot,TRX:buy Gate / sell Bitget,TRX,buy Gate / sell Bitget,Bitget<->Gate,-2.086438,-32.086438,NO,799.35,"{""buy_ask"":0.3355,""buy_venue"":""Gate"",""extra_buffer_bps"":10.0,""note"":""Discovery snapshot only; assumes capital pre-positioned on both venues. Rebalancing, withdrawal, latency and deeper-book impact are not yet validated."",""sell_bid"":0.33543,""sell_venue"":""Bitget"",""source"":""wide_cex_hunter"",""taker_fee_bps_per_leg"":10.0,""total_friction_bps"":30.0}"
2026-09-06T19:10:07+00:00,cex_cross_spot,SUI:buy Bitget / sell Gate,SUI,buy Bitget / sell Gate,Bitget<->Gate,-1.258812,-31.258812,NO,102.76,"{""buy_ask"":0.7944,""buy_venue"":""Bitget"",""extra_buffer_bps"":10.0,""note"":""Discovery snapshot only; assumes capital pre-positioned on both venues. Rebalancing, withdrawal, latency and deeper-book impact are not yet validated."",""sell_bid"":0.7943,""sell_venue"":""Gate"",""source"":""wide_cex_hunter"",""taker_fee_bps_per_leg"":10.0,""total_friction_bps"":30.0}"
2026-09-06T19:10:07+00:00,cex_cross_spot,SUI:buy Gate / sell Bitget,SUI,buy Gate / sell Bitget,Bitget<->Gate,-1.258812,-31.258812,NO,43.10,"{""buy_ask"":0.7944,""buy_venue"":""Gate"",""extra_buffer_bps"":10.0,""note"":""Discovery snapshot only; assumes capital pre-positioned on both venues. Rebalancing, withdrawal, latency and deeper-book impact are not yet validated."",""sell_bid"":0.7943,""sell_venue"":""Bitget"",""source"":""wide_cex_hunter"",""taker_fee_bps_per_leg"":10.0,""total_friction_bps"":30.0}"
2026-09-06T19:10:07+00:00,cex_cross_spot,APT:buy Bitget / sell Gate,APT,buy Bitget / sell Gate,Bitget<->Gate,-6.510417,-36.510417,NO,44.26,"{""buy_ask"":0.6144,""buy_venue"":""Bitget"",""extra_buffer_bps"":10.0,""note"":""Discovery snapshot only; assumes capital pre-positioned on both venues. Rebalancing, withdrawal, latency and deeper-book impact are not yet validated."",""sell_bid"":0.614,""sell_venue"":""Gate"",""source"":""wide_cex_hunter"",""taker_fee_bps_per_leg"":10.0,""total_friction_bps"":30.0}"
2026-09-06T19:10:07+00:00,cex_cross_spot,APT:buy Gate / sell Bitget,APT,buy Gate / sell Bitget,Bitget<->Gate,0.000000,-30.000000,NO,71.81,"{""buy_ask"":0.6143,""buy_venue"":""Gate"",""extra_buffer_bps"":10.0,""note"":""Discovery snapshot only; assumes capital pre-positioned on both venues. Rebalancing, withdrawal, latency and deeper-book impact are not yet validated."",""sell_bid"":0.6143,""sell_venue"":""Bitget"",""source"":""wide_cex_hunter"",""taker_fee_bps_per_leg"":10.0,""total_friction_bps"":30.0}"
2026-09-06T19:10:07+00:00,cex_cross_spot,NEAR:buy Bitget / sell Gate,NEAR,buy Bitget / sell Gate,Bitget<->Gate,-8.291874,-38.291874,NO,325.16,"{""buy_ask"":2.412,""buy_venue"":""Bitget"",""extra_buffer_bps"":10.0,""note"":""Discovery snapshot only; assumes capital pre-positioned on both venues. Rebalancing, withdrawal, latency and deeper-book impact are not yet validated."",""sell_bid"":2.41,""sell_venue"":""Gate"",""source"":""wide_cex_hunter"",""taker_fee_bps_per_leg"":10.0,""total_friction_bps"":30.0}"
2026-09-06T19:10:07+00:00,cex_cross_spot,NEAR:buy Gate / sell Bitget,NEAR,buy Gate / sell Bitget,Bitget<->Gate,-4.147657,-34.147657,NO,407.22,"{""buy_ask"":2.411,""buy_venue"":""Gate"",""extra_buffer_bps"":10.0,""note"":""Discovery snapshot only; assumes capital pre-positioned on both venues. Rebalancing, withdrawal, latency and deeper-book impact are not yet validated."",""sell_bid"":2.41,""sell_venue"":""Bitget"",""source"":""wide_cex_hunter"",""taker_fee_bps_per_leg"":10.0,""total_friction_bps"":30.0}"
2026-09-06T20:27:19+00:00,cex_cross_spot,BTC:buy Bitget / sell Gate,BTC,buy Bitget / sell Gate,Bitget<->Gate,0.385353,-29.614647,NO,8422.53,"{""buy_ask"":79926.82,""buy_venue"":""Bitget"",""extra_buffer_bps"":10.0,""note"":""Discovery snapshot only; assumes capital pre-positioned on both venues. Rebalancing, withdrawal, latency and deeper-book impact are not yet validated."",""sell_bid"":79929.9,""sell_venue"":""Gate"",""source"":""wide_cex_hunter"",""taker_fee_bps_per_leg"":10.0,""total_friction_bps"":30.0}"
2026-09-06T20:27:19+00:00,cex_cross_spot,BTC:buy Gate / sell Bitget,BTC,buy Gate / sell Bitget,Bitget<->Gate,-0.399099,-30.399099,NO,24148.05,"{""buy_ask"":79930.0,""buy_venue"":""Gate"",""extra_buffer_bps"":10.0,""note"":""Discovery snapshot only; assumes capital pre-positioned on both venues. Rebalancing, withdrawal, latency and deeper-book impact are not yet validated."",""sell_bid"":79926.81,""sell_venue"":""Bitget"",""source"":""wide_cex_hunter"",""taker_fee_bps_per_leg"":10.0,""total_friction_bps"":30.0}"
2026-09-06T20:27:19+00:00,cex_cross_spot,ETH:buy Bitget / sell Gate,ETH,buy Bitget / sell Gate,Bitget<->Gate,-0.120217,-30.120217,NO,5247.68,"{""buy_ask"":2495.48,""buy_venue"":""Bitget"",""extra_buffer_bps"":10.0,""note"":""Discovery snapshot only; assumes capital pre-positioned on both venues. Rebalancing, withdrawal, latency and deeper-book impact are not yet validated."",""sell_bid"":2495.45,""sell_venue"":""Gate"",""source"":""wide_cex_hunter"",""taker_fee_bps_per_leg"":10.0,""total_friction_bps"":30.0}"
2026-09-06T20:27:19+00:00,cex_cross_spot,ETH:buy Gate / sell Bitget,ETH,buy Gate / sell Bitget,Bitget<->Gate,0.040073,-29.959927,NO,11865.91,"{""buy_ask"":2495.46,""buy_venue"":""Gate"",""extra_buffer_bps"":10.0,""note"":""Discovery snapshot only; assumes capital pre-positioned on both venues. Rebalancing, withdrawal, latency and deeper-book impact are not yet validated."",""sell_bid"":2495.47,""sell_venue"":""Bitget"",""source"":""wide_cex_hunter"",""taker_fee_bps_per_leg"":10.0,""total_friction_bps"":30.0}"
2026-09-06T20:27:19+00:00,cex_cross_spot,SOL:buy Bitget / sell Gate,SOL,buy Bitget / sell Gate,Bitget<->Gate,-0.946342,-30.946342,NO,1676.82,"{""buy_ask"":105.67,""buy_venue"":""Bitget"",""extra_buffer_bps"":10.0,""note"":""Discovery snapshot only; assumes capital pre-positioned on both venues. Rebalancing, withdrawal, latency and deeper-book impact are not yet validated."",""sell_bid"":105.66,""sell_venue"":""Gate"",""source"":""wide_cex_hunter"",""taker_fee_bps_per_leg"":10.0,""total_friction_bps"":30.0}"
2026-09-06T20:27:19+00:00,cex_cross_spot,SOL:buy Gate / sell Bitget,SOL,buy Gate / sell Bitget,Bitget<->Gate,-0.946342,-30.946342,NO,45.97,"{""buy_ask"":105.67,""buy_venue"":""Gate"",""extra_buffer_bps"":10.0,""note"":""Discovery snapshot only; assumes capital pre-positioned on both venues. Rebalancing, withdrawal, latency and deeper-book impact are not yet validated."",""sell_bid"":105.66,""sell_venue"":""Bitget"",""source"":""wide_cex_hunter"",""taker_fee_bps_per_leg"":10.0,""total_friction_bps"":30.0}"
2026-09-06T20:27:19+00:00,cex_cross_spot,XRP:buy Bitget / sell Gate,XRP,buy Bitget / sell Gate,Bitget<->Gate,-0.706514,-30.706514,NO,78.97,"{""buy_ask"":1.4154,""buy_venue"":""Bitget"",""extra_buffer_bps"":10.0,""note"":""Discovery snapshot only; assumes capital pre-positioned on both venues. Rebalancing, withdrawal, latency and deeper-book impact are not yet validated."",""sell_bid"":1.4153,""sell_venue"":""Gate"",""source"":""wide_cex_hunter"",""taker_fee_bps_per_leg"":10.0,""total_friction_bps"":30.0}"
2026-09-06T20:27:19+00:00,cex_cross_spot,XRP:buy Gate / sell Bitget,XRP,buy Gate / sell Bitget,Bitget<->Gate,-0.706514,-30.706514,NO,258.74,"{""buy_ask"":1.4154,""buy_venue"":""Gate"",""extra_buffer_bps"":10.0,""note"":""Discovery snapshot only; assumes capital pre-positioned on both venues. Rebalancing, withdrawal, latency and deeper-book impact are not yet validated."",""sell_bid"":1.4153,""sell_venue"":""Bitget"",""source"":""wide_cex_hunter"",""taker_fee_bps_per_leg"":10.0,""total_friction_bps"":30.0}"
2026-09-06T20:27:19+00:00,cex_cross_spot,DOGE:buy Bitget / sell Gate,DOGE,buy Bitget / sell Gate,Bitget<->Gate,-4.444938,-34.444938,NO,818.88,"{""buy_ask"":0.08999,""buy_venue"":""Bitget"",""extra_buffer_bps"":10.0,""note"":""Discovery snapshot only; assumes capital pre-positioned on both venues. Rebalancing, withdrawal, latency and deeper-book impact are not yet validated."",""sell_bid"":0.08995,""sell_venue"":""Gate"",""source"":""wide_cex_hunter"",""taker_fee_bps_per_leg"":10.0,""total_friction_bps"":30.0}"
2026-09-06T20:27:19+00:00,cex_cross_spot,DOGE:buy Gate / sell Bitget,DOGE,buy Gate / sell Bitget,Bitget<->Gate,2.223210,-27.776790,NO,247.01,"{""buy_ask"":0.08996,""buy_venue"":""Gate"",""extra_buffer_bps"":10.0,""note"":""Discovery snapshot only; assumes capital pre-positioned on both venues. Rebalancing, withdrawal, latency and deeper-book impact are not yet validated."",""sell_bid"":0.08998,""sell_venue"":""Bitget"",""source"":""wide_cex_hunter"",""taker_fee_bps_per_leg"":10.0,""total_friction_bps"":30.0}"
2026-09-06T20:27:19+00:00,cex_cross_spot,ADA:buy Bitget / sell Gate,ADA,buy Bitget / sell Gate,Bitget<->Gate,-1.358081,-31.358081,NO,197.03,"{""buy_ask"":0.2209,""buy_venue"":""Bitget"",""extra_buffer_bps"":10.0,""note"":""Discovery snapshot only; assumes capital pre-positioned on both venues. Rebalancing, withdrawal, latency and deeper-book impact are not yet validated."",""sell_bid"":0.22087,""sell_venue"":""Gate"",""source"":""wide_cex_hunter"",""taker_fee_bps_per_leg"":10.0,""total_friction_bps"":30.0}"
2026-09-06T20:27:19+00:00,cex_cross_spot,ADA:buy Gate / sell Bitget,ADA,buy Gate / sell Bitget,Bitget<->Gate,-3.621876,-33.621876,NO,1249.30,"{""buy_ask"":0.22088,""buy_venue"":""Gate"",""extra_buffer_bps"":10.0,""note"":""Discovery snapshot only; assumes capital pre-positioned on both venues. Rebalancing, withdrawal, latency and deeper-book impact are not yet validated."",""sell_bid"":0.2208,""sell_venue"":""Bitget"",""source"":""wide_cex_hunter"",""taker_fee_bps_per_leg"":10.0,""total_friction_bps"":30.0}"
2026-09-06T20:27:19+00:00,cex_cross_spot,LINK:buy Bitget / sell Gate,LINK,buy Bitget / sell Gate,Bitget<->Gate,-2.414098,-32.414098,NO,6.06,"{""buy_ask"":12.427,""buy_venue"":""Bitget"",""extra_buffer_bps"":10.0,""note"":""Discovery snapshot only; assumes capital pre-positioned on both venues. Rebalancing, withdrawal, latency and deeper-book impact are not yet validated."",""sell_bid"":12.424,""sell_venue"":""Gate"",""source"":""wide_cex_hunter"",""taker_fee_bps_per_leg"":10.0,""total_friction_bps"":30.0}"
2026-09-06T20:27:19+00:00,cex_cross_spot,LINK:buy Gate / sell Bitget,LINK,buy Gate / sell Bitget,Bitget<->Gate,0.804829,-29.195171,NO,5.09,"{""buy_ask"":12.425,""buy_venue"":""Gate"",""extra_buffer_bps"":10.0,""note"":""Discovery snapshot only; assumes capital pre-positioned on both venues. Rebalancing, withdrawal, latency and deeper-book impact are not yet validated."",""sell_bid"":12.426,""sell_venue"":""Bitget"",""source"":""wide_cex_hunter"",""taker_fee_bps_per_leg"":10.0,""total_friction_bps"":30.0}"
2026-09-06T20:27:19+00:00,cex_cross_spot,LTC:buy Bitget / sell Gate,LTC,buy Bitget / sell Gate,Bitget<->Gate,-3.692080,-33.692080,NO,334.21,"{""buy_ask"":54.17,""buy_venue"":""Bitget"",""extra_buffer_bps"":10.0,""note"":""Discovery snapshot only; assumes capital pre-positioned on both venues. Rebalancing, withdrawal, latency and deeper-book impact are not yet validated."",""sell_bid"":54.15,""sell_venue"":""Gate"",""source"":""wide_cex_hunter"",""taker_fee_bps_per_leg"":10.0,""total_friction_bps"":30.0}"
2026-09-06T20:27:19+00:00,cex_cross_spot,LTC:buy Gate / sell Bitget,LTC,buy Gate / sell Bitget,Bitget<->Gate,0.000000,-30.000000,NO,297.61,"{""buy_ask"":54.16,""buy_venue"":""Gate"",""extra_buffer_bps"":10.0,""note"":""Discovery snapshot only; assumes capital pre-positioned on both venues. Rebalancing, withdrawal, latency and deeper-book impact are not yet validated."",""sell_bid"":54.16,""sell_venue"":""Bitget"",""source"":""wide_cex_hunter"",""taker_fee_bps_per_leg"":10.0,""total_friction_bps"":30.0}"
2026-09-06T20:27:19+00:00,cex_cross_spot,BCH:buy Bitget / sell Gate,BCH,buy Bitget / sell Gate,Bitget<->Gate,-5.829771,-35.829771,NO,249.69,"{""buy_ask"":257.3,""buy_venue"":""Bitget"",""extra_buffer_bps"":10.0,""note"":""Discovery snapshot only; assumes capital pre-positioned on both venues. Rebalancing, withdrawal, latency and deeper-book impact are not yet validated."",""sell_bid"":257.15,""sell_venue"":""Gate"",""source"":""wide_cex_hunter"",""taker_fee_bps_per_leg"":10.0,""total_friction_bps"":30.0}"
2026-09-06T20:27:19+00:00,cex_cross_spot,BCH:buy Gate / sell Bitget,BCH,buy Gate / sell Bitget,Bitget<->Gate,-1.554968,-31.554968,NO,89.69,"{""buy_ask"":257.24,""buy_venue"":""Gate"",""extra_buffer_bps"":10.0,""note"":""Discovery snapshot only; assumes capital pre-positioned on both venues. Rebalancing, withdrawal, latency and deeper-book impact are not yet validated."",""sell_bid"":257.2,""sell_venue"":""Bitget"",""source"":""wide_cex_hunter"",""taker_fee_bps_per_leg"":10.0,""total_friction_bps"":30.0}"
2026-09-06T20:27:19+00:00,cex_cross_spot,AVAX:buy Bitget / sell Gate,AVAX,buy Bitget / sell Gate,Bitget<->Gate,-2.596054,-32.596054,NO,466.34,"{""buy_ask"":7.704,""buy_venue"":""Bitget"",""extra_buffer_bps"":10.0,""note"":""Discovery snapshot only; assumes capital pre-positioned on both venues. Rebalancing, withdrawal, latency and deeper-book impact are not yet validated."",""sell_bid"":7.702,""sell_venue"":""Gate"",""source"":""wide_cex_hunter"",""taker_fee_bps_per_leg"":10.0,""total_friction_bps"":30.0}"
2026-09-06T20:27:19+00:00,cex_cross_spot,AVAX:buy Gate / sell Bitget,AVAX,buy Gate / sell Bitget,Bitget<->Gate,-2.595717,-32.595717,NO,13.73,"{""buy_ask"":7.705,""buy_venue"":""Gate"",""extra_buffer_bps"":10.0,""note"":""Discovery snapshot only; assumes capital pre-positioned on both venues. Rebalancing, withdrawal, latency and deeper-book impact are not yet validated."",""sell_bid"":7.703,""sell_venue"":""Bitget"",""source"":""wide_cex_hunter"",""taker_fee_bps_per_leg"":10.0,""total_friction_bps"":30.0}"
2026-09-06T20:27:19+00:00,cex_cross_spot,DOT:buy Bitget / sell Gate,DOT,buy Bitget / sell Gate,Bitget<->Gate,-7.238883,-37.238883,NO,125.62,"{""buy_ask"":0.967,""buy_venue"":""Bitget"",""extra_buffer_bps"":10.0,""note"":""Discovery snapshot only; assumes capital pre-positioned on both venues. Rebalancing, withdrawal, latency and deeper-book impact are not yet validated."",""sell_bid"":0.9663,""sell_venue"":""Gate"",""source"":""wide_cex_hunter"",""taker_fee_bps_per_leg"":10.0,""total_friction_bps"":30.0}"
2026-09-06T20:27:19+00:00,cex_cross_spot,DOT:buy Gate / sell Bitget,DOT,buy Gate / sell Bitget,Bitget<->Gate,-7.241130,-37.241130,NO,210.45,"{""buy_ask"":0.9667,""buy_venue"":""Gate"",""extra_buffer_bps"":10.0,""note"":""Discovery snapshot only; assumes capital pre-positioned on both venues. Rebalancing, withdrawal, latency and deeper-book impact are not yet validated."",""sell_bid"":0.966,""sell_venue"":""Bitget"",""source"":""wide_cex_hunter"",""taker_fee_bps_per_leg"":10.0,""total_friction_bps"":30.0}"
2026-09-06T20:27:19+00:00,cex_cross_spot,TRX:buy Bitget / sell Gate,TRX,buy Bitget / sell Gate,Bitget<->Gate,-1.789122,-31.789122,NO,2363.19,"{""buy_ask"":0.33536,""buy_venue"":""Bitget"",""extra_buffer_bps"":10.0,""note"":""Discovery snapshot only; assumes capital pre-positioned on both venues. Rebalancing, withdrawal, latency and deeper-book impact are not yet validated."",""sell_bid"":0.3353,""sell_venue"":""Gate"",""source"":""wide_cex_hunter"",""taker_fee_bps_per_leg"":10.0,""total_friction_bps"":30.0}"
2026-09-06T20:27:19+00:00,cex_cross_spot,TRX:buy Gate / sell Bitget,TRX,buy Gate / sell Bitget,Bitget<->Gate,-1.490757,-31.490757,NO,76.86,"{""buy_ask"":0.3354,""buy_venue"":""Gate"",""extra_buffer_bps"":10.0,""note"":""Discovery snapshot only; assumes capital pre-positioned on both venues. Rebalancing, withdrawal, latency and deeper-book impact are not yet validated."",""sell_bid"":0.33535,""sell_venue"":""Bitget"",""source"":""wide_cex_hunter"",""taker_fee_bps_per_leg"":10.0,""total_friction_bps"":30.0}"
2026-09-06T20:27:19+00:00,cex_cross_spot,SUI:buy Bitget / sell Gate,SUI,buy Bitget / sell Gate,Bitget<->Gate,0.000000,-30.000000,NO,37.03,"{""buy_ask"":0.8035,""buy_venue"":""Bitget"",""extra_buffer_bps"":10.0,""note"":""Discovery snapshot only; assumes capital pre-positioned on both venues. Rebalancing, withdrawal, latency and deeper-book impact are not yet validated."",""sell_bid"":0.8035,""sell_venue"":""Gate"",""source"":""wide_cex_hunter"",""taker_fee_bps_per_leg"":10.0,""total_friction_bps"":30.0}"
2026-09-06T20:27:19+00:00,cex_cross_spot,SUI:buy Gate / sell Bitget,SUI,buy Gate / sell Bitget,Bitget<->Gate,-2.488800,-32.488800,NO,44.02,"{""buy_ask"":0.8036,""buy_venue"":""Gate"",""extra_buffer_bps"":10.0,""note"":""Discovery snapshot only; assumes capital pre-positioned on both venues. Rebalancing, withdrawal, latency and deeper-book impact are not yet validated."",""sell_bid"":0.8034,""sell_venue"":""Bitget"",""source"":""wide_cex_hunter"",""taker_fee_bps_per_leg"":10.0,""total_friction_bps"":30.0}"
2026-09-06T20:27:19+00:00,cex_cross_spot,APT:buy Bitget / sell Gate,APT,buy Bitget / sell Gate,Bitget<->Gate,-6.466214,-36.466214,NO,64.58,"{""buy_ask"":0.6186,""buy_venue"":""Bitget"",""extra_buffer_bps"":10.0,""note"":""Discovery snapshot only; assumes capital pre-positioned on both venues. Rebalancing, withdrawal, latency and deeper-book impact are not yet validated."",""sell_bid"":0.6182,""sell_venue"":""Gate"",""source"":""wide_cex_hunter"",""taker_fee_bps_per_leg"":10.0,""total_friction_bps"":30.0}"
2026-09-06T20:27:19+00:00,cex_cross_spot,APT:buy Gate / sell Bitget,APT,buy Gate / sell Bitget,Bitget<->Gate,-3.232584,-33.232584,NO,44.37,"{""buy_ask"":0.6187,""buy_venue"":""Gate"",""extra_buffer_bps"":10.0,""note"":""Discovery snapshot only; assumes capital pre-positioned on both venues. Rebalancing, withdrawal, latency and deeper-book impact are not yet validated."",""sell_bid"":0.6185,""sell_venue"":""Bitget"",""source"":""wide_cex_hunter"",""taker_fee_bps_per_leg"":10.0,""total_friction_bps"":30.0}"
2026-09-06T20:27:19+00:00,cex_cross_spot,NEAR:buy Bitget / sell Gate,NEAR,buy Bitget / sell Gate,Bitget<->Gate,-8.278146,-38.278146,NO,1039.18,"{""buy_ask"":2.416,""buy_venue"":""Bitget"",""extra_buffer_bps"":10.0,""note"":""Discovery snapshot only; assumes capital pre-positioned on both venues. Rebalancing, withdrawal, latency and deeper-book impact are not yet validated."",""sell_bid"":2.414,""sell_venue"":""Gate"",""source"":""wide_cex_hunter"",""taker_fee_bps_per_leg"":10.0,""total_friction_bps"":30.0}"
2026-09-06T20:27:19+00:00,cex_cross_spot,NEAR:buy Gate / sell Bitget,NEAR,buy Gate / sell Bitget,Bitget<->Gate,0.000000,-30.000000,NO,44.44,"{""buy_ask"":2.415,""buy_venue"":""Gate"",""extra_buffer_bps"":10.0,""note"":""Discovery snapshot only; assumes capital pre-positioned on both venues. Rebalancing, withdrawal, latency and deeper-book impact are not yet validated."",""sell_bid"":2.415,""sell_venue"":""Bitget"",""source"":""wide_cex_hunter"",""taker_fee_bps_per_leg"":10.0,""total_friction_bps"":30.0}"
2026-09-06T21:13:05+00:00,cex_cross_spot,BTC:buy Bitget / sell Gate,BTC,buy Bitget / sell Gate,Bitget<->Gate,0.627558,-29.372442,NO,1504.42,"{""buy_ask"":79992.58,""buy_venue"":""Bitget"",""extra_buffer_bps"":10.0,""note"":""Discovery snapshot only; assumes capital pre-positioned on both venues. Rebalancing, withdrawal, latency and deeper-book impact are not yet validated."",""sell_bid"":79997.6,""sell_venue"":""Gate"",""source"":""wide_cex_hunter"",""taker_fee_bps_per_leg"":10.0,""total_friction_bps"":30.0}"
2026-09-06T21:13:05+00:00,cex_cross_spot,BTC:buy Gate / sell Bitget,BTC,buy Gate / sell Bitget,Bitget<->Gate,-0.641268,-30.641268,NO,663.98,"{""buy_ask"":79997.7,""buy_venue"":""Gate"",""extra_buffer_bps"":10.0,""note"":""Discovery snapshot only; assumes capital pre-positioned on both venues. Rebalancing, withdrawal, latency and deeper-book impact are not yet validated."",""sell_bid"":79992.57,""sell_venue"":""Bitget"",""source"":""wide_cex_hunter"",""taker_fee_bps_per_leg"":10.0,""total_friction_bps"":30.0}"
2026-09-06T21:13:05+00:00,cex_cross_spot,ETH:buy Bitget / sell Gate,ETH,buy Bitget / sell Gate,Bitget<->Gate,-0.518176,-30.518176,NO,14549.28,"{""buy_ask"":2508.8,""buy_venue"":""Bitget"",""extra_buffer_bps"":10.0,""note"":""Discovery snapshot only; assumes capital pre-positioned on both venues. Rebalancing, withdrawal, latency and deeper-book impact are not yet validated."",""sell_bid"":2508.67,""sell_venue"":""Gate"",""source"":""wide_cex_hunter"",""taker_fee_bps_per_leg"":10.0,""total_friction_bps"":30.0}"
2026-09-06T21:13:05+00:00,cex_cross_spot,ETH:buy Gate / sell Bitget,ETH,buy Gate / sell Bitget,Bitget<->Gate,0.438478,-29.561522,NO,218.26,"{""buy_ask"":2508.68,""buy_venue"":""Gate"",""extra_buffer_bps"":10.0,""note"":""Discovery snapshot only; assumes capital pre-positioned on both venues. Rebalancing, withdrawal, latency and deeper-book impact are not yet validated."",""sell_bid"":2508.79,""sell_venue"":""Bitget"",""source"":""wide_cex_hunter"",""taker_fee_bps_per_leg"":10.0,""total_friction_bps"":30.0}"
2026-09-06T21:13:05+00:00,cex_cross_spot,SOL:buy Bitget / sell Gate,SOL,buy Bitget / sell Gate,Bitget<->Gate,0.000000,-30.000000,NO,13.68,"{""buy_ask"":106.0,""buy_venue"":""Bitget"",""extra_buffer_bps"":10.0,""note"":""Discovery snapshot only; assumes capital pre-positioned on both venues. Rebalancing, withdrawal, latency and deeper-book impact are not yet validated."",""sell_bid"":106.0,""sell_venue"":""Gate"",""source"":""wide_cex_hunter"",""taker_fee_bps_per_leg"":10.0,""total_friction_bps"":30.0}"
2026-09-06T21:13:05+00:00,cex_cross_spot,SOL:buy Gate / sell Bitget,SOL,buy Gate / sell Bitget,Bitget<->Gate,-2.829655,-32.829655,NO,2395.31,"{""buy_ask"":106.02,""buy_venue"":""Gate"",""extra_buffer_bps"":10.0,""note"":""Discovery snapshot only; assumes capital pre-positioned on both venues. Rebalancing, withdrawal, latency and deeper-book impact are not yet validated."",""sell_bid"":105.99,""sell_venue"":""Bitget"",""source"":""wide_cex_hunter"",""taker_fee_bps_per_leg"":10.0,""total_friction_bps"":30.0}"
2026-09-06T21:13:05+00:00,cex_cross_spot,XRP:buy Bitget / sell Gate,XRP,buy Bitget / sell Gate,Bitget<->Gate,3.512223,-26.487777,NO,2.85,"{""buy_ask"":1.4236,""buy_venue"":""Bitget"",""extra_buffer_bps"":10.0,""note"":""Discovery snapshot only; assumes capital pre-positioned on both venues. Rebalancing, withdrawal, latency and deeper-book impact are not yet validated."",""sell_bid"":1.4241,""sell_venue"":""Gate"",""source"":""wide_cex_hunter"",""taker_fee_bps_per_leg"":10.0,""total_friction_bps"":30.0}"
2026-09-06T21:13:05+00:00,cex_cross_spot,XRP:buy Gate / sell Bitget,XRP,buy Gate / sell Bitget,Bitget<->Gate,-4.915040,-34.915040,NO,691.88,"{""buy_ask"":1.4242,""buy_venue"":""Gate"",""extra_buffer_bps"":10.0,""note"":""Discovery snapshot only; assumes capital pre-positioned on both venues. Rebalancing, withdrawal, latency and deeper-book impact are not yet validated."",""sell_bid"":1.4235,""sell_venue"":""Bitget"",""source"":""wide_cex_hunter"",""taker_fee_bps_per_leg"":10.0,""total_friction_bps"":30.0}"
2026-09-06T21:13:05+00:00,cex_cross_spot,DOGE:buy Bitget / sell Gate,DOGE,buy Bitget / sell Gate,Bitget<->Gate,-3.325574,-33.325574,NO,121.10,"{""buy_ask"":0.09021,""buy_venue"":""Bitget"",""extra_buffer_bps"":10.0,""note"":""Discovery snapshot only; assumes capital pre-positioned on both venues. Rebalancing, withdrawal, latency and deeper-book impact are not yet validated."",""sell_bid"":0.09018,""sell_venue"":""Gate"",""source"":""wide_cex_hunter"",""taker_fee_bps_per_leg"":10.0,""total_friction_bps"":30.0}"
2026-09-06T21:13:05+00:00,cex_cross_spot,DOGE:buy Gate / sell Bitget,DOGE,buy Gate / sell Bitget,Bitget<->Gate,0.000000,-30.000000,NO,39.96,"{""buy_ask"":0.0902,""buy_venue"":""Gate"",""extra_buffer_bps"":10.0,""note"":""Discovery snapshot only; assumes capital pre-positioned on both venues. Rebalancing, withdrawal, latency and deeper-book impact are not yet validated."",""sell_bid"":0.0902,""sell_venue"":""Bitget"",""source"":""wide_cex_hunter"",""taker_fee_bps_per_leg"":10.0,""total_friction_bps"":30.0}"
2026-09-06T21:13:05+00:00,cex_cross_spot,ADA:buy Bitget / sell Gate,ADA,buy Bitget / sell Gate,Bitget<->Gate,-3.160271,-33.160271,NO,59.91,"{""buy_ask"":0.2215,""buy_venue"":""Bitget"",""extra_buffer_bps"":10.0,""note"":""Discovery snapshot only; assumes capital pre-positioned on both venues. Rebalancing, withdrawal, latency and deeper-book impact are not yet validated."",""sell_bid"":0.22143,""sell_venue"":""Gate"",""source"":""wide_cex_hunter"",""taker_fee_bps_per_leg"":10.0,""total_friction_bps"":30.0}"
2026-09-06T21:13:05+00:00,cex_cross_spot,ADA:buy Gate / sell Bitget,ADA,buy Gate / sell Bitget,Bitget<->Gate,-4.063389,-34.063389,NO,192.47,"{""buy_ask"":0.22149,""buy_venue"":""Gate"",""extra_buffer_bps"":10.0,""note"":""Discovery snapshot only; assumes capital pre-positioned on both venues. Rebalancing, withdrawal, latency and deeper-book impact are not yet validated."",""sell_bid"":0.2214,""sell_venue"":""Bitget"",""source"":""wide_cex_hunter"",""taker_fee_bps_per_leg"":10.0,""total_friction_bps"":30.0}"
2026-09-06T21:13:05+00:00,cex_cross_spot,LINK:buy Bitget / sell Gate,LINK,buy Bitget / sell Gate,Bitget<->Gate,1.521607,-28.478393,NO,70.22,"{""buy_ask"":13.144,""buy_venue"":""Bitget"",""extra_buffer_bps"":10.0,""note"":""Discovery snapshot only; assumes capital pre-positioned on both venues. Rebalancing, withdrawal, latency and deeper-book impact are not yet validated."",""sell_bid"":13.146,""sell_venue"":""Gate"",""source"":""wide_cex_hunter"",""taker_fee_bps_per_leg"":10.0,""total_friction_bps"":30.0}"
2026-09-06T21:13:05+00:00,cex_cross_spot,LINK:buy Gate / sell Bitget,LINK,buy Gate / sell Bitget,Bitget<->Gate,-5.323599,-35.323599,NO,0.66,"{""buy_ask"":13.149,""buy_venue"":""Gate"",""extra_buffer_bps"":10.0,""note"":""Discovery snapshot only; assumes capital pre-positioned on both venues. Rebalancing, withdrawal, latency and deeper-book impact are not yet validated."",""sell_bid"":13.142,""sell_venue"":""Bitget"",""source"":""wide_cex_hunter"",""taker_fee_bps_per_leg"":10.0,""total_friction_bps"":30.0}"
2026-09-06T21:13:05+00:00,cex_cross_spot,LTC:buy Bitget / sell Gate,LTC,buy Bitget / sell Gate,Bitget<->Gate,-7.326007,-37.326007,NO,362.66,"{""buy_ask"":54.6,""buy_venue"":""Bitget"",""extra_buffer_bps"":10.0,""note"":""Discovery snapshot only; assumes capital pre-positioned on both venues. Rebalancing, withdrawal, latency and deeper-book impact are not yet validated."",""sell_bid"":54.56,""sell_venue"":""Gate"",""source"":""wide_cex_hunter"",""taker_fee_bps_per_leg"":10.0,""total_friction_bps"":30.0}"
2026-09-06T21:13:05+00:00,cex_cross_spot,LTC:buy Gate / sell Bitget,LTC,buy Gate / sell Bitget,Bitget<->Gate,0.000000,-30.000000,NO,310.18,"{""buy_ask"":54.58,""buy_venue"":""Gate"",""extra_buffer_bps"":10.0,""note"":""Discovery snapshot only; assumes capital pre-positioned on both venues. Rebalancing, withdrawal, latency and deeper-book impact are not yet validated."",""sell_bid"":54.58,""sell_venue"":""Bitget"",""source"":""wide_cex_hunter"",""taker_fee_bps_per_leg"":10.0,""total_friction_bps"":30.0}"
2026-09-06T21:13:05+00:00,cex_cross_spot,BCH:buy Bitget / sell Gate,BCH,buy Bitget / sell Gate,Bitget<->Gate,-7.338741,-37.338741,NO,24.84,"{""buy_ask"":258.9,""buy_venue"":""Bitget"",""extra_buffer_bps"":10.0,""note"":""Discovery snapshot only; assumes capital pre-positioned on both venues. Rebalancing, withdrawal, latency and deeper-book impact are not yet validated."",""sell_bid"":258.71,""sell_venue"":""Gate"",""source"":""wide_cex_hunter"",""taker_fee_bps_per_leg"":10.0,""total_friction_bps"":30.0}"
2026-09-06T21:13:05+00:00,cex_cross_spot,BCH:buy Gate / sell Bitget,BCH,buy Gate / sell Bitget,Bitget<->Gate,-0.772738,-30.772738,NO,31.58,"{""buy_ask"":258.82,""buy_venue"":""Gate"",""extra_buffer_bps"":10.0,""note"":""Discovery snapshot only; assumes capital pre-positioned on both venues. Rebalancing, withdrawal, latency and deeper-book impact are not yet validated."",""sell_bid"":258.8,""sell_venue"":""Bitget"",""source"":""wide_cex_hunter"",""taker_fee_bps_per_leg"":10.0,""total_friction_bps"":30.0}"
2026-09-06T21:13:05+00:00,cex_cross_spot,AVAX:buy Bitget / sell Gate,AVAX,buy Bitget / sell Gate,Bitget<->Gate,-2.567394,-32.567394,NO,245.07,"{""buy_ask"":7.79,""buy_venue"":""Bitget"",""extra_buffer_bps"":10.0,""note"":""Discovery snapshot only; assumes capital pre-positioned on both venues. Rebalancing, withdrawal, latency and deeper-book impact are not yet validated."",""sell_bid"":7.788,""sell_venue"":""Gate"",""source"":""wide_cex_hunter"",""taker_fee_bps_per_leg"":10.0,""total_friction_bps"":30.0}"
2026-09-06T21:13:05+00:00,cex_cross_spot,AVAX:buy Gate / sell Bitget,AVAX,buy Gate / sell Bitget,Bitget<->Gate,-2.567394,-32.567394,NO,510.46,"{""buy_ask"":7.79,""buy_venue"":""Gate"",""extra_buffer_bps"":10.0,""note"":""Discovery snapshot only; assumes capital pre-positioned on both venues. Rebalancing, withdrawal, latency and deeper-book impact are not yet validated."",""sell_bid"":7.788,""sell_venue"":""Bitget"",""source"":""wide_cex_hunter"",""taker_fee_bps_per_leg"":10.0,""total_friction_bps"":30.0}"
2026-09-06T21:13:05+00:00,cex_cross_spot,DOT:buy Bitget / sell Gate,DOT,buy Bitget / sell Gate,Bitget<->Gate,-8.213552,-38.213552,NO,4.96,"{""buy_ask"":0.974,""buy_venue"":""Bitget"",""extra_buffer_bps"":10.0,""note"":""Discovery snapshot only; assumes capital pre-positioned on both venues. Rebalancing, withdrawal, latency and deeper-book impact are not yet validated."",""sell_bid"":0.9732,""sell_venue"":""Gate"",""source"":""wide_cex_hunter"",""taker_fee_bps_per_leg"":10.0,""total_friction_bps"":30.0}"
2026-09-06T21:13:05+00:00,cex_cross_spot,DOT:buy Gate / sell Bitget,DOT,buy Gate / sell Bitget,Bitget<->Gate,-7.189073,-37.189073,NO,112.88,"{""buy_ask"":0.9737,""buy_venue"":""Gate"",""extra_buffer_bps"":10.0,""note"":""Discovery snapshot only; assumes capital pre-positioned on both venues. Rebalancing, withdrawal, latency and deeper-book impact are not yet validated."",""sell_bid"":0.973,""sell_venue"":""Bitget"",""source"":""wide_cex_hunter"",""taker_fee_bps_per_leg"":10.0,""total_friction_bps"":30.0}"
2026-09-06T21:13:05+00:00,cex_cross_spot,TRX:buy Bitget / sell Gate,TRX,buy Bitget / sell Gate,Bitget<->Gate,-0.297345,-30.297345,NO,145.77,"{""buy_ask"":0.33631,""buy_venue"":""Bitget"",""extra_buffer_bps"":10.0,""note"":""Discovery snapshot only; assumes capital pre-positioned on both venues. Rebalancing, withdrawal, latency and deeper-book impact are not yet validated."",""sell_bid"":0.3363,""sell_venue"":""Gate"",""source"":""wide_cex_hunter"",""taker_fee_bps_per_leg"":10.0,""total_friction_bps"":30.0}"
2026-09-06T21:13:05+00:00,cex_cross_spot,TRX:buy Gate / sell Bitget,TRX,buy Gate / sell Bitget,Bitget<->Gate,-2.972652,-32.972652,NO,1669.61,"{""buy_ask"":0.3364,""buy_venue"":""Gate"",""extra_buffer_bps"":10.0,""note"":""Discovery snapshot only; assumes capital pre-positioned on both venues. Rebalancing, withdrawal, latency and deeper-book impact are not yet validated."",""sell_bid"":0.3363,""sell_venue"":""Bitget"",""source"":""wide_cex_hunter"",""taker_fee_bps_per_leg"":10.0,""total_friction_bps"":30.0}"
2026-09-06T21:13:05+00:00,cex_cross_spot,SUI:buy Bitget / sell Gate,SUI,buy Bitget / sell Gate,Bitget<->Gate,7.400099,-22.599901,NO,151.10,"{""buy_ask"":0.8108,""buy_venue"":""Bitget"",""extra_buffer_bps"":10.0,""note"":""Discovery snapshot only; assumes capital pre-positioned on both venues. Rebalancing, withdrawal, latency and deeper-book impact are not yet validated."",""sell_bid"":0.8114,""sell_venue"":""Gate"",""source"":""wide_cex_hunter"",""taker_fee_bps_per_leg"":10.0,""total_friction_bps"":30.0}"
2026-09-06T21:13:05+00:00,cex_cross_spot,SUI:buy Gate / sell Bitget,SUI,buy Gate / sell Bitget,Bitget<->Gate,-11.089207,-41.089207,NO,105.00,"{""buy_ask"":0.8116,""buy_venue"":""Gate"",""extra_buffer_bps"":10.0,""note"":""Discovery snapshot only; assumes capital pre-positioned on both venues. Rebalancing, withdrawal, latency and deeper-book impact are not yet validated."",""sell_bid"":0.8107,""sell_venue"":""Bitget"",""source"":""wide_cex_hunter"",""taker_fee_bps_per_leg"":10.0,""total_friction_bps"":30.0}"
2026-09-06T21:13:05+00:00,cex_cross_spot,APT:buy Bitget / sell Gate,APT,buy Bitget / sell Gate,Bitget<->Gate,-4.816956,-34.816956,NO,53.45,"{""buy_ask"":0.6228,""buy_venue"":""Bitget"",""extra_buffer_bps"":10.0,""note"":""Discovery snapshot only; assumes capital pre-positioned on both venues. Rebalancing, withdrawal, latency and deeper-book impact are not yet validated."",""sell_bid"":0.6225,""sell_venue"":""Gate"",""source"":""wide_cex_hunter"",""taker_fee_bps_per_leg"":10.0,""total_friction_bps"":30.0}"
2026-09-06T21:13:05+00:00,cex_cross_spot,APT:buy Gate / sell Bitget,APT,buy Gate / sell Bitget,Bitget<->Gate,-1.605652,-31.605652,NO,43.76,"{""buy_ask"":0.6228,""buy_venue"":""Gate"",""extra_buffer_bps"":10.0,""note"":""Discovery snapshot only; assumes capital pre-positioned on both venues. Rebalancing, withdrawal, latency and deeper-book impact are not yet validated."",""sell_bid"":0.6227,""sell_venue"":""Bitget"",""source"":""wide_cex_hunter"",""taker_fee_bps_per_leg"":10.0,""total_friction_bps"":30.0}"
2026-09-06T21:13:05+00:00,cex_cross_spot,NEAR:buy Bitget / sell Gate,NEAR,buy Bitget / sell Gate,Bitget<->Gate,-8.237232,-38.237232,NO,567.25,"{""buy_ask"":2.428,""buy_venue"":""Bitget"",""extra_buffer_bps"":10.0,""note"":""Discovery snapshot only; assumes capital pre-positioned on both venues. Rebalancing, withdrawal, latency and deeper-book impact are not yet validated."",""sell_bid"":2.426,""sell_venue"":""Gate"",""source"":""wide_cex_hunter"",""taker_fee_bps_per_leg"":10.0,""total_friction_bps"":30.0}"
2026-09-06T21:13:05+00:00,cex_cross_spot,NEAR:buy Gate / sell Bitget,NEAR,buy Gate / sell Bitget,Bitget<->Gate,-8.237232,-38.237232,NO,734.57,"{""buy_ask"":2.428,""buy_venue"":""Gate"",""extra_buffer_bps"":10.0,""note"":""Discovery snapshot only; assumes capital pre-positioned on both venues. Rebalancing, withdrawal, latency and deeper-book impact are not yet validated."",""sell_bid"":2.426,""sell_venue"":""Bitget"",""source"":""wide_cex_hunter"",""taker_fee_bps_per_leg"":10.0,""total_friction_bps"":30.0}"
2026-09-06T21:20:26+00:00,cex_cross_spot,BTC:buy Bitget / sell Gate,BTC,buy Bitget / sell Gate,Bitget<->Gate,0.586213,-29.413787,NO,812.66,"{""buy_ask"":80005.01,""buy_venue"":""Bitget"",""extra_buffer_bps"":10.0,""note"":""Discovery snapshot only; assumes capital pre-positioned on both venues. Rebalancing, withdrawal, latency and deeper-book impact are not yet validated."",""sell_bid"":80009.7,""sell_venue"":""Gate"",""source"":""wide_cex_hunter"",""taker_fee_bps_per_leg"":10.0,""total_friction_bps"":30.0}"
2026-09-06T21:20:26+00:00,cex_cross_spot,BTC:buy Gate / sell Bitget,BTC,buy Gate / sell Bitget,Bitget<->Gate,-0.599927,-30.599927,NO,18284.64,"{""buy_ask"":80009.8,""buy_venue"":""Gate"",""extra_buffer_bps"":10.0,""note"":""Discovery snapshot only; assumes capital pre-positioned on both venues. Rebalancing, withdrawal, latency and deeper-book impact are not yet validated."",""sell_bid"":80005.0,""sell_venue"":""Bitget"",""source"":""wide_cex_hunter"",""taker_fee_bps_per_leg"":10.0,""total_friction_bps"":30.0}"
2026-09-06T21:20:26+00:00,cex_cross_spot,ETH:buy Bitget / sell Gate,ETH,buy Bitget / sell Gate,Bitget<->Gate,-1.709905,-31.709905,NO,910.19,"{""buy_ask"":2514.76,""buy_venue"":""Bitget"",""extra_buffer_bps"":10.0,""note"":""Discovery snapshot only; assumes capital pre-positioned on both venues. Rebalancing, withdrawal, latency and deeper-book impact are not yet validated."",""sell_bid"":2514.33,""sell_venue"":""Gate"",""source"":""wide_cex_hunter"",""taker_fee_bps_per_leg"":10.0,""total_friction_bps"":30.0}"
2026-09-06T21:20:26+00:00,cex_cross_spot,ETH:buy Gate / sell Bitget,ETH,buy Gate / sell Bitget,Bitget<->Gate,1.630647,-28.369353,NO,12704.27,"{""buy_ask"":2514.34,""buy_venue"":""Gate"",""extra_buffer_bps"":10.0,""note"":""Discovery snapshot only; assumes capital pre-positioned on both venues. Rebalancing, withdrawal, latency and deeper-book impact are not yet validated."",""sell_bid"":2514.75,""sell_venue"":""Bitget"",""source"":""wide_cex_hunter"",""taker_fee_bps_per_leg"":10.0,""total_friction_bps"":30.0}"
2026-09-06T21:20:26+00:00,cex_cross_spot,SOL:buy Bitget / sell Gate,SOL,buy Bitget / sell Gate,Bitget<->Gate,0.000000,-30.000000,NO,57.14,"{""buy_ask"":106.2,""buy_venue"":""Bitget"",""extra_buffer_bps"":10.0,""note"":""Discovery snapshot only; assumes capital pre-positioned on both venues. Rebalancing, withdrawal, latency and deeper-book impact are not yet validated."",""sell_bid"":106.2,""sell_venue"":""Gate"",""source"":""wide_cex_hunter"",""taker_fee_bps_per_leg"":10.0,""total_friction_bps"":30.0}"
2026-09-06T21:20:26+00:00,cex_cross_spot,SOL:buy Gate / sell Bitget,SOL,buy Gate / sell Bitget,Bitget<->Gate,-1.883062,-31.883062,NO,187.51,"{""buy_ask"":106.21,""buy_venue"":""Gate"",""extra_buffer_bps"":10.0,""note"":""Discovery snapshot only; assumes capital pre-positioned on both venues. Rebalancing, withdrawal, latency and deeper-book impact are not yet validated."",""sell_bid"":106.19,""sell_venue"":""Bitget"",""source"":""wide_cex_hunter"",""taker_fee_bps_per_leg"":10.0,""total_friction_bps"":30.0}"
2026-09-06T21:20:26+00:00,cex_cross_spot,XRP:buy Bitget / sell Gate,XRP,buy Bitget / sell Gate,Bitget<->Gate,-1.403213,-31.403213,NO,232.72,"{""buy_ask"":1.4253,""buy_venue"":""Bitget"",""extra_buffer_bps"":10.0,""note"":""Discovery snapshot only; assumes capital pre-positioned on both venues. Rebalancing, withdrawal, latency and deeper-book impact are not yet validated."",""sell_bid"":1.4251,""sell_venue"":""Gate"",""source"":""wide_cex_hunter"",""taker_fee_bps_per_leg"":10.0,""total_friction_bps"":30.0}"
2026-09-06T21:20:26+00:00,cex_cross_spot,XRP:buy Gate / sell Bitget,XRP,buy Gate / sell Bitget,Bitget<->Gate,-0.701607,-30.701607,NO,427.59,"{""buy_ask"":1.4253,""buy_venue"":""Gate"",""extra_buffer_bps"":10.0,""note"":""Discovery snapshot only; assumes capital pre-positioned on both venues. Rebalancing, withdrawal, latency and deeper-book impact are not yet validated."",""sell_bid"":1.4252,""sell_venue"":""Bitget"",""source"":""wide_cex_hunter"",""taker_fee_bps_per_leg"":10.0,""total_friction_bps"":30.0}"
2026-09-06T21:20:26+00:00,cex_cross_spot,DOGE:buy Bitget / sell Gate,DOGE,buy Bitget / sell Gate,Bitget<->Gate,-3.317116,-33.317116,NO,114.54,"{""buy_ask"":0.09044,""buy_venue"":""Bitget"",""extra_buffer_bps"":10.0,""note"":""Discovery snapshot only; assumes capital pre-positioned on both venues. Rebalancing, withdrawal, latency and deeper-book impact are not yet validated."",""sell_bid"":0.09041,""sell_venue"":""Gate"",""source"":""wide_cex_hunter"",""taker_fee_bps_per_leg"":10.0,""total_friction_bps"":30.0}"
2026-09-06T21:20:26+00:00,cex_cross_spot,DOGE:buy Gate / sell Bitget,DOGE,buy Gate / sell Bitget,Bitget<->Gate,0.000000,-30.000000,NO,7.53,"{""buy_ask"":0.09043,""buy_venue"":""Gate"",""extra_buffer_bps"":10.0,""note"":""Discovery snapshot only; assumes capital pre-positioned on both venues. Rebalancing, withdrawal, latency and deeper-book impact are not yet validated."",""sell_bid"":0.09043,""sell_venue"":""Bitget"",""source"":""wide_cex_hunter"",""taker_fee_bps_per_leg"":10.0,""total_friction_bps"":30.0}"
2026-09-06T21:20:26+00:00,cex_cross_spot,ADA:buy Bitget / sell Gate,ADA,buy Bitget / sell Gate,Bitget<->Gate,-4.500450,-34.500450,NO,22.21,"{""buy_ask"":0.2222,""buy_venue"":""Bitget"",""extra_buffer_bps"":10.0,""note"":""Discovery snapshot only; assumes capital pre-positioned on both venues. Rebalancing, withdrawal, latency and deeper-book impact are not yet validated."",""sell_bid"":0.2221,""sell_venue"":""Gate"",""source"":""wide_cex_hunter"",""taker_fee_bps_per_leg"":10.0,""total_friction_bps"":30.0}"
2026-09-06T21:20:26+00:00,cex_cross_spot,ADA:buy Gate / sell Bitget,ADA,buy Gate / sell Bitget,Bitget<->Gate,-3.600684,-33.600684,NO,177.74,"{""buy_ask"":0.22218,""buy_venue"":""Gate"",""extra_buffer_bps"":10.0,""note"":""Discovery snapshot only; assumes capital pre-positioned on both venues. Rebalancing, withdrawal, latency and deeper-book impact are not yet validated."",""sell_bid"":0.2221,""sell_venue"":""Bitget"",""source"":""wide_cex_hunter"",""taker_fee_bps_per_leg"":10.0,""total_friction_bps"":30.0}"
2026-09-06T21:20:26+00:00,cex_cross_spot,LINK:buy Bitget / sell Gate,LINK,buy Bitget / sell Gate,Bitget<->Gate,-3.033520,-33.033520,NO,76.49,"{""buy_ask"":13.186,""buy_venue"":""Bitget"",""extra_buffer_bps"":10.0,""note"":""Discovery snapshot only; assumes capital pre-positioned on both venues. Rebalancing, withdrawal, latency and deeper-book impact are not yet validated."",""sell_bid"":13.182,""sell_venue"":""Gate"",""source"":""wide_cex_hunter"",""taker_fee_bps_per_leg"":10.0,""total_friction_bps"":30.0}"
2026-09-06T21:20:26+00:00,cex_cross_spot,LINK:buy Gate / sell Bitget,LINK,buy Gate / sell Bitget,Bitget<->Gate,-3.033290,-33.033290,NO,66.53,"{""buy_ask"":13.187,""buy_venue"":""Gate"",""extra_buffer_bps"":10.0,""note"":""Discovery snapshot only; assumes capital pre-positioned on both venues. Rebalancing, withdrawal, latency and deeper-book impact are not yet validated."",""sell_bid"":13.183,""sell_venue"":""Bitget"",""source"":""wide_cex_hunter"",""taker_fee_bps_per_leg"":10.0,""total_friction_bps"":30.0}"
2026-09-06T21:20:26+00:00,cex_cross_spot,LTC:buy Bitget / sell Gate,LTC,buy Bitget / sell Gate,Bitget<->Gate,-9.107468,-39.107468,NO,126.48,"{""buy_ask"":54.9,""buy_venue"":""Bitget"",""extra_buffer_bps"":10.0,""note"":""Discovery snapshot only; assumes capital pre-positioned on both venues. Rebalancing, withdrawal, latency and deeper-book impact are not yet validated."",""sell_bid"":54.85,""sell_venue"":""Gate"",""source"":""wide_cex_hunter"",""taker_fee_bps_per_leg"":10.0,""total_friction_bps"":30.0}"
2026-09-06T21:20:26+00:00,cex_cross_spot,LTC:buy Gate / sell Bitget,LTC,buy Gate / sell Bitget,Bitget<->Gate,1.822822,-28.177178,NO,330.81,"{""buy_ask"":54.86,""buy_venue"":""Gate"",""extra_buffer_bps"":10.0,""note"":""Discovery snapshot only; assumes capital pre-positioned on both venues. Rebalancing, withdrawal, latency and deeper-book impact are not yet validated."",""sell_bid"":54.87,""sell_venue"":""Bitget"",""source"":""wide_cex_hunter"",""taker_fee_bps_per_leg"":10.0,""total_friction_bps"":30.0}"
2026-09-06T21:20:26+00:00,cex_cross_spot,BCH:buy Bitget / sell Gate,BCH,buy Bitget / sell Gate,Bitget<->Gate,-6.543495,-36.543495,NO,115.79,"{""buy_ask"":259.8,""buy_venue"":""Bitget"",""extra_buffer_bps"":10.0,""note"":""Discovery snapshot only; assumes capital pre-positioned on both venues. Rebalancing, withdrawal, latency and deeper-book impact are not yet validated."",""sell_bid"":259.63,""sell_venue"":""Gate"",""source"":""wide_cex_hunter"",""taker_fee_bps_per_leg"":10.0,""total_friction_bps"":30.0}"
2026-09-06T21:20:26+00:00,cex_cross_spot,BCH:buy Gate / sell Bitget,BCH,buy Gate / sell Bitget,Bitget<->Gate,-4.233863,-34.233863,NO,3.64,"{""buy_ask"":259.81,""buy_venue"":""Gate"",""extra_buffer_bps"":10.0,""note"":""Discovery snapshot only; assumes capital pre-positioned on both venues. Rebalancing, withdrawal, latency and deeper-book impact are not yet validated."",""sell_bid"":259.7,""sell_venue"":""Bitget"",""source"":""wide_cex_hunter"",""taker_fee_bps_per_leg"":10.0,""total_friction_bps"":30.0}"
2026-09-06T21:20:26+00:00,cex_cross_spot,AVAX:buy Bitget / sell Gate,AVAX,buy Bitget / sell Gate,Bitget<->Gate,-2.551671,-32.551671,NO,64.25,"{""buy_ask"":7.838,""buy_venue"":""Bitget"",""extra_buffer_bps"":10.0,""note"":""Discovery snapshot only; assumes capital pre-positioned on both venues. Rebalancing, withdrawal, latency and deeper-book impact are not yet validated."",""sell_bid"":7.836,""sell_venue"":""Gate"",""source"":""wide_cex_hunter"",""taker_fee_bps_per_leg"":10.0,""total_friction_bps"":30.0}"
2026-09-06T21:20:26+00:00,cex_cross_spot,AVAX:buy Gate / sell Bitget,AVAX,buy Gate / sell Bitget,Bitget<->Gate,-2.551346,-32.551346,NO,187.52,"{""buy_ask"":7.839,""buy_venue"":""Gate"",""extra_buffer_bps"":10.0,""note"":""Discovery snapshot only; assumes capital pre-positioned on both venues. Rebalancing, withdrawal, latency and deeper-book impact are not yet validated."",""sell_bid"":7.837,""sell_venue"":""Bitget"",""source"":""wide_cex_hunter"",""taker_fee_bps_per_leg"":10.0,""total_friction_bps"":30.0}"
2026-09-06T21:20:26+00:00,cex_cross_spot,DOT:buy Bitget / sell Gate,DOT,buy Bitget / sell Gate,Bitget<->Gate,-8.196721,-38.196721,NO,4.97,"{""buy_ask"":0.976,""buy_venue"":""Bitget"",""extra_buffer_bps"":10.0,""note"":""Discovery snapshot only; assumes capital pre-positioned on both venues. Rebalancing, withdrawal, latency and deeper-book impact are not yet validated."",""sell_bid"":0.9752,""sell_venue"":""Gate"",""source"":""wide_cex_hunter"",""taker_fee_bps_per_leg"":10.0,""total_friction_bps"":30.0}"
2026-09-06T21:20:26+00:00,cex_cross_spot,DOT:buy Gate / sell Bitget,DOT,buy Gate / sell Bitget,Bitget<->Gate,-15.376730,-45.376730,NO,97.65,"{""buy_ask"":0.9755,""buy_venue"":""Gate"",""extra_buffer_bps"":10.0,""note"":""Discovery snapshot only; assumes capital pre-positioned on both venues. Rebalancing, withdrawal, latency and deeper-book impact are not yet validated."",""sell_bid"":0.974,""sell_venue"":""Bitget"",""source"":""wide_cex_hunter"",""taker_fee_bps_per_leg"":10.0,""total_friction_bps"":30.0}"
2026-09-06T21:20:26+00:00,cex_cross_spot,TRX:buy Bitget / sell Gate,TRX,buy Bitget / sell Gate,Bitget<->Gate,-2.676262,-32.676262,NO,45.31,"{""buy_ask"":0.33629,""buy_venue"":""Bitget"",""extra_buffer_bps"":10.0,""note"":""Discovery snapshot only; assumes capital pre-positioned on both venues. Rebalancing, withdrawal, latency and deeper-book impact are not yet validated."",""sell_bid"":0.3362,""sell_venue"":""Gate"",""source"":""wide_cex_hunter"",""taker_fee_bps_per_leg"":10.0,""total_friction_bps"":30.0}"
2026-09-06T21:20:26+00:00,cex_cross_spot,TRX:buy Gate / sell Bitget,TRX,buy Gate / sell Bitget,Bitget<->Gate,-0.594707,-30.594707,NO,841.85,"{""buy_ask"":0.3363,""buy_venue"":""Gate"",""extra_buffer_bps"":10.0,""note"":""Discovery snapshot only; assumes capital pre-positioned on both venues. Rebalancing, withdrawal, latency and deeper-book impact are not yet validated."",""sell_bid"":0.33628,""sell_venue"":""Bitget"",""source"":""wide_cex_hunter"",""taker_fee_bps_per_leg"":10.0,""total_friction_bps"":30.0}"
2026-09-06T21:20:26+00:00,cex_cross_spot,SUI:buy Bitget / sell Gate,SUI,buy Bitget / sell Gate,Bitget<->Gate,-2.452182,-32.452182,NO,14.47,"{""buy_ask"":0.8156,""buy_venue"":""Bitget"",""extra_buffer_bps"":10.0,""note"":""Discovery snapshot only; assumes capital pre-positioned on both venues. Rebalancing, withdrawal, latency and deeper-book impact are not yet validated."",""sell_bid"":0.8154,""sell_venue"":""Gate"",""source"":""wide_cex_hunter"",""taker_fee_bps_per_leg"":10.0,""total_friction_bps"":30.0}"
2026-09-06T21:20:26+00:00,cex_cross_spot,SUI:buy Gate / sell Bitget,SUI,buy Gate / sell Bitget,Bitget<->Gate,-3.677372,-33.677372,NO,12.87,"{""buy_ask"":0.8158,""buy_venue"":""Gate"",""extra_buffer_bps"":10.0,""note"":""Discovery snapshot only; assumes capital pre-positioned on both venues. Rebalancing, withdrawal, latency and deeper-book impact are not yet validated."",""sell_bid"":0.8155,""sell_venue"":""Bitget"",""source"":""wide_cex_hunter"",""taker_fee_bps_per_leg"":10.0,""total_friction_bps"":30.0}"
2026-09-06T21:20:26+00:00,cex_cross_spot,APT:buy Bitget / sell Gate,APT,buy Bitget / sell Gate,Bitget<->Gate,-4.802305,-34.802305,NO,54.42,"{""buy_ask"":0.6247,""buy_venue"":""Bitget"",""extra_buffer_bps"":10.0,""note"":""Discovery snapshot only; assumes capital pre-positioned on both venues. Rebalancing, withdrawal, latency and deeper-book impact are not yet validated."",""sell_bid"":0.6244,""sell_venue"":""Gate"",""source"":""wide_cex_hunter"",""taker_fee_bps_per_leg"":10.0,""total_friction_bps"":30.0}"
2026-09-06T21:20:26+00:00,cex_cross_spot,APT:buy Gate / sell Bitget,APT,buy Gate / sell Bitget,Bitget<->Gate,-6.401024,-36.401024,NO,36.06,"{""buy_ask"":0.6249,""buy_venue"":""Gate"",""extra_buffer_bps"":10.0,""note"":""Discovery snapshot only; assumes capital pre-positioned on both venues. Rebalancing, withdrawal, latency and deeper-book impact are not yet validated."",""sell_bid"":0.6245,""sell_venue"":""Bitget"",""source"":""wide_cex_hunter"",""taker_fee_bps_per_leg"":10.0,""total_friction_bps"":30.0}"
2026-09-06T21:20:26+00:00,cex_cross_spot,NEAR:buy Bitget / sell Gate,NEAR,buy Bitget / sell Gate,Bitget<->Gate,-4.115226,-34.115226,NO,92.86,"{""buy_ask"":2.43,""buy_venue"":""Bitget"",""extra_buffer_bps"":10.0,""note"":""Discovery snapshot only; assumes capital pre-positioned on both venues. Rebalancing, withdrawal, latency and deeper-book impact are not yet validated."",""sell_bid"":2.429,""sell_venue"":""Gate"",""source"":""wide_cex_hunter"",""taker_fee_bps_per_leg"":10.0,""total_friction_bps"":30.0}"
2026-09-06T21:20:26+00:00,cex_cross_spot,NEAR:buy Gate / sell Bitget,NEAR,buy Gate / sell Bitget,Bitget<->Gate,-12.340601,-42.340601,NO,211.64,"{""buy_ask"":2.431,""buy_venue"":""Gate"",""extra_buffer_bps"":10.0,""note"":""Discovery snapshot only; assumes capital pre-positioned on both venues. Rebalancing, withdrawal, latency and deeper-book impact are not yet validated."",""sell_bid"":2.428,""sell_venue"":""Bitget"",""source"":""wide_cex_hunter"",""taker_fee_bps_per_leg"":10.0,""total_friction_bps"":30.0}"
2026-09-06T22:24:17+00:00,cex_cross_spot,BTC:buy Bitget / sell Gate,BTC,buy Bitget / sell Gate,Bitget<->Gate,-0.080265,-30.080265,NO,8633.55,"{""buy_ask"":79735.74,""buy_venue"":""Bitget"",""extra_buffer_bps"":10.0,""note"":""Discovery snapshot only; assumes capital pre-positioned on both venues. Rebalancing, withdrawal, latency and deeper-book impact are not yet validated."",""sell_bid"":79735.1,""sell_venue"":""Gate"",""source"":""wide_cex_hunter"",""taker_fee_bps_per_leg"":10.0,""total_friction_bps"":30.0}"
2026-09-06T22:24:17+00:00,cex_cross_spot,BTC:buy Gate / sell Bitget,BTC,buy Gate / sell Bitget,Bitget<->Gate,0.066470,-29.933530,NO,3026.83,"{""buy_ask"":79735.2,""buy_venue"":""Gate"",""extra_buffer_bps"":10.0,""note"":""Discovery snapshot only; assumes capital pre-positioned on both venues. Rebalancing, withdrawal, latency and deeper-book impact are not yet validated."",""sell_bid"":79735.73,""sell_venue"":""Bitget"",""source"":""wide_cex_hunter"",""taker_fee_bps_per_leg"":10.0,""total_friction_bps"":30.0}"
2026-09-06T22:24:17+00:00,cex_cross_spot,ETH:buy Bitget / sell Gate,ETH,buy Bitget / sell Gate,Bitget<->Gate,-0.120173,-30.120173,NO,327.02,"{""buy_ask"":2496.4,""buy_venue"":""Bitget"",""extra_buffer_bps"":10.0,""note"":""Discovery snapshot only; assumes capital pre-positioned on both venues. Rebalancing, withdrawal, latency and deeper-book impact are not yet validated."",""sell_bid"":2496.37,""sell_venue"":""Gate"",""source"":""wide_cex_hunter"",""taker_fee_bps_per_leg"":10.0,""total_friction_bps"":30.0}"
2026-09-06T22:24:17+00:00,cex_cross_spot,ETH:buy Gate / sell Bitget,ETH,buy Gate / sell Bitget,Bitget<->Gate,0.040058,-29.959942,NO,4121.77,"{""buy_ask"":2496.38,""buy_venue"":""Gate"",""extra_buffer_bps"":10.0,""note"":""Discovery snapshot only; assumes capital pre-positioned on both venues. Rebalancing, withdrawal, latency and deeper-book impact are not yet validated."",""sell_bid"":2496.39,""sell_venue"":""Bitget"",""source"":""wide_cex_hunter"",""taker_fee_bps_per_leg"":10.0,""total_friction_bps"":30.0}"
2026-09-06T22:24:17+00:00,cex_cross_spot,SOL:buy Bitget / sell Gate,SOL,buy Bitget / sell Gate,Bitget<->Gate,-0.950029,-30.950029,NO,1024.40,"{""buy_ask"":105.26,""buy_venue"":""Bitget"",""extra_buffer_bps"":10.0,""note"":""Discovery snapshot only; assumes capital pre-positioned on both venues. Rebalancing, withdrawal, latency and deeper-book impact are not yet validated."",""sell_bid"":105.25,""sell_venue"":""Gate"",""source"":""wide_cex_hunter"",""taker_fee_bps_per_leg"":10.0,""total_friction_bps"":30.0}"
2026-09-06T22:24:17+00:00,cex_cross_spot,SOL:buy Gate / sell Bitget,SOL,buy Gate / sell Bitget,Bitget<->Gate,-0.950029,-30.950029,NO,1039.76,"{""buy_ask"":105.26,""buy_venue"":""Gate"",""extra_buffer_bps"":10.0,""note"":""Discovery snapshot only; assumes capital pre-positioned on both venues. Rebalancing, withdrawal, latency and deeper-book impact are not yet validated."",""sell_bid"":105.25,""sell_venue"":""Bitget"",""source"":""wide_cex_hunter"",""taker_fee_bps_per_leg"":10.0,""total_friction_bps"":30.0}"
2026-09-06T22:24:17+00:00,cex_cross_spot,XRP:buy Bitget / sell Gate,XRP,buy Bitget / sell Gate,Bitget<->Gate,-0.707914,-30.707914,NO,204.53,"{""buy_ask"":1.4126,""buy_venue"":""Bitget"",""extra_buffer_bps"":10.0,""note"":""Discovery snapshot only; assumes capital pre-positioned on both venues. Rebalancing, withdrawal, latency and deeper-book impact are not yet validated."",""sell_bid"":1.4125,""sell_venue"":""Gate"",""source"":""wide_cex_hunter"",""taker_fee_bps_per_leg"":10.0,""total_friction_bps"":30.0}"
2026-09-06T22:24:17+00:00,cex_cross_spot,XRP:buy Gate / sell Bitget,XRP,buy Gate / sell Bitget,Bitget<->Gate,-0.707914,-30.707914,NO,916.21,"{""buy_ask"":1.4126,""buy_venue"":""Gate"",""extra_buffer_bps"":10.0,""note"":""Discovery snapshot only; assumes capital pre-positioned on both venues. Rebalancing, withdrawal, latency and deeper-book impact are not yet validated."",""sell_bid"":1.4125,""sell_venue"":""Bitget"",""source"":""wide_cex_hunter"",""taker_fee_bps_per_leg"":10.0,""total_friction_bps"":30.0}"
2026-09-06T22:24:17+00:00,cex_cross_spot,DOGE:buy Bitget / sell Gate,DOGE,buy Bitget / sell Gate,Bitget<->Gate,-1.111852,-31.111852,NO,47.73,"{""buy_ask"":0.08994,""buy_venue"":""Bitget"",""extra_buffer_bps"":10.0,""note"":""Discovery snapshot only; assumes capital pre-positioned on both venues. Rebalancing, withdrawal, latency and deeper-book impact are not yet validated."",""sell_bid"":0.08993,""sell_venue"":""Gate"",""source"":""wide_cex_hunter"",""taker_fee_bps_per_leg"":10.0,""total_friction_bps"":30.0}"
2026-09-06T22:24:17+00:00,cex_cross_spot,DOGE:buy Gate / sell Bitget,DOGE,buy Gate / sell Bitget,Bitget<->Gate,-1.111852,-31.111852,NO,241.20,"{""buy_ask"":0.08994,""buy_venue"":""Gate"",""extra_buffer_bps"":10.0,""note"":""Discovery snapshot only; assumes capital pre-positioned on both venues. Rebalancing, withdrawal, latency and deeper-book impact are not yet validated."",""sell_bid"":0.08993,""sell_venue"":""Bitget"",""source"":""wide_cex_hunter"",""taker_fee_bps_per_leg"":10.0,""total_friction_bps"":30.0}"
2026-09-06T22:24:17+00:00,cex_cross_spot,ADA:buy Bitget / sell Gate,ADA,buy Bitget / sell Gate,Bitget<->Gate,-4.094631,-34.094631,NO,228.50,"{""buy_ask"":0.2198,""buy_venue"":""Bitget"",""extra_buffer_bps"":10.0,""note"":""Discovery snapshot only; assumes capital pre-positioned on both venues. Rebalancing, withdrawal, latency and deeper-book impact are not yet validated."",""sell_bid"":0.21971,""sell_venue"":""Gate"",""source"":""wide_cex_hunter"",""taker_fee_bps_per_leg"":10.0,""total_friction_bps"":30.0}"
2026-09-06T22:24:17+00:00,cex_cross_spot,ADA:buy Gate / sell Bitget,ADA,buy Gate / sell Bitget,Bitget<->Gate,-2.730251,-32.730251,NO,105.05,"{""buy_ask"":0.21976,""buy_venue"":""Gate"",""extra_buffer_bps"":10.0,""note"":""Discovery snapshot only; assumes capital pre-positioned on both venues. Rebalancing, withdrawal, latency and deeper-book impact are not yet validated."",""sell_bid"":0.2197,""sell_venue"":""Bitget"",""source"":""wide_cex_hunter"",""taker_fee_bps_per_leg"":10.0,""total_friction_bps"":30.0}"
2026-09-06T22:24:17+00:00,cex_cross_spot,LINK:buy Bitget / sell Gate,LINK,buy Bitget / sell Gate,Bitget<->Gate,-5.443658,-35.443658,NO,135.46,"{""buy_ask"":12.859,""buy_venue"":""Bitget"",""extra_buffer_bps"":10.0,""note"":""Discovery snapshot only; assumes capital pre-positioned on both venues. Rebalancing, withdrawal, latency and deeper-book impact are not yet validated."",""sell_bid"":12.852,""sell_venue"":""Gate"",""source"":""wide_cex_hunter"",""taker_fee_bps_per_leg"":10.0,""total_friction_bps"":30.0}"
2026-09-06T22:24:17+00:00,cex_cross_spot,LINK:buy Gate / sell Bitget,LINK,buy Gate / sell Bitget,Bitget<->Gate,1.555815,-28.444185,NO,214.72,"{""buy_ask"":12.855,""buy_venue"":""Gate"",""extra_buffer_bps"":10.0,""note"":""Discovery snapshot only; assumes capital pre-positioned on both venues. Rebalancing, withdrawal, latency and deeper-book impact are not yet validated."",""sell_bid"":12.857,""sell_venue"":""Bitget"",""source"":""wide_cex_hunter"",""taker_fee_bps_per_leg"":10.0,""total_friction_bps"":30.0}"
2026-09-06T22:24:17+00:00,cex_cross_spot,LTC:buy Bitget / sell Gate,LTC,buy Bitget / sell Gate,Bitget<->Gate,-5.480453,-35.480453,NO,323.55,"{""buy_ask"":54.74,""buy_venue"":""Bitget"",""extra_buffer_bps"":10.0,""note"":""Discovery snapshot only; assumes capital pre-positioned on both venues. Rebalancing, withdrawal, latency and deeper-book impact are not yet validated."",""sell_bid"":54.71,""sell_venue"":""Gate"",""source"":""wide_cex_hunter"",""taker_fee_bps_per_leg"":10.0,""total_friction_bps"":30.0}"
2026-09-06T22:24:17+00:00,cex_cross_spot,LTC:buy Gate / sell Bitget,LTC,buy Gate / sell Bitget,Bitget<->Gate,-1.827151,-31.827151,NO,346.55,"{""buy_ask"":54.73,""buy_venue"":""Gate"",""extra_buffer_bps"":10.0,""note"":""Discovery snapshot only; assumes capital pre-positioned on both venues. Rebalancing, withdrawal, latency and deeper-book impact are not yet validated."",""sell_bid"":54.72,""sell_venue"":""Bitget"",""source"":""wide_cex_hunter"",""taker_fee_bps_per_leg"":10.0,""total_friction_bps"":30.0}"
2026-09-06T22:24:17+00:00,cex_cross_spot,BCH:buy Bitget / sell Gate,BCH,buy Bitget / sell Gate,Bitget<->Gate,-5.050505,-35.050505,NO,56.08,"{""buy_ask"":257.4,""buy_venue"":""Bitget"",""extra_buffer_bps"":10.0,""note"":""Discovery snapshot only; assumes capital pre-positioned on both venues. Rebalancing, withdrawal, latency and deeper-book impact are not yet validated."",""sell_bid"":257.27,""sell_venue"":""Gate"",""source"":""wide_cex_hunter"",""taker_fee_bps_per_leg"":10.0,""total_friction_bps"":30.0}"
2026-09-06T22:24:17+00:00,cex_cross_spot,BCH:buy Gate / sell Bitget,BCH,buy Gate / sell Bitget,Bitget<->Gate,-6.602711,-36.602711,NO,897.54,"{""buy_ask"":257.47,""buy_venue"":""Gate"",""extra_buffer_bps"":10.0,""note"":""Discovery snapshot only; assumes capital pre-positioned on both venues. Rebalancing, withdrawal, latency and deeper-book impact are not yet validated."",""sell_bid"":257.3,""sell_venue"":""Bitget"",""source"":""wide_cex_hunter"",""taker_fee_bps_per_leg"":10.0,""total_friction_bps"":30.0}"
2026-09-06T22:24:17+00:00,cex_cross_spot,AVAX:buy Bitget / sell Gate,AVAX,buy Bitget / sell Gate,Bitget<->Gate,-1.289990,-31.289990,NO,156.14,"{""buy_ask"":7.752,""buy_venue"":""Bitget"",""extra_buffer_bps"":10.0,""note"":""Discovery snapshot only; assumes capital pre-positioned on both venues. Rebalancing, withdrawal, latency and deeper-book impact are not yet validated."",""sell_bid"":7.751,""sell_venue"":""Gate"",""source"":""wide_cex_hunter"",""taker_fee_bps_per_leg"":10.0,""total_friction_bps"":30.0}"
2026-09-06T22:24:17+00:00,cex_cross_spot,AVAX:buy Gate / sell Bitget,AVAX,buy Gate / sell Bitget,Bitget<->Gate,-3.869470,-33.869470,NO,62.02,"{""buy_ask"":7.753,""buy_venue"":""Gate"",""extra_buffer_bps"":10.0,""note"":""Discovery snapshot only; assumes capital pre-positioned on both venues. Rebalancing, withdrawal, latency and deeper-book impact are not yet validated."",""sell_bid"":7.75,""sell_venue"":""Bitget"",""source"":""wide_cex_hunter"",""taker_fee_bps_per_leg"":10.0,""total_friction_bps"":30.0}"
2026-09-06T22:24:17+00:00,cex_cross_spot,DOT:buy Bitget / sell Gate,DOT,buy Bitget / sell Gate,Bitget<->Gate,-8.247423,-38.247423,NO,75.79,"{""buy_ask"":0.97,""buy_venue"":""Bitget"",""extra_buffer_bps"":10.0,""note"":""Discovery snapshot only; assumes capital pre-positioned on both venues. Rebalancing, withdrawal, latency and deeper-book impact are not yet validated."",""sell_bid"":0.9692,""sell_venue"":""Gate"",""source"":""wide_cex_hunter"",""taker_fee_bps_per_leg"":10.0,""total_friction_bps"":30.0}"
2026-09-06T22:24:17+00:00,cex_cross_spot,DOT:buy Gate / sell Bitget,DOT,buy Gate / sell Bitget,Bitget<->Gate,-8.249124,-38.249124,NO,4.95,"{""buy_ask"":0.9698,""buy_venue"":""Gate"",""extra_buffer_bps"":10.0,""note"":""Discovery snapshot only; assumes capital pre-positioned on both venues. Rebalancing, withdrawal, latency and deeper-book impact are not yet validated."",""sell_bid"":0.969,""sell_venue"":""Bitget"",""source"":""wide_cex_hunter"",""taker_fee_bps_per_leg"":10.0,""total_friction_bps"":30.0}"
2026-09-06T22:24:17+00:00,cex_cross_spot,TRX:buy Bitget / sell Gate,TRX,buy Bitget / sell Gate,Bitget<->Gate,-2.981515,-32.981515,NO,4.68,"{""buy_ask"":0.3354,""buy_venue"":""Bitget"",""extra_buffer_bps"":10.0,""note"":""Discovery snapshot only; assumes capital pre-positioned on both venues. Rebalancing, withdrawal, latency and deeper-book impact are not yet validated."",""sell_bid"":0.3353,""sell_venue"":""Gate"",""source"":""wide_cex_hunter"",""taker_fee_bps_per_leg"":10.0,""total_friction_bps"":30.0}"
2026-09-06T22:24:17+00:00,cex_cross_spot,TRX:buy Gate / sell Bitget,TRX,buy Gate / sell Bitget,Bitget<->Gate,-0.298151,-30.298151,NO,1417.05,"{""buy_ask"":0.3354,""buy_venue"":""Gate"",""extra_buffer_bps"":10.0,""note"":""Discovery snapshot only; assumes capital pre-positioned on both venues. Rebalancing, withdrawal, latency and deeper-book impact are not yet validated."",""sell_bid"":0.33539,""sell_venue"":""Bitget"",""source"":""wide_cex_hunter"",""taker_fee_bps_per_leg"":10.0,""total_friction_bps"":30.0}"
2026-09-06T22:24:17+00:00,cex_cross_spot,SUI:buy Bitget / sell Gate,SUI,buy Bitget / sell Gate,Bitget<->Gate,-2.491281,-32.491281,NO,86.42,"{""buy_ask"":0.8028,""buy_venue"":""Bitget"",""extra_buffer_bps"":10.0,""note"":""Discovery snapshot only; assumes capital pre-positioned on both venues. Rebalancing, withdrawal, latency and deeper-book impact are not yet validated."",""sell_bid"":0.8026,""sell_venue"":""Gate"",""source"":""wide_cex_hunter"",""taker_fee_bps_per_leg"":10.0,""total_friction_bps"":30.0}"
2026-09-06T22:24:17+00:00,cex_cross_spot,SUI:buy Gate / sell Bitget,SUI,buy Gate / sell Bitget,Bitget<->Gate,0.000000,-30.000000,NO,142.76,"{""buy_ask"":0.8027,""buy_venue"":""Gate"",""extra_buffer_bps"":10.0,""note"":""Discovery snapshot only; assumes capital pre-positioned on both venues. Rebalancing, withdrawal, latency and deeper-book impact are not yet validated."",""sell_bid"":0.8027,""sell_venue"":""Bitget"",""source"":""wide_cex_hunter"",""taker_fee_bps_per_leg"":10.0,""total_friction_bps"":30.0}"
2026-09-06T22:24:17+00:00,cex_cross_spot,APT:buy Bitget / sell Gate,APT,buy Bitget / sell Gate,Bitget<->Gate,-1.614466,-31.614466,NO,48.09,"{""buy_ask"":0.6194,""buy_venue"":""Bitget"",""extra_buffer_bps"":10.0,""note"":""Discovery snapshot only; assumes capital pre-positioned on both venues. Rebalancing, withdrawal, latency and deeper-book impact are not yet validated."",""sell_bid"":0.6193,""sell_venue"":""Gate"",""source"":""wide_cex_hunter"",""taker_fee_bps_per_leg"":10.0,""total_friction_bps"":30.0}"
2026-09-06T22:24:17+00:00,cex_cross_spot,APT:buy Gate / sell Bitget,APT,buy Gate / sell Bitget,Bitget<->Gate,-4.841833,-34.841833,NO,3.46,"{""buy_ask"":0.6196,""buy_venue"":""Gate"",""extra_buffer_bps"":10.0,""note"":""Discovery snapshot only; assumes capital pre-positioned on both venues. Rebalancing, withdrawal, latency and deeper-book impact are not yet validated."",""sell_bid"":0.6193,""sell_venue"":""Bitget"",""source"":""wide_cex_hunter"",""taker_fee_bps_per_leg"":10.0,""total_friction_bps"":30.0}"
2026-09-06T22:24:17+00:00,cex_cross_spot,NEAR:buy Bitget / sell Gate,NEAR,buy Bitget / sell Gate,Bitget<->Gate,0.000000,-30.000000,NO,253.98,"{""buy_ask"":2.429,""buy_venue"":""Bitget"",""extra_buffer_bps"":10.0,""note"":""Discovery snapshot only; assumes capital pre-positioned on both venues. Rebalancing, withdrawal, latency and deeper-book impact are not yet validated."",""sell_bid"":2.429,""sell_venue"":""Gate"",""source"":""wide_cex_hunter"",""taker_fee_bps_per_leg"":10.0,""total_friction_bps"":30.0}"
2026-09-06T22:24:17+00:00,cex_cross_spot,NEAR:buy Gate / sell Bitget,NEAR,buy Gate / sell Bitget,Bitget<->Gate,-12.345679,-42.345679,NO,89.91,"{""buy_ask"":2.43,""buy_venue"":""Gate"",""extra_buffer_bps"":10.0,""note"":""Discovery snapshot only; assumes capital pre-positioned on both venues. Rebalancing, withdrawal, latency and deeper-book impact are not yet validated."",""sell_bid"":2.427,""sell_venue"":""Bitget"",""source"":""wide_cex_hunter"",""taker_fee_bps_per_leg"":10.0,""total_friction_bps"":30.0}"
2026-09-06T22:57:04+00:00,cex_cross_spot,BTC:buy Bitget / sell Gate,BTC,buy Bitget / sell Gate,Bitget<->Gate,-1.086343,-31.086343,NO,20771.36,"{""buy_ask"":80085.2,""buy_venue"":""Bitget"",""extra_buffer_bps"":10.0,""note"":""Discovery snapshot only; assumes capital pre-positioned on both venues. Rebalancing, withdrawal, latency and deeper-book impact are not yet validated."",""sell_bid"":80076.5,""sell_venue"":""Gate"",""source"":""wide_cex_hunter"",""taker_fee_bps_per_leg"":10.0,""total_friction_bps"":30.0}"
2026-09-06T22:57:04+00:00,cex_cross_spot,BTC:buy Gate / sell Bitget,BTC,buy Gate / sell Bitget,Bitget<->Gate,1.072723,-28.927277,NO,6375.54,"{""buy_ask"":80076.6,""buy_venue"":""Gate"",""extra_buffer_bps"":10.0,""note"":""Discovery snapshot only; assumes capital pre-positioned on both venues. Rebalancing, withdrawal, latency and deeper-book impact are not yet validated."",""sell_bid"":80085.19,""sell_venue"":""Bitget"",""source"":""wide_cex_hunter"",""taker_fee_bps_per_leg"":10.0,""total_friction_bps"":30.0}"
2026-09-06T22:57:04+00:00,cex_cross_spot,ETH:buy Bitget / sell Gate,ETH,buy Bitget / sell Gate,Bitget<->Gate,0.000000,-30.000000,NO,1132.24,"{""buy_ask"":2510.51,""buy_venue"":""Bitget"",""extra_buffer_bps"":10.0,""note"":""Discovery snapshot only; assumes capital pre-positioned on both venues. Rebalancing, withdrawal, latency and deeper-book impact are not yet validated."",""sell_bid"":2510.51,""sell_venue"":""Gate"",""source"":""wide_cex_hunter"",""taker_fee_bps_per_leg"":10.0,""total_friction_bps"":30.0}"
2026-09-06T22:57:04+00:00,cex_cross_spot,ETH:buy Gate / sell Bitget,ETH,buy Gate / sell Bitget,Bitget<->Gate,-0.079665,-30.079665,NO,1203.78,"{""buy_ask"":2510.52,""buy_venue"":""Gate"",""extra_buffer_bps"":10.0,""note"":""Discovery snapshot only; assumes capital pre-positioned on both venues. Rebalancing, withdrawal, latency and deeper-book impact are not yet validated."",""sell_bid"":2510.5,""sell_venue"":""Bitget"",""source"":""wide_cex_hunter"",""taker_fee_bps_per_leg"":10.0,""total_friction_bps"":30.0}"
2026-09-06T22:57:04+00:00,cex_cross_spot,SOL:buy Bitget / sell Gate,SOL,buy Bitget / sell Gate,Bitget<->Gate,0.943396,-29.056604,NO,1074.41,"{""buy_ask"":106.0,""buy_venue"":""Bitget"",""extra_buffer_bps"":10.0,""note"":""Discovery snapshot only; assumes capital pre-positioned on both venues. Rebalancing, withdrawal, latency and deeper-book impact are not yet validated."",""sell_bid"":106.01,""sell_venue"":""Gate"",""source"":""wide_cex_hunter"",""taker_fee_bps_per_leg"":10.0,""total_friction_bps"":30.0}"
2026-09-06T22:57:04+00:00,cex_cross_spot,SOL:buy Gate / sell Bitget,SOL,buy Gate / sell Bitget,Bitget<->Gate,-2.829655,-32.829655,NO,299.29,"{""buy_ask"":106.02,""buy_venue"":""Gate"",""extra_buffer_bps"":10.0,""note"":""Discovery snapshot only; assumes capital pre-positioned on both venues. Rebalancing, withdrawal, latency and deeper-book impact are not yet validated."",""sell_bid"":105.99,""sell_venue"":""Bitget"",""source"":""wide_cex_hunter"",""taker_fee_bps_per_leg"":10.0,""total_friction_bps"":30.0}"
2026-09-06T22:57:04+00:00,cex_cross_spot,XRP:buy Bitget / sell Gate,XRP,buy Bitget / sell Gate,Bitget<->Gate,-4.221190,-34.221190,NO,379.78,"{""buy_ask"":1.4214,""buy_venue"":""Bitget"",""extra_buffer_bps"":10.0,""note"":""Discovery snapshot only; assumes capital pre-positioned on both venues. Rebalancing, withdrawal, latency and deeper-book impact are not yet validated."",""sell_bid"":1.4208,""sell_venue"":""Gate"",""source"":""wide_cex_hunter"",""taker_fee_bps_per_leg"":10.0,""total_friction_bps"":30.0}"
2026-09-06T22:57:04+00:00,cex_cross_spot,XRP:buy Gate / sell Bitget,XRP,buy Gate / sell Bitget,Bitget<->Gate,2.111338,-27.888662,NO,111.68,"{""buy_ask"":1.4209,""buy_venue"":""Gate"",""extra_buffer_bps"":10.0,""note"":""Discovery snapshot only; assumes capital pre-positioned on both venues. Rebalancing, withdrawal, latency and deeper-book impact are not yet validated."",""sell_bid"":1.4212,""sell_venue"":""Bitget"",""source"":""wide_cex_hunter"",""taker_fee_bps_per_leg"":10.0,""total_friction_bps"":30.0}"
2026-09-06T22:57:04+00:00,cex_cross_spot,DOGE:buy Bitget / sell Gate,DOGE,buy Bitget / sell Gate,Bitget<->Gate,-3.318217,-33.318217,NO,1253.46,"{""buy_ask"":0.09041,""buy_venue"":""Bitget"",""extra_buffer_bps"":10.0,""note"":""Discovery snapshot only; assumes capital pre-positioned on both venues. Rebalancing, withdrawal, latency and deeper-book impact are not yet validated."",""sell_bid"":0.09038,""sell_venue"":""Gate"",""source"":""wide_cex_hunter"",""taker_fee_bps_per_leg"":10.0,""total_friction_bps"":30.0}"
2026-09-06T22:57:04+00:00,cex_cross_spot,DOGE:buy Gate / sell Bitget,DOGE,buy Gate / sell Bitget,Bitget<->Gate,1.106317,-28.893683,NO,39.03,"{""buy_ask"":0.09039,""buy_venue"":""Gate"",""extra_buffer_bps"":10.0,""note"":""Discovery snapshot only; assumes capital pre-positioned on both venues. Rebalancing, withdrawal, latency and deeper-book impact are not yet validated."",""sell_bid"":0.0904,""sell_venue"":""Bitget"",""source"":""wide_cex_hunter"",""taker_fee_bps_per_leg"":10.0,""total_friction_bps"":30.0}"
2026-09-06T22:57:04+00:00,cex_cross_spot,ADA:buy Bitget / sell Gate,ADA,buy Bitget / sell Gate,Bitget<->Gate,-3.611738,-33.611738,NO,105.84,"{""buy_ask"":0.2215,""buy_venue"":""Bitget"",""extra_buffer_bps"":10.0,""note"":""Discovery snapshot only; assumes capital pre-positioned on both venues. Rebalancing, withdrawal, latency and deeper-book impact are not yet validated."",""sell_bid"":0.22142,""sell_venue"":""Gate"",""source"":""wide_cex_hunter"",""taker_fee_bps_per_leg"":10.0,""total_friction_bps"":30.0}"
2026-09-06T22:57:04+00:00,cex_cross_spot,ADA:buy Gate / sell Bitget,ADA,buy Gate / sell Bitget,Bitget<->Gate,-4.965916,-34.965916,NO,283.09,"{""buy_ask"":0.22151,""buy_venue"":""Gate"",""extra_buffer_bps"":10.0,""note"":""Discovery snapshot only; assumes capital pre-positioned on both venues. Rebalancing, withdrawal, latency and deeper-book impact are not yet validated."",""sell_bid"":0.2214,""sell_venue"":""Bitget"",""source"":""wide_cex_hunter"",""taker_fee_bps_per_leg"":10.0,""total_friction_bps"":30.0}"
2026-09-06T22:57:04+00:00,cex_cross_spot,LINK:buy Bitget / sell Gate,LINK,buy Bitget / sell Gate,Bitget<->Gate,-4.587857,-34.587857,NO,65.47,"{""buy_ask"":13.078,""buy_venue"":""Bitget"",""extra_buffer_bps"":10.0,""note"":""Discovery snapshot only; assumes capital pre-positioned on both venues. Rebalancing, withdrawal, latency and deeper-book impact are not yet validated."",""sell_bid"":13.072,""sell_venue"":""Gate"",""source"":""wide_cex_hunter"",""taker_fee_bps_per_leg"":10.0,""total_friction_bps"":30.0}"
2026-09-06T22:57:04+00:00,cex_cross_spot,LINK:buy Gate / sell Bitget,LINK,buy Gate / sell Bitget,Bitget<->Gate,-0.764818,-30.764818,NO,225.28,"{""buy_ask"":13.075,""buy_venue"":""Gate"",""extra_buffer_bps"":10.0,""note"":""Discovery snapshot only; assumes capital pre-positioned on both venues. Rebalancing, withdrawal, latency and deeper-book impact are not yet validated."",""sell_bid"":13.074,""sell_venue"":""Bitget"",""source"":""wide_cex_hunter"",""taker_fee_bps_per_leg"":10.0,""total_friction_bps"":30.0}"
2026-09-06T22:57:04+00:00,cex_cross_spot,LTC:buy Bitget / sell Gate,LTC,buy Bitget / sell Gate,Bitget<->Gate,-3.658983,-33.658983,NO,280.90,"{""buy_ask"":54.66,""buy_venue"":""Bitget"",""extra_buffer_bps"":10.0,""note"":""Discovery snapshot only; assumes capital pre-positioned on both venues. Rebalancing, withdrawal, latency and deeper-book impact are not yet validated."",""sell_bid"":54.64,""sell_venue"":""Gate"",""source"":""wide_cex_hunter"",""taker_fee_bps_per_leg"":10.0,""total_friction_bps"":30.0}"
2026-09-06T22:57:04+00:00,cex_cross_spot,LTC:buy Gate / sell Bitget,LTC,buy Gate / sell Bitget,Bitget<->Gate,-3.658983,-33.658983,NO,240.78,"{""buy_ask"":54.66,""buy_venue"":""Gate"",""extra_buffer_bps"":10.0,""note"":""Discovery snapshot only; assumes capital pre-positioned on both venues. Rebalancing, withdrawal, latency and deeper-book impact are not yet validated."",""sell_bid"":54.64,""sell_venue"":""Bitget"",""source"":""wide_cex_hunter"",""taker_fee_bps_per_leg"":10.0,""total_friction_bps"":30.0}"
2026-09-06T22:57:04+00:00,cex_cross_spot,BCH:buy Bitget / sell Gate,BCH,buy Bitget / sell Gate,Bitget<->Gate,-4.247104,-34.247104,NO,12.43,"{""buy_ask"":259.0,""buy_venue"":""Bitget"",""extra_buffer_bps"":10.0,""note"":""Discovery snapshot only; assumes capital pre-positioned on both venues. Rebalancing, withdrawal, latency and deeper-book impact are not yet validated."",""sell_bid"":258.89,""sell_venue"":""Gate"",""source"":""wide_cex_hunter"",""taker_fee_bps_per_leg"":10.0,""total_friction_bps"":30.0}"
2026-09-06T22:57:04+00:00,cex_cross_spot,BCH:buy Gate / sell Bitget,BCH,buy Gate / sell Bitget,Bitget<->Gate,-3.089042,-33.089042,NO,3.63,"{""buy_ask"":258.98,""buy_venue"":""Gate"",""extra_buffer_bps"":10.0,""note"":""Discovery snapshot only; assumes capital pre-positioned on both venues. Rebalancing, withdrawal, latency and deeper-book impact are not yet validated."",""sell_bid"":258.9,""sell_venue"":""Bitget"",""source"":""wide_cex_hunter"",""taker_fee_bps_per_leg"":10.0,""total_friction_bps"":30.0}"
2026-09-06T22:57:04+00:00,cex_cross_spot,AVAX:buy Bitget / sell Gate,AVAX,buy Bitget / sell Gate,Bitget<->Gate,-1.276976,-31.276976,NO,277.71,"{""buy_ask"":7.831,""buy_venue"":""Bitget"",""extra_buffer_bps"":10.0,""note"":""Discovery snapshot only; assumes capital pre-positioned on both venues. Rebalancing, withdrawal, latency and deeper-book impact are not yet validated."",""sell_bid"":7.83,""sell_venue"":""Gate"",""source"":""wide_cex_hunter"",""taker_fee_bps_per_leg"":10.0,""total_friction_bps"":30.0}"
2026-09-06T22:57:04+00:00,cex_cross_spot,AVAX:buy Gate / sell Bitget,AVAX,buy Gate / sell Bitget,Bitget<->Gate,-2.553626,-32.553626,NO,246.46,"{""buy_ask"":7.832,""buy_venue"":""Gate"",""extra_buffer_bps"":10.0,""note"":""Discovery snapshot only; assumes capital pre-positioned on both venues. Rebalancing, withdrawal, latency and deeper-book impact are not yet validated."",""sell_bid"":7.83,""sell_venue"":""Bitget"",""source"":""wide_cex_hunter"",""taker_fee_bps_per_leg"":10.0,""total_friction_bps"":30.0}"
2026-09-06T22:57:04+00:00,cex_cross_spot,DOT:buy Bitget / sell Gate,DOT,buy Bitget / sell Gate,Bitget<->Gate,-7.164790,-37.164790,NO,197.31,"{""buy_ask"":0.977,""buy_venue"":""Bitget"",""extra_buffer_bps"":10.0,""note"":""Discovery snapshot only; assumes capital pre-positioned on both venues. Rebalancing, withdrawal, latency and deeper-book impact are not yet validated."",""sell_bid"":0.9763,""sell_venue"":""Gate"",""source"":""wide_cex_hunter"",""taker_fee_bps_per_leg"":10.0,""total_friction_bps"":30.0}"
2026-09-06T22:57:04+00:00,cex_cross_spot,DOT:buy Gate / sell Bitget,DOT,buy Gate / sell Bitget,Bitget<->Gate,-8.190008,-38.190008,NO,251.33,"{""buy_ask"":0.9768,""buy_venue"":""Gate"",""extra_buffer_bps"":10.0,""note"":""Discovery snapshot only; assumes capital pre-positioned on both venues. Rebalancing, withdrawal, latency and deeper-book impact are not yet validated."",""sell_bid"":0.976,""sell_venue"":""Bitget"",""source"":""wide_cex_hunter"",""taker_fee_bps_per_leg"":10.0,""total_friction_bps"":30.0}"
2026-09-06T22:57:04+00:00,cex_cross_spot,TRX:buy Bitget / sell Gate,TRX,buy Bitget / sell Gate,Bitget<->Gate,-2.682643,-32.682643,NO,989.16,"{""buy_ask"":0.33549,""buy_venue"":""Bitget"",""extra_buffer_bps"":10.0,""note"":""Discovery snapshot only; assumes capital pre-positioned on both venues. Rebalancing, withdrawal, latency and deeper-book impact are not yet validated."",""sell_bid"":0.3354,""sell_venue"":""Gate"",""source"":""wide_cex_hunter"",""taker_fee_bps_per_leg"":10.0,""total_friction_bps"":30.0}"
2026-09-06T22:57:04+00:00,cex_cross_spot,TRX:buy Gate / sell Bitget,TRX,buy Gate / sell Bitget,Bitget<->Gate,-0.596125,-30.596125,NO,321.46,"{""buy_ask"":0.3355,""buy_venue"":""Gate"",""extra_buffer_bps"":10.0,""note"":""Discovery snapshot only; assumes capital pre-positioned on both venues. Rebalancing, withdrawal, latency and deeper-book impact are not yet validated."",""sell_bid"":0.33548,""sell_venue"":""Bitget"",""source"":""wide_cex_hunter"",""taker_fee_bps_per_leg"":10.0,""total_friction_bps"":30.0}"
2026-09-06T22:57:04+00:00,cex_cross_spot,SUI:buy Bitget / sell Gate,SUI,buy Bitget / sell Gate,Bitget<->Gate,-7.423905,-37.423905,NO,79.90,"{""buy_ask"":0.8082,""buy_venue"":""Bitget"",""extra_buffer_bps"":10.0,""note"":""Discovery snapshot only; assumes capital pre-positioned on both venues. Rebalancing, withdrawal, latency and deeper-book impact are not yet validated."",""sell_bid"":0.8076,""sell_venue"":""Gate"",""source"":""wide_cex_hunter"",""taker_fee_bps_per_leg"":10.0,""total_friction_bps"":30.0}"
2026-09-06T22:57:04+00:00,cex_cross_spot,SUI:buy Gate / sell Bitget,SUI,buy Gate / sell Bitget,Bitget<->Gate,4.952334,-25.047666,NO,189.19,"{""buy_ask"":0.8077,""buy_venue"":""Gate"",""extra_buffer_bps"":10.0,""note"":""Discovery snapshot only; assumes capital pre-positioned on both venues. Rebalancing, withdrawal, latency and deeper-book impact are not yet validated."",""sell_bid"":0.8081,""sell_venue"":""Bitget"",""source"":""wide_cex_hunter"",""taker_fee_bps_per_leg"":10.0,""total_friction_bps"":30.0}"
2026-09-06T22:57:04+00:00,cex_cross_spot,APT:buy Bitget / sell Gate,APT,buy Bitget / sell Gate,Bitget<->Gate,0.000000,-30.000000,NO,17.72,"{""buy_ask"":0.6225,""buy_venue"":""Bitget"",""extra_buffer_bps"":10.0,""note"":""Discovery snapshot only; assumes capital pre-positioned on both venues. Rebalancing, withdrawal, latency and deeper-book impact are not yet validated."",""sell_bid"":0.6225,""sell_venue"":""Gate"",""source"":""wide_cex_hunter"",""taker_fee_bps_per_leg"":10.0,""total_friction_bps"":30.0}"
2026-09-06T22:57:04+00:00,cex_cross_spot,APT:buy Gate / sell Bitget,APT,buy Gate / sell Bitget,Bitget<->Gate,-8.026971,-38.026971,NO,464.30,"{""buy_ask"":0.6229,""buy_venue"":""Gate"",""extra_buffer_bps"":10.0,""note"":""Discovery snapshot only; assumes capital pre-positioned on both venues. Rebalancing, withdrawal, latency and deeper-book impact are not yet validated."",""sell_bid"":0.6224,""sell_venue"":""Bitget"",""source"":""wide_cex_hunter"",""taker_fee_bps_per_leg"":10.0,""total_friction_bps"":30.0}"
2026-09-06T22:57:04+00:00,cex_cross_spot,NEAR:buy Bitget / sell Gate,NEAR,buy Bitget / sell Gate,Bitget<->Gate,-4.098361,-34.098361,NO,184.17,"{""buy_ask"":2.44,""buy_venue"":""Bitget"",""extra_buffer_bps"":10.0,""note"":""Discovery snapshot only; assumes capital pre-positioned on both venues. Rebalancing, withdrawal, latency and deeper-book impact are not yet validated."",""sell_bid"":2.439,""sell_venue"":""Gate"",""source"":""wide_cex_hunter"",""taker_fee_bps_per_leg"":10.0,""total_friction_bps"":30.0}"
2026-09-06T22:57:04+00:00,cex_cross_spot,NEAR:buy Gate / sell Bitget,NEAR,buy Gate / sell Bitget,Bitget<->Gate,-8.193363,-38.193363,NO,294.68,"{""buy_ask"":2.441,""buy_venue"":""Gate"",""extra_buffer_bps"":10.0,""note"":""Discovery snapshot only; assumes capital pre-positioned on both venues. Rebalancing, withdrawal, latency and deeper-book impact are not yet validated."",""sell_bid"":2.439,""sell_venue"":""Bitget"",""source"":""wide_cex_hunter"",""taker_fee_bps_per_leg"":10.0,""total_friction_bps"":30.0}"
2026-09-07T00:41:57+00:00,cex_cross_spot,BTC:buy Bitget / sell Gate,BTC,buy Bitget / sell Gate,Bitget<->Gate,0.390667,-29.609333,NO,9300.79,"{""buy_ask"":80119.47,""buy_venue"":""Bitget"",""extra_buffer_bps"":10.0,""note"":""Discovery snapshot only; assumes capital pre-positioned on both venues. Rebalancing, withdrawal, latency and deeper-book impact are not yet validated."",""sell_bid"":80122.6,""sell_venue"":""Gate"",""source"":""wide_cex_hunter"",""taker_fee_bps_per_leg"":10.0,""total_friction_bps"":30.0}"
2026-09-07T00:41:57+00:00,cex_cross_spot,BTC:buy Gate / sell Bitget,BTC,buy Gate / sell Bitget,Bitget<->Gate,-0.404380,-30.404380,NO,22750.20,"{""buy_ask"":80122.7,""buy_venue"":""Gate"",""extra_buffer_bps"":10.0,""note"":""Discovery snapshot only; assumes capital pre-positioned on both venues. Rebalancing, withdrawal, latency and deeper-book impact are not yet validated."",""sell_bid"":80119.46,""sell_venue"":""Bitget"",""source"":""wide_cex_hunter"",""taker_fee_bps_per_leg"":10.0,""total_friction_bps"":30.0}"
2026-09-07T00:41:57+00:00,cex_cross_spot,ETH:buy Bitget / sell Gate,ETH,buy Bitget / sell Gate,Bitget<->Gate,-0.994491,-30.994491,NO,14553.24,"{""buy_ask"":2513.85,""buy_venue"":""Bitget"",""extra_buffer_bps"":10.0,""note"":""Discovery snapshot only; assumes capital pre-positioned on both venues. Rebalancing, withdrawal, latency and deeper-book impact are not yet validated."",""sell_bid"":2513.6,""sell_venue"":""Gate"",""source"":""wide_cex_hunter"",""taker_fee_bps_per_leg"":10.0,""total_friction_bps"":30.0}"
2026-09-07T00:41:57+00:00,cex_cross_spot,ETH:buy Gate / sell Bitget,ETH,buy Gate / sell Bitget,Bitget<->Gate,0.915019,-29.084981,NO,2175.78,"{""buy_ask"":2513.61,""buy_venue"":""Gate"",""extra_buffer_bps"":10.0,""note"":""Discovery snapshot only; assumes capital pre-positioned on both venues. Rebalancing, withdrawal, latency and deeper-book impact are not yet validated."",""sell_bid"":2513.84,""sell_venue"":""Bitget"",""source"":""wide_cex_hunter"",""taker_fee_bps_per_leg"":10.0,""total_friction_bps"":30.0}"
2026-09-07T00:41:57+00:00,cex_cross_spot,SOL:buy Bitget / sell Gate,SOL,buy Bitget / sell Gate,Bitget<->Gate,0.000000,-30.000000,NO,715.65,"{""buy_ask"":106.06,""buy_venue"":""Bitget"",""extra_buffer_bps"":10.0,""note"":""Discovery snapshot only; assumes capital pre-positioned on both venues. Rebalancing, withdrawal, latency and deeper-book impact are not yet validated."",""sell_bid"":106.06,""sell_venue"":""Gate"",""source"":""wide_cex_hunter"",""taker_fee_bps_per_leg"":10.0,""total_friction_bps"":30.0}"
2026-09-07T00:41:57+00:00,cex_cross_spot,SOL:buy Gate / sell Bitget,SOL,buy Gate / sell Bitget,Bitget<->Gate,-1.885547,-31.885547,NO,4023.34,"{""buy_ask"":106.07,""buy_venue"":""Gate"",""extra_buffer_bps"":10.0,""note"":""Discovery snapshot only; assumes capital pre-positioned on both venues. Rebalancing, withdrawal, latency and deeper-book impact are not yet validated."",""sell_bid"":106.05,""sell_venue"":""Bitget"",""source"":""wide_cex_hunter"",""taker_fee_bps_per_leg"":10.0,""total_friction_bps"":30.0}"
2026-09-07T00:41:57+00:00,cex_cross_spot,XRP:buy Bitget / sell Gate,XRP,buy Bitget / sell Gate,Bitget<->Gate,-2.111635,-32.111635,NO,115.34,"{""buy_ask"":1.4207,""buy_venue"":""Bitget"",""extra_buffer_bps"":10.0,""note"":""Discovery snapshot only; assumes capital pre-positioned on both venues. Rebalancing, withdrawal, latency and deeper-book impact are not yet validated."",""sell_bid"":1.4204,""sell_venue"":""Gate"",""source"":""wide_cex_hunter"",""taker_fee_bps_per_leg"":10.0,""total_friction_bps"":30.0}"
2026-09-07T00:41:57+00:00,cex_cross_spot,XRP:buy Gate / sell Bitget,XRP,buy Gate / sell Bitget,Bitget<->Gate,0.000000,-30.000000,NO,239.66,"{""buy_ask"":1.4206,""buy_venue"":""Gate"",""extra_buffer_bps"":10.0,""note"":""Discovery snapshot only; assumes capital pre-positioned on both venues. Rebalancing, withdrawal, latency and deeper-book impact are not yet validated."",""sell_bid"":1.4206,""sell_venue"":""Bitget"",""source"":""wide_cex_hunter"",""taker_fee_bps_per_leg"":10.0,""total_friction_bps"":30.0}"
2026-09-07T00:41:57+00:00,cex_cross_spot,DOGE:buy Bitget / sell Gate,DOGE,buy Bitget / sell Gate,Bitget<->Gate,0.000000,-30.000000,NO,39.30,"{""buy_ask"":0.09102,""buy_venue"":""Bitget"",""extra_buffer_bps"":10.0,""note"":""Discovery snapshot only; assumes capital pre-positioned on both venues. Rebalancing, withdrawal, latency and deeper-book impact are not yet validated."",""sell_bid"":0.09102,""sell_venue"":""Gate"",""source"":""wide_cex_hunter"",""taker_fee_bps_per_leg"":10.0,""total_friction_bps"":30.0}"
2026-09-07T00:41:57+00:00,cex_cross_spot,DOGE:buy Gate / sell Bitget,DOGE,buy Gate / sell Bitget,Bitget<->Gate,-2.197078,-32.197078,NO,763.37,"{""buy_ask"":0.09103,""buy_venue"":""Gate"",""extra_buffer_bps"":10.0,""note"":""Discovery snapshot only; assumes capital pre-positioned on both venues. Rebalancing, withdrawal, latency and deeper-book impact are not yet validated."",""sell_bid"":0.09101,""sell_venue"":""Bitget"",""source"":""wide_cex_hunter"",""taker_fee_bps_per_leg"":10.0,""total_friction_bps"":30.0}"
2026-09-07T00:41:57+00:00,cex_cross_spot,ADA:buy Bitget / sell Gate,ADA,buy Bitget / sell Gate,Bitget<->Gate,-3.557137,-33.557137,NO,107.46,"{""buy_ask"":0.2249,""buy_venue"":""Bitget"",""extra_buffer_bps"":10.0,""note"":""Discovery snapshot only; assumes capital pre-positioned on both venues. Rebalancing, withdrawal, latency and deeper-book impact are not yet validated."",""sell_bid"":0.22482,""sell_venue"":""Gate"",""source"":""wide_cex_hunter"",""taker_fee_bps_per_leg"":10.0,""total_friction_bps"":30.0}"
2026-09-07T00:41:57+00:00,cex_cross_spot,ADA:buy Gate / sell Bitget,ADA,buy Gate / sell Bitget,Bitget<->Gate,-4.890845,-34.890845,NO,179.93,"{""buy_ask"":0.22491,""buy_venue"":""Gate"",""extra_buffer_bps"":10.0,""note"":""Discovery snapshot only; assumes capital pre-positioned on both venues. Rebalancing, withdrawal, latency and deeper-book impact are not yet validated."",""sell_bid"":0.2248,""sell_venue"":""Bitget"",""source"":""wide_cex_hunter"",""taker_fee_bps_per_leg"":10.0,""total_friction_bps"":30.0}"
2026-09-07T00:41:57+00:00,cex_cross_spot,LINK:buy Bitget / sell Gate,LINK,buy Bitget / sell Gate,Bitget<->Gate,-4.526252,-34.526252,NO,169.32,"{""buy_ask"":13.256,""buy_venue"":""Bitget"",""extra_buffer_bps"":10.0,""note"":""Discovery snapshot only; assumes capital pre-positioned on both venues. Rebalancing, withdrawal, latency and deeper-book impact are not yet validated."",""sell_bid"":13.25,""sell_venue"":""Gate"",""source"":""wide_cex_hunter"",""taker_fee_bps_per_leg"":10.0,""total_friction_bps"":30.0}"
2026-09-07T00:41:57+00:00,cex_cross_spot,LINK:buy Gate / sell Bitget,LINK,buy Gate / sell Bitget,Bitget<->Gate,-0.754546,-30.754546,NO,138.16,"{""buy_ask"":13.253,""buy_venue"":""Gate"",""extra_buffer_bps"":10.0,""note"":""Discovery snapshot only; assumes capital pre-positioned on both venues. Rebalancing, withdrawal, latency and deeper-book impact are not yet validated."",""sell_bid"":13.252,""sell_venue"":""Bitget"",""source"":""wide_cex_hunter"",""taker_fee_bps_per_leg"":10.0,""total_friction_bps"":30.0}"
2026-09-07T00:41:57+00:00,cex_cross_spot,LTC:buy Bitget / sell Gate,LTC,buy Bitget / sell Gate,Bitget<->Gate,-8.919015,-38.919015,NO,415.54,"{""buy_ask"":56.06,""buy_venue"":""Bitget"",""extra_buffer_bps"":10.0,""note"":""Discovery snapshot only; assumes capital pre-positioned on both venues. Rebalancing, withdrawal, latency and deeper-book impact are not yet validated."",""sell_bid"":56.01,""sell_venue"":""Gate"",""source"":""wide_cex_hunter"",""taker_fee_bps_per_leg"":10.0,""total_friction_bps"":30.0}"
2026-09-07T00:41:57+00:00,cex_cross_spot,LTC:buy Gate / sell Bitget,LTC,buy Gate / sell Bitget,Bitget<->Gate,-1.784440,-31.784440,NO,280.09,"{""buy_ask"":56.04,""buy_venue"":""Gate"",""extra_buffer_bps"":10.0,""note"":""Discovery snapshot only; assumes capital pre-positioned on both venues. Rebalancing, withdrawal, latency and deeper-book impact are not yet validated."",""sell_bid"":56.03,""sell_venue"":""Bitget"",""source"":""wide_cex_hunter"",""taker_fee_bps_per_leg"":10.0,""total_friction_bps"":30.0}"
2026-09-07T00:41:57+00:00,cex_cross_spot,BCH:buy Bitget / sell Gate,BCH,buy Bitget / sell Gate,Bitget<->Gate,-4.597701,-34.597701,NO,471.15,"{""buy_ask"":261.0,""buy_venue"":""Bitget"",""extra_buffer_bps"":10.0,""note"":""Discovery snapshot only; assumes capital pre-positioned on both venues. Rebalancing, withdrawal, latency and deeper-book impact are not yet validated."",""sell_bid"":260.88,""sell_venue"":""Gate"",""source"":""wide_cex_hunter"",""taker_fee_bps_per_leg"":10.0,""total_friction_bps"":30.0}"
2026-09-07T00:41:57+00:00,cex_cross_spot,BCH:buy Gate / sell Bitget,BCH,buy Gate / sell Bitget,Bitget<->Gate,-5.363163,-35.363163,NO,81.71,"{""buy_ask"":261.04,""buy_venue"":""Gate"",""extra_buffer_bps"":10.0,""note"":""Discovery snapshot only; assumes capital pre-positioned on both venues. Rebalancing, withdrawal, latency and deeper-book impact are not yet validated."",""sell_bid"":260.9,""sell_venue"":""Bitget"",""source"":""wide_cex_hunter"",""taker_fee_bps_per_leg"":10.0,""total_friction_bps"":30.0}"
2026-09-07T00:41:57+00:00,cex_cross_spot,AVAX:buy Bitget / sell Gate,AVAX,buy Bitget / sell Gate,Bitget<->Gate,-1.262626,-31.262626,NO,110.15,"{""buy_ask"":7.92,""buy_venue"":""Bitget"",""extra_buffer_bps"":10.0,""note"":""Discovery snapshot only; assumes capital pre-positioned on both venues. Rebalancing, withdrawal, latency and deeper-book impact are not yet validated."",""sell_bid"":7.919,""sell_venue"":""Gate"",""source"":""wide_cex_hunter"",""taker_fee_bps_per_leg"":10.0,""total_friction_bps"":30.0}"
2026-09-07T00:41:57+00:00,cex_cross_spot,AVAX:buy Gate / sell Bitget,AVAX,buy Gate / sell Bitget,Bitget<->Gate,-2.524934,-32.524934,NO,280.94,"{""buy_ask"":7.921,""buy_venue"":""Gate"",""extra_buffer_bps"":10.0,""note"":""Discovery snapshot only; assumes capital pre-positioned on both venues. Rebalancing, withdrawal, latency and deeper-book impact are not yet validated."",""sell_bid"":7.919,""sell_venue"":""Bitget"",""source"":""wide_cex_hunter"",""taker_fee_bps_per_leg"":10.0,""total_friction_bps"":30.0}"
2026-09-07T00:41:57+00:00,cex_cross_spot,DOT:buy Bitget / sell Gate,DOT,buy Bitget / sell Gate,Bitget<->Gate,0.979432,-29.020568,NO,4.59,"{""buy_ask"":1.021,""buy_venue"":""Bitget"",""extra_buffer_bps"":10.0,""note"":""Discovery snapshot only; assumes capital pre-positioned on both venues. Rebalancing, withdrawal, latency and deeper-book impact are not yet validated."",""sell_bid"":1.0211,""sell_venue"":""Gate"",""source"":""wide_cex_hunter"",""taker_fee_bps_per_leg"":10.0,""total_friction_bps"":30.0}"
2026-09-07T00:41:57+00:00,cex_cross_spot,DOT:buy Gate / sell Bitget,DOT,buy Gate / sell Bitget,Bitget<->Gate,-17.615972,-47.615972,NO,80.31,"{""buy_ask"":1.0218,""buy_venue"":""Gate"",""extra_buffer_bps"":10.0,""note"":""Discovery snapshot only; assumes capital pre-positioned on both venues. Rebalancing, withdrawal, latency and deeper-book impact are not yet validated."",""sell_bid"":1.02,""sell_venue"":""Bitget"",""source"":""wide_cex_hunter"",""taker_fee_bps_per_leg"":10.0,""total_friction_bps"":30.0}"
2026-09-07T00:41:57+00:00,cex_cross_spot,TRX:buy Bitget / sell Gate,TRX,buy Bitget / sell Gate,Bitget<->Gate,-4.176113,-34.176113,NO,474.17,"{""buy_ask"":0.33524,""buy_venue"":""Bitget"",""extra_buffer_bps"":10.0,""note"":""Discovery snapshot only; assumes capital pre-positioned on both venues. Rebalancing, withdrawal, latency and deeper-book impact are not yet validated."",""sell_bid"":0.3351,""sell_venue"":""Gate"",""source"":""wide_cex_hunter"",""taker_fee_bps_per_leg"":10.0,""total_friction_bps"":30.0}"
2026-09-07T00:41:57+00:00,cex_cross_spot,TRX:buy Gate / sell Bitget,TRX,buy Gate / sell Bitget,Bitget<->Gate,0.894988,-29.105012,NO,322.30,"{""buy_ask"":0.3352,""buy_venue"":""Gate"",""extra_buffer_bps"":10.0,""note"":""Discovery snapshot only; assumes capital pre-positioned on both venues. Rebalancing, withdrawal, latency and deeper-book impact are not yet validated."",""sell_bid"":0.33523,""sell_venue"":""Bitget"",""source"":""wide_cex_hunter"",""taker_fee_bps_per_leg"":10.0,""total_friction_bps"":30.0}"
2026-09-07T00:41:57+00:00,cex_cross_spot,SUI:buy Bitget / sell Gate,SUI,buy Bitget / sell Gate,Bitget<->Gate,2.442599,-27.557401,NO,37.75,"{""buy_ask"":0.8188,""buy_venue"":""Bitget"",""extra_buffer_bps"":10.0,""note"":""Discovery snapshot only; assumes capital pre-positioned on both venues. Rebalancing, withdrawal, latency and deeper-book impact are not yet validated."",""sell_bid"":0.819,""sell_venue"":""Gate"",""source"":""wide_cex_hunter"",""taker_fee_bps_per_leg"":10.0,""total_friction_bps"":30.0}"
2026-09-07T00:41:57+00:00,cex_cross_spot,SUI:buy Gate / sell Bitget,SUI,buy Gate / sell Bitget,Bitget<->Gate,-6.104261,-36.104261,NO,62.24,"{""buy_ask"":0.8191,""buy_venue"":""Gate"",""extra_buffer_bps"":10.0,""note"":""Discovery snapshot only; assumes capital pre-positioned on both venues. Rebalancing, withdrawal, latency and deeper-book impact are not yet validated."",""sell_bid"":0.8186,""sell_venue"":""Bitget"",""source"":""wide_cex_hunter"",""taker_fee_bps_per_leg"":10.0,""total_friction_bps"":30.0}"
2026-09-07T00:41:57+00:00,cex_cross_spot,APT:buy Bitget / sell Gate,APT,buy Bitget / sell Gate,Bitget<->Gate,-1.588310,-31.588310,NO,51.45,"{""buy_ask"":0.6296,""buy_venue"":""Bitget"",""extra_buffer_bps"":10.0,""note"":""Discovery snapshot only; assumes capital pre-positioned on both venues. Rebalancing, withdrawal, latency and deeper-book impact are not yet validated."",""sell_bid"":0.6295,""sell_venue"":""Gate"",""source"":""wide_cex_hunter"",""taker_fee_bps_per_leg"":10.0,""total_friction_bps"":30.0}"
2026-09-07T00:41:57+00:00,cex_cross_spot,APT:buy Gate / sell Bitget,APT,buy Gate / sell Bitget,Bitget<->Gate,-7.936508,-37.936508,NO,84.76,"{""buy_ask"":0.63,""buy_venue"":""Gate"",""extra_buffer_bps"":10.0,""note"":""Discovery snapshot only; assumes capital pre-positioned on both venues. Rebalancing, withdrawal, latency and deeper-book impact are not yet validated."",""sell_bid"":0.6295,""sell_venue"":""Bitget"",""source"":""wide_cex_hunter"",""taker_fee_bps_per_leg"":10.0,""total_friction_bps"":30.0}"
2026-09-07T00:41:57+00:00,cex_cross_spot,NEAR:buy Bitget / sell Gate,NEAR,buy Bitget / sell Gate,Bitget<->Gate,-4.132231,-34.132231,NO,500.15,"{""buy_ask"":2.42,""buy_venue"":""Bitget"",""extra_buffer_bps"":10.0,""note"":""Discovery snapshot only; assumes capital pre-positioned on both venues. Rebalancing, withdrawal, latency and deeper-book impact are not yet validated."",""sell_bid"":2.419,""sell_venue"":""Gate"",""source"":""wide_cex_hunter"",""taker_fee_bps_per_leg"":10.0,""total_friction_bps"":30.0}"
2026-09-07T00:41:57+00:00,cex_cross_spot,NEAR:buy Gate / sell Bitget,NEAR,buy Gate / sell Bitget,Bitget<->Gate,-8.261049,-38.261049,NO,365.62,"{""buy_ask"":2.421,""buy_venue"":""Gate"",""extra_buffer_bps"":10.0,""note"":""Discovery snapshot only; assumes capital pre-positioned on both venues. Rebalancing, withdrawal, latency and deeper-book impact are not yet validated."",""sell_bid"":2.419,""sell_venue"":""Bitget"",""source"":""wide_cex_hunter"",""taker_fee_bps_per_leg"":10.0,""total_friction_bps"":30.0}"
2026-09-07T01:06:44+00:00,cex_cross_spot,BTC:buy Bitget / sell Gate,BTC,buy Bitget / sell Gate,Bitget<->Gate,-0.883919,-30.883919,NO,20960.88,"{""buy_ask"":80097.88,""buy_venue"":""Bitget"",""extra_buffer_bps"":10.0,""note"":""Discovery snapshot only; assumes capital pre-positioned on both venues. Rebalancing, withdrawal, latency and deeper-book impact are not yet validated."",""sell_bid"":80090.8,""sell_venue"":""Gate"",""source"":""wide_cex_hunter"",""taker_fee_bps_per_leg"":10.0,""total_friction_bps"":30.0}"
2026-09-07T01:06:44+00:00,cex_cross_spot,BTC:buy Gate / sell Bitget,BTC,buy Gate / sell Bitget,Bitget<->Gate,0.870261,-29.129739,NO,1977.86,"{""buy_ask"":80090.9,""buy_venue"":""Gate"",""extra_buffer_bps"":10.0,""note"":""Discovery snapshot only; assumes capital pre-positioned on both venues. Rebalancing, withdrawal, latency and deeper-book impact are not yet validated."",""sell_bid"":80097.87,""sell_venue"":""Bitget"",""source"":""wide_cex_hunter"",""taker_fee_bps_per_leg"":10.0,""total_friction_bps"":30.0}"
2026-09-07T01:06:44+00:00,cex_cross_spot,ETH:buy Bitget / sell Gate,ETH,buy Bitget / sell Gate,Bitget<->Gate,0.398500,-29.601500,NO,4586.38,"{""buy_ask"":2509.41,""buy_venue"":""Bitget"",""extra_buffer_bps"":10.0,""note"":""Discovery snapshot only; assumes capital pre-positioned on both venues. Rebalancing, withdrawal, latency and deeper-book impact are not yet validated."",""sell_bid"":2509.51,""sell_venue"":""Gate"",""source"":""wide_cex_hunter"",""taker_fee_bps_per_leg"":10.0,""total_friction_bps"":30.0}"
2026-09-07T01:06:44+00:00,cex_cross_spot,ETH:buy Gate / sell Bitget,ETH,buy Gate / sell Bitget,Bitget<->Gate,-0.478179,-30.478179,NO,3284.46,"{""buy_ask"":2509.52,""buy_venue"":""Gate"",""extra_buffer_bps"":10.0,""note"":""Discovery snapshot only; assumes capital pre-positioned on both venues. Rebalancing, withdrawal, latency and deeper-book impact are not yet validated."",""sell_bid"":2509.4,""sell_venue"":""Bitget"",""source"":""wide_cex_hunter"",""taker_fee_bps_per_leg"":10.0,""total_friction_bps"":30.0}"
2026-09-07T01:06:44+00:00,cex_cross_spot,SOL:buy Bitget / sell Gate,SOL,buy Bitget / sell Gate,Bitget<->Gate,-1.886614,-31.886614,NO,980.09,"{""buy_ask"":106.01,""buy_venue"":""Bitget"",""extra_buffer_bps"":10.0,""note"":""Discovery snapshot only; assumes capital pre-positioned on both venues. Rebalancing, withdrawal, latency and deeper-book impact are not yet validated."",""sell_bid"":105.99,""sell_venue"":""Gate"",""source"":""wide_cex_hunter"",""taker_fee_bps_per_leg"":10.0,""total_friction_bps"":30.0}"
2026-09-07T01:06:44+00:00,cex_cross_spot,SOL:buy Gate / sell Bitget,SOL,buy Gate / sell Bitget,Bitget<->Gate,0.000000,-30.000000,NO,11172.12,"{""buy_ask"":106.0,""buy_venue"":""Gate"",""extra_buffer_bps"":10.0,""note"":""Discovery snapshot only; assumes capital pre-positioned on both venues. Rebalancing, withdrawal, latency and deeper-book impact are not yet validated."",""sell_bid"":106.0,""sell_venue"":""Bitget"",""source"":""wide_cex_hunter"",""taker_fee_bps_per_leg"":10.0,""total_friction_bps"":30.0}"
2026-09-07T01:06:44+00:00,cex_cross_spot,XRP:buy Bitget / sell Gate,XRP,buy Bitget / sell Gate,Bitget<->Gate,0.000000,-30.000000,NO,29.15,"{""buy_ask"":1.415,""buy_venue"":""Bitget"",""extra_buffer_bps"":10.0,""note"":""Discovery snapshot only; assumes capital pre-positioned on both venues. Rebalancing, withdrawal, latency and deeper-book impact are not yet validated."",""sell_bid"":1.415,""sell_venue"":""Gate"",""source"":""wide_cex_hunter"",""taker_fee_bps_per_leg"":10.0,""total_friction_bps"":30.0}"
2026-09-07T01:06:44+00:00,cex_cross_spot,XRP:buy Gate / sell Bitget,XRP,buy Gate / sell Bitget,Bitget<->Gate,-1.413328,-31.413328,NO,238.73,"{""buy_ask"":1.4151,""buy_venue"":""Gate"",""extra_buffer_bps"":10.0,""note"":""Discovery snapshot only; assumes capital pre-positioned on both venues. Rebalancing, withdrawal, latency and deeper-book impact are not yet validated."",""sell_bid"":1.4149,""sell_venue"":""Bitget"",""source"":""wide_cex_hunter"",""taker_fee_bps_per_leg"":10.0,""total_friction_bps"":30.0}"
2026-09-07T01:06:44+00:00,cex_cross_spot,DOGE:buy Bitget / sell Gate,DOGE,buy Bitget / sell Gate,Bitget<->Gate,-1.103631,-31.103631,NO,203.85,"{""buy_ask"":0.09061,""buy_venue"":""Bitget"",""extra_buffer_bps"":10.0,""note"":""Discovery snapshot only; assumes capital pre-positioned on both venues. Rebalancing, withdrawal, latency and deeper-book impact are not yet validated."",""sell_bid"":0.0906,""sell_venue"":""Gate"",""source"":""wide_cex_hunter"",""taker_fee_bps_per_leg"":10.0,""total_friction_bps"":30.0}"
2026-09-07T01:06:44+00:00,cex_cross_spot,DOGE:buy Gate / sell Bitget,DOGE,buy Gate / sell Bitget,Bitget<->Gate,-1.103631,-31.103631,NO,39.13,"{""buy_ask"":0.09061,""buy_venue"":""Gate"",""extra_buffer_bps"":10.0,""note"":""Discovery snapshot only; assumes capital pre-positioned on both venues. Rebalancing, withdrawal, latency and deeper-book impact are not yet validated."",""sell_bid"":0.0906,""sell_venue"":""Bitget"",""source"":""wide_cex_hunter"",""taker_fee_bps_per_leg"":10.0,""total_friction_bps"":30.0}"
2026-09-07T01:06:44+00:00,cex_cross_spot,ADA:buy Bitget / sell Gate,ADA,buy Bitget / sell Gate,Bitget<->Gate,-1.793722,-31.793722,NO,113.49,"{""buy_ask"":0.223,""buy_venue"":""Bitget"",""extra_buffer_bps"":10.0,""note"":""Discovery snapshot only; assumes capital pre-positioned on both venues. Rebalancing, withdrawal, latency and deeper-book impact are not yet validated."",""sell_bid"":0.22296,""sell_venue"":""Gate"",""source"":""wide_cex_hunter"",""taker_fee_bps_per_leg"":10.0,""total_friction_bps"":30.0}"
2026-09-07T01:06:44+00:00,cex_cross_spot,ADA:buy Gate / sell Bitget,ADA,buy Gate / sell Bitget,Bitget<->Gate,-4.932514,-34.932514,NO,241.97,"{""buy_ask"":0.22301,""buy_venue"":""Gate"",""extra_buffer_bps"":10.0,""note"":""Discovery snapshot only; assumes capital pre-positioned on both venues. Rebalancing, withdrawal, latency and deeper-book impact are not yet validated."",""sell_bid"":0.2229,""sell_venue"":""Bitget"",""source"":""wide_cex_hunter"",""taker_fee_bps_per_leg"":10.0,""total_friction_bps"":30.0}"
2026-09-07T01:06:44+00:00,cex_cross_spot,LINK:buy Bitget / sell Gate,LINK,buy Bitget / sell Gate,Bitget<->Gate,-5.329679,-35.329679,NO,147.88,"{""buy_ask"":13.134,""buy_venue"":""Bitget"",""extra_buffer_bps"":10.0,""note"":""Discovery snapshot only; assumes capital pre-positioned on both venues. Rebalancing, withdrawal, latency and deeper-book impact are not yet validated."",""sell_bid"":13.127,""sell_venue"":""Gate"",""source"":""wide_cex_hunter"",""taker_fee_bps_per_leg"":10.0,""total_friction_bps"":30.0}"
2026-09-07T01:06:44+00:00,cex_cross_spot,LINK:buy Gate / sell Bitget,LINK,buy Gate / sell Bitget,Bitget<->Gate,-5.331302,-35.331302,NO,238.75,"{""buy_ask"":13.13,""buy_venue"":""Gate"",""extra_buffer_bps"":10.0,""note"":""Discovery snapshot only; assumes capital pre-positioned on both venues. Rebalancing, withdrawal, latency and deeper-book impact are not yet validated."",""sell_bid"":13.123,""sell_venue"":""Bitget"",""source"":""wide_cex_hunter"",""taker_fee_bps_per_leg"":10.0,""total_friction_bps"":30.0}"
2026-09-07T01:06:44+00:00,cex_cross_spot,LTC:buy Bitget / sell Gate,LTC,buy Bitget / sell Gate,Bitget<->Gate,-3.627131,-33.627131,NO,6.61,"{""buy_ask"":55.14,""buy_venue"":""Bitget"",""extra_buffer_bps"":10.0,""note"":""Discovery snapshot only; assumes capital pre-positioned on both venues. Rebalancing, withdrawal, latency and deeper-book impact are not yet validated."",""sell_bid"":55.12,""sell_venue"":""Gate"",""source"":""wide_cex_hunter"",""taker_fee_bps_per_leg"":10.0,""total_friction_bps"":30.0}"
2026-09-07T01:06:44+00:00,cex_cross_spot,LTC:buy Gate / sell Bitget,LTC,buy Gate / sell Bitget,Bitget<->Gate,-1.813894,-31.813894,NO,21.42,"{""buy_ask"":55.13,""buy_venue"":""Gate"",""extra_buffer_bps"":10.0,""note"":""Discovery snapshot only; assumes capital pre-positioned on both venues. Rebalancing, withdrawal, latency and deeper-book impact are not yet validated."",""sell_bid"":55.12,""sell_venue"":""Bitget"",""source"":""wide_cex_hunter"",""taker_fee_bps_per_leg"":10.0,""total_friction_bps"":30.0}"
2026-09-07T01:06:44+00:00,cex_cross_spot,BCH:buy Bitget / sell Gate,BCH,buy Bitget / sell Gate,Bitget<->Gate,-4.620716,-34.620716,NO,99.42,"{""buy_ask"":259.7,""buy_venue"":""Bitget"",""extra_buffer_bps"":10.0,""note"":""Discovery snapshot only; assumes capital pre-positioned on both venues. Rebalancing, withdrawal, latency and deeper-book impact are not yet validated."",""sell_bid"":259.58,""sell_venue"":""Gate"",""source"":""wide_cex_hunter"",""taker_fee_bps_per_leg"":10.0,""total_friction_bps"":30.0}"
2026-09-07T01:06:44+00:00,cex_cross_spot,BCH:buy Gate / sell Bitget,BCH,buy Gate / sell Bitget,Bitget<->Gate,-5.774783,-35.774783,NO,37.40,"{""buy_ask"":259.75,""buy_venue"":""Gate"",""extra_buffer_bps"":10.0,""note"":""Discovery snapshot only; assumes capital pre-positioned on both venues. Rebalancing, withdrawal, latency and deeper-book impact are not yet validated."",""sell_bid"":259.6,""sell_venue"":""Bitget"",""source"":""wide_cex_hunter"",""taker_fee_bps_per_leg"":10.0,""total_friction_bps"":30.0}"
2026-09-07T01:06:44+00:00,cex_cross_spot,AVAX:buy Bitget / sell Gate,AVAX,buy Bitget / sell Gate,Bitget<->Gate,-1.267106,-31.267106,NO,182.92,"{""buy_ask"":7.892,""buy_venue"":""Bitget"",""extra_buffer_bps"":10.0,""note"":""Discovery snapshot only; assumes capital pre-positioned on both venues. Rebalancing, withdrawal, latency and deeper-book impact are not yet validated."",""sell_bid"":7.891,""sell_venue"":""Gate"",""source"":""wide_cex_hunter"",""taker_fee_bps_per_leg"":10.0,""total_friction_bps"":30.0}"
2026-09-07T01:06:44+00:00,cex_cross_spot,AVAX:buy Gate / sell Bitget,AVAX,buy Gate / sell Bitget,Bitget<->Gate,-1.267106,-31.267106,NO,164.15,"{""buy_ask"":7.892,""buy_venue"":""Gate"",""extra_buffer_bps"":10.0,""note"":""Discovery snapshot only; assumes capital pre-positioned on both venues. Rebalancing, withdrawal, latency and deeper-book impact are not yet validated."",""sell_bid"":7.891,""sell_venue"":""Bitget"",""source"":""wide_cex_hunter"",""taker_fee_bps_per_leg"":10.0,""total_friction_bps"":30.0}"
2026-09-07T01:06:44+00:00,cex_cross_spot,DOT:buy Bitget / sell Gate,DOT,buy Bitget / sell Gate,Bitget<->Gate,1.984127,-28.015873,NO,4.94,"{""buy_ask"":1.008,""buy_venue"":""Bitget"",""extra_buffer_bps"":10.0,""note"":""Discovery snapshot only; assumes capital pre-positioned on both venues. Rebalancing, withdrawal, latency and deeper-book impact are not yet validated."",""sell_bid"":1.0082,""sell_venue"":""Gate"",""source"":""wide_cex_hunter"",""taker_fee_bps_per_leg"":10.0,""total_friction_bps"":30.0}"
2026-09-07T01:06:44+00:00,cex_cross_spot,DOT:buy Gate / sell Bitget,DOT,buy Gate / sell Bitget,Bitget<->Gate,-27.755749,-57.755749,NO,4.94,"{""buy_ask"":1.0088,""buy_venue"":""Gate"",""extra_buffer_bps"":10.0,""note"":""Discovery snapshot only; assumes capital pre-positioned on both venues. Rebalancing, withdrawal, latency and deeper-book impact are not yet validated."",""sell_bid"":1.006,""sell_venue"":""Bitget"",""source"":""wide_cex_hunter"",""taker_fee_bps_per_leg"":10.0,""total_friction_bps"":30.0}"
2026-09-07T01:06:44+00:00,cex_cross_spot,TRX:buy Bitget / sell Gate,TRX,buy Bitget / sell Gate,Bitget<->Gate,-0.298231,-30.298231,NO,15.37,"{""buy_ask"":0.33531,""buy_venue"":""Bitget"",""extra_buffer_bps"":10.0,""note"":""Discovery snapshot only; assumes capital pre-positioned on both venues. Rebalancing, withdrawal, latency and deeper-book impact are not yet validated."",""sell_bid"":0.3353,""sell_venue"":""Gate"",""source"":""wide_cex_hunter"",""taker_fee_bps_per_leg"":10.0,""total_friction_bps"":30.0}"
2026-09-07T01:06:44+00:00,cex_cross_spot,TRX:buy Gate / sell Bitget,TRX,buy Gate / sell Bitget,Bitget<->Gate,-2.981515,-32.981515,NO,1758.48,"{""buy_ask"":0.3354,""buy_venue"":""Gate"",""extra_buffer_bps"":10.0,""note"":""Discovery snapshot only; assumes capital pre-positioned on both venues. Rebalancing, withdrawal, latency and deeper-book impact are not yet validated."",""sell_bid"":0.3353,""sell_venue"":""Bitget"",""source"":""wide_cex_hunter"",""taker_fee_bps_per_leg"":10.0,""total_friction_bps"":30.0}"
2026-09-07T01:06:44+00:00,cex_cross_spot,SUI:buy Bitget / sell Gate,SUI,buy Bitget / sell Gate,Bitget<->Gate,-2.475554,-32.475554,NO,37.23,"{""buy_ask"":0.8079,""buy_venue"":""Bitget"",""extra_buffer_bps"":10.0,""note"":""Discovery snapshot only; assumes capital pre-positioned on both venues. Rebalancing, withdrawal, latency and deeper-book impact are not yet validated."",""sell_bid"":0.8077,""sell_venue"":""Gate"",""source"":""wide_cex_hunter"",""taker_fee_bps_per_leg"":10.0,""total_friction_bps"":30.0}"
2026-09-07T01:06:44+00:00,cex_cross_spot,SUI:buy Gate / sell Bitget,SUI,buy Gate / sell Bitget,Bitget<->Gate,0.000000,-30.000000,NO,2.09,"{""buy_ask"":0.8078,""buy_venue"":""Gate"",""extra_buffer_bps"":10.0,""note"":""Discovery snapshot only; assumes capital pre-positioned on both venues. Rebalancing, withdrawal, latency and deeper-book impact are not yet validated."",""sell_bid"":0.8078,""sell_venue"":""Bitget"",""source"":""wide_cex_hunter"",""taker_fee_bps_per_leg"":10.0,""total_friction_bps"":30.0}"
2026-09-07T01:06:44+00:00,cex_cross_spot,APT:buy Bitget / sell Gate,APT,buy Bitget / sell Gate,Bitget<->Gate,-3.220612,-33.220612,NO,67.88,"{""buy_ask"":0.621,""buy_venue"":""Bitget"",""extra_buffer_bps"":10.0,""note"":""Discovery snapshot only; assumes capital pre-positioned on both venues. Rebalancing, withdrawal, latency and deeper-book impact are not yet validated."",""sell_bid"":0.6208,""sell_venue"":""Gate"",""source"":""wide_cex_hunter"",""taker_fee_bps_per_leg"":10.0,""total_friction_bps"":30.0}"
2026-09-07T01:06:44+00:00,cex_cross_spot,APT:buy Gate / sell Bitget,APT,buy Gate / sell Bitget,Bitget<->Gate,-4.830140,-34.830140,NO,60.15,"{""buy_ask"":0.6211,""buy_venue"":""Gate"",""extra_buffer_bps"":10.0,""note"":""Discovery snapshot only; assumes capital pre-positioned on both venues. Rebalancing, withdrawal, latency and deeper-book impact are not yet validated."",""sell_bid"":0.6208,""sell_venue"":""Bitget"",""source"":""wide_cex_hunter"",""taker_fee_bps_per_leg"":10.0,""total_friction_bps"":30.0}"
2026-09-07T01:06:44+00:00,cex_cross_spot,NEAR:buy Bitget / sell Gate,NEAR,buy Bitget / sell Gate,Bitget<->Gate,-4.152824,-34.152824,NO,155.68,"{""buy_ask"":2.408,""buy_venue"":""Bitget"",""extra_buffer_bps"":10.0,""note"":""Discovery snapshot only; assumes capital pre-positioned on both venues. Rebalancing, withdrawal, latency and deeper-book impact are not yet validated."",""sell_bid"":2.407,""sell_venue"":""Gate"",""source"":""wide_cex_hunter"",""taker_fee_bps_per_leg"":10.0,""total_friction_bps"":30.0}"
2026-09-07T01:06:44+00:00,cex_cross_spot,NEAR:buy Gate / sell Bitget,NEAR,buy Gate / sell Bitget,Bitget<->Gate,-8.305648,-38.305648,NO,1013.26,"{""buy_ask"":2.408,""buy_venue"":""Gate"",""extra_buffer_bps"":10.0,""note"":""Discovery snapshot only; assumes capital pre-positioned on both venues. Rebalancing, withdrawal, latency and deeper-book impact are not yet validated."",""sell_bid"":2.406,""sell_venue"":""Bitget"",""source"":""wide_cex_hunter"",""taker_fee_bps_per_leg"":10.0,""total_friction_bps"":30.0}"
2026-09-07T02:04:15+00:00,cex_cross_spot,BTC:buy Bitget / sell Gate,BTC,buy Bitget / sell Gate,Bitget<->Gate,-1.665832,-31.665832,NO,7017.73,"{""buy_ask"":79900.01,""buy_venue"":""Bitget"",""extra_buffer_bps"":10.0,""note"":""Discovery snapshot only; assumes capital pre-positioned on both venues. Rebalancing, withdrawal, latency and deeper-book impact are not yet validated."",""sell_bid"":79886.7,""sell_venue"":""Gate"",""source"":""wide_cex_hunter"",""taker_fee_bps_per_leg"":10.0,""total_friction_bps"":30.0}"
2026-09-07T02:04:15+00:00,cex_cross_spot,BTC:buy Gate / sell Bitget,BTC,buy Gate / sell Bitget,Bitget<->Gate,1.652338,-28.347662,NO,1600.64,"{""buy_ask"":79886.8,""buy_venue"":""Gate"",""extra_buffer_bps"":10.0,""note"":""Discovery snapshot only; assumes capital pre-positioned on both venues. Rebalancing, withdrawal, latency and deeper-book impact are not yet validated."",""sell_bid"":79900.0,""sell_venue"":""Bitget"",""source"":""wide_cex_hunter"",""taker_fee_bps_per_leg"":10.0,""total_friction_bps"":30.0}"
2026-09-07T02:04:15+00:00,cex_cross_spot,ETH:buy Bitget / sell Gate,ETH,buy Bitget / sell Gate,Bitget<->Gate,0.319666,-29.680334,NO,17.02,"{""buy_ask"":2502.61,""buy_venue"":""Bitget"",""extra_buffer_bps"":10.0,""note"":""Discovery snapshot only; assumes capital pre-positioned on both venues. Rebalancing, withdrawal, latency and deeper-book impact are not yet validated."",""sell_bid"":2502.69,""sell_venue"":""Gate"",""source"":""wide_cex_hunter"",""taker_fee_bps_per_leg"":10.0,""total_friction_bps"":30.0}"
2026-09-07T02:04:15+00:00,cex_cross_spot,ETH:buy Gate / sell Bitget,ETH,buy Gate / sell Bitget,Bitget<->Gate,-0.399568,-30.399568,NO,23.27,"{""buy_ask"":2502.7,""buy_venue"":""Gate"",""extra_buffer_bps"":10.0,""note"":""Discovery snapshot only; assumes capital pre-positioned on both venues. Rebalancing, withdrawal, latency and deeper-book impact are not yet validated."",""sell_bid"":2502.6,""sell_venue"":""Bitget"",""source"":""wide_cex_hunter"",""taker_fee_bps_per_leg"":10.0,""total_friction_bps"":30.0}"
2026-09-07T02:04:15+00:00,cex_cross_spot,SOL:buy Bitget / sell Gate,SOL,buy Bitget / sell Gate,Bitget<->Gate,-1.898794,-31.898794,NO,470.84,"{""buy_ask"":105.33,""buy_venue"":""Bitget"",""extra_buffer_bps"":10.0,""note"":""Discovery snapshot only; assumes capital pre-positioned on both venues. Rebalancing, withdrawal, latency and deeper-book impact are not yet validated."",""sell_bid"":105.31,""sell_venue"":""Gate"",""source"":""wide_cex_hunter"",""taker_fee_bps_per_leg"":10.0,""total_friction_bps"":30.0}"
2026-09-07T02:04:15+00:00,cex_cross_spot,SOL:buy Gate / sell Bitget,SOL,buy Gate / sell Bitget,Bitget<->Gate,0.000000,-30.000000,NO,9011.43,"{""buy_ask"":105.32,""buy_venue"":""Gate"",""extra_buffer_bps"":10.0,""note"":""Discovery snapshot only; assumes capital pre-positioned on both venues. Rebalancing, withdrawal, latency and deeper-book impact are not yet validated."",""sell_bid"":105.32,""sell_venue"":""Bitget"",""source"":""wide_cex_hunter"",""taker_fee_bps_per_leg"":10.0,""total_friction_bps"":30.0}"
2026-09-07T02:04:15+00:00,cex_cross_spot,XRP:buy Bitget / sell Gate,XRP,buy Bitget / sell Gate,Bitget<->Gate,-0.711491,-30.711491,NO,133.51,"{""buy_ask"":1.4055,""buy_venue"":""Bitget"",""extra_buffer_bps"":10.0,""note"":""Discovery snapshot only; assumes capital pre-positioned on both venues. Rebalancing, withdrawal, latency and deeper-book impact are not yet validated."",""sell_bid"":1.4054,""sell_venue"":""Gate"",""source"":""wide_cex_hunter"",""taker_fee_bps_per_leg"":10.0,""total_friction_bps"":30.0}"
2026-09-07T02:04:15+00:00,cex_cross_spot,XRP:buy Gate / sell Bitget,XRP,buy Gate / sell Bitget,Bitget<->Gate,-0.711491,-30.711491,NO,237.11,"{""buy_ask"":1.4055,""buy_venue"":""Gate"",""extra_buffer_bps"":10.0,""note"":""Discovery snapshot only; assumes capital pre-positioned on both venues. Rebalancing, withdrawal, latency and deeper-book impact are not yet validated."",""sell_bid"":1.4054,""sell_venue"":""Bitget"",""source"":""wide_cex_hunter"",""taker_fee_bps_per_leg"":10.0,""total_friction_bps"":30.0}"
2026-09-07T02:04:15+00:00,cex_cross_spot,DOGE:buy Bitget / sell Gate,DOGE,buy Bitget / sell Gate,Bitget<->Gate,-1.111111,-31.111111,NO,241.34,"{""buy_ask"":0.09,""buy_venue"":""Bitget"",""extra_buffer_bps"":10.0,""note"":""Discovery snapshot only; assumes capital pre-positioned on both venues. Rebalancing, withdrawal, latency and deeper-book impact are not yet validated."",""sell_bid"":0.08999,""sell_venue"":""Gate"",""source"":""wide_cex_hunter"",""taker_fee_bps_per_leg"":10.0,""total_friction_bps"":30.0}"
2026-09-07T02:04:15+00:00,cex_cross_spot,DOGE:buy Gate / sell Bitget,DOGE,buy Gate / sell Bitget,Bitget<->Gate,-1.111111,-31.111111,NO,58.80,"{""buy_ask"":0.09,""buy_venue"":""Gate"",""extra_buffer_bps"":10.0,""note"":""Discovery snapshot only; assumes capital pre-positioned on both venues. Rebalancing, withdrawal, latency and deeper-book impact are not yet validated."",""sell_bid"":0.08999,""sell_venue"":""Bitget"",""source"":""wide_cex_hunter"",""taker_fee_bps_per_leg"":10.0,""total_friction_bps"":30.0}"
2026-09-07T02:04:15+00:00,cex_cross_spot,ADA:buy Bitget / sell Gate,ADA,buy Bitget / sell Gate,Bitget<->Gate,-3.613369,-33.613369,NO,231.72,"{""buy_ask"":0.2214,""buy_venue"":""Bitget"",""extra_buffer_bps"":10.0,""note"":""Discovery snapshot only; assumes capital pre-positioned on both venues. Rebalancing, withdrawal, latency and deeper-book impact are not yet validated."",""sell_bid"":0.22132,""sell_venue"":""Gate"",""source"":""wide_cex_hunter"",""taker_fee_bps_per_leg"":10.0,""total_friction_bps"":30.0}"
2026-09-07T02:04:15+00:00,cex_cross_spot,ADA:buy Gate / sell Bitget,ADA,buy Gate / sell Bitget,Bitget<->Gate,-4.065224,-34.065224,NO,105.82,"{""buy_ask"":0.22139,""buy_venue"":""Gate"",""extra_buffer_bps"":10.0,""note"":""Discovery snapshot only; assumes capital pre-positioned on both venues. Rebalancing, withdrawal, latency and deeper-book impact are not yet validated."",""sell_bid"":0.2213,""sell_venue"":""Bitget"",""source"":""wide_cex_hunter"",""taker_fee_bps_per_leg"":10.0,""total_friction_bps"":30.0}"
2026-09-07T02:04:15+00:00,cex_cross_spot,LINK:buy Bitget / sell Gate,LINK,buy Bitget / sell Gate,Bitget<->Gate,0.000000,-30.000000,NO,184.97,"{""buy_ask"":13.008,""buy_venue"":""Bitget"",""extra_buffer_bps"":10.0,""note"":""Discovery snapshot only; assumes capital pre-positioned on both venues. Rebalancing, withdrawal, latency and deeper-book impact are not yet validated."",""sell_bid"":13.008,""sell_venue"":""Gate"",""source"":""wide_cex_hunter"",""taker_fee_bps_per_leg"":10.0,""total_friction_bps"":30.0}"
2026-09-07T02:04:15+00:00,cex_cross_spot,LINK:buy Gate / sell Bitget,LINK,buy Gate / sell Bitget,Bitget<->Gate,-3.842902,-33.842902,NO,58.03,"{""buy_ask"":13.011,""buy_venue"":""Gate"",""extra_buffer_bps"":10.0,""note"":""Discovery snapshot only; assumes capital pre-positioned on both venues. Rebalancing, withdrawal, latency and deeper-book impact are not yet validated."",""sell_bid"":13.006,""sell_venue"":""Bitget"",""source"":""wide_cex_hunter"",""taker_fee_bps_per_leg"":10.0,""total_friction_bps"":30.0}"
2026-09-07T02:04:15+00:00,cex_cross_spot,LTC:buy Bitget / sell Gate,LTC,buy Bitget / sell Gate,Bitget<->Gate,-3.683241,-33.683241,NO,122.13,"{""buy_ask"":54.3,""buy_venue"":""Bitget"",""extra_buffer_bps"":10.0,""note"":""Discovery snapshot only; assumes capital pre-positioned on both venues. Rebalancing, withdrawal, latency and deeper-book impact are not yet validated."",""sell_bid"":54.28,""sell_venue"":""Gate"",""source"":""wide_cex_hunter"",""taker_fee_bps_per_leg"":10.0,""total_friction_bps"":30.0}"
2026-09-07T02:04:15+00:00,cex_cross_spot,LTC:buy Gate / sell Bitget,LTC,buy Gate / sell Bitget,Bitget<->Gate,-1.841960,-31.841960,NO,144.09,"{""buy_ask"":54.29,""buy_venue"":""Gate"",""extra_buffer_bps"":10.0,""note"":""Discovery snapshot only; assumes capital pre-positioned on both venues. Rebalancing, withdrawal, latency and deeper-book impact are not yet validated."",""sell_bid"":54.28,""sell_venue"":""Bitget"",""source"":""wide_cex_hunter"",""taker_fee_bps_per_leg"":10.0,""total_friction_bps"":30.0}"
2026-09-07T02:04:15+00:00,cex_cross_spot,BCH:buy Bitget / sell Gate,BCH,buy Bitget / sell Gate,Bitget<->Gate,-8.952900,-38.952900,NO,449.43,"{""buy_ask"":256.9,""buy_venue"":""Bitget"",""extra_buffer_bps"":10.0,""note"":""Discovery snapshot only; assumes capital pre-positioned on both venues. Rebalancing, withdrawal, latency and deeper-book impact are not yet validated."",""sell_bid"":256.67,""sell_venue"":""Gate"",""source"":""wide_cex_hunter"",""taker_fee_bps_per_leg"":10.0,""total_friction_bps"":30.0}"
2026-09-07T02:04:15+00:00,cex_cross_spot,BCH:buy Gate / sell Bitget,BCH,buy Gate / sell Bitget,Bitget<->Gate,-5.839984,-35.839984,NO,84.76,"{""buy_ask"":256.85,""buy_venue"":""Gate"",""extra_buffer_bps"":10.0,""note"":""Discovery snapshot only; assumes capital pre-positioned on both venues. Rebalancing, withdrawal, latency and deeper-book impact are not yet validated."",""sell_bid"":256.7,""sell_venue"":""Bitget"",""source"":""wide_cex_hunter"",""taker_fee_bps_per_leg"":10.0,""total_friction_bps"":30.0}"
2026-09-07T02:04:15+00:00,cex_cross_spot,AVAX:buy Bitget / sell Gate,AVAX,buy Bitget / sell Gate,Bitget<->Gate,-1.281066,-31.281066,NO,114.72,"{""buy_ask"":7.806,""buy_venue"":""Bitget"",""extra_buffer_bps"":10.0,""note"":""Discovery snapshot only; assumes capital pre-positioned on both venues. Rebalancing, withdrawal, latency and deeper-book impact are not yet validated."",""sell_bid"":7.805,""sell_venue"":""Gate"",""source"":""wide_cex_hunter"",""taker_fee_bps_per_leg"":10.0,""total_friction_bps"":30.0}"
2026-09-07T02:04:15+00:00,cex_cross_spot,AVAX:buy Gate / sell Bitget,AVAX,buy Gate / sell Bitget,Bitget<->Gate,-1.281066,-31.281066,NO,144.29,"{""buy_ask"":7.806,""buy_venue"":""Gate"",""extra_buffer_bps"":10.0,""note"":""Discovery snapshot only; assumes capital pre-positioned on both venues. Rebalancing, withdrawal, latency and deeper-book impact are not yet validated."",""sell_bid"":7.805,""sell_venue"":""Bitget"",""source"":""wide_cex_hunter"",""taker_fee_bps_per_leg"":10.0,""total_friction_bps"":30.0}"
2026-09-07T02:04:15+00:00,cex_cross_spot,DOT:buy Bitget / sell Gate,DOT,buy Bitget / sell Gate,Bitget<->Gate,-8.113590,-38.113590,NO,232.70,"{""buy_ask"":0.986,""buy_venue"":""Bitget"",""extra_buffer_bps"":10.0,""note"":""Discovery snapshot only; assumes capital pre-positioned on both venues. Rebalancing, withdrawal, latency and deeper-book impact are not yet validated."",""sell_bid"":0.9852,""sell_venue"":""Gate"",""source"":""wide_cex_hunter"",""taker_fee_bps_per_leg"":10.0,""total_friction_bps"":30.0}"
2026-09-07T02:04:15+00:00,cex_cross_spot,DOT:buy Gate / sell Bitget,DOT,buy Gate / sell Bitget,Bitget<->Gate,-8.115236,-38.115236,NO,279.57,"{""buy_ask"":0.9858,""buy_venue"":""Gate"",""extra_buffer_bps"":10.0,""note"":""Discovery snapshot only; assumes capital pre-positioned on both venues. Rebalancing, withdrawal, latency and deeper-book impact are not yet validated."",""sell_bid"":0.985,""sell_venue"":""Bitget"",""source"":""wide_cex_hunter"",""taker_fee_bps_per_leg"":10.0,""total_friction_bps"":30.0}"
2026-09-07T02:04:15+00:00,cex_cross_spot,TRX:buy Bitget / sell Gate,TRX,buy Bitget / sell Gate,Bitget<->Gate,-0.895175,-30.895175,NO,854.88,"{""buy_ask"":0.33513,""buy_venue"":""Bitget"",""extra_buffer_bps"":10.0,""note"":""Discovery snapshot only; assumes capital pre-positioned on both venues. Rebalancing, withdrawal, latency and deeper-book impact are not yet validated."",""sell_bid"":0.3351,""sell_venue"":""Gate"",""source"":""wide_cex_hunter"",""taker_fee_bps_per_leg"":10.0,""total_friction_bps"":30.0}"
2026-09-07T02:04:15+00:00,cex_cross_spot,TRX:buy Gate / sell Bitget,TRX,buy Gate / sell Bitget,Bitget<->Gate,-2.386635,-32.386635,NO,485.39,"{""buy_ask"":0.3352,""buy_venue"":""Gate"",""extra_buffer_bps"":10.0,""note"":""Discovery snapshot only; assumes capital pre-positioned on both venues. Rebalancing, withdrawal, latency and deeper-book impact are not yet validated."",""sell_bid"":0.33512,""sell_venue"":""Bitget"",""source"":""wide_cex_hunter"",""taker_fee_bps_per_leg"":10.0,""total_friction_bps"":30.0}"
2026-09-07T02:04:15+00:00,cex_cross_spot,SUI:buy Bitget / sell Gate,SUI,buy Bitget / sell Gate,Bitget<->Gate,-1.256597,-31.256597,NO,49.00,"{""buy_ask"":0.7958,""buy_venue"":""Bitget"",""extra_buffer_bps"":10.0,""note"":""Discovery snapshot only; assumes capital pre-positioned on both venues. Rebalancing, withdrawal, latency and deeper-book impact are not yet validated."",""sell_bid"":0.7957,""sell_venue"":""Gate"",""source"":""wide_cex_hunter"",""taker_fee_bps_per_leg"":10.0,""total_friction_bps"":30.0}"
2026-09-07T02:04:15+00:00,cex_cross_spot,SUI:buy Gate / sell Bitget,SUI,buy Gate / sell Bitget,Bitget<->Gate,-1.256597,-31.256597,NO,36.68,"{""buy_ask"":0.7958,""buy_venue"":""Gate"",""extra_buffer_bps"":10.0,""note"":""Discovery snapshot only; assumes capital pre-positioned on both venues. Rebalancing, withdrawal, latency and deeper-book impact are not yet validated."",""sell_bid"":0.7957,""sell_venue"":""Bitget"",""source"":""wide_cex_hunter"",""taker_fee_bps_per_leg"":10.0,""total_friction_bps"":30.0}"
2026-09-07T02:04:15+00:00,cex_cross_spot,APT:buy Bitget / sell Gate,APT,buy Bitget / sell Gate,Bitget<->Gate,-4.876463,-34.876463,NO,49.12,"{""buy_ask"":0.6152,""buy_venue"":""Bitget"",""extra_buffer_bps"":10.0,""note"":""Discovery snapshot only; assumes capital pre-positioned on both venues. Rebalancing, withdrawal, latency and deeper-book impact are not yet validated."",""sell_bid"":0.6149,""sell_venue"":""Gate"",""source"":""wide_cex_hunter"",""taker_fee_bps_per_leg"":10.0,""total_friction_bps"":30.0}"
2026-09-07T02:04:15+00:00,cex_cross_spot,APT:buy Gate / sell Bitget,APT,buy Gate / sell Bitget,Bitget<->Gate,-1.625488,-31.625488,NO,1.85,"{""buy_ask"":0.6152,""buy_venue"":""Gate"",""extra_buffer_bps"":10.0,""note"":""Discovery snapshot only; assumes capital pre-positioned on both venues. Rebalancing, withdrawal, latency and deeper-book impact are not yet validated."",""sell_bid"":0.6151,""sell_venue"":""Bitget"",""source"":""wide_cex_hunter"",""taker_fee_bps_per_leg"":10.0,""total_friction_bps"":30.0}"
2026-09-07T02:04:15+00:00,cex_cross_spot,NEAR:buy Bitget / sell Gate,NEAR,buy Bitget / sell Gate,Bitget<->Gate,-4.224757,-34.224757,NO,73.76,"{""buy_ask"":2.367,""buy_venue"":""Bitget"",""extra_buffer_bps"":10.0,""note"":""Discovery snapshot only; assumes capital pre-positioned on both venues. Rebalancing, withdrawal, latency and deeper-book impact are not yet validated."",""sell_bid"":2.366,""sell_venue"":""Gate"",""source"":""wide_cex_hunter"",""taker_fee_bps_per_leg"":10.0,""total_friction_bps"":30.0}"
2026-09-07T02:04:15+00:00,cex_cross_spot,NEAR:buy Gate / sell Bitget,NEAR,buy Gate / sell Bitget,Bitget<->Gate,-8.445946,-38.445946,NO,708.92,"{""buy_ask"":2.368,""buy_venue"":""Gate"",""extra_buffer_bps"":10.0,""note"":""Discovery snapshot only; assumes capital pre-positioned on both venues. Rebalancing, withdrawal, latency and deeper-book impact are not yet validated."",""sell_bid"":2.366,""sell_venue"":""Bitget"",""source"":""wide_cex_hunter"",""taker_fee_bps_per_leg"":10.0,""total_friction_bps"":30.0}"
2026-09-07T05:11:33+00:00,cex_cross_spot,BTC:buy Bitget / sell Gate,BTC,buy Bitget / sell Gate,Bitget<->Gate,0.366382,-29.633618,NO,398.51,"{""buy_ask"":79698.28,""buy_venue"":""Bitget"",""extra_buffer_bps"":10.0,""note"":""Discovery snapshot only; assumes capital pre-positioned on both venues. Rebalancing, withdrawal, latency and deeper-book impact are not yet validated."",""sell_bid"":79701.2,""sell_venue"":""Gate"",""source"":""wide_cex_hunter"",""taker_fee_bps_per_leg"":10.0,""total_friction_bps"":30.0}"
2026-09-07T05:11:33+00:00,cex_cross_spot,BTC:buy Gate / sell Bitget,BTC,buy Gate / sell Bitget,Bitget<->Gate,-0.380169,-30.380169,NO,250.09,"{""buy_ask"":79701.3,""buy_venue"":""Gate"",""extra_buffer_bps"":10.0,""note"":""Discovery snapshot only; assumes capital pre-positioned on both venues. Rebalancing, withdrawal, latency and deeper-book impact are not yet validated."",""sell_bid"":79698.27,""sell_venue"":""Bitget"",""source"":""wide_cex_hunter"",""taker_fee_bps_per_leg"":10.0,""total_friction_bps"":30.0}"
2026-09-07T05:11:33+00:00,cex_cross_spot,ETH:buy Bitget / sell Gate,ETH,buy Bitget / sell Gate,Bitget<->Gate,1.319082,-28.680918,NO,10.01,"{""buy_ask"":2501.74,""buy_venue"":""Bitget"",""extra_buffer_bps"":10.0,""note"":""Discovery snapshot only; assumes capital pre-positioned on both venues. Rebalancing, withdrawal, latency and deeper-book impact are not yet validated."",""sell_bid"":2502.07,""sell_venue"":""Gate"",""source"":""wide_cex_hunter"",""taker_fee_bps_per_leg"":10.0,""total_friction_bps"":30.0}"
2026-09-07T05:11:33+00:00,cex_cross_spot,ETH:buy Gate / sell Bitget,ETH,buy Gate / sell Bitget,Bitget<->Gate,-1.398836,-31.398836,NO,29681.92,"{""buy_ask"":2502.08,""buy_venue"":""Gate"",""extra_buffer_bps"":10.0,""note"":""Discovery snapshot only; assumes capital pre-positioned on both venues. Rebalancing, withdrawal, latency and deeper-book impact are not yet validated."",""sell_bid"":2501.73,""sell_venue"":""Bitget"",""source"":""wide_cex_hunter"",""taker_fee_bps_per_leg"":10.0,""total_friction_bps"":30.0}"
2026-09-07T05:11:33+00:00,cex_cross_spot,SOL:buy Bitget / sell Gate,SOL,buy Bitget / sell Gate,Bitget<->Gate,-1.900599,-31.900599,NO,93.22,"{""buy_ask"":105.23,""buy_venue"":""Bitget"",""extra_buffer_bps"":10.0,""note"":""Discovery snapshot only; assumes capital pre-positioned on both venues. Rebalancing, withdrawal, latency and deeper-book impact are not yet validated."",""sell_bid"":105.21,""sell_venue"":""Gate"",""source"":""wide_cex_hunter"",""taker_fee_bps_per_leg"":10.0,""total_friction_bps"":30.0}"
2026-09-07T05:11:33+00:00,cex_cross_spot,SOL:buy Gate / sell Bitget,SOL,buy Gate / sell Bitget,Bitget<->Gate,0.000000,-30.000000,NO,522.10,"{""buy_ask"":105.22,""buy_venue"":""Gate"",""extra_buffer_bps"":10.0,""note"":""Discovery snapshot only; assumes capital pre-positioned on both venues. Rebalancing, withdrawal, latency and deeper-book impact are not yet validated."",""sell_bid"":105.22,""sell_venue"":""Bitget"",""source"":""wide_cex_hunter"",""taker_fee_bps_per_leg"":10.0,""total_friction_bps"":30.0}"
2026-09-07T05:11:33+00:00,cex_cross_spot,XRP:buy Bitget / sell Gate,XRP,buy Bitget / sell Gate,Bitget<->Gate,-1.420757,-31.420757,NO,514.58,"{""buy_ask"":1.4077,""buy_venue"":""Bitget"",""extra_buffer_bps"":10.0,""note"":""Discovery snapshot only; assumes capital pre-positioned on both venues. Rebalancing, withdrawal, latency and deeper-book impact are not yet validated."",""sell_bid"":1.4075,""sell_venue"":""Gate"",""source"":""wide_cex_hunter"",""taker_fee_bps_per_leg"":10.0,""total_friction_bps"":30.0}"
2026-09-07T05:11:33+00:00,cex_cross_spot,XRP:buy Gate / sell Bitget,XRP,buy Gate / sell Bitget,Bitget<->Gate,-0.710379,-30.710379,NO,422.31,"{""buy_ask"":1.4077,""buy_venue"":""Gate"",""extra_buffer_bps"":10.0,""note"":""Discovery snapshot only; assumes capital pre-positioned on both venues. Rebalancing, withdrawal, latency and deeper-book impact are not yet validated."",""sell_bid"":1.4076,""sell_venue"":""Bitget"",""source"":""wide_cex_hunter"",""taker_fee_bps_per_leg"":10.0,""total_friction_bps"":30.0}"
2026-09-07T05:11:33+00:00,cex_cross_spot,DOGE:buy Bitget / sell Gate,DOGE,buy Bitget / sell Gate,Bitget<->Gate,0.000000,-30.000000,NO,38.79,"{""buy_ask"":0.08983,""buy_venue"":""Bitget"",""extra_buffer_bps"":10.0,""note"":""Discovery snapshot only; assumes capital pre-positioned on both venues. Rebalancing, withdrawal, latency and deeper-book impact are not yet validated."",""sell_bid"":0.08983,""sell_venue"":""Gate"",""source"":""wide_cex_hunter"",""taker_fee_bps_per_leg"":10.0,""total_friction_bps"":30.0}"
2026-09-07T05:11:33+00:00,cex_cross_spot,DOGE:buy Gate / sell Bitget,DOGE,buy Gate / sell Bitget,Bitget<->Gate,-2.226180,-32.226180,NO,171.13,"{""buy_ask"":0.08984,""buy_venue"":""Gate"",""extra_buffer_bps"":10.0,""note"":""Discovery snapshot only; assumes capital pre-positioned on both venues. Rebalancing, withdrawal, latency and deeper-book impact are not yet validated."",""sell_bid"":0.08982,""sell_venue"":""Bitget"",""source"":""wide_cex_hunter"",""taker_fee_bps_per_leg"":10.0,""total_friction_bps"":30.0}"
2026-09-07T05:11:33+00:00,cex_cross_spot,ADA:buy Bitget / sell Gate,ADA,buy Bitget / sell Gate,Bitget<->Gate,-6.378132,-36.378132,NO,1328.01,"{""buy_ask"":0.2195,""buy_venue"":""Bitget"",""extra_buffer_bps"":10.0,""note"":""Discovery snapshot only; assumes capital pre-positioned on both venues. Rebalancing, withdrawal, latency and deeper-book impact are not yet validated."",""sell_bid"":0.21936,""sell_venue"":""Gate"",""source"":""wide_cex_hunter"",""taker_fee_bps_per_leg"":10.0,""total_friction_bps"":30.0}"
2026-09-07T05:11:33+00:00,cex_cross_spot,ADA:buy Gate / sell Bitget,ADA,buy Gate / sell Bitget,Bitget<->Gate,0.911660,-29.088340,NO,132.76,"{""buy_ask"":0.21938,""buy_venue"":""Gate"",""extra_buffer_bps"":10.0,""note"":""Discovery snapshot only; assumes capital pre-positioned on both venues. Rebalancing, withdrawal, latency and deeper-book impact are not yet validated."",""sell_bid"":0.2194,""sell_venue"":""Bitget"",""source"":""wide_cex_hunter"",""taker_fee_bps_per_leg"":10.0,""total_friction_bps"":30.0}"
2026-09-07T05:11:33+00:00,cex_cross_spot,LINK:buy Bitget / sell Gate,LINK,buy Bitget / sell Gate,Bitget<->Gate,-3.795643,-33.795643,NO,138.79,"{""buy_ask"":13.173,""buy_venue"":""Bitget"",""extra_buffer_bps"":10.0,""note"":""Discovery snapshot only; assumes capital pre-positioned on both venues. Rebalancing, withdrawal, latency and deeper-book impact are not yet validated."",""sell_bid"":13.168,""sell_venue"":""Gate"",""source"":""wide_cex_hunter"",""taker_fee_bps_per_leg"":10.0,""total_friction_bps"":30.0}"
2026-09-07T05:11:33+00:00,cex_cross_spot,LINK:buy Gate / sell Bitget,LINK,buy Gate / sell Bitget,Bitget<->Gate,0.000000,-30.000000,NO,79.21,"{""buy_ask"":13.171,""buy_venue"":""Gate"",""extra_buffer_bps"":10.0,""note"":""Discovery snapshot only; assumes capital pre-positioned on both venues. Rebalancing, withdrawal, latency and deeper-book impact are not yet validated."",""sell_bid"":13.171,""sell_venue"":""Bitget"",""source"":""wide_cex_hunter"",""taker_fee_bps_per_leg"":10.0,""total_friction_bps"":30.0}"
2026-09-07T05:11:33+00:00,cex_cross_spot,LTC:buy Bitget / sell Gate,LTC,buy Bitget / sell Gate,Bitget<->Gate,-3.670398,-33.670398,NO,217.66,"{""buy_ask"":54.49,""buy_venue"":""Bitget"",""extra_buffer_bps"":10.0,""note"":""Discovery snapshot only; assumes capital pre-positioned on both venues. Rebalancing, withdrawal, latency and deeper-book impact are not yet validated."",""sell_bid"":54.47,""sell_venue"":""Gate"",""source"":""wide_cex_hunter"",""taker_fee_bps_per_leg"":10.0,""total_friction_bps"":30.0}"
2026-09-07T05:11:33+00:00,cex_cross_spot,LTC:buy Gate / sell Bitget,LTC,buy Gate / sell Bitget,Bitget<->Gate,-1.835536,-31.835536,NO,286.02,"{""buy_ask"":54.48,""buy_venue"":""Gate"",""extra_buffer_bps"":10.0,""note"":""Discovery snapshot only; assumes capital pre-positioned on both venues. Rebalancing, withdrawal, latency and deeper-book impact are not yet validated."",""sell_bid"":54.47,""sell_venue"":""Bitget"",""source"":""wide_cex_hunter"",""taker_fee_bps_per_leg"":10.0,""total_friction_bps"":30.0}"
2026-09-07T05:11:33+00:00,cex_cross_spot,BCH:buy Bitget / sell Gate,BCH,buy Bitget / sell Gate,Bitget<->Gate,-6.201550,-36.201550,NO,85.35,"{""buy_ask"":258.0,""buy_venue"":""Bitget"",""extra_buffer_bps"":10.0,""note"":""Discovery snapshot only; assumes capital pre-positioned on both venues. Rebalancing, withdrawal, latency and deeper-book impact are not yet validated."",""sell_bid"":257.84,""sell_venue"":""Gate"",""source"":""wide_cex_hunter"",""taker_fee_bps_per_leg"":10.0,""total_friction_bps"":30.0}"
2026-09-07T05:11:33+00:00,cex_cross_spot,BCH:buy Gate / sell Bitget,BCH,buy Gate / sell Bitget,Bitget<->Gate,-4.263401,-34.263401,NO,18.83,"{""buy_ask"":258.01,""buy_venue"":""Gate"",""extra_buffer_bps"":10.0,""note"":""Discovery snapshot only; assumes capital pre-positioned on both venues. Rebalancing, withdrawal, latency and deeper-book impact are not yet validated."",""sell_bid"":257.9,""sell_venue"":""Bitget"",""source"":""wide_cex_hunter"",""taker_fee_bps_per_leg"":10.0,""total_friction_bps"":30.0}"
2026-09-07T05:11:33+00:00,cex_cross_spot,AVAX:buy Bitget / sell Gate,AVAX,buy Bitget / sell Gate,Bitget<->Gate,-1.271941,-31.271941,NO,192.70,"{""buy_ask"":7.862,""buy_venue"":""Bitget"",""extra_buffer_bps"":10.0,""note"":""Discovery snapshot only; assumes capital pre-positioned on both venues. Rebalancing, withdrawal, latency and deeper-book impact are not yet validated."",""sell_bid"":7.861,""sell_venue"":""Gate"",""source"":""wide_cex_hunter"",""taker_fee_bps_per_leg"":10.0,""total_friction_bps"":30.0}"
2026-09-07T05:11:33+00:00,cex_cross_spot,AVAX:buy Gate / sell Bitget,AVAX,buy Gate / sell Bitget,Bitget<->Gate,-2.543558,-32.543558,NO,125.81,"{""buy_ask"":7.863,""buy_venue"":""Gate"",""extra_buffer_bps"":10.0,""note"":""Discovery snapshot only; assumes capital pre-positioned on both venues. Rebalancing, withdrawal, latency and deeper-book impact are not yet validated."",""sell_bid"":7.861,""sell_venue"":""Bitget"",""source"":""wide_cex_hunter"",""taker_fee_bps_per_leg"":10.0,""total_friction_bps"":30.0}"
2026-09-07T05:11:33+00:00,cex_cross_spot,DOT:buy Bitget / sell Gate,DOT,buy Bitget / sell Gate,Bitget<->Gate,-7.121058,-37.121058,NO,324.16,"{""buy_ask"":0.983,""buy_venue"":""Bitget"",""extra_buffer_bps"":10.0,""note"":""Discovery snapshot only; assumes capital pre-positioned on both venues. Rebalancing, withdrawal, latency and deeper-book impact are not yet validated."",""sell_bid"":0.9823,""sell_venue"":""Gate"",""source"":""wide_cex_hunter"",""taker_fee_bps_per_leg"":10.0,""total_friction_bps"":30.0}"
2026-09-07T05:11:33+00:00,cex_cross_spot,DOT:buy Gate / sell Bitget,DOT,buy Gate / sell Bitget,Bitget<->Gate,-8.140008,-38.140008,NO,4.91,"{""buy_ask"":0.9828,""buy_venue"":""Gate"",""extra_buffer_bps"":10.0,""note"":""Discovery snapshot only; assumes capital pre-positioned on both venues. Rebalancing, withdrawal, latency and deeper-book impact are not yet validated."",""sell_bid"":0.982,""sell_venue"":""Bitget"",""source"":""wide_cex_hunter"",""taker_fee_bps_per_leg"":10.0,""total_friction_bps"":30.0}"
2026-09-07T05:11:33+00:00,cex_cross_spot,TRX:buy Bitget / sell Gate,TRX,buy Bitget / sell Gate,Bitget<->Gate,0.000000,-30.000000,NO,357.33,"{""buy_ask"":0.3371,""buy_venue"":""Bitget"",""extra_buffer_bps"":10.0,""note"":""Discovery snapshot only; assumes capital pre-positioned on both venues. Rebalancing, withdrawal, latency and deeper-book impact are not yet validated."",""sell_bid"":0.3371,""sell_venue"":""Gate"",""source"":""wide_cex_hunter"",""taker_fee_bps_per_leg"":10.0,""total_friction_bps"":30.0}"
2026-09-07T05:11:33+00:00,cex_cross_spot,TRX:buy Gate / sell Bitget,TRX,buy Gate / sell Bitget,Bitget<->Gate,-3.262159,-33.262159,NO,2085.45,"{""buy_ask"":0.3372,""buy_venue"":""Gate"",""extra_buffer_bps"":10.0,""note"":""Discovery snapshot only; assumes capital pre-positioned on both venues. Rebalancing, withdrawal, latency and deeper-book impact are not yet validated."",""sell_bid"":0.33709,""sell_venue"":""Bitget"",""source"":""wide_cex_hunter"",""taker_fee_bps_per_leg"":10.0,""total_friction_bps"":30.0}"
2026-09-07T05:11:33+00:00,cex_cross_spot,SUI:buy Bitget / sell Gate,SUI,buy Bitget / sell Gate,Bitget<->Gate,-2.496879,-32.496879,NO,685.12,"{""buy_ask"":0.801,""buy_venue"":""Bitget"",""extra_buffer_bps"":10.0,""note"":""Discovery snapshot only; assumes capital pre-positioned on both venues. Rebalancing, withdrawal, latency and deeper-book impact are not yet validated."",""sell_bid"":0.8008,""sell_venue"":""Gate"",""source"":""wide_cex_hunter"",""taker_fee_bps_per_leg"":10.0,""total_friction_bps"":30.0}"
2026-09-07T05:11:33+00:00,cex_cross_spot,SUI:buy Gate / sell Bitget,SUI,buy Gate / sell Bitget,Bitget<->Gate,-3.744851,-33.744851,NO,216.54,"{""buy_ask"":0.8011,""buy_venue"":""Gate"",""extra_buffer_bps"":10.0,""note"":""Discovery snapshot only; assumes capital pre-positioned on both venues. Rebalancing, withdrawal, latency and deeper-book impact are not yet validated."",""sell_bid"":0.8008,""sell_venue"":""Bitget"",""source"":""wide_cex_hunter"",""taker_fee_bps_per_leg"":10.0,""total_friction_bps"":30.0}"
2026-09-07T05:11:33+00:00,cex_cross_spot,APT:buy Bitget / sell Gate,APT,buy Bitget / sell Gate,Bitget<->Gate,-8.051530,-38.051530,NO,70.73,"{""buy_ask"":0.621,""buy_venue"":""Bitget"",""extra_buffer_bps"":10.0,""note"":""Discovery snapshot only; assumes capital pre-positioned on both venues. Rebalancing, withdrawal, latency and deeper-book impact are not yet validated."",""sell_bid"":0.6205,""sell_venue"":""Gate"",""source"":""wide_cex_hunter"",""taker_fee_bps_per_leg"":10.0,""total_friction_bps"":30.0}"
2026-09-07T05:11:33+00:00,cex_cross_spot,APT:buy Gate / sell Bitget,APT,buy Gate / sell Bitget,Bitget<->Gate,-4.830918,-34.830918,NO,113.27,"{""buy_ask"":0.621,""buy_venue"":""Gate"",""extra_buffer_bps"":10.0,""note"":""Discovery snapshot only; assumes capital pre-positioned on both venues. Rebalancing, withdrawal, latency and deeper-book impact are not yet validated."",""sell_bid"":0.6207,""sell_venue"":""Bitget"",""source"":""wide_cex_hunter"",""taker_fee_bps_per_leg"":10.0,""total_friction_bps"":30.0}"
2026-09-07T05:11:33+00:00,cex_cross_spot,NEAR:buy Bitget / sell Gate,NEAR,buy Bitget / sell Gate,Bitget<->Gate,-8.210181,-38.210181,NO,162.32,"{""buy_ask"":2.436,""buy_venue"":""Bitget"",""extra_buffer_bps"":10.0,""note"":""Discovery snapshot only; assumes capital pre-positioned on both venues. Rebalancing, withdrawal, latency and deeper-book impact are not yet validated."",""sell_bid"":2.434,""sell_venue"":""Gate"",""source"":""wide_cex_hunter"",""taker_fee_bps_per_leg"":10.0,""total_friction_bps"":30.0}"
2026-09-07T05:11:33+00:00,cex_cross_spot,NEAR:buy Gate / sell Bitget,NEAR,buy Gate / sell Bitget,Bitget<->Gate,0.000000,-30.000000,NO,51.74,"{""buy_ask"":2.435,""buy_venue"":""Gate"",""extra_buffer_bps"":10.0,""note"":""Discovery snapshot only; assumes capital pre-positioned on both venues. Rebalancing, withdrawal, latency and deeper-book impact are not yet validated."",""sell_bid"":2.435,""sell_venue"":""Bitget"",""source"":""wide_cex_hunter"",""taker_fee_bps_per_leg"":10.0,""total_friction_bps"":30.0}"
2026-09-07T06:10:29+00:00,cex_cross_spot,BTC:buy Bitget / sell Gate,BTC,buy Bitget / sell Gate,Bitget<->Gate,-0.340905,-30.340905,NO,8584.06,"{""buy_ask"":79787.62,""buy_venue"":""Bitget"",""extra_buffer_bps"":10.0,""note"":""Discovery snapshot only; assumes capital pre-positioned on both venues. Rebalancing, withdrawal, latency and deeper-book impact are not yet validated."",""sell_bid"":79784.9,""sell_venue"":""Gate"",""source"":""wide_cex_hunter"",""taker_fee_bps_per_leg"":10.0,""total_friction_bps"":30.0}"
2026-09-07T06:10:29+00:00,cex_cross_spot,BTC:buy Gate / sell Bitget,BTC,buy Gate / sell Bitget,Bitget<->Gate,0.327129,-29.672871,NO,4781.04,"{""buy_ask"":79785.0,""buy_venue"":""Gate"",""extra_buffer_bps"":10.0,""note"":""Discovery snapshot only; assumes capital pre-positioned on both venues. Rebalancing, withdrawal, latency and deeper-book impact are not yet validated."",""sell_bid"":79787.61,""sell_venue"":""Bitget"",""source"":""wide_cex_hunter"",""taker_fee_bps_per_leg"":10.0,""total_friction_bps"":30.0}"
2026-09-07T06:10:29+00:00,cex_cross_spot,ETH:buy Bitget / sell Gate,ETH,buy Bitget / sell Gate,Bitget<->Gate,0.837494,-29.162506,NO,1116.93,"{""buy_ask"":2507.48,""buy_venue"":""Bitget"",""extra_buffer_bps"":10.0,""note"":""Discovery snapshot only; assumes capital pre-positioned on both venues. Rebalancing, withdrawal, latency and deeper-book impact are not yet validated."",""sell_bid"":2507.69,""sell_venue"":""Gate"",""source"":""wide_cex_hunter"",""taker_fee_bps_per_leg"":10.0,""total_friction_bps"":30.0}"
2026-09-07T06:10:29+00:00,cex_cross_spot,ETH:buy Gate / sell Bitget,ETH,buy Gate / sell Bitget,Bitget<->Gate,-0.917175,-30.917175,NO,7066.70,"{""buy_ask"":2507.7,""buy_venue"":""Gate"",""extra_buffer_bps"":10.0,""note"":""Discovery snapshot only; assumes capital pre-positioned on both venues. Rebalancing, withdrawal, latency and deeper-book impact are not yet validated."",""sell_bid"":2507.47,""sell_venue"":""Bitget"",""source"":""wide_cex_hunter"",""taker_fee_bps_per_leg"":10.0,""total_friction_bps"":30.0}"
2026-09-07T06:10:29+00:00,cex_cross_spot,SOL:buy Bitget / sell Gate,SOL,buy Bitget / sell Gate,Bitget<->Gate,-0.950390,-30.950390,NO,8623.81,"{""buy_ask"":105.22,""buy_venue"":""Bitget"",""extra_buffer_bps"":10.0,""note"":""Discovery snapshot only; assumes capital pre-positioned on both venues. Rebalancing, withdrawal, latency and deeper-book impact are not yet validated."",""sell_bid"":105.21,""sell_venue"":""Gate"",""source"":""wide_cex_hunter"",""taker_fee_bps_per_leg"":10.0,""total_friction_bps"":30.0}"
2026-09-07T06:10:29+00:00,cex_cross_spot,SOL:buy Gate / sell Bitget,SOL,buy Gate / sell Bitget,Bitget<->Gate,-0.950390,-30.950390,NO,976.72,"{""buy_ask"":105.22,""buy_venue"":""Gate"",""extra_buffer_bps"":10.0,""note"":""Discovery snapshot only; assumes capital pre-positioned on both venues. Rebalancing, withdrawal, latency and deeper-book impact are not yet validated."",""sell_bid"":105.21,""sell_venue"":""Bitget"",""source"":""wide_cex_hunter"",""taker_fee_bps_per_leg"":10.0,""total_friction_bps"":30.0}"
2026-09-07T06:10:29+00:00,cex_cross_spot,XRP:buy Bitget / sell Gate,XRP,buy Bitget / sell Gate,Bitget<->Gate,-0.708617,-30.708617,NO,73.80,"{""buy_ask"":1.4112,""buy_venue"":""Bitget"",""extra_buffer_bps"":10.0,""note"":""Discovery snapshot only; assumes capital pre-positioned on both venues. Rebalancing, withdrawal, latency and deeper-book impact are not yet validated."",""sell_bid"":1.4111,""sell_venue"":""Gate"",""source"":""wide_cex_hunter"",""taker_fee_bps_per_leg"":10.0,""total_friction_bps"":30.0}"
2026-09-07T06:10:29+00:00,cex_cross_spot,XRP:buy Gate / sell Bitget,XRP,buy Gate / sell Bitget,Bitget<->Gate,-1.417133,-31.417133,NO,536.86,"{""buy_ask"":1.4113,""buy_venue"":""Gate"",""extra_buffer_bps"":10.0,""note"":""Discovery snapshot only; assumes capital pre-positioned on both venues. Rebalancing, withdrawal, latency and deeper-book impact are not yet validated."",""sell_bid"":1.4111,""sell_venue"":""Bitget"",""source"":""wide_cex_hunter"",""taker_fee_bps_per_leg"":10.0,""total_friction_bps"":30.0}"
2026-09-07T06:10:29+00:00,cex_cross_spot,DOGE:buy Bitget / sell Gate,DOGE,buy Bitget / sell Gate,Bitget<->Gate,-3.320788,-33.320788,NO,39.00,"{""buy_ask"":0.09034,""buy_venue"":""Bitget"",""extra_buffer_bps"":10.0,""note"":""Discovery snapshot only; assumes capital pre-positioned on both venues. Rebalancing, withdrawal, latency and deeper-book impact are not yet validated."",""sell_bid"":0.09031,""sell_venue"":""Gate"",""source"":""wide_cex_hunter"",""taker_fee_bps_per_leg"":10.0,""total_friction_bps"":30.0}"
2026-09-07T06:10:29+00:00,cex_cross_spot,DOGE:buy Gate / sell Bitget,DOGE,buy Gate / sell Bitget,Bitget<->Gate,1.107174,-28.892826,NO,175.48,"{""buy_ask"":0.09032,""buy_venue"":""Gate"",""extra_buffer_bps"":10.0,""note"":""Discovery snapshot only; assumes capital pre-positioned on both venues. Rebalancing, withdrawal, latency and deeper-book impact are not yet validated."",""sell_bid"":0.09033,""sell_venue"":""Bitget"",""source"":""wide_cex_hunter"",""taker_fee_bps_per_leg"":10.0,""total_friction_bps"":30.0}"
2026-09-07T06:10:29+00:00,cex_cross_spot,ADA:buy Bitget / sell Gate,ADA,buy Bitget / sell Gate,Bitget<->Gate,-2.718623,-32.718623,NO,22.06,"{""buy_ask"":0.2207,""buy_venue"":""Bitget"",""extra_buffer_bps"":10.0,""note"":""Discovery snapshot only; assumes capital pre-positioned on both venues. Rebalancing, withdrawal, latency and deeper-book impact are not yet validated."",""sell_bid"":0.22064,""sell_venue"":""Gate"",""source"":""wide_cex_hunter"",""taker_fee_bps_per_leg"":10.0,""total_friction_bps"":30.0}"
2026-09-07T06:10:29+00:00,cex_cross_spot,ADA:buy Gate / sell Bitget,ADA,buy Gate / sell Bitget,Bitget<->Gate,-2.266032,-32.266032,NO,131.51,"{""buy_ask"":0.22065,""buy_venue"":""Gate"",""extra_buffer_bps"":10.0,""note"":""Discovery snapshot only; assumes capital pre-positioned on both venues. Rebalancing, withdrawal, latency and deeper-book impact are not yet validated."",""sell_bid"":0.2206,""sell_venue"":""Bitget"",""source"":""wide_cex_hunter"",""taker_fee_bps_per_leg"":10.0,""total_friction_bps"":30.0}"
2026-09-07T06:10:29+00:00,cex_cross_spot,LINK:buy Bitget / sell Gate,LINK,buy Bitget / sell Gate,Bitget<->Gate,-2.205234,-32.205234,NO,173.96,"{""buy_ask"":13.604,""buy_venue"":""Bitget"",""extra_buffer_bps"":10.0,""note"":""Discovery snapshot only; assumes capital pre-positioned on both venues. Rebalancing, withdrawal, latency and deeper-book impact are not yet validated."",""sell_bid"":13.601,""sell_venue"":""Gate"",""source"":""wide_cex_hunter"",""taker_fee_bps_per_leg"":10.0,""total_friction_bps"":30.0}"
2026-09-07T06:10:29+00:00,cex_cross_spot,LINK:buy Gate / sell Bitget,LINK,buy Gate / sell Bitget,Bitget<->Gate,-3.674849,-33.674849,NO,72.32,"{""buy_ask"":13.606,""buy_venue"":""Gate"",""extra_buffer_bps"":10.0,""note"":""Discovery snapshot only; assumes capital pre-positioned on both venues. Rebalancing, withdrawal, latency and deeper-book impact are not yet validated."",""sell_bid"":13.601,""sell_venue"":""Bitget"",""source"":""wide_cex_hunter"",""taker_fee_bps_per_leg"":10.0,""total_friction_bps"":30.0}"
2026-09-07T06:10:29+00:00,cex_cross_spot,LTC:buy Bitget / sell Gate,LTC,buy Bitget / sell Gate,Bitget<->Gate,-5.466472,-35.466472,NO,50.80,"{""buy_ask"":54.88,""buy_venue"":""Bitget"",""extra_buffer_bps"":10.0,""note"":""Discovery snapshot only; assumes capital pre-positioned on both venues. Rebalancing, withdrawal, latency and deeper-book impact are not yet validated."",""sell_bid"":54.85,""sell_venue"":""Gate"",""source"":""wide_cex_hunter"",""taker_fee_bps_per_leg"":10.0,""total_friction_bps"":30.0}"
2026-09-07T06:10:29+00:00,cex_cross_spot,LTC:buy Gate / sell Bitget,LTC,buy Gate / sell Bitget,Bitget<->Gate,1.822822,-28.177178,NO,4.39,"{""buy_ask"":54.86,""buy_venue"":""Gate"",""extra_buffer_bps"":10.0,""note"":""Discovery snapshot only; assumes capital pre-positioned on both venues. Rebalancing, withdrawal, latency and deeper-book impact are not yet validated."",""sell_bid"":54.87,""sell_venue"":""Bitget"",""source"":""wide_cex_hunter"",""taker_fee_bps_per_leg"":10.0,""total_friction_bps"":30.0}"
2026-09-07T06:10:29+00:00,cex_cross_spot,BCH:buy Bitget / sell Gate,BCH,buy Bitget / sell Gate,Bitget<->Gate,-6.601942,-36.601942,NO,84.66,"{""buy_ask"":257.5,""buy_venue"":""Bitget"",""extra_buffer_bps"":10.0,""note"":""Discovery snapshot only; assumes capital pre-positioned on both venues. Rebalancing, withdrawal, latency and deeper-book impact are not yet validated."",""sell_bid"":257.33,""sell_venue"":""Gate"",""source"":""wide_cex_hunter"",""taker_fee_bps_per_leg"":10.0,""total_friction_bps"":30.0}"
2026-09-07T06:10:29+00:00,cex_cross_spot,BCH:buy Gate / sell Bitget,BCH,buy Gate / sell Bitget,Bitget<->Gate,-6.600148,-36.600148,NO,88.60,"{""buy_ask"":257.57,""buy_venue"":""Gate"",""extra_buffer_bps"":10.0,""note"":""Discovery snapshot only; assumes capital pre-positioned on both venues. Rebalancing, withdrawal, latency and deeper-book impact are not yet validated."",""sell_bid"":257.4,""sell_venue"":""Bitget"",""source"":""wide_cex_hunter"",""taker_fee_bps_per_leg"":10.0,""total_friction_bps"":30.0}"
2026-09-07T06:10:29+00:00,cex_cross_spot,AVAX:buy Bitget / sell Gate,AVAX,buy Bitget / sell Gate,Bitget<->Gate,0.000000,-30.000000,NO,1.05,"{""buy_ask"":7.901,""buy_venue"":""Bitget"",""extra_buffer_bps"":10.0,""note"":""Discovery snapshot only; assumes capital pre-positioned on both venues. Rebalancing, withdrawal, latency and deeper-book impact are not yet validated."",""sell_bid"":7.901,""sell_venue"":""Gate"",""source"":""wide_cex_hunter"",""taker_fee_bps_per_leg"":10.0,""total_friction_bps"":30.0}"
2026-09-07T06:10:29+00:00,cex_cross_spot,AVAX:buy Gate / sell Bitget,AVAX,buy Gate / sell Bitget,Bitget<->Gate,-3.796027,-33.796027,NO,271.08,"{""buy_ask"":7.903,""buy_venue"":""Gate"",""extra_buffer_bps"":10.0,""note"":""Discovery snapshot only; assumes capital pre-positioned on both venues. Rebalancing, withdrawal, latency and deeper-book impact are not yet validated."",""sell_bid"":7.9,""sell_venue"":""Bitget"",""source"":""wide_cex_hunter"",""taker_fee_bps_per_leg"":10.0,""total_friction_bps"":30.0}"
2026-09-07T06:10:29+00:00,cex_cross_spot,DOT:buy Bitget / sell Gate,DOT,buy Bitget / sell Gate,Bitget<->Gate,-9.211873,-39.211873,NO,111.96,"{""buy_ask"":0.977,""buy_venue"":""Bitget"",""extra_buffer_bps"":10.0,""note"":""Discovery snapshot only; assumes capital pre-positioned on both venues. Rebalancing, withdrawal, latency and deeper-book impact are not yet validated."",""sell_bid"":0.9761,""sell_venue"":""Gate"",""source"":""wide_cex_hunter"",""taker_fee_bps_per_leg"":10.0,""total_friction_bps"":30.0}"
2026-09-07T06:10:29+00:00,cex_cross_spot,DOT:buy Gate / sell Bitget,DOT,buy Gate / sell Bitget,Bitget<->Gate,-16.383371,-46.383371,NO,119.93,"{""buy_ask"":0.9766,""buy_venue"":""Gate"",""extra_buffer_bps"":10.0,""note"":""Discovery snapshot only; assumes capital pre-positioned on both venues. Rebalancing, withdrawal, latency and deeper-book impact are not yet validated."",""sell_bid"":0.975,""sell_venue"":""Bitget"",""source"":""wide_cex_hunter"",""taker_fee_bps_per_leg"":10.0,""total_friction_bps"":30.0}"
2026-09-07T06:10:29+00:00,cex_cross_spot,TRX:buy Bitget / sell Gate,TRX,buy Bitget / sell Gate,Bitget<->Gate,-2.075488,-32.075488,NO,856.92,"{""buy_ask"":0.33727,""buy_venue"":""Bitget"",""extra_buffer_bps"":10.0,""note"":""Discovery snapshot only; assumes capital pre-positioned on both venues. Rebalancing, withdrawal, latency and deeper-book impact are not yet validated."",""sell_bid"":0.3372,""sell_venue"":""Gate"",""source"":""wide_cex_hunter"",""taker_fee_bps_per_leg"":10.0,""total_friction_bps"":30.0}"
2026-09-07T06:10:29+00:00,cex_cross_spot,TRX:buy Gate / sell Bitget,TRX,buy Gate / sell Bitget,Bitget<->Gate,-1.185888,-31.185888,NO,1260.74,"{""buy_ask"":0.3373,""buy_venue"":""Gate"",""extra_buffer_bps"":10.0,""note"":""Discovery snapshot only; assumes capital pre-positioned on both venues. Rebalancing, withdrawal, latency and deeper-book impact are not yet validated."",""sell_bid"":0.33726,""sell_venue"":""Bitget"",""source"":""wide_cex_hunter"",""taker_fee_bps_per_leg"":10.0,""total_friction_bps"":30.0}"
2026-09-07T06:10:29+00:00,cex_cross_spot,SUI:buy Bitget / sell Gate,SUI,buy Bitget / sell Gate,Bitget<->Gate,1.252505,-28.747495,NO,36.80,"{""buy_ask"":0.7984,""buy_venue"":""Bitget"",""extra_buffer_bps"":10.0,""note"":""Discovery snapshot only; assumes capital pre-positioned on both venues. Rebalancing, withdrawal, latency and deeper-book impact are not yet validated."",""sell_bid"":0.7985,""sell_venue"":""Gate"",""source"":""wide_cex_hunter"",""taker_fee_bps_per_leg"":10.0,""total_friction_bps"":30.0}"
2026-09-07T06:10:29+00:00,cex_cross_spot,SUI:buy Gate / sell Bitget,SUI,buy Gate / sell Bitget,Bitget<->Gate,-3.756574,-33.756574,NO,583.85,"{""buy_ask"":0.7986,""buy_venue"":""Gate"",""extra_buffer_bps"":10.0,""note"":""Discovery snapshot only; assumes capital pre-positioned on both venues. Rebalancing, withdrawal, latency and deeper-book impact are not yet validated."",""sell_bid"":0.7983,""sell_venue"":""Bitget"",""source"":""wide_cex_hunter"",""taker_fee_bps_per_leg"":10.0,""total_friction_bps"":30.0}"
2026-09-07T06:10:29+00:00,cex_cross_spot,APT:buy Bitget / sell Gate,APT,buy Bitget / sell Gate,Bitget<->Gate,-4.842615,-34.842615,NO,71.81,"{""buy_ask"":0.6195,""buy_venue"":""Bitget"",""extra_buffer_bps"":10.0,""note"":""Discovery snapshot only; assumes capital pre-positioned on both venues. Rebalancing, withdrawal, latency and deeper-book impact are not yet validated."",""sell_bid"":0.6192,""sell_venue"":""Gate"",""source"":""wide_cex_hunter"",""taker_fee_bps_per_leg"":10.0,""total_friction_bps"":30.0}"
2026-09-07T06:10:29+00:00,cex_cross_spot,APT:buy Gate / sell Bitget,APT,buy Gate / sell Bitget,Bitget<->Gate,-1.614205,-31.614205,NO,48.88,"{""buy_ask"":0.6195,""buy_venue"":""Gate"",""extra_buffer_bps"":10.0,""note"":""Discovery snapshot only; assumes capital pre-positioned on both venues. Rebalancing, withdrawal, latency and deeper-book impact are not yet validated."",""sell_bid"":0.6194,""sell_venue"":""Bitget"",""source"":""wide_cex_hunter"",""taker_fee_bps_per_leg"":10.0,""total_friction_bps"":30.0}"
2026-09-07T06:10:29+00:00,cex_cross_spot,NEAR:buy Bitget / sell Gate,NEAR,buy Bitget / sell Gate,Bitget<->Gate,-4.170142,-34.170142,NO,538.29,"{""buy_ask"":2.398,""buy_venue"":""Bitget"",""extra_buffer_bps"":10.0,""note"":""Discovery snapshot only; assumes capital pre-positioned on both venues. Rebalancing, withdrawal, latency and deeper-book impact are not yet validated."",""sell_bid"":2.397,""sell_venue"":""Gate"",""source"":""wide_cex_hunter"",""taker_fee_bps_per_leg"":10.0,""total_friction_bps"":30.0}"
2026-09-07T06:10:29+00:00,cex_cross_spot,NEAR:buy Gate / sell Bitget,NEAR,buy Gate / sell Bitget,Bitget<->Gate,-4.170142,-34.170142,NO,132.67,"{""buy_ask"":2.398,""buy_venue"":""Gate"",""extra_buffer_bps"":10.0,""note"":""Discovery snapshot only; assumes capital pre-positioned on both venues. Rebalancing, withdrawal, latency and deeper-book impact are not yet validated."",""sell_bid"":2.397,""sell_venue"":""Bitget"",""source"":""wide_cex_hunter"",""taker_fee_bps_per_leg"":10.0,""total_friction_bps"":30.0}"
2026-09-07T10:17:33+00:00,cex_cross_spot,BTC:buy Bitget / sell Gate,BTC,buy Bitget / sell Gate,Bitget<->Gate,-0.307285,-30.307285,NO,18960.75,"{""buy_ask"":79405.24,""buy_venue"":""Bitget"",""extra_buffer_bps"":10.0,""note"":""Discovery snapshot only; assumes capital pre-positioned on both venues. Rebalancing, withdrawal, latency and deeper-book impact are not yet validated."",""sell_bid"":79402.8,""sell_venue"":""Gate"",""source"":""wide_cex_hunter"",""taker_fee_bps_per_leg"":10.0,""total_friction_bps"":30.0}"
2026-09-07T10:17:33+00:00,cex_cross_spot,BTC:buy Gate / sell Bitget,BTC,buy Gate / sell Bitget,Bitget<->Gate,0.293440,-29.706560,NO,19468.80,"{""buy_ask"":79402.9,""buy_venue"":""Gate"",""extra_buffer_bps"":10.0,""note"":""Discovery snapshot only; assumes capital pre-positioned on both venues. Rebalancing, withdrawal, latency and deeper-book impact are not yet validated."",""sell_bid"":79405.23,""sell_venue"":""Bitget"",""source"":""wide_cex_hunter"",""taker_fee_bps_per_leg"":10.0,""total_friction_bps"":30.0}"
2026-09-07T10:17:33+00:00,cex_cross_spot,ETH:buy Bitget / sell Gate,ETH,buy Bitget / sell Gate,Bitget<->Gate,-1.446440,-31.446440,NO,3879.34,"{""buy_ask"":2488.87,""buy_venue"":""Bitget"",""extra_buffer_bps"":10.0,""note"":""Discovery snapshot only; assumes capital pre-positioned on both venues. Rebalancing, withdrawal, latency and deeper-book impact are not yet validated."",""sell_bid"":2488.51,""sell_venue"":""Gate"",""source"":""wide_cex_hunter"",""taker_fee_bps_per_leg"":10.0,""total_friction_bps"":30.0}"
2026-09-07T10:17:33+00:00,cex_cross_spot,ETH:buy Gate / sell Bitget,ETH,buy Gate / sell Bitget,Bitget<->Gate,1.366274,-28.633726,NO,766.46,"{""buy_ask"":2488.52,""buy_venue"":""Gate"",""extra_buffer_bps"":10.0,""note"":""Discovery snapshot only; assumes capital pre-positioned on both venues. Rebalancing, withdrawal, latency and deeper-book impact are not yet validated."",""sell_bid"":2488.86,""sell_venue"":""Bitget"",""source"":""wide_cex_hunter"",""taker_fee_bps_per_leg"":10.0,""total_friction_bps"":30.0}"
2026-09-07T10:17:33+00:00,cex_cross_spot,SOL:buy Bitget / sell Gate,SOL,buy Bitget / sell Gate,Bitget<->Gate,-0.952925,-30.952925,NO,623.44,"{""buy_ask"":104.94,""buy_venue"":""Bitget"",""extra_buffer_bps"":10.0,""note"":""Discovery snapshot only; assumes capital pre-positioned on both venues. Rebalancing, withdrawal, latency and deeper-book impact are not yet validated."",""sell_bid"":104.93,""sell_venue"":""Gate"",""source"":""wide_cex_hunter"",""taker_fee_bps_per_leg"":10.0,""total_friction_bps"":30.0}"
2026-09-07T10:17:33+00:00,cex_cross_spot,SOL:buy Gate / sell Bitget,SOL,buy Gate / sell Bitget,Bitget<->Gate,-0.952925,-30.952925,NO,573.60,"{""buy_ask"":104.94,""buy_venue"":""Gate"",""extra_buffer_bps"":10.0,""note"":""Discovery snapshot only; assumes capital pre-positioned on both venues. Rebalancing, withdrawal, latency and deeper-book impact are not yet validated."",""sell_bid"":104.93,""sell_venue"":""Bitget"",""source"":""wide_cex_hunter"",""taker_fee_bps_per_leg"":10.0,""total_friction_bps"":30.0}"
2026-09-07T10:17:33+00:00,cex_cross_spot,XRP:buy Bitget / sell Gate,XRP,buy Bitget / sell Gate,Bitget<->Gate,-0.714439,-30.714439,NO,138.84,"{""buy_ask"":1.3997,""buy_venue"":""Bitget"",""extra_buffer_bps"":10.0,""note"":""Discovery snapshot only; assumes capital pre-positioned on both venues. Rebalancing, withdrawal, latency and deeper-book impact are not yet validated."",""sell_bid"":1.3996,""sell_venue"":""Gate"",""source"":""wide_cex_hunter"",""taker_fee_bps_per_leg"":10.0,""total_friction_bps"":30.0}"
2026-09-07T10:17:33+00:00,cex_cross_spot,XRP:buy Gate / sell Bitget,XRP,buy Gate / sell Bitget,Bitget<->Gate,-0.714439,-30.714439,NO,279.94,"{""buy_ask"":1.3997,""buy_venue"":""Gate"",""extra_buffer_bps"":10.0,""note"":""Discovery snapshot only; assumes capital pre-positioned on both venues. Rebalancing, withdrawal, latency and deeper-book impact are not yet validated."",""sell_bid"":1.3996,""sell_venue"":""Bitget"",""source"":""wide_cex_hunter"",""taker_fee_bps_per_leg"":10.0,""total_friction_bps"":30.0}"
2026-09-07T10:17:33+00:00,cex_cross_spot,DOGE:buy Bitget / sell Gate,DOGE,buy Bitget / sell Gate,Bitget<->Gate,0.000000,-30.000000,NO,38.65,"{""buy_ask"":0.08952,""buy_venue"":""Bitget"",""extra_buffer_bps"":10.0,""note"":""Discovery snapshot only; assumes capital pre-positioned on both venues. Rebalancing, withdrawal, latency and deeper-book impact are not yet validated."",""sell_bid"":0.08952,""sell_venue"":""Gate"",""source"":""wide_cex_hunter"",""taker_fee_bps_per_leg"":10.0,""total_friction_bps"":30.0}"
2026-09-07T10:17:33+00:00,cex_cross_spot,DOGE:buy Gate / sell Bitget,DOGE,buy Gate / sell Bitget,Bitget<->Gate,-2.233888,-32.233888,NO,806.17,"{""buy_ask"":0.08953,""buy_venue"":""Gate"",""extra_buffer_bps"":10.0,""note"":""Discovery snapshot only; assumes capital pre-positioned on both venues. Rebalancing, withdrawal, latency and deeper-book impact are not yet validated."",""sell_bid"":0.08951,""sell_venue"":""Bitget"",""source"":""wide_cex_hunter"",""taker_fee_bps_per_leg"":10.0,""total_friction_bps"":30.0}"
2026-09-07T10:17:33+00:00,cex_cross_spot,ADA:buy Bitget / sell Gate,ADA,buy Bitget / sell Gate,Bitget<->Gate,-4.115226,-34.115226,NO,244.84,"{""buy_ask"":0.2187,""buy_venue"":""Bitget"",""extra_buffer_bps"":10.0,""note"":""Discovery snapshot only; assumes capital pre-positioned on both venues. Rebalancing, withdrawal, latency and deeper-book impact are not yet validated."",""sell_bid"":0.21861,""sell_venue"":""Gate"",""source"":""wide_cex_hunter"",""taker_fee_bps_per_leg"":10.0,""total_friction_bps"":30.0}"
2026-09-07T10:17:33+00:00,cex_cross_spot,ADA:buy Gate / sell Bitget,ADA,buy Gate / sell Bitget,Bitget<->Gate,-1.829491,-31.829491,NO,49.41,"{""buy_ask"":0.21864,""buy_venue"":""Gate"",""extra_buffer_bps"":10.0,""note"":""Discovery snapshot only; assumes capital pre-positioned on both venues. Rebalancing, withdrawal, latency and deeper-book impact are not yet validated."",""sell_bid"":0.2186,""sell_venue"":""Bitget"",""source"":""wide_cex_hunter"",""taker_fee_bps_per_leg"":10.0,""total_friction_bps"":30.0}"
2026-09-07T10:17:33+00:00,cex_cross_spot,LINK:buy Bitget / sell Gate,LINK,buy Bitget / sell Gate,Bitget<->Gate,-1.505344,-31.505344,NO,140.01,"{""buy_ask"":13.286,""buy_venue"":""Bitget"",""extra_buffer_bps"":10.0,""note"":""Discovery snapshot only; assumes capital pre-positioned on both venues. Rebalancing, withdrawal, latency and deeper-book impact are not yet validated."",""sell_bid"":13.284,""sell_venue"":""Gate"",""source"":""wide_cex_hunter"",""taker_fee_bps_per_leg"":10.0,""total_friction_bps"":30.0}"
2026-09-07T10:17:33+00:00,cex_cross_spot,LINK:buy Gate / sell Bitget,LINK,buy Gate / sell Bitget,Bitget<->Gate,-1.505344,-31.505344,NO,153.55,"{""buy_ask"":13.286,""buy_venue"":""Gate"",""extra_buffer_bps"":10.0,""note"":""Discovery snapshot only; assumes capital pre-positioned on both venues. Rebalancing, withdrawal, latency and deeper-book impact are not yet validated."",""sell_bid"":13.284,""sell_venue"":""Bitget"",""source"":""wide_cex_hunter"",""taker_fee_bps_per_leg"":10.0,""total_friction_bps"":30.0}"
2026-09-07T10:17:33+00:00,cex_cross_spot,LTC:buy Bitget / sell Gate,LTC,buy Bitget / sell Gate,Bitget<->Gate,-10.668563,-40.668563,NO,100.14,"{""buy_ask"":56.24,""buy_venue"":""Bitget"",""extra_buffer_bps"":10.0,""note"":""Discovery snapshot only; assumes capital pre-positioned on both venues. Rebalancing, withdrawal, latency and deeper-book impact are not yet validated."",""sell_bid"":56.18,""sell_venue"":""Gate"",""source"":""wide_cex_hunter"",""taker_fee_bps_per_leg"":10.0,""total_friction_bps"":30.0}"
2026-09-07T10:17:33+00:00,cex_cross_spot,LTC:buy Gate / sell Bitget,LTC,buy Gate / sell Bitget,Bitget<->Gate,3.558719,-26.441281,NO,540.42,"{""buy_ask"":56.2,""buy_venue"":""Gate"",""extra_buffer_bps"":10.0,""note"":""Discovery snapshot only; assumes capital pre-positioned on both venues. Rebalancing, withdrawal, latency and deeper-book impact are not yet validated."",""sell_bid"":56.22,""sell_venue"":""Bitget"",""source"":""wide_cex_hunter"",""taker_fee_bps_per_leg"":10.0,""total_friction_bps"":30.0}"
2026-09-07T10:17:33+00:00,cex_cross_spot,BCH:buy Bitget / sell Gate,BCH,buy Bitget / sell Gate,Bitget<->Gate,-8.196721,-38.196721,NO,491.76,"{""buy_ask"":256.2,""buy_venue"":""Bitget"",""extra_buffer_bps"":10.0,""note"":""Discovery snapshot only; assumes capital pre-positioned on both venues. Rebalancing, withdrawal, latency and deeper-book impact are not yet validated."",""sell_bid"":255.99,""sell_venue"":""Gate"",""source"":""wide_cex_hunter"",""taker_fee_bps_per_leg"":10.0,""total_friction_bps"":30.0}"
2026-09-07T10:17:33+00:00,cex_cross_spot,BCH:buy Gate / sell Bitget,BCH,buy Gate / sell Bitget,Bitget<->Gate,-7.416371,-37.416371,NO,194.45,"{""buy_ask"":256.19,""buy_venue"":""Gate"",""extra_buffer_bps"":10.0,""note"":""Discovery snapshot only; assumes capital pre-positioned on both venues. Rebalancing, withdrawal, latency and deeper-book impact are not yet validated."",""sell_bid"":256.0,""sell_venue"":""Bitget"",""source"":""wide_cex_hunter"",""taker_fee_bps_per_leg"":10.0,""total_friction_bps"":30.0}"
2026-09-07T10:17:33+00:00,cex_cross_spot,AVAX:buy Bitget / sell Gate,AVAX,buy Bitget / sell Gate,Bitget<->Gate,-1.267267,-31.267267,NO,147.78,"{""buy_ask"":7.891,""buy_venue"":""Bitget"",""extra_buffer_bps"":10.0,""note"":""Discovery snapshot only; assumes capital pre-positioned on both venues. Rebalancing, withdrawal, latency and deeper-book impact are not yet validated."",""sell_bid"":7.89,""sell_venue"":""Gate"",""source"":""wide_cex_hunter"",""taker_fee_bps_per_leg"":10.0,""total_friction_bps"":30.0}"
2026-09-07T10:17:33+00:00,cex_cross_spot,AVAX:buy Gate / sell Bitget,AVAX,buy Gate / sell Bitget,Bitget<->Gate,-2.534212,-32.534212,NO,248.35,"{""buy_ask"":7.892,""buy_venue"":""Gate"",""extra_buffer_bps"":10.0,""note"":""Discovery snapshot only; assumes capital pre-positioned on both venues. Rebalancing, withdrawal, latency and deeper-book impact are not yet validated."",""sell_bid"":7.89,""sell_venue"":""Bitget"",""source"":""wide_cex_hunter"",""taker_fee_bps_per_leg"":10.0,""total_friction_bps"":30.0}"
2026-09-07T10:17:33+00:00,cex_cross_spot,DOT:buy Bitget / sell Gate,DOT,buy Bitget / sell Gate,Bitget<->Gate,2.044990,-27.955010,NO,4.40,"{""buy_ask"":0.978,""buy_venue"":""Bitget"",""extra_buffer_bps"":10.0,""note"":""Discovery snapshot only; assumes capital pre-positioned on both venues. Rebalancing, withdrawal, latency and deeper-book impact are not yet validated."",""sell_bid"":0.9782,""sell_venue"":""Gate"",""source"":""wide_cex_hunter"",""taker_fee_bps_per_leg"":10.0,""total_friction_bps"":30.0}"
2026-09-07T10:17:33+00:00,cex_cross_spot,DOT:buy Gate / sell Bitget,DOT,buy Gate / sell Bitget,Bitget<->Gate,-15.329586,-45.329586,NO,114.29,"{""buy_ask"":0.9785,""buy_venue"":""Gate"",""extra_buffer_bps"":10.0,""note"":""Discovery snapshot only; assumes capital pre-positioned on both venues. Rebalancing, withdrawal, latency and deeper-book impact are not yet validated."",""sell_bid"":0.977,""sell_venue"":""Bitget"",""source"":""wide_cex_hunter"",""taker_fee_bps_per_leg"":10.0,""total_friction_bps"":30.0}"
2026-09-07T10:17:33+00:00,cex_cross_spot,TRX:buy Bitget / sell Gate,TRX,buy Bitget / sell Gate,Bitget<->Gate,-2.374733,-32.374733,NO,1866.12,"{""buy_ask"":0.33688,""buy_venue"":""Bitget"",""extra_buffer_bps"":10.0,""note"":""Discovery snapshot only; assumes capital pre-positioned on both venues. Rebalancing, withdrawal, latency and deeper-book impact are not yet validated."",""sell_bid"":0.3368,""sell_venue"":""Gate"",""source"":""wide_cex_hunter"",""taker_fee_bps_per_leg"":10.0,""total_friction_bps"":30.0}"
2026-09-07T10:17:33+00:00,cex_cross_spot,TRX:buy Gate / sell Bitget,TRX,buy Gate / sell Bitget,Bitget<->Gate,-0.890472,-30.890472,NO,1152.57,"{""buy_ask"":0.3369,""buy_venue"":""Gate"",""extra_buffer_bps"":10.0,""note"":""Discovery snapshot only; assumes capital pre-positioned on both venues. Rebalancing, withdrawal, latency and deeper-book impact are not yet validated."",""sell_bid"":0.33687,""sell_venue"":""Bitget"",""source"":""wide_cex_hunter"",""taker_fee_bps_per_leg"":10.0,""total_friction_bps"":30.0}"
2026-09-07T10:17:33+00:00,cex_cross_spot,SUI:buy Bitget / sell Gate,SUI,buy Bitget / sell Gate,Bitget<->Gate,-3.701419,-33.701419,NO,53.82,"{""buy_ask"":0.8105,""buy_venue"":""Bitget"",""extra_buffer_bps"":10.0,""note"":""Discovery snapshot only; assumes capital pre-positioned on both venues. Rebalancing, withdrawal, latency and deeper-book impact are not yet validated."",""sell_bid"":0.8102,""sell_venue"":""Gate"",""source"":""wide_cex_hunter"",""taker_fee_bps_per_leg"":10.0,""total_friction_bps"":30.0}"
2026-09-07T10:17:33+00:00,cex_cross_spot,SUI:buy Gate / sell Bitget,SUI,buy Gate / sell Bitget,Bitget<->Gate,0.000000,-30.000000,NO,139.90,"{""buy_ask"":0.8103,""buy_venue"":""Gate"",""extra_buffer_bps"":10.0,""note"":""Discovery snapshot only; assumes capital pre-positioned on both venues. Rebalancing, withdrawal, latency and deeper-book impact are not yet validated."",""sell_bid"":0.8103,""sell_venue"":""Bitget"",""source"":""wide_cex_hunter"",""taker_fee_bps_per_leg"":10.0,""total_friction_bps"":30.0}"
2026-09-07T10:17:33+00:00,cex_cross_spot,APT:buy Bitget / sell Gate,APT,buy Bitget / sell Gate,Bitget<->Gate,-4.755112,-34.755112,NO,71.86,"{""buy_ask"":0.6309,""buy_venue"":""Bitget"",""extra_buffer_bps"":10.0,""note"":""Discovery snapshot only; assumes capital pre-positioned on both venues. Rebalancing, withdrawal, latency and deeper-book impact are not yet validated."",""sell_bid"":0.6306,""sell_venue"":""Gate"",""source"":""wide_cex_hunter"",""taker_fee_bps_per_leg"":10.0,""total_friction_bps"":30.0}"
2026-09-07T10:17:33+00:00,cex_cross_spot,APT:buy Gate / sell Bitget,APT,buy Gate / sell Bitget,Bitget<->Gate,-3.169572,-33.169572,NO,50.48,"{""buy_ask"":0.631,""buy_venue"":""Gate"",""extra_buffer_bps"":10.0,""note"":""Discovery snapshot only; assumes capital pre-positioned on both venues. Rebalancing, withdrawal, latency and deeper-book impact are not yet validated."",""sell_bid"":0.6308,""sell_venue"":""Bitget"",""source"":""wide_cex_hunter"",""taker_fee_bps_per_leg"":10.0,""total_friction_bps"":30.0}"
2026-09-07T10:17:33+00:00,cex_cross_spot,NEAR:buy Bitget / sell Gate,NEAR,buy Bitget / sell Gate,Bitget<->Gate,-8.510638,-38.510638,NO,151.87,"{""buy_ask"":2.35,""buy_venue"":""Bitget"",""extra_buffer_bps"":10.0,""note"":""Discovery snapshot only; assumes capital pre-positioned on both venues. Rebalancing, withdrawal, latency and deeper-book impact are not yet validated."",""sell_bid"":2.348,""sell_venue"":""Gate"",""source"":""wide_cex_hunter"",""taker_fee_bps_per_leg"":10.0,""total_friction_bps"":30.0}"
2026-09-07T10:17:33+00:00,cex_cross_spot,NEAR:buy Gate / sell Bitget,NEAR,buy Gate / sell Bitget,Bitget<->Gate,-4.257131,-34.257131,NO,304.08,"{""buy_ask"":2.349,""buy_venue"":""Gate"",""extra_buffer_bps"":10.0,""note"":""Discovery snapshot only; assumes capital pre-positioned on both venues. Rebalancing, withdrawal, latency and deeper-book impact are not yet validated."",""sell_bid"":2.348,""sell_venue"":""Bitget"",""source"":""wide_cex_hunter"",""taker_fee_bps_per_leg"":10.0,""total_friction_bps"":30.0}"
2026-09-07T13:58:30+00:00,cex_cross_spot,BTC:buy Bitget / sell Gate,BTC,buy Bitget / sell Gate,Bitget<->Gate,0.093227,-29.906773,NO,11109.30,"{""buy_ask"":79375.76,""buy_venue"":""Bitget"",""extra_buffer_bps"":10.0,""note"":""Discovery snapshot only; assumes capital pre-positioned on both venues. Rebalancing, withdrawal, latency and deeper-book impact are not yet validated."",""sell_bid"":79376.5,""sell_venue"":""Gate"",""source"":""wide_cex_hunter"",""taker_fee_bps_per_leg"":10.0,""total_friction_bps"":30.0}"
2026-09-07T13:58:30+00:00,cex_cross_spot,BTC:buy Gate / sell Bitget,BTC,buy Gate / sell Bitget,Bitget<->Gate,-0.107084,-30.107084,NO,12616.75,"{""buy_ask"":79376.6,""buy_venue"":""Gate"",""extra_buffer_bps"":10.0,""note"":""Discovery snapshot only; assumes capital pre-positioned on both venues. Rebalancing, withdrawal, latency and deeper-book impact are not yet validated."",""sell_bid"":79375.75,""sell_venue"":""Bitget"",""source"":""wide_cex_hunter"",""taker_fee_bps_per_leg"":10.0,""total_friction_bps"":30.0}"
2026-09-07T13:58:30+00:00,cex_cross_spot,ETH:buy Bitget / sell Gate,ETH,buy Bitget / sell Gate,Bitget<->Gate,-0.800285,-30.800285,NO,11453.75,"{""buy_ask"":2499.11,""buy_venue"":""Bitget"",""extra_buffer_bps"":10.0,""note"":""Discovery snapshot only; assumes capital pre-positioned on both venues. Rebalancing, withdrawal, latency and deeper-book impact are not yet validated."",""sell_bid"":2498.91,""sell_venue"":""Gate"",""source"":""wide_cex_hunter"",""taker_fee_bps_per_leg"":10.0,""total_friction_bps"":30.0}"
2026-09-07T13:58:30+00:00,cex_cross_spot,ETH:buy Gate / sell Bitget,ETH,buy Gate / sell Bitget,Bitget<->Gate,0.720311,-29.279689,NO,23.24,"{""buy_ask"":2498.92,""buy_venue"":""Gate"",""extra_buffer_bps"":10.0,""note"":""Discovery snapshot only; assumes capital pre-positioned on both venues. Rebalancing, withdrawal, latency and deeper-book impact are not yet validated."",""sell_bid"":2499.1,""sell_venue"":""Bitget"",""source"":""wide_cex_hunter"",""taker_fee_bps_per_leg"":10.0,""total_friction_bps"":30.0}"
2026-09-07T13:58:30+00:00,cex_cross_spot,SOL:buy Bitget / sell Gate,SOL,buy Bitget / sell Gate,Bitget<->Gate,-1.903493,-31.903493,NO,2200.38,"{""buy_ask"":105.07,""buy_venue"":""Bitget"",""extra_buffer_bps"":10.0,""note"":""Discovery snapshot only; assumes capital pre-positioned on both venues. Rebalancing, withdrawal, latency and deeper-book impact are not yet validated."",""sell_bid"":105.05,""sell_venue"":""Gate"",""source"":""wide_cex_hunter"",""taker_fee_bps_per_leg"":10.0,""total_friction_bps"":30.0}"
2026-09-07T13:58:30+00:00,cex_cross_spot,SOL:buy Gate / sell Bitget,SOL,buy Gate / sell Bitget,Bitget<->Gate,0.000000,-30.000000,NO,179.36,"{""buy_ask"":105.06,""buy_venue"":""Gate"",""extra_buffer_bps"":10.0,""note"":""Discovery snapshot only; assumes capital pre-positioned on both venues. Rebalancing, withdrawal, latency and deeper-book impact are not yet validated."",""sell_bid"":105.06,""sell_venue"":""Bitget"",""source"":""wide_cex_hunter"",""taker_fee_bps_per_leg"":10.0,""total_friction_bps"":30.0}"
2026-09-07T13:58:30+00:00,cex_cross_spot,XRP:buy Bitget / sell Gate,XRP,buy Bitget / sell Gate,Bitget<->Gate,-0.712911,-30.712911,NO,236.62,"{""buy_ask"":1.4027,""buy_venue"":""Bitget"",""extra_buffer_bps"":10.0,""note"":""Discovery snapshot only; assumes capital pre-positioned on both venues. Rebalancing, withdrawal, latency and deeper-book impact are not yet validated."",""sell_bid"":1.4026,""sell_venue"":""Gate"",""source"":""wide_cex_hunter"",""taker_fee_bps_per_leg"":10.0,""total_friction_bps"":30.0}"
2026-09-07T13:58:30+00:00,cex_cross_spot,XRP:buy Gate / sell Bitget,XRP,buy Gate / sell Bitget,Bitget<->Gate,-2.138428,-32.138428,NO,3.07,"{""buy_ask"":1.4029,""buy_venue"":""Gate"",""extra_buffer_bps"":10.0,""note"":""Discovery snapshot only; assumes capital pre-positioned on both venues. Rebalancing, withdrawal, latency and deeper-book impact are not yet validated."",""sell_bid"":1.4026,""sell_venue"":""Bitget"",""source"":""wide_cex_hunter"",""taker_fee_bps_per_leg"":10.0,""total_friction_bps"":30.0}"
2026-09-07T13:58:30+00:00,cex_cross_spot,DOGE:buy Bitget / sell Gate,DOGE,buy Bitget / sell Gate,Bitget<->Gate,0.000000,-30.000000,NO,39.25,"{""buy_ask"":0.09089,""buy_venue"":""Bitget"",""extra_buffer_bps"":10.0,""note"":""Discovery snapshot only; assumes capital pre-positioned on both venues. Rebalancing, withdrawal, latency and deeper-book impact are not yet validated."",""sell_bid"":0.09089,""sell_venue"":""Gate"",""source"":""wide_cex_hunter"",""taker_fee_bps_per_leg"":10.0,""total_friction_bps"":30.0}"
2026-09-07T13:58:30+00:00,cex_cross_spot,DOGE:buy Gate / sell Bitget,DOGE,buy Gate / sell Bitget,Bitget<->Gate,-2.200220,-32.200220,NO,243.78,"{""buy_ask"":0.0909,""buy_venue"":""Gate"",""extra_buffer_bps"":10.0,""note"":""Discovery snapshot only; assumes capital pre-positioned on both venues. Rebalancing, withdrawal, latency and deeper-book impact are not yet validated."",""sell_bid"":0.09088,""sell_venue"":""Bitget"",""source"":""wide_cex_hunter"",""taker_fee_bps_per_leg"":10.0,""total_friction_bps"":30.0}"
2026-09-07T13:58:30+00:00,cex_cross_spot,ADA:buy Bitget / sell Gate,ADA,buy Bitget / sell Gate,Bitget<->Gate,-3.592277,-33.592277,NO,106.41,"{""buy_ask"":0.2227,""buy_venue"":""Bitget"",""extra_buffer_bps"":10.0,""note"":""Discovery snapshot only; assumes capital pre-positioned on both venues. Rebalancing, withdrawal, latency and deeper-book impact are not yet validated."",""sell_bid"":0.22262,""sell_venue"":""Gate"",""source"":""wide_cex_hunter"",""taker_fee_bps_per_leg"":10.0,""total_friction_bps"":30.0}"
2026-09-07T13:58:30+00:00,cex_cross_spot,ADA:buy Gate / sell Bitget,ADA,buy Gate / sell Bitget,Bitget<->Gate,-3.143666,-33.143666,NO,178.14,"{""buy_ask"":0.22267,""buy_venue"":""Gate"",""extra_buffer_bps"":10.0,""note"":""Discovery snapshot only; assumes capital pre-positioned on both venues. Rebalancing, withdrawal, latency and deeper-book impact are not yet validated."",""sell_bid"":0.2226,""sell_venue"":""Bitget"",""source"":""wide_cex_hunter"",""taker_fee_bps_per_leg"":10.0,""total_friction_bps"":30.0}"
2026-09-07T13:58:30+00:00,cex_cross_spot,LINK:buy Bitget / sell Gate,LINK,buy Bitget / sell Gate,Bitget<->Gate,-1.520681,-31.520681,NO,72.29,"{""buy_ask"":13.152,""buy_venue"":""Bitget"",""extra_buffer_bps"":10.0,""note"":""Discovery snapshot only; assumes capital pre-positioned on both venues. Rebalancing, withdrawal, latency and deeper-book impact are not yet validated."",""sell_bid"":13.15,""sell_venue"":""Gate"",""source"":""wide_cex_hunter"",""taker_fee_bps_per_leg"":10.0,""total_friction_bps"":30.0}"
2026-09-07T13:58:30+00:00,cex_cross_spot,LINK:buy Gate / sell Bitget,LINK,buy Gate / sell Bitget,Bitget<->Gate,-1.520566,-31.520566,NO,284.89,"{""buy_ask"":13.153,""buy_venue"":""Gate"",""extra_buffer_bps"":10.0,""note"":""Discovery snapshot only; assumes capital pre-positioned on both venues. Rebalancing, withdrawal, latency and deeper-book impact are not yet validated."",""sell_bid"":13.151,""sell_venue"":""Bitget"",""source"":""wide_cex_hunter"",""taker_fee_bps_per_leg"":10.0,""total_friction_bps"":30.0}"
2026-09-07T13:58:30+00:00,cex_cross_spot,LTC:buy Bitget / sell Gate,LTC,buy Bitget / sell Gate,Bitget<->Gate,-6.952894,-36.952894,NO,307.86,"{""buy_ask"":57.53,""buy_venue"":""Bitget"",""extra_buffer_bps"":10.0,""note"":""Discovery snapshot only; assumes capital pre-positioned on both venues. Rebalancing, withdrawal, latency and deeper-book impact are not yet validated."",""sell_bid"":57.49,""sell_venue"":""Gate"",""source"":""wide_cex_hunter"",""taker_fee_bps_per_leg"":10.0,""total_friction_bps"":30.0}"
2026-09-07T13:58:30+00:00,cex_cross_spot,LTC:buy Gate / sell Bitget,LTC,buy Gate / sell Bitget,Bitget<->Gate,-1.738828,-31.738828,NO,129.40,"{""buy_ask"":57.51,""buy_venue"":""Gate"",""extra_buffer_bps"":10.0,""note"":""Discovery snapshot only; assumes capital pre-positioned on both venues. Rebalancing, withdrawal, latency and deeper-book impact are not yet validated."",""sell_bid"":57.5,""sell_venue"":""Bitget"",""source"":""wide_cex_hunter"",""taker_fee_bps_per_leg"":10.0,""total_friction_bps"":30.0}"
2026-09-07T13:58:30+00:00,cex_cross_spot,BCH:buy Bitget / sell Gate,BCH,buy Bitget / sell Gate,Bitget<->Gate,-4.988488,-34.988488,NO,94.81,"{""buy_ask"":260.6,""buy_venue"":""Bitget"",""extra_buffer_bps"":10.0,""note"":""Discovery snapshot only; assumes capital pre-positioned on both venues. Rebalancing, withdrawal, latency and deeper-book impact are not yet validated."",""sell_bid"":260.47,""sell_venue"":""Gate"",""source"":""wide_cex_hunter"",""taker_fee_bps_per_leg"":10.0,""total_friction_bps"":30.0}"
2026-09-07T13:58:30+00:00,cex_cross_spot,BCH:buy Gate / sell Bitget,BCH,buy Gate / sell Bitget,Bitget<->Gate,-6.524159,-36.524159,NO,220.96,"{""buy_ask"":260.57,""buy_venue"":""Gate"",""extra_buffer_bps"":10.0,""note"":""Discovery snapshot only; assumes capital pre-positioned on both venues. Rebalancing, withdrawal, latency and deeper-book impact are not yet validated."",""sell_bid"":260.4,""sell_venue"":""Bitget"",""source"":""wide_cex_hunter"",""taker_fee_bps_per_leg"":10.0,""total_friction_bps"":30.0}"
2026-09-07T13:58:30+00:00,cex_cross_spot,AVAX:buy Bitget / sell Gate,AVAX,buy Bitget / sell Gate,Bitget<->Gate,1.237471,-28.762529,NO,125.01,"{""buy_ask"":8.081,""buy_venue"":""Bitget"",""extra_buffer_bps"":10.0,""note"":""Discovery snapshot only; assumes capital pre-positioned on both venues. Rebalancing, withdrawal, latency and deeper-book impact are not yet validated."",""sell_bid"":8.082,""sell_venue"":""Gate"",""source"":""wide_cex_hunter"",""taker_fee_bps_per_leg"":10.0,""total_friction_bps"":30.0}"
2026-09-07T13:58:30+00:00,cex_cross_spot,AVAX:buy Gate / sell Bitget,AVAX,buy Gate / sell Bitget,Bitget<->Gate,-6.184292,-36.184292,NO,161.62,"{""buy_ask"":8.085,""buy_venue"":""Gate"",""extra_buffer_bps"":10.0,""note"":""Discovery snapshot only; assumes capital pre-positioned on both venues. Rebalancing, withdrawal, latency and deeper-book impact are not yet validated."",""sell_bid"":8.08,""sell_venue"":""Bitget"",""source"":""wide_cex_hunter"",""taker_fee_bps_per_leg"":10.0,""total_friction_bps"":30.0}"
2026-09-07T13:58:30+00:00,cex_cross_spot,DOT:buy Bitget / sell Gate,DOT,buy Bitget / sell Gate,Bitget<->Gate,-7.561437,-37.561437,NO,4.97,"{""buy_ask"":1.058,""buy_venue"":""Bitget"",""extra_buffer_bps"":10.0,""note"":""Discovery snapshot only; assumes capital pre-positioned on both venues. Rebalancing, withdrawal, latency and deeper-book impact are not yet validated."",""sell_bid"":1.0572,""sell_venue"":""Gate"",""source"":""wide_cex_hunter"",""taker_fee_bps_per_leg"":10.0,""total_friction_bps"":30.0}"
2026-09-07T13:58:30+00:00,cex_cross_spot,DOT:buy Gate / sell Bitget,DOT,buy Gate / sell Bitget,Bitget<->Gate,-7.562866,-37.562866,NO,4.97,"{""buy_ask"":1.0578,""buy_venue"":""Gate"",""extra_buffer_bps"":10.0,""note"":""Discovery snapshot only; assumes capital pre-positioned on both venues. Rebalancing, withdrawal, latency and deeper-book impact are not yet validated."",""sell_bid"":1.057,""sell_venue"":""Bitget"",""source"":""wide_cex_hunter"",""taker_fee_bps_per_leg"":10.0,""total_friction_bps"":30.0}"
2026-09-07T13:58:30+00:00,cex_cross_spot,TRX:buy Bitget / sell Gate,TRX,buy Bitget / sell Gate,Bitget<->Gate,-0.596267,-30.596267,NO,365.62,"{""buy_ask"":0.33542,""buy_venue"":""Bitget"",""extra_buffer_bps"":10.0,""note"":""Discovery snapshot only; assumes capital pre-positioned on both venues. Rebalancing, withdrawal, latency and deeper-book impact are not yet validated."",""sell_bid"":0.3354,""sell_venue"":""Gate"",""source"":""wide_cex_hunter"",""taker_fee_bps_per_leg"":10.0,""total_friction_bps"":30.0}"
2026-09-07T13:58:30+00:00,cex_cross_spot,TRX:buy Gate / sell Bitget,TRX,buy Gate / sell Bitget,Bitget<->Gate,-2.682563,-32.682563,NO,1472.19,"{""buy_ask"":0.3355,""buy_venue"":""Gate"",""extra_buffer_bps"":10.0,""note"":""Discovery snapshot only; assumes capital pre-positioned on both venues. Rebalancing, withdrawal, latency and deeper-book impact are not yet validated."",""sell_bid"":0.33541,""sell_venue"":""Bitget"",""source"":""wide_cex_hunter"",""taker_fee_bps_per_leg"":10.0,""total_friction_bps"":30.0}"
2026-09-07T13:58:30+00:00,cex_cross_spot,SUI:buy Bitget / sell Gate,SUI,buy Bitget / sell Gate,Bitget<->Gate,-6.006006,-36.006006,NO,105.30,"{""buy_ask"":0.8325,""buy_venue"":""Bitget"",""extra_buffer_bps"":10.0,""note"":""Discovery snapshot only; assumes capital pre-positioned on both venues. Rebalancing, withdrawal, latency and deeper-book impact are not yet validated."",""sell_bid"":0.832,""sell_venue"":""Gate"",""source"":""wide_cex_hunter"",""taker_fee_bps_per_leg"":10.0,""total_friction_bps"":30.0}"
2026-09-07T13:58:30+00:00,cex_cross_spot,SUI:buy Gate / sell Bitget,SUI,buy Gate / sell Bitget,Bitget<->Gate,1.201490,-28.798510,NO,180.18,"{""buy_ask"":0.8323,""buy_venue"":""Gate"",""extra_buffer_bps"":10.0,""note"":""Discovery snapshot only; assumes capital pre-positioned on both venues. Rebalancing, withdrawal, latency and deeper-book impact are not yet validated."",""sell_bid"":0.8324,""sell_venue"":""Bitget"",""source"":""wide_cex_hunter"",""taker_fee_bps_per_leg"":10.0,""total_friction_bps"":30.0}"
2026-09-07T13:58:30+00:00,cex_cross_spot,APT:buy Bitget / sell Gate,APT,buy Bitget / sell Gate,Bitget<->Gate,-7.779679,-37.779679,NO,66.79,"{""buy_ask"":0.6427,""buy_venue"":""Bitget"",""extra_buffer_bps"":10.0,""note"":""Discovery snapshot only; assumes capital pre-positioned on both venues. Rebalancing, withdrawal, latency and deeper-book impact are not yet validated."",""sell_bid"":0.6422,""sell_venue"":""Gate"",""source"":""wide_cex_hunter"",""taker_fee_bps_per_leg"":10.0,""total_friction_bps"":30.0}"
2026-09-07T13:58:30+00:00,cex_cross_spot,APT:buy Gate / sell Bitget,APT,buy Gate / sell Bitget,Bitget<->Gate,-3.112840,-33.112840,NO,8.10,"{""buy_ask"":0.6425,""buy_venue"":""Gate"",""extra_buffer_bps"":10.0,""note"":""Discovery snapshot only; assumes capital pre-positioned on both venues. Rebalancing, withdrawal, latency and deeper-book impact are not yet validated."",""sell_bid"":0.6423,""sell_venue"":""Bitget"",""source"":""wide_cex_hunter"",""taker_fee_bps_per_leg"":10.0,""total_friction_bps"":30.0}"
2026-09-07T13:58:30+00:00,cex_cross_spot,NEAR:buy Bitget / sell Gate,NEAR,buy Bitget / sell Gate,Bitget<->Gate,-8.371704,-38.371704,NO,604.82,"{""buy_ask"":2.389,""buy_venue"":""Bitget"",""extra_buffer_bps"":10.0,""note"":""Discovery snapshot only; assumes capital pre-positioned on both venues. Rebalancing, withdrawal, latency and deeper-book impact are not yet validated."",""sell_bid"":2.387,""sell_venue"":""Gate"",""source"":""wide_cex_hunter"",""taker_fee_bps_per_leg"":10.0,""total_friction_bps"":30.0}"
2026-09-07T13:58:30+00:00,cex_cross_spot,NEAR:buy Gate / sell Bitget,NEAR,buy Gate / sell Bitget,Bitget<->Gate,-8.371704,-38.371704,NO,351.35,"{""buy_ask"":2.389,""buy_venue"":""Gate"",""extra_buffer_bps"":10.0,""note"":""Discovery snapshot only; assumes capital pre-positioned on both venues. Rebalancing, withdrawal, latency and deeper-book impact are not yet validated."",""sell_bid"":2.387,""sell_venue"":""Bitget"",""source"":""wide_cex_hunter"",""taker_fee_bps_per_leg"":10.0,""total_friction_bps"":30.0}"
2026-09-07T14:03:57+00:00,cex_cross_spot,BTC:buy Bitget / sell Gate,BTC,buy Bitget / sell Gate,Bitget<->Gate,0.335027,-29.664973,NO,26859.06,"{""buy_ask"":79396.54,""buy_venue"":""Bitget"",""extra_buffer_bps"":10.0,""note"":""Discovery snapshot only; assumes capital pre-positioned on both venues. Rebalancing, withdrawal, latency and deeper-book impact are not yet validated."",""sell_bid"":79399.2,""sell_venue"":""Gate"",""source"":""wide_cex_hunter"",""taker_fee_bps_per_leg"":10.0,""total_friction_bps"":30.0}"
2026-09-07T14:03:57+00:00,cex_cross_spot,BTC:buy Gate / sell Bitget,BTC,buy Gate / sell Bitget,Bitget<->Gate,-0.348870,-30.348870,NO,9755.47,"{""buy_ask"":79399.3,""buy_venue"":""Gate"",""extra_buffer_bps"":10.0,""note"":""Discovery snapshot only; assumes capital pre-positioned on both venues. Rebalancing, withdrawal, latency and deeper-book impact are not yet validated."",""sell_bid"":79396.53,""sell_venue"":""Bitget"",""source"":""wide_cex_hunter"",""taker_fee_bps_per_leg"":10.0,""total_friction_bps"":30.0}"
2026-09-07T14:03:57+00:00,cex_cross_spot,ETH:buy Bitget / sell Gate,ETH,buy Bitget / sell Gate,Bitget<->Gate,0.040011,-29.959989,NO,3632.03,"{""buy_ask"":2499.32,""buy_venue"":""Bitget"",""extra_buffer_bps"":10.0,""note"":""Discovery snapshot only; assumes capital pre-positioned on both venues. Rebalancing, withdrawal, latency and deeper-book impact are not yet validated."",""sell_bid"":2499.33,""sell_venue"":""Gate"",""source"":""wide_cex_hunter"",""taker_fee_bps_per_leg"":10.0,""total_friction_bps"":30.0}"
2026-09-07T14:03:57+00:00,cex_cross_spot,ETH:buy Gate / sell Bitget,ETH,buy Gate / sell Bitget,Bitget<->Gate,-0.120032,-30.120032,NO,2879.99,"{""buy_ask"":2499.34,""buy_venue"":""Gate"",""extra_buffer_bps"":10.0,""note"":""Discovery snapshot only; assumes capital pre-positioned on both venues. Rebalancing, withdrawal, latency and deeper-book impact are not yet validated."",""sell_bid"":2499.31,""sell_venue"":""Bitget"",""source"":""wide_cex_hunter"",""taker_fee_bps_per_leg"":10.0,""total_friction_bps"":30.0}"
2026-09-07T14:03:57+00:00,cex_cross_spot,SOL:buy Bitget / sell Gate,SOL,buy Bitget / sell Gate,Bitget<->Gate,-0.950751,-30.950751,NO,1417.27,"{""buy_ask"":105.18,""buy_venue"":""Bitget"",""extra_buffer_bps"":10.0,""note"":""Discovery snapshot only; assumes capital pre-positioned on both venues. Rebalancing, withdrawal, latency and deeper-book impact are not yet validated."",""sell_bid"":105.17,""sell_venue"":""Gate"",""source"":""wide_cex_hunter"",""taker_fee_bps_per_leg"":10.0,""total_friction_bps"":30.0}"
2026-09-07T14:03:57+00:00,cex_cross_spot,SOL:buy Gate / sell Bitget,SOL,buy Gate / sell Bitget,Bitget<->Gate,-0.950751,-30.950751,NO,5444.04,"{""buy_ask"":105.18,""buy_venue"":""Gate"",""extra_buffer_bps"":10.0,""note"":""Discovery snapshot only; assumes capital pre-positioned on both venues. Rebalancing, withdrawal, latency and deeper-book impact are not yet validated."",""sell_bid"":105.17,""sell_venue"":""Bitget"",""source"":""wide_cex_hunter"",""taker_fee_bps_per_leg"":10.0,""total_friction_bps"":30.0}"
2026-09-07T14:03:57+00:00,cex_cross_spot,XRP:buy Bitget / sell Gate,XRP,buy Bitget / sell Gate,Bitget<->Gate,-0.711997,-30.711997,NO,149.01,"{""buy_ask"":1.4045,""buy_venue"":""Bitget"",""extra_buffer_bps"":10.0,""note"":""Discovery snapshot only; assumes capital pre-positioned on both venues. Rebalancing, withdrawal, latency and deeper-book impact are not yet validated."",""sell_bid"":1.4044,""sell_venue"":""Gate"",""source"":""wide_cex_hunter"",""taker_fee_bps_per_leg"":10.0,""total_friction_bps"":30.0}"
2026-09-07T14:03:57+00:00,cex_cross_spot,XRP:buy Gate / sell Bitget,XRP,buy Gate / sell Bitget,Bitget<->Gate,-1.423893,-31.423893,NO,658.34,"{""buy_ask"":1.4046,""buy_venue"":""Gate"",""extra_buffer_bps"":10.0,""note"":""Discovery snapshot only; assumes capital pre-positioned on both venues. Rebalancing, withdrawal, latency and deeper-book impact are not yet validated."",""sell_bid"":1.4044,""sell_venue"":""Bitget"",""source"":""wide_cex_hunter"",""taker_fee_bps_per_leg"":10.0,""total_friction_bps"":30.0}"
2026-09-07T14:03:57+00:00,cex_cross_spot,DOGE:buy Bitget / sell Gate,DOGE,buy Bitget / sell Gate,Bitget<->Gate,-1.099868,-31.099868,NO,175.69,"{""buy_ask"":0.09092,""buy_venue"":""Bitget"",""extra_buffer_bps"":10.0,""note"":""Discovery snapshot only; assumes capital pre-positioned on both venues. Rebalancing, withdrawal, latency and deeper-book impact are not yet validated."",""sell_bid"":0.09091,""sell_venue"":""Gate"",""source"":""wide_cex_hunter"",""taker_fee_bps_per_leg"":10.0,""total_friction_bps"":30.0}"
2026-09-07T14:03:57+00:00,cex_cross_spot,DOGE:buy Gate / sell Bitget,DOGE,buy Gate / sell Bitget,Bitget<->Gate,-1.099868,-31.099868,NO,186.67,"{""buy_ask"":0.09092,""buy_venue"":""Gate"",""extra_buffer_bps"":10.0,""note"":""Discovery snapshot only; assumes capital pre-positioned on both venues. Rebalancing, withdrawal, latency and deeper-book impact are not yet validated."",""sell_bid"":0.09091,""sell_venue"":""Bitget"",""source"":""wide_cex_hunter"",""taker_fee_bps_per_leg"":10.0,""total_friction_bps"":30.0}"
2026-09-07T14:03:57+00:00,cex_cross_spot,ADA:buy Bitget / sell Gate,ADA,buy Bitget / sell Gate,Bitget<->Gate,0.000000,-30.000000,NO,66.07,"{""buy_ask"":0.2226,""buy_venue"":""Bitget"",""extra_buffer_bps"":10.0,""note"":""Discovery snapshot only; assumes capital pre-positioned on both venues. Rebalancing, withdrawal, latency and deeper-book impact are not yet validated."",""sell_bid"":0.2226,""sell_venue"":""Gate"",""source"":""wide_cex_hunter"",""taker_fee_bps_per_leg"":10.0,""total_friction_bps"":30.0}"
2026-09-07T14:03:57+00:00,cex_cross_spot,ADA:buy Gate / sell Bitget,ADA,buy Gate / sell Bitget,Bitget<->Gate,-7.185844,-37.185844,NO,231.57,"{""buy_ask"":0.22266,""buy_venue"":""Gate"",""extra_buffer_bps"":10.0,""note"":""Discovery snapshot only; assumes capital pre-positioned on both venues. Rebalancing, withdrawal, latency and deeper-book impact are not yet validated."",""sell_bid"":0.2225,""sell_venue"":""Bitget"",""source"":""wide_cex_hunter"",""taker_fee_bps_per_leg"":10.0,""total_friction_bps"":30.0}"
2026-09-07T14:03:57+00:00,cex_cross_spot,LINK:buy Bitget / sell Gate,LINK,buy Bitget / sell Gate,Bitget<->Gate,-1.520103,-31.520103,NO,73.61,"{""buy_ask"":13.157,""buy_venue"":""Bitget"",""extra_buffer_bps"":10.0,""note"":""Discovery snapshot only; assumes capital pre-positioned on both venues. Rebalancing, withdrawal, latency and deeper-book impact are not yet validated."",""sell_bid"":13.155,""sell_venue"":""Gate"",""source"":""wide_cex_hunter"",""taker_fee_bps_per_leg"":10.0,""total_friction_bps"":30.0}"
2026-09-07T14:03:57+00:00,cex_cross_spot,LINK:buy Gate / sell Bitget,LINK,buy Gate / sell Bitget,Bitget<->Gate,-1.520103,-31.520103,NO,52.53,"{""buy_ask"":13.157,""buy_venue"":""Gate"",""extra_buffer_bps"":10.0,""note"":""Discovery snapshot only; assumes capital pre-positioned on both venues. Rebalancing, withdrawal, latency and deeper-book impact are not yet validated."",""sell_bid"":13.155,""sell_venue"":""Bitget"",""source"":""wide_cex_hunter"",""taker_fee_bps_per_leg"":10.0,""total_friction_bps"":30.0}"
2026-09-07T14:03:57+00:00,cex_cross_spot,LTC:buy Bitget / sell Gate,LTC,buy Bitget / sell Gate,Bitget<->Gate,-6.972285,-36.972285,NO,258.04,"{""buy_ask"":57.37,""buy_venue"":""Bitget"",""extra_buffer_bps"":10.0,""note"":""Discovery snapshot only; assumes capital pre-positioned on both venues. Rebalancing, withdrawal, latency and deeper-book impact are not yet validated."",""sell_bid"":57.33,""sell_venue"":""Gate"",""source"":""wide_cex_hunter"",""taker_fee_bps_per_leg"":10.0,""total_friction_bps"":30.0}"
2026-09-07T14:03:57+00:00,cex_cross_spot,LTC:buy Gate / sell Bitget,LTC,buy Gate / sell Bitget,Bitget<->Gate,1.743983,-28.256017,NO,172.77,"{""buy_ask"":57.34,""buy_venue"":""Gate"",""extra_buffer_bps"":10.0,""note"":""Discovery snapshot only; assumes capital pre-positioned on both venues. Rebalancing, withdrawal, latency and deeper-book impact are not yet validated."",""sell_bid"":57.35,""sell_venue"":""Bitget"",""source"":""wide_cex_hunter"",""taker_fee_bps_per_leg"":10.0,""total_friction_bps"":30.0}"
2026-09-07T14:03:57+00:00,cex_cross_spot,BCH:buy Bitget / sell Gate,BCH,buy Bitget / sell Gate,Bitget<->Gate,-13.389441,-43.389441,NO,10.18,"{""buy_ask"":261.4,""buy_venue"":""Bitget"",""extra_buffer_bps"":10.0,""note"":""Discovery snapshot only; assumes capital pre-positioned on both venues. Rebalancing, withdrawal, latency and deeper-book impact are not yet validated."",""sell_bid"":261.05,""sell_venue"":""Gate"",""source"":""wide_cex_hunter"",""taker_fee_bps_per_leg"":10.0,""total_friction_bps"":30.0}"
2026-09-07T14:03:57+00:00,cex_cross_spot,BCH:buy Gate / sell Bitget,BCH,buy Gate / sell Bitget,Bitget<->Gate,-1.148413,-31.148413,NO,90.65,"{""buy_ask"":261.23,""buy_venue"":""Gate"",""extra_buffer_bps"":10.0,""note"":""Discovery snapshot only; assumes capital pre-positioned on both venues. Rebalancing, withdrawal, latency and deeper-book impact are not yet validated."",""sell_bid"":261.2,""sell_venue"":""Bitget"",""source"":""wide_cex_hunter"",""taker_fee_bps_per_leg"":10.0,""total_friction_bps"":30.0}"
2026-09-07T14:03:57+00:00,cex_cross_spot,AVAX:buy Bitget / sell Gate,AVAX,buy Bitget / sell Gate,Bitget<->Gate,0.000000,-30.000000,NO,124.83,"{""buy_ask"":8.07,""buy_venue"":""Bitget"",""extra_buffer_bps"":10.0,""note"":""Discovery snapshot only; assumes capital pre-positioned on both venues. Rebalancing, withdrawal, latency and deeper-book impact are not yet validated."",""sell_bid"":8.07,""sell_venue"":""Gate"",""source"":""wide_cex_hunter"",""taker_fee_bps_per_leg"":10.0,""total_friction_bps"":30.0}"
2026-09-07T14:03:57+00:00,cex_cross_spot,AVAX:buy Gate / sell Bitget,AVAX,buy Gate / sell Bitget,Bitget<->Gate,-3.716551,-33.716551,NO,129.15,"{""buy_ask"":8.072,""buy_venue"":""Gate"",""extra_buffer_bps"":10.0,""note"":""Discovery snapshot only; assumes capital pre-positioned on both venues. Rebalancing, withdrawal, latency and deeper-book impact are not yet validated."",""sell_bid"":8.069,""sell_venue"":""Bitget"",""source"":""wide_cex_hunter"",""taker_fee_bps_per_leg"":10.0,""total_friction_bps"":30.0}"
2026-09-07T14:03:57+00:00,cex_cross_spot,DOT:buy Bitget / sell Gate,DOT,buy Bitget / sell Gate,Bitget<->Gate,-11.214953,-41.214953,NO,299.69,"{""buy_ask"":1.07,""buy_venue"":""Bitget"",""extra_buffer_bps"":10.0,""note"":""Discovery snapshot only; assumes capital pre-positioned on both venues. Rebalancing, withdrawal, latency and deeper-book impact are not yet validated."",""sell_bid"":1.0688,""sell_venue"":""Gate"",""source"":""wide_cex_hunter"",""taker_fee_bps_per_leg"":10.0,""total_friction_bps"":30.0}"
2026-09-07T14:03:57+00:00,cex_cross_spot,DOT:buy Gate / sell Bitget,DOT,buy Gate / sell Bitget,Bitget<->Gate,-16.825575,-46.825575,NO,4.92,"{""buy_ask"":1.0698,""buy_venue"":""Gate"",""extra_buffer_bps"":10.0,""note"":""Discovery snapshot only; assumes capital pre-positioned on both venues. Rebalancing, withdrawal, latency and deeper-book impact are not yet validated."",""sell_bid"":1.068,""sell_venue"":""Bitget"",""source"":""wide_cex_hunter"",""taker_fee_bps_per_leg"":10.0,""total_friction_bps"":30.0}"
2026-09-07T14:03:57+00:00,cex_cross_spot,TRX:buy Bitget / sell Gate,TRX,buy Bitget / sell Gate,Bitget<->Gate,-0.596267,-30.596267,NO,351.55,"{""buy_ask"":0.33542,""buy_venue"":""Bitget"",""extra_buffer_bps"":10.0,""note"":""Discovery snapshot only; assumes capital pre-positioned on both venues. Rebalancing, withdrawal, latency and deeper-book impact are not yet validated."",""sell_bid"":0.3354,""sell_venue"":""Gate"",""source"":""wide_cex_hunter"",""taker_fee_bps_per_leg"":10.0,""total_friction_bps"":30.0}"
2026-09-07T14:03:57+00:00,cex_cross_spot,TRX:buy Gate / sell Bitget,TRX,buy Gate / sell Bitget,Bitget<->Gate,-2.682563,-32.682563,NO,2094.30,"{""buy_ask"":0.3355,""buy_venue"":""Gate"",""extra_buffer_bps"":10.0,""note"":""Discovery snapshot only; assumes capital pre-positioned on both venues. Rebalancing, withdrawal, latency and deeper-book impact are not yet validated."",""sell_bid"":0.33541,""sell_venue"":""Bitget"",""source"":""wide_cex_hunter"",""taker_fee_bps_per_leg"":10.0,""total_friction_bps"":30.0}"
2026-09-07T14:03:57+00:00,cex_cross_spot,SUI:buy Bitget / sell Gate,SUI,buy Bitget / sell Gate,Bitget<->Gate,-4.815796,-34.815796,NO,38.26,"{""buy_ask"":0.8306,""buy_venue"":""Bitget"",""extra_buffer_bps"":10.0,""note"":""Discovery snapshot only; assumes capital pre-positioned on both venues. Rebalancing, withdrawal, latency and deeper-book impact are not yet validated."",""sell_bid"":0.8302,""sell_venue"":""Gate"",""source"":""wide_cex_hunter"",""taker_fee_bps_per_leg"":10.0,""total_friction_bps"":30.0}"
2026-09-07T14:03:57+00:00,cex_cross_spot,SUI:buy Gate / sell Bitget,SUI,buy Gate / sell Bitget,Bitget<->Gate,1.204239,-28.795761,NO,27.28,"{""buy_ask"":0.8304,""buy_venue"":""Gate"",""extra_buffer_bps"":10.0,""note"":""Discovery snapshot only; assumes capital pre-positioned on both venues. Rebalancing, withdrawal, latency and deeper-book impact are not yet validated."",""sell_bid"":0.8305,""sell_venue"":""Bitget"",""source"":""wide_cex_hunter"",""taker_fee_bps_per_leg"":10.0,""total_friction_bps"":30.0}"
2026-09-07T14:03:57+00:00,cex_cross_spot,APT:buy Bitget / sell Gate,APT,buy Bitget / sell Gate,Bitget<->Gate,-6.187162,-36.187162,NO,73.64,"{""buy_ask"":0.6465,""buy_venue"":""Bitget"",""extra_buffer_bps"":10.0,""note"":""Discovery snapshot only; assumes capital pre-positioned on both venues. Rebalancing, withdrawal, latency and deeper-book impact are not yet validated."",""sell_bid"":0.6461,""sell_venue"":""Gate"",""source"":""wide_cex_hunter"",""taker_fee_bps_per_leg"":10.0,""total_friction_bps"":30.0}"
2026-09-07T14:03:57+00:00,cex_cross_spot,APT:buy Gate / sell Bitget,APT,buy Gate / sell Bitget,Bitget<->Gate,-6.185248,-36.185248,NO,73.61,"{""buy_ask"":0.6467,""buy_venue"":""Gate"",""extra_buffer_bps"":10.0,""note"":""Discovery snapshot only; assumes capital pre-positioned on both venues. Rebalancing, withdrawal, latency and deeper-book impact are not yet validated."",""sell_bid"":0.6463,""sell_venue"":""Bitget"",""source"":""wide_cex_hunter"",""taker_fee_bps_per_leg"":10.0,""total_friction_bps"":30.0}"
2026-09-07T14:03:57+00:00,cex_cross_spot,NEAR:buy Bitget / sell Gate,NEAR,buy Bitget / sell Gate,Bitget<->Gate,-4.198153,-34.198153,NO,218.24,"{""buy_ask"":2.382,""buy_venue"":""Bitget"",""extra_buffer_bps"":10.0,""note"":""Discovery snapshot only; assumes capital pre-positioned on both venues. Rebalancing, withdrawal, latency and deeper-book impact are not yet validated."",""sell_bid"":2.381,""sell_venue"":""Gate"",""source"":""wide_cex_hunter"",""taker_fee_bps_per_leg"":10.0,""total_friction_bps"":30.0}"
2026-09-07T14:03:57+00:00,cex_cross_spot,NEAR:buy Gate / sell Bitget,NEAR,buy Gate / sell Bitget,Bitget<->Gate,-4.198153,-34.198153,NO,73.03,"{""buy_ask"":2.382,""buy_venue"":""Gate"",""extra_buffer_bps"":10.0,""note"":""Discovery snapshot only; assumes capital pre-positioned on both venues. Rebalancing, withdrawal, latency and deeper-book impact are not yet validated."",""sell_bid"":2.381,""sell_venue"":""Bitget"",""source"":""wide_cex_hunter"",""taker_fee_bps_per_leg"":10.0,""total_friction_bps"":30.0}"
2026-09-07T14:46:25+00:00,cex_cross_spot,BTC:buy Bitget / sell Gate,BTC,buy Bitget / sell Gate,Bitget<->Gate,0.569152,-29.430848,NO,2681.17,"{""buy_ask"":79065.0,""buy_venue"":""Bitget"",""extra_buffer_bps"":10.0,""note"":""Discovery snapshot only; assumes capital pre-positioned on both venues. Rebalancing, withdrawal, latency and deeper-book impact are not yet validated."",""sell_bid"":79069.5,""sell_venue"":""Gate"",""source"":""wide_cex_hunter"",""taker_fee_bps_per_leg"":10.0,""total_friction_bps"":30.0}"
2026-09-07T14:46:25+00:00,cex_cross_spot,BTC:buy Gate / sell Bitget,BTC,buy Gate / sell Bitget,Bitget<->Gate,-0.583031,-30.583031,NO,18461.41,"{""buy_ask"":79069.6,""buy_venue"":""Gate"",""extra_buffer_bps"":10.0,""note"":""Discovery snapshot only; assumes capital pre-positioned on both venues. Rebalancing, withdrawal, latency and deeper-book impact are not yet validated."",""sell_bid"":79064.99,""sell_venue"":""Bitget"",""source"":""wide_cex_hunter"",""taker_fee_bps_per_leg"":10.0,""total_friction_bps"":30.0}"
2026-09-07T14:46:25+00:00,cex_cross_spot,ETH:buy Bitget / sell Gate,ETH,buy Bitget / sell Gate,Bitget<->Gate,0.201394,-29.798606,NO,11562.17,"{""buy_ask"":2482.7,""buy_venue"":""Bitget"",""extra_buffer_bps"":10.0,""note"":""Discovery snapshot only; assumes capital pre-positioned on both venues. Rebalancing, withdrawal, latency and deeper-book impact are not yet validated."",""sell_bid"":2482.75,""sell_venue"":""Gate"",""source"":""wide_cex_hunter"",""taker_fee_bps_per_leg"":10.0,""total_friction_bps"":30.0}"
2026-09-07T14:46:25+00:00,cex_cross_spot,ETH:buy Gate / sell Bitget,ETH,buy Gate / sell Bitget,Bitget<->Gate,-0.281944,-30.281944,NO,2442.79,"{""buy_ask"":2482.76,""buy_venue"":""Gate"",""extra_buffer_bps"":10.0,""note"":""Discovery snapshot only; assumes capital pre-positioned on both venues. Rebalancing, withdrawal, latency and deeper-book impact are not yet validated."",""sell_bid"":2482.69,""sell_venue"":""Bitget"",""source"":""wide_cex_hunter"",""taker_fee_bps_per_leg"":10.0,""total_friction_bps"":30.0}"
2026-09-07T14:46:25+00:00,cex_cross_spot,SOL:buy Bitget / sell Gate,SOL,buy Bitget / sell Gate,Bitget<->Gate,-0.960707,-30.960707,NO,1146.74,"{""buy_ask"":104.09,""buy_venue"":""Bitget"",""extra_buffer_bps"":10.0,""note"":""Discovery snapshot only; assumes capital pre-positioned on both venues. Rebalancing, withdrawal, latency and deeper-book impact are not yet validated."",""sell_bid"":104.08,""sell_venue"":""Gate"",""source"":""wide_cex_hunter"",""taker_fee_bps_per_leg"":10.0,""total_friction_bps"":30.0}"
2026-09-07T14:46:25+00:00,cex_cross_spot,SOL:buy Gate / sell Bitget,SOL,buy Gate / sell Bitget,Bitget<->Gate,-0.960707,-30.960707,NO,165.82,"{""buy_ask"":104.09,""buy_venue"":""Gate"",""extra_buffer_bps"":10.0,""note"":""Discovery snapshot only; assumes capital pre-positioned on both venues. Rebalancing, withdrawal, latency and deeper-book impact are not yet validated."",""sell_bid"":104.08,""sell_venue"":""Bitget"",""source"":""wide_cex_hunter"",""taker_fee_bps_per_leg"":10.0,""total_friction_bps"":30.0}"
2026-09-07T14:46:25+00:00,cex_cross_spot,XRP:buy Bitget / sell Gate,XRP,buy Bitget / sell Gate,Bitget<->Gate,-0.716692,-30.716692,NO,198.90,"{""buy_ask"":1.3953,""buy_venue"":""Bitget"",""extra_buffer_bps"":10.0,""note"":""Discovery snapshot only; assumes capital pre-positioned on both venues. Rebalancing, withdrawal, latency and deeper-book impact are not yet validated."",""sell_bid"":1.3952,""sell_venue"":""Gate"",""source"":""wide_cex_hunter"",""taker_fee_bps_per_leg"":10.0,""total_friction_bps"":30.0}"
2026-09-07T14:46:25+00:00,cex_cross_spot,XRP:buy Gate / sell Bitget,XRP,buy Gate / sell Bitget,Bitget<->Gate,-1.433281,-31.433281,NO,381.08,"{""buy_ask"":1.3954,""buy_venue"":""Gate"",""extra_buffer_bps"":10.0,""note"":""Discovery snapshot only; assumes capital pre-positioned on both venues. Rebalancing, withdrawal, latency and deeper-book impact are not yet validated."",""sell_bid"":1.3952,""sell_venue"":""Bitget"",""source"":""wide_cex_hunter"",""taker_fee_bps_per_leg"":10.0,""total_friction_bps"":30.0}"
2026-09-07T14:46:25+00:00,cex_cross_spot,DOGE:buy Bitget / sell Gate,DOGE,buy Bitget / sell Gate,Bitget<->Gate,2.222716,-27.777284,NO,42.66,"{""buy_ask"":0.08998,""buy_venue"":""Bitget"",""extra_buffer_bps"":10.0,""note"":""Discovery snapshot only; assumes capital pre-positioned on both venues. Rebalancing, withdrawal, latency and deeper-book impact are not yet validated."",""sell_bid"":0.09,""sell_venue"":""Gate"",""source"":""wide_cex_hunter"",""taker_fee_bps_per_leg"":10.0,""total_friction_bps"":30.0}"
2026-09-07T14:46:25+00:00,cex_cross_spot,DOGE:buy Gate / sell Bitget,DOGE,buy Gate / sell Bitget,Bitget<->Gate,-4.443951,-34.443951,NO,1706.58,"{""buy_ask"":0.09001,""buy_venue"":""Gate"",""extra_buffer_bps"":10.0,""note"":""Discovery snapshot only; assumes capital pre-positioned on both venues. Rebalancing, withdrawal, latency and deeper-book impact are not yet validated."",""sell_bid"":0.08997,""sell_venue"":""Bitget"",""source"":""wide_cex_hunter"",""taker_fee_bps_per_leg"":10.0,""total_friction_bps"":30.0}"
2026-09-07T14:46:25+00:00,cex_cross_spot,ADA:buy Bitget / sell Gate,ADA,buy Bitget / sell Gate,Bitget<->Gate,-5.004550,-35.004550,NO,270.44,"{""buy_ask"":0.2198,""buy_venue"":""Bitget"",""extra_buffer_bps"":10.0,""note"":""Discovery snapshot only; assumes capital pre-positioned on both venues. Rebalancing, withdrawal, latency and deeper-book impact are not yet validated."",""sell_bid"":0.21969,""sell_venue"":""Gate"",""source"":""wide_cex_hunter"",""taker_fee_bps_per_leg"":10.0,""total_friction_bps"":30.0}"
2026-09-07T14:46:25+00:00,cex_cross_spot,ADA:buy Gate / sell Bitget,ADA,buy Gate / sell Bitget,Bitget<->Gate,-2.730251,-32.730251,NO,105.05,"{""buy_ask"":0.21976,""buy_venue"":""Gate"",""extra_buffer_bps"":10.0,""note"":""Discovery snapshot only; assumes capital pre-positioned on both venues. Rebalancing, withdrawal, latency and deeper-book impact are not yet validated."",""sell_bid"":0.2197,""sell_venue"":""Bitget"",""source"":""wide_cex_hunter"",""taker_fee_bps_per_leg"":10.0,""total_friction_bps"":30.0}"
2026-09-07T14:46:25+00:00,cex_cross_spot,LINK:buy Bitget / sell Gate,LINK,buy Bitget / sell Gate,Bitget<->Gate,-3.854753,-33.854753,NO,136.66,"{""buy_ask"":12.971,""buy_venue"":""Bitget"",""extra_buffer_bps"":10.0,""note"":""Discovery snapshot only; assumes capital pre-positioned on both venues. Rebalancing, withdrawal, latency and deeper-book impact are not yet validated."",""sell_bid"":12.966,""sell_venue"":""Gate"",""source"":""wide_cex_hunter"",""taker_fee_bps_per_leg"":10.0,""total_friction_bps"":30.0}"
2026-09-07T14:46:25+00:00,cex_cross_spot,LINK:buy Gate / sell Bitget,LINK,buy Gate / sell Bitget,Bitget<->Gate,-0.771129,-30.771129,NO,91.94,"{""buy_ask"":12.968,""buy_venue"":""Gate"",""extra_buffer_bps"":10.0,""note"":""Discovery snapshot only; assumes capital pre-positioned on both venues. Rebalancing, withdrawal, latency and deeper-book impact are not yet validated."",""sell_bid"":12.967,""sell_venue"":""Bitget"",""source"":""wide_cex_hunter"",""taker_fee_bps_per_leg"":10.0,""total_friction_bps"":30.0}"
2026-09-07T14:46:25+00:00,cex_cross_spot,LTC:buy Bitget / sell Gate,LTC,buy Bitget / sell Gate,Bitget<->Gate,-10.578279,-40.578279,NO,337.98,"{""buy_ask"":56.72,""buy_venue"":""Bitget"",""extra_buffer_bps"":10.0,""note"":""Discovery snapshot only; assumes capital pre-positioned on both venues. Rebalancing, withdrawal, latency and deeper-book impact are not yet validated."",""sell_bid"":56.66,""sell_venue"":""Gate"",""source"":""wide_cex_hunter"",""taker_fee_bps_per_leg"":10.0,""total_friction_bps"":30.0}"
2026-09-07T14:46:25+00:00,cex_cross_spot,LTC:buy Gate / sell Bitget,LTC,buy Gate / sell Bitget,Bitget<->Gate,1.764291,-28.235709,NO,386.84,"{""buy_ask"":56.68,""buy_venue"":""Gate"",""extra_buffer_bps"":10.0,""note"":""Discovery snapshot only; assumes capital pre-positioned on both venues. Rebalancing, withdrawal, latency and deeper-book impact are not yet validated."",""sell_bid"":56.69,""sell_venue"":""Bitget"",""source"":""wide_cex_hunter"",""taker_fee_bps_per_leg"":10.0,""total_friction_bps"":30.0}"
2026-09-07T14:46:25+00:00,cex_cross_spot,BCH:buy Bitget / sell Gate,BCH,buy Bitget / sell Gate,Bitget<->Gate,-14.649190,-44.649190,NO,205.40,"{""buy_ask"":259.4,""buy_venue"":""Bitget"",""extra_buffer_bps"":10.0,""note"":""Discovery snapshot only; assumes capital pre-positioned on both venues. Rebalancing, withdrawal, latency and deeper-book impact are not yet validated."",""sell_bid"":259.02,""sell_venue"":""Gate"",""source"":""wide_cex_hunter"",""taker_fee_bps_per_leg"":10.0,""total_friction_bps"":30.0}"
2026-09-07T14:46:25+00:00,cex_cross_spot,BCH:buy Gate / sell Bitget,BCH,buy Gate / sell Bitget,Bitget<->Gate,-6.556871,-36.556871,NO,3.11,"{""buy_ask"":259.27,""buy_venue"":""Gate"",""extra_buffer_bps"":10.0,""note"":""Discovery snapshot only; assumes capital pre-positioned on both venues. Rebalancing, withdrawal, latency and deeper-book impact are not yet validated."",""sell_bid"":259.1,""sell_venue"":""Bitget"",""source"":""wide_cex_hunter"",""taker_fee_bps_per_leg"":10.0,""total_friction_bps"":30.0}"
2026-09-07T14:46:25+00:00,cex_cross_spot,AVAX:buy Bitget / sell Gate,AVAX,buy Bitget / sell Gate,Bitget<->Gate,-1.239157,-31.239157,NO,124.81,"{""buy_ask"":8.07,""buy_venue"":""Bitget"",""extra_buffer_bps"":10.0,""note"":""Discovery snapshot only; assumes capital pre-positioned on both venues. Rebalancing, withdrawal, latency and deeper-book impact are not yet validated."",""sell_bid"":8.069,""sell_venue"":""Gate"",""source"":""wide_cex_hunter"",""taker_fee_bps_per_leg"":10.0,""total_friction_bps"":30.0}"
2026-09-07T14:46:25+00:00,cex_cross_spot,AVAX:buy Gate / sell Bitget,AVAX,buy Gate / sell Bitget,Bitget<->Gate,-1.239157,-31.239157,NO,9.68,"{""buy_ask"":8.07,""buy_venue"":""Gate"",""extra_buffer_bps"":10.0,""note"":""Discovery snapshot only; assumes capital pre-positioned on both venues. Rebalancing, withdrawal, latency and deeper-book impact are not yet validated."",""sell_bid"":8.069,""sell_venue"":""Bitget"",""source"":""wide_cex_hunter"",""taker_fee_bps_per_leg"":10.0,""total_friction_bps"":30.0}"
2026-09-07T14:46:25+00:00,cex_cross_spot,DOT:buy Bitget / sell Gate,DOT,buy Bitget / sell Gate,Bitget<->Gate,-4.716981,-34.716981,NO,217.73,"{""buy_ask"":1.06,""buy_venue"":""Bitget"",""extra_buffer_bps"":10.0,""note"":""Discovery snapshot only; assumes capital pre-positioned on both venues. Rebalancing, withdrawal, latency and deeper-book impact are not yet validated."",""sell_bid"":1.0595,""sell_venue"":""Gate"",""source"":""wide_cex_hunter"",""taker_fee_bps_per_leg"":10.0,""total_friction_bps"":30.0}"
2026-09-07T14:46:25+00:00,cex_cross_spot,DOT:buy Gate / sell Bitget,DOT,buy Gate / sell Bitget,Bitget<->Gate,-10.376380,-40.376380,NO,4.45,"{""buy_ask"":1.0601,""buy_venue"":""Gate"",""extra_buffer_bps"":10.0,""note"":""Discovery snapshot only; assumes capital pre-positioned on both venues. Rebalancing, withdrawal, latency and deeper-book impact are not yet validated."",""sell_bid"":1.059,""sell_venue"":""Bitget"",""source"":""wide_cex_hunter"",""taker_fee_bps_per_leg"":10.0,""total_friction_bps"":30.0}"
2026-09-07T14:46:25+00:00,cex_cross_spot,TRX:buy Bitget / sell Gate,TRX,buy Bitget / sell Gate,Bitget<->Gate,0.000000,-30.000000,NO,49.29,"{""buy_ask"":0.3349,""buy_venue"":""Bitget"",""extra_buffer_bps"":10.0,""note"":""Discovery snapshot only; assumes capital pre-positioned on both venues. Rebalancing, withdrawal, latency and deeper-book impact are not yet validated."",""sell_bid"":0.3349,""sell_venue"":""Gate"",""source"":""wide_cex_hunter"",""taker_fee_bps_per_leg"":10.0,""total_friction_bps"":30.0}"
2026-09-07T14:46:25+00:00,cex_cross_spot,TRX:buy Gate / sell Bitget,TRX,buy Gate / sell Bitget,Bitget<->Gate,-3.283582,-33.283582,NO,1585.53,"{""buy_ask"":0.335,""buy_venue"":""Gate"",""extra_buffer_bps"":10.0,""note"":""Discovery snapshot only; assumes capital pre-positioned on both venues. Rebalancing, withdrawal, latency and deeper-book impact are not yet validated."",""sell_bid"":0.33489,""sell_venue"":""Bitget"",""source"":""wide_cex_hunter"",""taker_fee_bps_per_leg"":10.0,""total_friction_bps"":30.0}"
2026-09-07T14:46:25+00:00,cex_cross_spot,SUI:buy Bitget / sell Gate,SUI,buy Bitget / sell Gate,Bitget<->Gate,1.219363,-28.780637,NO,0.62,"{""buy_ask"":0.8201,""buy_venue"":""Bitget"",""extra_buffer_bps"":10.0,""note"":""Discovery snapshot only; assumes capital pre-positioned on both venues. Rebalancing, withdrawal, latency and deeper-book impact are not yet validated."",""sell_bid"":0.8202,""sell_venue"":""Gate"",""source"":""wide_cex_hunter"",""taker_fee_bps_per_leg"":10.0,""total_friction_bps"":30.0}"
2026-09-07T14:46:25+00:00,cex_cross_spot,SUI:buy Gate / sell Bitget,SUI,buy Gate / sell Bitget,Bitget<->Gate,-3.657199,-33.657199,NO,105.53,"{""buy_ask"":0.8203,""buy_venue"":""Gate"",""extra_buffer_bps"":10.0,""note"":""Discovery snapshot only; assumes capital pre-positioned on both venues. Rebalancing, withdrawal, latency and deeper-book impact are not yet validated."",""sell_bid"":0.82,""sell_venue"":""Bitget"",""source"":""wide_cex_hunter"",""taker_fee_bps_per_leg"":10.0,""total_friction_bps"":30.0}"
2026-09-07T14:46:25+00:00,cex_cross_spot,APT:buy Bitget / sell Gate,APT,buy Bitget / sell Gate,Bitget<->Gate,-7.875256,-37.875256,NO,18.08,"{""buy_ask"":0.6349,""buy_venue"":""Bitget"",""extra_buffer_bps"":10.0,""note"":""Discovery snapshot only; assumes capital pre-positioned on both venues. Rebalancing, withdrawal, latency and deeper-book impact are not yet validated."",""sell_bid"":0.6344,""sell_venue"":""Gate"",""source"":""wide_cex_hunter"",""taker_fee_bps_per_leg"":10.0,""total_friction_bps"":30.0}"
2026-09-07T14:46:25+00:00,cex_cross_spot,APT:buy Gate / sell Bitget,APT,buy Gate / sell Bitget,Bitget<->Gate,0.000000,-30.000000,NO,40.69,"{""buy_ask"":0.6347,""buy_venue"":""Gate"",""extra_buffer_bps"":10.0,""note"":""Discovery snapshot only; assumes capital pre-positioned on both venues. Rebalancing, withdrawal, latency and deeper-book impact are not yet validated."",""sell_bid"":0.6347,""sell_venue"":""Bitget"",""source"":""wide_cex_hunter"",""taker_fee_bps_per_leg"":10.0,""total_friction_bps"":30.0}"
2026-09-07T14:46:25+00:00,cex_cross_spot,NEAR:buy Bitget / sell Gate,NEAR,buy Bitget / sell Gate,Bitget<->Gate,-4.255319,-34.255319,NO,416.75,"{""buy_ask"":2.35,""buy_venue"":""Bitget"",""extra_buffer_bps"":10.0,""note"":""Discovery snapshot only; assumes capital pre-positioned on both venues. Rebalancing, withdrawal, latency and deeper-book impact are not yet validated."",""sell_bid"":2.349,""sell_venue"":""Gate"",""source"":""wide_cex_hunter"",""taker_fee_bps_per_leg"":10.0,""total_friction_bps"":30.0}"
2026-09-07T14:46:25+00:00,cex_cross_spot,NEAR:buy Gate / sell Bitget,NEAR,buy Gate / sell Bitget,Bitget<->Gate,-4.255319,-34.255319,NO,223.20,"{""buy_ask"":2.35,""buy_venue"":""Gate"",""extra_buffer_bps"":10.0,""note"":""Discovery snapshot only; assumes capital pre-positioned on both venues. Rebalancing, withdrawal, latency and deeper-book impact are not yet validated."",""sell_bid"":2.349,""sell_venue"":""Bitget"",""source"":""wide_cex_hunter"",""taker_fee_bps_per_leg"":10.0,""total_friction_bps"":30.0}"
2026-09-07T15:51:45+00:00,cex_cross_spot,BTC:buy Bitget / sell Gate,BTC,buy Bitget / sell Gate,Bitget<->Gate,-1.015917,-31.015917,NO,145.69,"{""buy_ask"":78845.01,""buy_venue"":""Bitget"",""extra_buffer_bps"":10.0,""note"":""Discovery snapshot only; assumes capital pre-positioned on both venues. Rebalancing, withdrawal, latency and deeper-book impact are not yet validated."",""sell_bid"":78837.0,""sell_venue"":""Gate"",""source"":""wide_cex_hunter"",""taker_fee_bps_per_leg"":10.0,""total_friction_bps"":30.0}"
2026-09-07T15:51:45+00:00,cex_cross_spot,BTC:buy Gate / sell Bitget,BTC,buy Gate / sell Bitget,Bitget<->Gate,1.002066,-28.997934,NO,1576.90,"{""buy_ask"":78837.1,""buy_venue"":""Gate"",""extra_buffer_bps"":10.0,""note"":""Discovery snapshot only; assumes capital pre-positioned on both venues. Rebalancing, withdrawal, latency and deeper-book impact are not yet validated."",""sell_bid"":78845.0,""sell_venue"":""Bitget"",""source"":""wide_cex_hunter"",""taker_fee_bps_per_leg"":10.0,""total_friction_bps"":30.0}"
2026-09-07T15:51:45+00:00,cex_cross_spot,ETH:buy Bitget / sell Gate,ETH,buy Bitget / sell Gate,Bitget<->Gate,-4.852190,-34.852190,NO,13911.66,"{""buy_ask"":2473.11,""buy_venue"":""Bitget"",""extra_buffer_bps"":10.0,""note"":""Discovery snapshot only; assumes capital pre-positioned on both venues. Rebalancing, withdrawal, latency and deeper-book impact are not yet validated."",""sell_bid"":2471.91,""sell_venue"":""Gate"",""source"":""wide_cex_hunter"",""taker_fee_bps_per_leg"":10.0,""total_friction_bps"":30.0}"
2026-09-07T15:51:45+00:00,cex_cross_spot,ETH:buy Gate / sell Bitget,ETH,buy Gate / sell Bitget,Bitget<->Gate,4.773617,-25.226383,NO,53.67,"{""buy_ask"":2471.92,""buy_venue"":""Gate"",""extra_buffer_bps"":10.0,""note"":""Discovery snapshot only; assumes capital pre-positioned on both venues. Rebalancing, withdrawal, latency and deeper-book impact are not yet validated."",""sell_bid"":2473.1,""sell_venue"":""Bitget"",""source"":""wide_cex_hunter"",""taker_fee_bps_per_leg"":10.0,""total_friction_bps"":30.0}"
2026-09-07T15:51:45+00:00,cex_cross_spot,SOL:buy Bitget / sell Gate,SOL,buy Bitget / sell Gate,Bitget<->Gate,-9.680542,-39.680542,NO,11951.39,"{""buy_ask"":103.3,""buy_venue"":""Bitget"",""extra_buffer_bps"":10.0,""note"":""Discovery snapshot only; assumes capital pre-positioned on both venues. Rebalancing, withdrawal, latency and deeper-book impact are not yet validated."",""sell_bid"":103.2,""sell_venue"":""Gate"",""source"":""wide_cex_hunter"",""taker_fee_bps_per_leg"":10.0,""total_friction_bps"":30.0}"
2026-09-07T15:51:45+00:00,cex_cross_spot,SOL:buy Gate / sell Bitget,SOL,buy Gate / sell Bitget,Bitget<->Gate,7.751187,-22.248813,NO,178.95,"{""buy_ask"":103.21,""buy_venue"":""Gate"",""extra_buffer_bps"":10.0,""note"":""Discovery snapshot only; assumes capital pre-positioned on both venues. Rebalancing, withdrawal, latency and deeper-book impact are not yet validated."",""sell_bid"":103.29,""sell_venue"":""Bitget"",""source"":""wide_cex_hunter"",""taker_fee_bps_per_leg"":10.0,""total_friction_bps"":30.0}"
2026-09-07T15:51:45+00:00,cex_cross_spot,XRP:buy Bitget / sell Gate,XRP,buy Bitget / sell Gate,Bitget<->Gate,-1.446236,-31.446236,NO,126.58,"{""buy_ask"":1.3829,""buy_venue"":""Bitget"",""extra_buffer_bps"":10.0,""note"":""Discovery snapshot only; assumes capital pre-positioned on both venues. Rebalancing, withdrawal, latency and deeper-book impact are not yet validated."",""sell_bid"":1.3827,""sell_venue"":""Gate"",""source"":""wide_cex_hunter"",""taker_fee_bps_per_leg"":10.0,""total_friction_bps"":30.0}"
2026-09-07T15:51:45+00:00,cex_cross_spot,XRP:buy Gate / sell Bitget,XRP,buy Gate / sell Bitget,Bitget<->Gate,0.000000,-30.000000,NO,414.84,"{""buy_ask"":1.3828,""buy_venue"":""Gate"",""extra_buffer_bps"":10.0,""note"":""Discovery snapshot only; assumes capital pre-positioned on both venues. Rebalancing, withdrawal, latency and deeper-book impact are not yet validated."",""sell_bid"":1.3828,""sell_venue"":""Bitget"",""source"":""wide_cex_hunter"",""taker_fee_bps_per_leg"":10.0,""total_friction_bps"":30.0}"
2026-09-07T15:51:45+00:00,cex_cross_spot,DOGE:buy Bitget / sell Gate,DOGE,buy Bitget / sell Gate,Bitget<->Gate,0.000000,-30.000000,NO,171.75,"{""buy_ask"":0.08903,""buy_venue"":""Bitget"",""extra_buffer_bps"":10.0,""note"":""Discovery snapshot only; assumes capital pre-positioned on both venues. Rebalancing, withdrawal, latency and deeper-book impact are not yet validated."",""sell_bid"":0.08903,""sell_venue"":""Gate"",""source"":""wide_cex_hunter"",""taker_fee_bps_per_leg"":10.0,""total_friction_bps"":30.0}"
2026-09-07T15:51:45+00:00,cex_cross_spot,DOGE:buy Gate / sell Bitget,DOGE,buy Gate / sell Bitget,Bitget<->Gate,-2.246181,-32.246181,NO,38.45,"{""buy_ask"":0.08904,""buy_venue"":""Gate"",""extra_buffer_bps"":10.0,""note"":""Discovery snapshot only; assumes capital pre-positioned on both venues. Rebalancing, withdrawal, latency and deeper-book impact are not yet validated."",""sell_bid"":0.08902,""sell_venue"":""Bitget"",""source"":""wide_cex_hunter"",""taker_fee_bps_per_leg"":10.0,""total_friction_bps"":30.0}"
2026-09-07T15:51:45+00:00,cex_cross_spot,ADA:buy Bitget / sell Gate,ADA,buy Bitget / sell Gate,Bitget<->Gate,0.000000,-30.000000,NO,49.16,"{""buy_ask"":0.2175,""buy_venue"":""Bitget"",""extra_buffer_bps"":10.0,""note"":""Discovery snapshot only; assumes capital pre-positioned on both venues. Rebalancing, withdrawal, latency and deeper-book impact are not yet validated."",""sell_bid"":0.2175,""sell_venue"":""Gate"",""source"":""wide_cex_hunter"",""taker_fee_bps_per_leg"":10.0,""total_friction_bps"":30.0}"
2026-09-07T15:51:45+00:00,cex_cross_spot,ADA:buy Gate / sell Bitget,ADA,buy Gate / sell Bitget,Bitget<->Gate,-5.057239,-35.057239,NO,47.85,"{""buy_ask"":0.21751,""buy_venue"":""Gate"",""extra_buffer_bps"":10.0,""note"":""Discovery snapshot only; assumes capital pre-positioned on both venues. Rebalancing, withdrawal, latency and deeper-book impact are not yet validated."",""sell_bid"":0.2174,""sell_venue"":""Bitget"",""source"":""wide_cex_hunter"",""taker_fee_bps_per_leg"":10.0,""total_friction_bps"":30.0}"
2026-09-07T15:51:45+00:00,cex_cross_spot,LINK:buy Bitget / sell Gate,LINK,buy Bitget / sell Gate,Bitget<->Gate,17.064846,-12.935154,NO,51.48,"{""buy_ask"":12.892,""buy_venue"":""Bitget"",""extra_buffer_bps"":10.0,""note"":""Discovery snapshot only; assumes capital pre-positioned on both venues. Rebalancing, withdrawal, latency and deeper-book impact are not yet validated."",""sell_bid"":12.914,""sell_venue"":""Gate"",""source"":""wide_cex_hunter"",""taker_fee_bps_per_leg"":10.0,""total_friction_bps"":30.0}"
2026-09-07T15:51:45+00:00,cex_cross_spot,LINK:buy Gate / sell Bitget,LINK,buy Gate / sell Bitget,Bitget<->Gate,-22.447558,-52.447558,NO,246.57,"{""buy_ask"":12.919,""buy_venue"":""Gate"",""extra_buffer_bps"":10.0,""note"":""Discovery snapshot only; assumes capital pre-positioned on both venues. Rebalancing, withdrawal, latency and deeper-book impact are not yet validated."",""sell_bid"":12.89,""sell_venue"":""Bitget"",""source"":""wide_cex_hunter"",""taker_fee_bps_per_leg"":10.0,""total_friction_bps"":30.0}"
2026-09-07T15:51:45+00:00,cex_cross_spot,LTC:buy Bitget / sell Gate,LTC,buy Bitget / sell Gate,Bitget<->Gate,-3.612064,-33.612064,NO,117.12,"{""buy_ask"":55.37,""buy_venue"":""Bitget"",""extra_buffer_bps"":10.0,""note"":""Discovery snapshot only; assumes capital pre-positioned on both venues. Rebalancing, withdrawal, latency and deeper-book impact are not yet validated."",""sell_bid"":55.35,""sell_venue"":""Gate"",""source"":""wide_cex_hunter"",""taker_fee_bps_per_leg"":10.0,""total_friction_bps"":30.0}"
2026-09-07T15:51:45+00:00,cex_cross_spot,LTC:buy Gate / sell Bitget,LTC,buy Gate / sell Bitget,Bitget<->Gate,-1.806358,-31.806358,NO,174.38,"{""buy_ask"":55.36,""buy_venue"":""Gate"",""extra_buffer_bps"":10.0,""note"":""Discovery snapshot only; assumes capital pre-positioned on both venues. Rebalancing, withdrawal, latency and deeper-book impact are not yet validated."",""sell_bid"":55.35,""sell_venue"":""Bitget"",""source"":""wide_cex_hunter"",""taker_fee_bps_per_leg"":10.0,""total_friction_bps"":30.0}"
2026-09-07T15:51:45+00:00,cex_cross_spot,BCH:buy Bitget / sell Gate,BCH,buy Bitget / sell Gate,Bitget<->Gate,-6.546015,-36.546015,NO,49.57,"{""buy_ask"":259.7,""buy_venue"":""Bitget"",""extra_buffer_bps"":10.0,""note"":""Discovery snapshot only; assumes capital pre-positioned on both venues. Rebalancing, withdrawal, latency and deeper-book impact are not yet validated."",""sell_bid"":259.53,""sell_venue"":""Gate"",""source"":""wide_cex_hunter"",""taker_fee_bps_per_leg"":10.0,""total_friction_bps"":30.0}"
2026-09-07T15:51:45+00:00,cex_cross_spot,BCH:buy Gate / sell Bitget,BCH,buy Gate / sell Bitget,Bitget<->Gate,-8.470661,-38.470661,NO,24.67,"{""buy_ask"":259.72,""buy_venue"":""Gate"",""extra_buffer_bps"":10.0,""note"":""Discovery snapshot only; assumes capital pre-positioned on both venues. Rebalancing, withdrawal, latency and deeper-book impact are not yet validated."",""sell_bid"":259.5,""sell_venue"":""Bitget"",""source"":""wide_cex_hunter"",""taker_fee_bps_per_leg"":10.0,""total_friction_bps"":30.0}"
2026-09-07T15:51:45+00:00,cex_cross_spot,AVAX:buy Bitget / sell Gate,AVAX,buy Bitget / sell Gate,Bitget<->Gate,-2.481082,-32.481082,NO,161.18,"{""buy_ask"":8.061,""buy_venue"":""Bitget"",""extra_buffer_bps"":10.0,""note"":""Discovery snapshot only; assumes capital pre-positioned on both venues. Rebalancing, withdrawal, latency and deeper-book impact are not yet validated."",""sell_bid"":8.059,""sell_venue"":""Gate"",""source"":""wide_cex_hunter"",""taker_fee_bps_per_leg"":10.0,""total_friction_bps"":30.0}"
2026-09-07T15:51:45+00:00,cex_cross_spot,AVAX:buy Gate / sell Bitget,AVAX,buy Gate / sell Bitget,Bitget<->Gate,-3.720699,-33.720699,NO,383.02,"{""buy_ask"":8.063,""buy_venue"":""Gate"",""extra_buffer_bps"":10.0,""note"":""Discovery snapshot only; assumes capital pre-positioned on both venues. Rebalancing, withdrawal, latency and deeper-book impact are not yet validated."",""sell_bid"":8.06,""sell_venue"":""Bitget"",""source"":""wide_cex_hunter"",""taker_fee_bps_per_leg"":10.0,""total_friction_bps"":30.0}"
2026-09-07T15:51:45+00:00,cex_cross_spot,DOT:buy Bitget / sell Gate,DOT,buy Bitget / sell Gate,Bitget<->Gate,0.931099,-29.068901,NO,125.54,"{""buy_ask"":1.074,""buy_venue"":""Bitget"",""extra_buffer_bps"":10.0,""note"":""Discovery snapshot only; assumes capital pre-positioned on both venues. Rebalancing, withdrawal, latency and deeper-book impact are not yet validated."",""sell_bid"":1.0741,""sell_venue"":""Gate"",""source"":""wide_cex_hunter"",""taker_fee_bps_per_leg"":10.0,""total_friction_bps"":30.0}"
2026-09-07T15:51:45+00:00,cex_cross_spot,DOT:buy Gate / sell Bitget,DOT,buy Gate / sell Bitget,Bitget<->Gate,-16.747302,-46.747302,NO,4.94,"{""buy_ask"":1.0748,""buy_venue"":""Gate"",""extra_buffer_bps"":10.0,""note"":""Discovery snapshot only; assumes capital pre-positioned on both venues. Rebalancing, withdrawal, latency and deeper-book impact are not yet validated."",""sell_bid"":1.073,""sell_venue"":""Bitget"",""source"":""wide_cex_hunter"",""taker_fee_bps_per_leg"":10.0,""total_friction_bps"":30.0}"
2026-09-07T15:51:45+00:00,cex_cross_spot,TRX:buy Bitget / sell Gate,TRX,buy Bitget / sell Gate,Bitget<->Gate,-2.396788,-32.396788,NO,16.64,"{""buy_ask"":0.33378,""buy_venue"":""Bitget"",""extra_buffer_bps"":10.0,""note"":""Discovery snapshot only; assumes capital pre-positioned on both venues. Rebalancing, withdrawal, latency and deeper-book impact are not yet validated."",""sell_bid"":0.3337,""sell_venue"":""Gate"",""source"":""wide_cex_hunter"",""taker_fee_bps_per_leg"":10.0,""total_friction_bps"":30.0}"
2026-09-07T15:51:45+00:00,cex_cross_spot,TRX:buy Gate / sell Bitget,TRX,buy Gate / sell Bitget,Bitget<->Gate,-0.898742,-30.898742,NO,357.73,"{""buy_ask"":0.3338,""buy_venue"":""Gate"",""extra_buffer_bps"":10.0,""note"":""Discovery snapshot only; assumes capital pre-positioned on both venues. Rebalancing, withdrawal, latency and deeper-book impact are not yet validated."",""sell_bid"":0.33377,""sell_venue"":""Bitget"",""source"":""wide_cex_hunter"",""taker_fee_bps_per_leg"":10.0,""total_friction_bps"":30.0}"
2026-09-07T15:51:45+00:00,cex_cross_spot,SUI:buy Bitget / sell Gate,SUI,buy Bitget / sell Gate,Bitget<->Gate,0.000000,-30.000000,NO,138.93,"{""buy_ask"":0.8047,""buy_venue"":""Bitget"",""extra_buffer_bps"":10.0,""note"":""Discovery snapshot only; assumes capital pre-positioned on both venues. Rebalancing, withdrawal, latency and deeper-book impact are not yet validated."",""sell_bid"":0.8047,""sell_venue"":""Gate"",""source"":""wide_cex_hunter"",""taker_fee_bps_per_leg"":10.0,""total_friction_bps"":30.0}"
2026-09-07T15:51:45+00:00,cex_cross_spot,SUI:buy Gate / sell Bitget,SUI,buy Gate / sell Bitget,Bitget<->Gate,-2.485089,-32.485089,NO,37.09,"{""buy_ask"":0.8048,""buy_venue"":""Gate"",""extra_buffer_bps"":10.0,""note"":""Discovery snapshot only; assumes capital pre-positioned on both venues. Rebalancing, withdrawal, latency and deeper-book impact are not yet validated."",""sell_bid"":0.8046,""sell_venue"":""Bitget"",""source"":""wide_cex_hunter"",""taker_fee_bps_per_leg"":10.0,""total_friction_bps"":30.0}"
2026-09-07T15:51:45+00:00,cex_cross_spot,APT:buy Bitget / sell Gate,APT,buy Bitget / sell Gate,Bitget<->Gate,-56.953014,-86.953014,NO,70.05,"{""buy_ask"":0.6321,""buy_venue"":""Bitget"",""extra_buffer_bps"":10.0,""note"":""Discovery snapshot only; assumes capital pre-positioned on both venues. Rebalancing, withdrawal, latency and deeper-book impact are not yet validated."",""sell_bid"":0.6285,""sell_venue"":""Gate"",""source"":""wide_cex_hunter"",""taker_fee_bps_per_leg"":10.0,""total_friction_bps"":30.0}"
2026-09-07T15:51:45+00:00,cex_cross_spot,APT:buy Gate / sell Bitget,APT,buy Gate / sell Bitget,Bitget<->Gate,49.292415,19.292415,YES,17.99,"{""buy_ask"":0.6289,""buy_venue"":""Gate"",""extra_buffer_bps"":10.0,""note"":""Discovery snapshot only; assumes capital pre-positioned on both venues. Rebalancing, withdrawal, latency and deeper-book impact are not yet validated."",""sell_bid"":0.632,""sell_venue"":""Bitget"",""source"":""wide_cex_hunter"",""taker_fee_bps_per_leg"":10.0,""total_friction_bps"":30.0}"
2026-09-07T15:51:45+00:00,cex_cross_spot,NEAR:buy Bitget / sell Gate,NEAR,buy Bitget / sell Gate,Bitget<->Gate,-4.329004,-34.329004,NO,609.78,"{""buy_ask"":2.31,""buy_venue"":""Bitget"",""extra_buffer_bps"":10.0,""note"":""Discovery snapshot only; assumes capital pre-positioned on both venues. Rebalancing, withdrawal, latency and deeper-book impact are not yet validated."",""sell_bid"":2.309,""sell_venue"":""Gate"",""source"":""wide_cex_hunter"",""taker_fee_bps_per_leg"":10.0,""total_friction_bps"":30.0}"
2026-09-07T15:51:45+00:00,cex_cross_spot,NEAR:buy Gate / sell Bitget,NEAR,buy Gate / sell Bitget,Bitget<->Gate,-4.329004,-34.329004,NO,149.41,"{""buy_ask"":2.31,""buy_venue"":""Gate"",""extra_buffer_bps"":10.0,""note"":""Discovery snapshot only; assumes capital pre-positioned on both venues. Rebalancing, withdrawal, latency and deeper-book impact are not yet validated."",""sell_bid"":2.309,""sell_venue"":""Bitget"",""source"":""wide_cex_hunter"",""taker_fee_bps_per_leg"":10.0,""total_friction_bps"":30.0}"
2026-09-07T15:56:09+00:00,cex_cross_spot,BTC:buy Bitget / sell Gate,BTC,buy Bitget / sell Gate,Bitget<->Gate,0.493811,-29.506189,NO,368.69,"{""buy_ask"":78775.01,""buy_venue"":""Bitget"",""extra_buffer_bps"":10.0,""note"":""Discovery snapshot only; assumes capital pre-positioned on both venues. Rebalancing, withdrawal, latency and deeper-book impact are not yet validated."",""sell_bid"":78778.9,""sell_venue"":""Gate"",""source"":""wide_cex_hunter"",""taker_fee_bps_per_leg"":10.0,""total_friction_bps"":30.0}"
2026-09-07T15:56:09+00:00,cex_cross_spot,BTC:buy Gate / sell Bitget,BTC,buy Gate / sell Bitget,Bitget<->Gate,-0.507750,-30.507750,NO,5015.68,"{""buy_ask"":78779.0,""buy_venue"":""Gate"",""extra_buffer_bps"":10.0,""note"":""Discovery snapshot only; assumes capital pre-positioned on both venues. Rebalancing, withdrawal, latency and deeper-book impact are not yet validated."",""sell_bid"":78775.0,""sell_venue"":""Bitget"",""source"":""wide_cex_hunter"",""taker_fee_bps_per_leg"":10.0,""total_friction_bps"":30.0}"
2026-09-07T15:56:09+00:00,cex_cross_spot,ETH:buy Bitget / sell Gate,ETH,buy Bitget / sell Gate,Bitget<->Gate,-0.647849,-30.647849,NO,1282.68,"{""buy_ask"":2469.71,""buy_venue"":""Bitget"",""extra_buffer_bps"":10.0,""note"":""Discovery snapshot only; assumes capital pre-positioned on both venues. Rebalancing, withdrawal, latency and deeper-book impact are not yet validated."",""sell_bid"":2469.55,""sell_venue"":""Gate"",""source"":""wide_cex_hunter"",""taker_fee_bps_per_leg"":10.0,""total_friction_bps"":30.0}"
2026-09-07T15:56:09+00:00,cex_cross_spot,ETH:buy Gate / sell Bitget,ETH,buy Gate / sell Bitget,Bitget<->Gate,0.566903,-29.433097,NO,18.28,"{""buy_ask"":2469.56,""buy_venue"":""Gate"",""extra_buffer_bps"":10.0,""note"":""Discovery snapshot only; assumes capital pre-positioned on both venues. Rebalancing, withdrawal, latency and deeper-book impact are not yet validated."",""sell_bid"":2469.7,""sell_venue"":""Bitget"",""source"":""wide_cex_hunter"",""taker_fee_bps_per_leg"":10.0,""total_friction_bps"":30.0}"
2026-09-07T15:56:09+00:00,cex_cross_spot,SOL:buy Bitget / sell Gate,SOL,buy Bitget / sell Gate,Bitget<->Gate,-1.939112,-31.939112,NO,10883.70,"{""buy_ask"":103.14,""buy_venue"":""Bitget"",""extra_buffer_bps"":10.0,""note"":""Discovery snapshot only; assumes capital pre-positioned on both venues. Rebalancing, withdrawal, latency and deeper-book impact are not yet validated."",""sell_bid"":103.12,""sell_venue"":""Gate"",""source"":""wide_cex_hunter"",""taker_fee_bps_per_leg"":10.0,""total_friction_bps"":30.0}"
2026-09-07T15:56:09+00:00,cex_cross_spot,SOL:buy Gate / sell Bitget,SOL,buy Gate / sell Bitget,Bitget<->Gate,0.000000,-30.000000,NO,2060.02,"{""buy_ask"":103.13,""buy_venue"":""Gate"",""extra_buffer_bps"":10.0,""note"":""Discovery snapshot only; assumes capital pre-positioned on both venues. Rebalancing, withdrawal, latency and deeper-book impact are not yet validated."",""sell_bid"":103.13,""sell_venue"":""Bitget"",""source"":""wide_cex_hunter"",""taker_fee_bps_per_leg"":10.0,""total_friction_bps"":30.0}"
2026-09-07T15:56:09+00:00,cex_cross_spot,XRP:buy Bitget / sell Gate,XRP,buy Bitget / sell Gate,Bitget<->Gate,-1.447911,-31.447911,NO,39.91,"{""buy_ask"":1.3813,""buy_venue"":""Bitget"",""extra_buffer_bps"":10.0,""note"":""Discovery snapshot only; assumes capital pre-positioned on both venues. Rebalancing, withdrawal, latency and deeper-book impact are not yet validated."",""sell_bid"":1.3811,""sell_venue"":""Gate"",""source"":""wide_cex_hunter"",""taker_fee_bps_per_leg"":10.0,""total_friction_bps"":30.0}"
2026-09-07T15:56:09+00:00,cex_cross_spot,XRP:buy Gate / sell Bitget,XRP,buy Gate / sell Bitget,Bitget<->Gate,-0.723956,-30.723956,NO,500.00,"{""buy_ask"":1.3813,""buy_venue"":""Gate"",""extra_buffer_bps"":10.0,""note"":""Discovery snapshot only; assumes capital pre-positioned on both venues. Rebalancing, withdrawal, latency and deeper-book impact are not yet validated."",""sell_bid"":1.3812,""sell_venue"":""Bitget"",""source"":""wide_cex_hunter"",""taker_fee_bps_per_leg"":10.0,""total_friction_bps"":30.0}"
2026-09-07T15:56:09+00:00,cex_cross_spot,DOGE:buy Bitget / sell Gate,DOGE,buy Bitget / sell Gate,Bitget<->Gate,-2.252252,-32.252252,NO,445.13,"{""buy_ask"":0.0888,""buy_venue"":""Bitget"",""extra_buffer_bps"":10.0,""note"":""Discovery snapshot only; assumes capital pre-positioned on both venues. Rebalancing, withdrawal, latency and deeper-book impact are not yet validated."",""sell_bid"":0.08878,""sell_venue"":""Gate"",""source"":""wide_cex_hunter"",""taker_fee_bps_per_leg"":10.0,""total_friction_bps"":30.0}"
2026-09-07T15:56:09+00:00,cex_cross_spot,DOGE:buy Gate / sell Bitget,DOGE,buy Gate / sell Bitget,Bitget<->Gate,0.000000,-30.000000,NO,117.67,"{""buy_ask"":0.08879,""buy_venue"":""Gate"",""extra_buffer_bps"":10.0,""note"":""Discovery snapshot only; assumes capital pre-positioned on both venues. Rebalancing, withdrawal, latency and deeper-book impact are not yet validated."",""sell_bid"":0.08879,""sell_venue"":""Bitget"",""source"":""wide_cex_hunter"",""taker_fee_bps_per_leg"":10.0,""total_friction_bps"":30.0}"
2026-09-07T15:56:09+00:00,cex_cross_spot,ADA:buy Bitget / sell Gate,ADA,buy Bitget / sell Gate,Bitget<->Gate,-3.227294,-33.227294,NO,152.65,"{""buy_ask"":0.2169,""buy_venue"":""Bitget"",""extra_buffer_bps"":10.0,""note"":""Discovery snapshot only; assumes capital pre-positioned on both venues. Rebalancing, withdrawal, latency and deeper-book impact are not yet validated."",""sell_bid"":0.21683,""sell_venue"":""Gate"",""source"":""wide_cex_hunter"",""taker_fee_bps_per_leg"":10.0,""total_friction_bps"":30.0}"
2026-09-07T15:56:09+00:00,cex_cross_spot,ADA:buy Gate / sell Bitget,ADA,buy Gate / sell Bitget,Bitget<->Gate,-1.844678,-31.844678,NO,150.23,"{""buy_ask"":0.21684,""buy_venue"":""Gate"",""extra_buffer_bps"":10.0,""note"":""Discovery snapshot only; assumes capital pre-positioned on both venues. Rebalancing, withdrawal, latency and deeper-book impact are not yet validated."",""sell_bid"":0.2168,""sell_venue"":""Bitget"",""source"":""wide_cex_hunter"",""taker_fee_bps_per_leg"":10.0,""total_friction_bps"":30.0}"
2026-09-07T15:56:09+00:00,cex_cross_spot,LINK:buy Bitget / sell Gate,LINK,buy Bitget / sell Gate,Bitget<->Gate,0.000000,-30.000000,NO,37.58,"{""buy_ask"":12.874,""buy_venue"":""Bitget"",""extra_buffer_bps"":10.0,""note"":""Discovery snapshot only; assumes capital pre-positioned on both venues. Rebalancing, withdrawal, latency and deeper-book impact are not yet validated."",""sell_bid"":12.874,""sell_venue"":""Gate"",""source"":""wide_cex_hunter"",""taker_fee_bps_per_leg"":10.0,""total_friction_bps"":30.0}"
2026-09-07T15:56:09+00:00,cex_cross_spot,LINK:buy Gate / sell Bitget,LINK,buy Gate / sell Bitget,Bitget<->Gate,-3.106314,-33.106314,NO,157.87,"{""buy_ask"":12.877,""buy_venue"":""Gate"",""extra_buffer_bps"":10.0,""note"":""Discovery snapshot only; assumes capital pre-positioned on both venues. Rebalancing, withdrawal, latency and deeper-book impact are not yet validated."",""sell_bid"":12.873,""sell_venue"":""Bitget"",""source"":""wide_cex_hunter"",""taker_fee_bps_per_leg"":10.0,""total_friction_bps"":30.0}"
2026-09-07T15:56:09+00:00,cex_cross_spot,LTC:buy Bitget / sell Gate,LTC,buy Bitget / sell Gate,Bitget<->Gate,-5.422013,-35.422013,NO,267.15,"{""buy_ask"":55.33,""buy_venue"":""Bitget"",""extra_buffer_bps"":10.0,""note"":""Discovery snapshot only; assumes capital pre-positioned on both venues. Rebalancing, withdrawal, latency and deeper-book impact are not yet validated."",""sell_bid"":55.3,""sell_venue"":""Gate"",""source"":""wide_cex_hunter"",""taker_fee_bps_per_leg"":10.0,""total_friction_bps"":30.0}"
2026-09-07T15:56:09+00:00,cex_cross_spot,LTC:buy Gate / sell Bitget,LTC,buy Gate / sell Bitget,Bitget<->Gate,-1.807664,-31.807664,NO,329.49,"{""buy_ask"":55.32,""buy_venue"":""Gate"",""extra_buffer_bps"":10.0,""note"":""Discovery snapshot only; assumes capital pre-positioned on both venues. Rebalancing, withdrawal, latency and deeper-book impact are not yet validated."",""sell_bid"":55.31,""sell_venue"":""Bitget"",""source"":""wide_cex_hunter"",""taker_fee_bps_per_leg"":10.0,""total_friction_bps"":30.0}"
2026-09-07T15:56:09+00:00,cex_cross_spot,BCH:buy Bitget / sell Gate,BCH,buy Bitget / sell Gate,Bitget<->Gate,-5.407493,-35.407493,NO,97.55,"{""buy_ask"":258.9,""buy_venue"":""Bitget"",""extra_buffer_bps"":10.0,""note"":""Discovery snapshot only; assumes capital pre-positioned on both venues. Rebalancing, withdrawal, latency and deeper-book impact are not yet validated."",""sell_bid"":258.76,""sell_venue"":""Gate"",""source"":""wide_cex_hunter"",""taker_fee_bps_per_leg"":10.0,""total_friction_bps"":30.0}"
2026-09-07T15:56:09+00:00,cex_cross_spot,BCH:buy Gate / sell Bitget,BCH,buy Gate / sell Bitget,Bitget<->Gate,-8.882710,-38.882710,NO,24.60,"{""buy_ask"":258.93,""buy_venue"":""Gate"",""extra_buffer_bps"":10.0,""note"":""Discovery snapshot only; assumes capital pre-positioned on both venues. Rebalancing, withdrawal, latency and deeper-book impact are not yet validated."",""sell_bid"":258.7,""sell_venue"":""Bitget"",""source"":""wide_cex_hunter"",""taker_fee_bps_per_leg"":10.0,""total_friction_bps"":30.0}"
2026-09-07T15:56:09+00:00,cex_cross_spot,AVAX:buy Bitget / sell Gate,AVAX,buy Bitget / sell Gate,Bitget<->Gate,-1.245795,-31.245795,NO,197.80,"{""buy_ask"":8.027,""buy_venue"":""Bitget"",""extra_buffer_bps"":10.0,""note"":""Discovery snapshot only; assumes capital pre-positioned on both venues. Rebalancing, withdrawal, latency and deeper-book impact are not yet validated."",""sell_bid"":8.026,""sell_venue"":""Gate"",""source"":""wide_cex_hunter"",""taker_fee_bps_per_leg"":10.0,""total_friction_bps"":30.0}"
2026-09-07T15:56:09+00:00,cex_cross_spot,AVAX:buy Gate / sell Bitget,AVAX,buy Gate / sell Bitget,Bitget<->Gate,-3.736455,-33.736455,NO,124.19,"{""buy_ask"":8.029,""buy_venue"":""Gate"",""extra_buffer_bps"":10.0,""note"":""Discovery snapshot only; assumes capital pre-positioned on both venues. Rebalancing, withdrawal, latency and deeper-book impact are not yet validated."",""sell_bid"":8.026,""sell_venue"":""Bitget"",""source"":""wide_cex_hunter"",""taker_fee_bps_per_leg"":10.0,""total_friction_bps"":30.0}"
2026-09-07T15:56:09+00:00,cex_cross_spot,DOT:buy Bitget / sell Gate,DOT,buy Bitget / sell Gate,Bitget<->Gate,2.822201,-27.177799,NO,144.68,"{""buy_ask"":1.063,""buy_venue"":""Bitget"",""extra_buffer_bps"":10.0,""note"":""Discovery snapshot only; assumes capital pre-positioned on both venues. Rebalancing, withdrawal, latency and deeper-book impact are not yet validated."",""sell_bid"":1.0633,""sell_venue"":""Gate"",""source"":""wide_cex_hunter"",""taker_fee_bps_per_leg"":10.0,""total_friction_bps"":30.0}"
2026-09-07T15:56:09+00:00,cex_cross_spot,DOT:buy Gate / sell Bitget,DOT,buy Gate / sell Bitget,Bitget<->Gate,-19.734987,-49.734987,NO,5.43,"{""buy_ask"":1.0641,""buy_venue"":""Gate"",""extra_buffer_bps"":10.0,""note"":""Discovery snapshot only; assumes capital pre-positioned on both venues. Rebalancing, withdrawal, latency and deeper-book impact are not yet validated."",""sell_bid"":1.062,""sell_venue"":""Bitget"",""source"":""wide_cex_hunter"",""taker_fee_bps_per_leg"":10.0,""total_friction_bps"":30.0}"
2026-09-07T15:56:09+00:00,cex_cross_spot,TRX:buy Bitget / sell Gate,TRX,buy Bitget / sell Gate,Bitget<->Gate,-1.498127,-31.498127,NO,16.47,"{""buy_ask"":0.33375,""buy_venue"":""Bitget"",""extra_buffer_bps"":10.0,""note"":""Discovery snapshot only; assumes capital pre-positioned on both venues. Rebalancing, withdrawal, latency and deeper-book impact are not yet validated."",""sell_bid"":0.3337,""sell_venue"":""Gate"",""source"":""wide_cex_hunter"",""taker_fee_bps_per_leg"":10.0,""total_friction_bps"":30.0}"
2026-09-07T15:56:09+00:00,cex_cross_spot,TRX:buy Gate / sell Bitget,TRX,buy Gate / sell Bitget,Bitget<->Gate,-1.797484,-31.797484,NO,1865.76,"{""buy_ask"":0.3338,""buy_venue"":""Gate"",""extra_buffer_bps"":10.0,""note"":""Discovery snapshot only; assumes capital pre-positioned on both venues. Rebalancing, withdrawal, latency and deeper-book impact are not yet validated."",""sell_bid"":0.33374,""sell_venue"":""Bitget"",""source"":""wide_cex_hunter"",""taker_fee_bps_per_leg"":10.0,""total_friction_bps"":30.0}"
2026-09-07T15:56:09+00:00,cex_cross_spot,SUI:buy Bitget / sell Gate,SUI,buy Bitget / sell Gate,Bitget<->Gate,-2.495010,-32.495010,NO,48.86,"{""buy_ask"":0.8016,""buy_venue"":""Bitget"",""extra_buffer_bps"":10.0,""note"":""Discovery snapshot only; assumes capital pre-positioned on both venues. Rebalancing, withdrawal, latency and deeper-book impact are not yet validated."",""sell_bid"":0.8014,""sell_venue"":""Gate"",""source"":""wide_cex_hunter"",""taker_fee_bps_per_leg"":10.0,""total_friction_bps"":30.0}"
2026-09-07T15:56:09+00:00,cex_cross_spot,SUI:buy Gate / sell Bitget,SUI,buy Gate / sell Bitget,Bitget<->Gate,0.000000,-30.000000,NO,8.42,"{""buy_ask"":0.8015,""buy_venue"":""Gate"",""extra_buffer_bps"":10.0,""note"":""Discovery snapshot only; assumes capital pre-positioned on both venues. Rebalancing, withdrawal, latency and deeper-book impact are not yet validated."",""sell_bid"":0.8015,""sell_venue"":""Bitget"",""source"":""wide_cex_hunter"",""taker_fee_bps_per_leg"":10.0,""total_friction_bps"":30.0}"
2026-09-07T15:56:09+00:00,cex_cross_spot,APT:buy Bitget / sell Gate,APT,buy Bitget / sell Gate,Bitget<->Gate,-9.520787,-39.520787,NO,89.73,"{""buy_ask"":0.6302,""buy_venue"":""Bitget"",""extra_buffer_bps"":10.0,""note"":""Discovery snapshot only; assumes capital pre-positioned on both venues. Rebalancing, withdrawal, latency and deeper-book impact are not yet validated."",""sell_bid"":0.6296,""sell_venue"":""Gate"",""source"":""wide_cex_hunter"",""taker_fee_bps_per_leg"":10.0,""total_friction_bps"":30.0}"
2026-09-07T15:56:09+00:00,cex_cross_spot,APT:buy Gate / sell Bitget,APT,buy Gate / sell Bitget,Bitget<->Gate,-3.173092,-33.173092,NO,71.77,"{""buy_ask"":0.6303,""buy_venue"":""Gate"",""extra_buffer_bps"":10.0,""note"":""Discovery snapshot only; assumes capital pre-positioned on both venues. Rebalancing, withdrawal, latency and deeper-book impact are not yet validated."",""sell_bid"":0.6301,""sell_venue"":""Bitget"",""source"":""wide_cex_hunter"",""taker_fee_bps_per_leg"":10.0,""total_friction_bps"":30.0}"
2026-09-07T15:56:09+00:00,cex_cross_spot,NEAR:buy Bitget / sell Gate,NEAR,buy Bitget / sell Gate,Bitget<->Gate,4.353505,-25.646495,NO,638.80,"{""buy_ask"":2.297,""buy_venue"":""Bitget"",""extra_buffer_bps"":10.0,""note"":""Discovery snapshot only; assumes capital pre-positioned on both venues. Rebalancing, withdrawal, latency and deeper-book impact are not yet validated."",""sell_bid"":2.298,""sell_venue"":""Gate"",""source"":""wide_cex_hunter"",""taker_fee_bps_per_leg"":10.0,""total_friction_bps"":30.0}"
2026-09-07T15:56:09+00:00,cex_cross_spot,NEAR:buy Gate / sell Bitget,NEAR,buy Gate / sell Bitget,Bitget<->Gate,-13.049152,-43.049152,NO,191.83,"{""buy_ask"":2.299,""buy_venue"":""Gate"",""extra_buffer_bps"":10.0,""note"":""Discovery snapshot only; assumes capital pre-positioned on both venues. Rebalancing, withdrawal, latency and deeper-book impact are not yet validated."",""sell_bid"":2.296,""sell_venue"":""Bitget"",""source"":""wide_cex_hunter"",""taker_fee_bps_per_leg"":10.0,""total_friction_bps"":30.0}"
2026-09-07T18:20:37+00:00,cex_cross_spot,BTC:buy Bitget / sell Gate,BTC,buy Bitget / sell Gate,Bitget<->Gate,0.353558,-29.646442,NO,12397.98,"{""buy_ask"":79195.0,""buy_venue"":""Bitget"",""extra_buffer_bps"":10.0,""note"":""Discovery snapshot only; assumes capital pre-positioned on both venues. Rebalancing, withdrawal, latency and deeper-book impact are not yet validated."",""sell_bid"":79197.8,""sell_venue"":""Gate"",""source"":""wide_cex_hunter"",""taker_fee_bps_per_leg"":10.0,""total_friction_bps"":30.0}"
2026-09-07T18:20:37+00:00,cex_cross_spot,BTC:buy Gate / sell Bitget,BTC,buy Gate / sell Bitget,Bitget<->Gate,-0.367434,-30.367434,NO,3496.90,"{""buy_ask"":79197.9,""buy_venue"":""Gate"",""extra_buffer_bps"":10.0,""note"":""Discovery snapshot only; assumes capital pre-positioned on both venues. Rebalancing, withdrawal, latency and deeper-book impact are not yet validated."",""sell_bid"":79194.99,""sell_venue"":""Bitget"",""source"":""wide_cex_hunter"",""taker_fee_bps_per_leg"":10.0,""total_friction_bps"":30.0}"
2026-09-07T18:20:37+00:00,cex_cross_spot,ETH:buy Bitget / sell Gate,ETH,buy Bitget / sell Gate,Bitget<->Gate,-0.761523,-30.761523,NO,5473.61,"{""buy_ask"":2495.0,""buy_venue"":""Bitget"",""extra_buffer_bps"":10.0,""note"":""Discovery snapshot only; assumes capital pre-positioned on both venues. Rebalancing, withdrawal, latency and deeper-book impact are not yet validated."",""sell_bid"":2494.81,""sell_venue"":""Gate"",""source"":""wide_cex_hunter"",""taker_fee_bps_per_leg"":10.0,""total_friction_bps"":30.0}"
2026-09-07T18:20:37+00:00,cex_cross_spot,ETH:buy Gate / sell Bitget,ETH,buy Gate / sell Bitget,Bitget<->Gate,0.681412,-29.318588,NO,49.40,"{""buy_ask"":2494.82,""buy_venue"":""Gate"",""extra_buffer_bps"":10.0,""note"":""Discovery snapshot only; assumes capital pre-positioned on both venues. Rebalancing, withdrawal, latency and deeper-book impact are not yet validated."",""sell_bid"":2494.99,""sell_venue"":""Bitget"",""source"":""wide_cex_hunter"",""taker_fee_bps_per_leg"":10.0,""total_friction_bps"":30.0}"
2026-09-07T18:20:37+00:00,cex_cross_spot,SOL:buy Bitget / sell Gate,SOL,buy Bitget / sell Gate,Bitget<->Gate,0.000000,-30.000000,NO,186.24,"{""buy_ask"":103.93,""buy_venue"":""Bitget"",""extra_buffer_bps"":10.0,""note"":""Discovery snapshot only; assumes capital pre-positioned on both venues. Rebalancing, withdrawal, latency and deeper-book impact are not yet validated."",""sell_bid"":103.93,""sell_venue"":""Gate"",""source"":""wide_cex_hunter"",""taker_fee_bps_per_leg"":10.0,""total_friction_bps"":30.0}"
2026-09-07T18:20:37+00:00,cex_cross_spot,SOL:buy Gate / sell Bitget,SOL,buy Gate / sell Bitget,Bitget<->Gate,-1.924187,-31.924187,NO,5278.88,"{""buy_ask"":103.94,""buy_venue"":""Gate"",""extra_buffer_bps"":10.0,""note"":""Discovery snapshot only; assumes capital pre-positioned on both venues. Rebalancing, withdrawal, latency and deeper-book impact are not yet validated."",""sell_bid"":103.92,""sell_venue"":""Bitget"",""source"":""wide_cex_hunter"",""taker_fee_bps_per_leg"":10.0,""total_friction_bps"":30.0}"
2026-09-07T18:20:37+00:00,cex_cross_spot,XRP:buy Bitget / sell Gate,XRP,buy Bitget / sell Gate,Bitget<->Gate,0.715666,-29.284334,NO,2.99,"{""buy_ask"":1.3973,""buy_venue"":""Bitget"",""extra_buffer_bps"":10.0,""note"":""Discovery snapshot only; assumes capital pre-positioned on both venues. Rebalancing, withdrawal, latency and deeper-book impact are not yet validated."",""sell_bid"":1.3974,""sell_venue"":""Gate"",""source"":""wide_cex_hunter"",""taker_fee_bps_per_leg"":10.0,""total_friction_bps"":30.0}"
2026-09-07T18:20:37+00:00,cex_cross_spot,XRP:buy Gate / sell Bitget,XRP,buy Gate / sell Bitget,Bitget<->Gate,-2.862049,-32.862049,NO,1020.81,"{""buy_ask"":1.3976,""buy_venue"":""Gate"",""extra_buffer_bps"":10.0,""note"":""Discovery snapshot only; assumes capital pre-positioned on both venues. Rebalancing, withdrawal, latency and deeper-book impact are not yet validated."",""sell_bid"":1.3972,""sell_venue"":""Bitget"",""source"":""wide_cex_hunter"",""taker_fee_bps_per_leg"":10.0,""total_friction_bps"":30.0}"
2026-09-07T18:20:37+00:00,cex_cross_spot,DOGE:buy Bitget / sell Gate,DOGE,buy Bitget / sell Gate,Bitget<->Gate,0.000000,-30.000000,NO,38.86,"{""buy_ask"":0.08999,""buy_venue"":""Bitget"",""extra_buffer_bps"":10.0,""note"":""Discovery snapshot only; assumes capital pre-positioned on both venues. Rebalancing, withdrawal, latency and deeper-book impact are not yet validated."",""sell_bid"":0.08999,""sell_venue"":""Gate"",""source"":""wide_cex_hunter"",""taker_fee_bps_per_leg"":10.0,""total_friction_bps"":30.0}"
2026-09-07T18:20:37+00:00,cex_cross_spot,DOGE:buy Gate / sell Bitget,DOGE,buy Gate / sell Bitget,Bitget<->Gate,-2.222222,-32.222222,NO,241.36,"{""buy_ask"":0.09,""buy_venue"":""Gate"",""extra_buffer_bps"":10.0,""note"":""Discovery snapshot only; assumes capital pre-positioned on both venues. Rebalancing, withdrawal, latency and deeper-book impact are not yet validated."",""sell_bid"":0.08998,""sell_venue"":""Bitget"",""source"":""wide_cex_hunter"",""taker_fee_bps_per_leg"":10.0,""total_friction_bps"":30.0}"
2026-09-07T18:20:37+00:00,cex_cross_spot,ADA:buy Bitget / sell Gate,ADA,buy Bitget / sell Gate,Bitget<->Gate,-0.906208,-30.906208,NO,105.49,"{""buy_ask"":0.2207,""buy_venue"":""Bitget"",""extra_buffer_bps"":10.0,""note"":""Discovery snapshot only; assumes capital pre-positioned on both venues. Rebalancing, withdrawal, latency and deeper-book impact are not yet validated."",""sell_bid"":0.22068,""sell_venue"":""Gate"",""source"":""wide_cex_hunter"",""taker_fee_bps_per_leg"":10.0,""total_friction_bps"":30.0}"
2026-09-07T18:20:37+00:00,cex_cross_spot,ADA:buy Gate / sell Bitget,ADA,buy Gate / sell Bitget,Bitget<->Gate,-7.247690,-37.247690,NO,299.35,"{""buy_ask"":0.22076,""buy_venue"":""Gate"",""extra_buffer_bps"":10.0,""note"":""Discovery snapshot only; assumes capital pre-positioned on both venues. Rebalancing, withdrawal, latency and deeper-book impact are not yet validated."",""sell_bid"":0.2206,""sell_venue"":""Bitget"",""source"":""wide_cex_hunter"",""taker_fee_bps_per_leg"":10.0,""total_friction_bps"":30.0}"
2026-09-07T18:20:37+00:00,cex_cross_spot,LINK:buy Bitget / sell Gate,LINK,buy Bitget / sell Gate,Bitget<->Gate,-1.561524,-31.561524,NO,52.76,"{""buy_ask"":12.808,""buy_venue"":""Bitget"",""extra_buffer_bps"":10.0,""note"":""Discovery snapshot only; assumes capital pre-positioned on both venues. Rebalancing, withdrawal, latency and deeper-book impact are not yet validated."",""sell_bid"":12.806,""sell_venue"":""Gate"",""source"":""wide_cex_hunter"",""taker_fee_bps_per_leg"":10.0,""total_friction_bps"":30.0}"
2026-09-07T18:20:37+00:00,cex_cross_spot,LINK:buy Gate / sell Bitget,LINK,buy Gate / sell Bitget,Bitget<->Gate,0.000000,-30.000000,NO,52.76,"{""buy_ask"":12.807,""buy_venue"":""Gate"",""extra_buffer_bps"":10.0,""note"":""Discovery snapshot only; assumes capital pre-positioned on both venues. Rebalancing, withdrawal, latency and deeper-book impact are not yet validated."",""sell_bid"":12.807,""sell_venue"":""Bitget"",""source"":""wide_cex_hunter"",""taker_fee_bps_per_leg"":10.0,""total_friction_bps"":30.0}"
2026-09-07T18:20:37+00:00,cex_cross_spot,LTC:buy Bitget / sell Gate,LTC,buy Bitget / sell Gate,Bitget<->Gate,-3.626473,-33.626473,NO,124.10,"{""buy_ask"":55.15,""buy_venue"":""Bitget"",""extra_buffer_bps"":10.0,""note"":""Discovery snapshot only; assumes capital pre-positioned on both venues. Rebalancing, withdrawal, latency and deeper-book impact are not yet validated."",""sell_bid"":55.13,""sell_venue"":""Gate"",""source"":""wide_cex_hunter"",""taker_fee_bps_per_leg"":10.0,""total_friction_bps"":30.0}"
2026-09-07T18:20:37+00:00,cex_cross_spot,LTC:buy Gate / sell Bitget,LTC,buy Gate / sell Bitget,Bitget<->Gate,-1.813565,-31.813565,NO,124.06,"{""buy_ask"":55.14,""buy_venue"":""Gate"",""extra_buffer_bps"":10.0,""note"":""Discovery snapshot only; assumes capital pre-positioned on both venues. Rebalancing, withdrawal, latency and deeper-book impact are not yet validated."",""sell_bid"":55.13,""sell_venue"":""Bitget"",""source"":""wide_cex_hunter"",""taker_fee_bps_per_leg"":10.0,""total_friction_bps"":30.0}"
2026-09-07T18:20:37+00:00,cex_cross_spot,BCH:buy Bitget / sell Gate,BCH,buy Bitget / sell Gate,Bitget<->Gate,-6.525912,-36.525912,NO,357.93,"{""buy_ask"":260.5,""buy_venue"":""Bitget"",""extra_buffer_bps"":10.0,""note"":""Discovery snapshot only; assumes capital pre-positioned on both venues. Rebalancing, withdrawal, latency and deeper-book impact are not yet validated."",""sell_bid"":260.33,""sell_venue"":""Gate"",""source"":""wide_cex_hunter"",""taker_fee_bps_per_leg"":10.0,""total_friction_bps"":30.0}"
2026-09-07T18:20:37+00:00,cex_cross_spot,BCH:buy Gate / sell Bitget,BCH,buy Gate / sell Bitget,Bitget<->Gate,-6.526663,-36.526663,NO,48.45,"{""buy_ask"":260.47,""buy_venue"":""Gate"",""extra_buffer_bps"":10.0,""note"":""Discovery snapshot only; assumes capital pre-positioned on both venues. Rebalancing, withdrawal, latency and deeper-book impact are not yet validated."",""sell_bid"":260.3,""sell_venue"":""Bitget"",""source"":""wide_cex_hunter"",""taker_fee_bps_per_leg"":10.0,""total_friction_bps"":30.0}"
2026-09-07T18:20:37+00:00,cex_cross_spot,AVAX:buy Bitget / sell Gate,AVAX,buy Bitget / sell Gate,Bitget<->Gate,-3.711952,-33.711952,NO,280.12,"{""buy_ask"":8.082,""buy_venue"":""Bitget"",""extra_buffer_bps"":10.0,""note"":""Discovery snapshot only; assumes capital pre-positioned on both venues. Rebalancing, withdrawal, latency and deeper-book impact are not yet validated."",""sell_bid"":8.079,""sell_venue"":""Gate"",""source"":""wide_cex_hunter"",""taker_fee_bps_per_leg"":10.0,""total_friction_bps"":30.0}"
2026-09-07T18:20:37+00:00,cex_cross_spot,AVAX:buy Gate / sell Bitget,AVAX,buy Gate / sell Bitget,Bitget<->Gate,0.000000,-30.000000,NO,116.49,"{""buy_ask"":8.081,""buy_venue"":""Gate"",""extra_buffer_bps"":10.0,""note"":""Discovery snapshot only; assumes capital pre-positioned on both venues. Rebalancing, withdrawal, latency and deeper-book impact are not yet validated."",""sell_bid"":8.081,""sell_venue"":""Bitget"",""source"":""wide_cex_hunter"",""taker_fee_bps_per_leg"":10.0,""total_friction_bps"":30.0}"
2026-09-07T18:20:37+00:00,cex_cross_spot,DOT:buy Bitget / sell Gate,DOT,buy Bitget / sell Gate,Bitget<->Gate,-4.524887,-34.524887,NO,2.18,"{""buy_ask"":1.105,""buy_venue"":""Bitget"",""extra_buffer_bps"":10.0,""note"":""Discovery snapshot only; assumes capital pre-positioned on both venues. Rebalancing, withdrawal, latency and deeper-book impact are not yet validated."",""sell_bid"":1.1045,""sell_venue"":""Gate"",""source"":""wide_cex_hunter"",""taker_fee_bps_per_leg"":10.0,""total_friction_bps"":30.0}"
2026-09-07T18:20:37+00:00,cex_cross_spot,DOT:buy Gate / sell Bitget,DOT,buy Gate / sell Bitget,Bitget<->Gate,-15.374876,-45.374876,NO,338.45,"{""buy_ask"":1.1057,""buy_venue"":""Gate"",""extra_buffer_bps"":10.0,""note"":""Discovery snapshot only; assumes capital pre-positioned on both venues. Rebalancing, withdrawal, latency and deeper-book impact are not yet validated."",""sell_bid"":1.104,""sell_venue"":""Bitget"",""source"":""wide_cex_hunter"",""taker_fee_bps_per_leg"":10.0,""total_friction_bps"":30.0}"
2026-09-07T18:20:37+00:00,cex_cross_spot,TRX:buy Bitget / sell Gate,TRX,buy Bitget / sell Gate,Bitget<->Gate,-0.898392,-30.898392,NO,323.48,"{""buy_ask"":0.33393,""buy_venue"":""Bitget"",""extra_buffer_bps"":10.0,""note"":""Discovery snapshot only; assumes capital pre-positioned on both venues. Rebalancing, withdrawal, latency and deeper-book impact are not yet validated."",""sell_bid"":0.3339,""sell_venue"":""Gate"",""source"":""wide_cex_hunter"",""taker_fee_bps_per_leg"":10.0,""total_friction_bps"":30.0}"
2026-09-07T18:20:37+00:00,cex_cross_spot,TRX:buy Gate / sell Bitget,TRX,buy Gate / sell Bitget,Bitget<->Gate,-2.395210,-32.395210,NO,745.28,"{""buy_ask"":0.334,""buy_venue"":""Gate"",""extra_buffer_bps"":10.0,""note"":""Discovery snapshot only; assumes capital pre-positioned on both venues. Rebalancing, withdrawal, latency and deeper-book impact are not yet validated."",""sell_bid"":0.33392,""sell_venue"":""Bitget"",""source"":""wide_cex_hunter"",""taker_fee_bps_per_leg"":10.0,""total_friction_bps"":30.0}"
2026-09-07T18:20:37+00:00,cex_cross_spot,SUI:buy Bitget / sell Gate,SUI,buy Bitget / sell Gate,Bitget<->Gate,-1.214329,-31.214329,NO,37.95,"{""buy_ask"":0.8235,""buy_venue"":""Bitget"",""extra_buffer_bps"":10.0,""note"":""Discovery snapshot only; assumes capital pre-positioned on both venues. Rebalancing, withdrawal, latency and deeper-book impact are not yet validated."",""sell_bid"":0.8234,""sell_venue"":""Gate"",""source"":""wide_cex_hunter"",""taker_fee_bps_per_leg"":10.0,""total_friction_bps"":30.0}"
2026-09-07T18:20:37+00:00,cex_cross_spot,SUI:buy Gate / sell Bitget,SUI,buy Gate / sell Bitget,Bitget<->Gate,-1.214329,-31.214329,NO,1.05,"{""buy_ask"":0.8235,""buy_venue"":""Gate"",""extra_buffer_bps"":10.0,""note"":""Discovery snapshot only; assumes capital pre-positioned on both venues. Rebalancing, withdrawal, latency and deeper-book impact are not yet validated."",""sell_bid"":0.8234,""sell_venue"":""Bitget"",""source"":""wide_cex_hunter"",""taker_fee_bps_per_leg"":10.0,""total_friction_bps"":30.0}"
2026-09-07T18:20:37+00:00,cex_cross_spot,APT:buy Bitget / sell Gate,APT,buy Bitget / sell Gate,Bitget<->Gate,3.146633,-26.853367,NO,62.70,"{""buy_ask"":0.6356,""buy_venue"":""Bitget"",""extra_buffer_bps"":10.0,""note"":""Discovery snapshot only; assumes capital pre-positioned on both venues. Rebalancing, withdrawal, latency and deeper-book impact are not yet validated."",""sell_bid"":0.6358,""sell_venue"":""Gate"",""source"":""wide_cex_hunter"",""taker_fee_bps_per_leg"":10.0,""total_friction_bps"":30.0}"
2026-09-07T18:20:37+00:00,cex_cross_spot,APT:buy Gate / sell Bitget,APT,buy Gate / sell Bitget,Bitget<->Gate,-12.572686,-42.572686,NO,122.38,"{""buy_ask"":0.6363,""buy_venue"":""Gate"",""extra_buffer_bps"":10.0,""note"":""Discovery snapshot only; assumes capital pre-positioned on both venues. Rebalancing, withdrawal, latency and deeper-book impact are not yet validated."",""sell_bid"":0.6355,""sell_venue"":""Bitget"",""source"":""wide_cex_hunter"",""taker_fee_bps_per_leg"":10.0,""total_friction_bps"":30.0}"
2026-09-07T18:20:37+00:00,cex_cross_spot,NEAR:buy Bitget / sell Gate,NEAR,buy Bitget / sell Gate,Bitget<->Gate,-8.673027,-38.673027,NO,1174.92,"{""buy_ask"":2.306,""buy_venue"":""Bitget"",""extra_buffer_bps"":10.0,""note"":""Discovery snapshot only; assumes capital pre-positioned on both venues. Rebalancing, withdrawal, latency and deeper-book impact are not yet validated."",""sell_bid"":2.304,""sell_venue"":""Gate"",""source"":""wide_cex_hunter"",""taker_fee_bps_per_leg"":10.0,""total_friction_bps"":30.0}"
2026-09-07T18:20:37+00:00,cex_cross_spot,NEAR:buy Gate / sell Bitget,NEAR,buy Gate / sell Bitget,Bitget<->Gate,-8.673027,-38.673027,NO,244.07,"{""buy_ask"":2.306,""buy_venue"":""Gate"",""extra_buffer_bps"":10.0,""note"":""Discovery snapshot only; assumes capital pre-positioned on both venues. Rebalancing, withdrawal, latency and deeper-book impact are not yet validated."",""sell_bid"":2.304,""sell_venue"":""Bitget"",""source"":""wide_cex_hunter"",""taker_fee_bps_per_leg"":10.0,""total_friction_bps"":30.0}"
2026-09-07T18:40:43+00:00,cex_cross_spot,BTC:buy Bitget / sell Gate,BTC,buy Bitget / sell Gate,Bitget<->Gate,0.425967,-29.574033,NO,20225.61,"{""buy_ask"":79114.13,""buy_venue"":""Bitget"",""extra_buffer_bps"":10.0,""note"":""Discovery snapshot only; assumes capital pre-positioned on both venues. Rebalancing, withdrawal, latency and deeper-book impact are not yet validated."",""sell_bid"":79117.5,""sell_venue"":""Gate"",""source"":""wide_cex_hunter"",""taker_fee_bps_per_leg"":10.0,""total_friction_bps"":30.0}"
2026-09-07T18:40:43+00:00,cex_cross_spot,BTC:buy Gate / sell Bitget,BTC,buy Gate / sell Bitget,Bitget<->Gate,-0.439852,-30.439852,NO,3401.11,"{""buy_ask"":79117.6,""buy_venue"":""Gate"",""extra_buffer_bps"":10.0,""note"":""Discovery snapshot only; assumes capital pre-positioned on both venues. Rebalancing, withdrawal, latency and deeper-book impact are not yet validated."",""sell_bid"":79114.12,""sell_venue"":""Bitget"",""source"":""wide_cex_hunter"",""taker_fee_bps_per_leg"":10.0,""total_friction_bps"":30.0}"
2026-09-07T18:40:43+00:00,cex_cross_spot,ETH:buy Bitget / sell Gate,ETH,buy Bitget / sell Gate,Bitget<->Gate,0.160807,-29.839193,NO,5099.62,"{""buy_ask"":2487.46,""buy_venue"":""Bitget"",""extra_buffer_bps"":10.0,""note"":""Discovery snapshot only; assumes capital pre-positioned on both venues. Rebalancing, withdrawal, latency and deeper-book impact are not yet validated."",""sell_bid"":2487.5,""sell_venue"":""Gate"",""source"":""wide_cex_hunter"",""taker_fee_bps_per_leg"":10.0,""total_friction_bps"":30.0}"
2026-09-07T18:40:43+00:00,cex_cross_spot,ETH:buy Gate / sell Bitget,ETH,buy Gate / sell Bitget,Bitget<->Gate,-0.241205,-30.241205,NO,937.79,"{""buy_ask"":2487.51,""buy_venue"":""Gate"",""extra_buffer_bps"":10.0,""note"":""Discovery snapshot only; assumes capital pre-positioned on both venues. Rebalancing, withdrawal, latency and deeper-book impact are not yet validated."",""sell_bid"":2487.45,""sell_venue"":""Bitget"",""source"":""wide_cex_hunter"",""taker_fee_bps_per_leg"":10.0,""total_friction_bps"":30.0}"
2026-09-07T18:40:43+00:00,cex_cross_spot,SOL:buy Bitget / sell Gate,SOL,buy Bitget / sell Gate,Bitget<->Gate,0.000000,-30.000000,NO,1469.65,"{""buy_ask"":103.73,""buy_venue"":""Bitget"",""extra_buffer_bps"":10.0,""note"":""Discovery snapshot only; assumes capital pre-positioned on both venues. Rebalancing, withdrawal, latency and deeper-book impact are not yet validated."",""sell_bid"":103.73,""sell_venue"":""Gate"",""source"":""wide_cex_hunter"",""taker_fee_bps_per_leg"":10.0,""total_friction_bps"":30.0}"
2026-09-07T18:40:43+00:00,cex_cross_spot,SOL:buy Gate / sell Bitget,SOL,buy Gate / sell Bitget,Bitget<->Gate,-1.927897,-31.927897,NO,2405.73,"{""buy_ask"":103.74,""buy_venue"":""Gate"",""extra_buffer_bps"":10.0,""note"":""Discovery snapshot only; assumes capital pre-positioned on both venues. Rebalancing, withdrawal, latency and deeper-book impact are not yet validated."",""sell_bid"":103.72,""sell_venue"":""Bitget"",""source"":""wide_cex_hunter"",""taker_fee_bps_per_leg"":10.0,""total_friction_bps"":30.0}"
2026-09-07T18:40:43+00:00,cex_cross_spot,XRP:buy Bitget / sell Gate,XRP,buy Bitget / sell Gate,Bitget<->Gate,0.000000,-30.000000,NO,3.97,"{""buy_ask"":1.3952,""buy_venue"":""Bitget"",""extra_buffer_bps"":10.0,""note"":""Discovery snapshot only; assumes capital pre-positioned on both venues. Rebalancing, withdrawal, latency and deeper-book impact are not yet validated."",""sell_bid"":1.3952,""sell_venue"":""Gate"",""source"":""wide_cex_hunter"",""taker_fee_bps_per_leg"":10.0,""total_friction_bps"":30.0}"
2026-09-07T18:40:43+00:00,cex_cross_spot,XRP:buy Gate / sell Bitget,XRP,buy Gate / sell Bitget,Bitget<->Gate,-2.149921,-32.149921,NO,1237.44,"{""buy_ask"":1.3954,""buy_venue"":""Gate"",""extra_buffer_bps"":10.0,""note"":""Discovery snapshot only; assumes capital pre-positioned on both venues. Rebalancing, withdrawal, latency and deeper-book impact are not yet validated."",""sell_bid"":1.3951,""sell_venue"":""Bitget"",""source"":""wide_cex_hunter"",""taker_fee_bps_per_leg"":10.0,""total_friction_bps"":30.0}"
2026-09-07T18:40:43+00:00,cex_cross_spot,DOGE:buy Bitget / sell Gate,DOGE,buy Bitget / sell Gate,Bitget<->Gate,-3.339642,-33.339642,NO,240.83,"{""buy_ask"":0.08983,""buy_venue"":""Bitget"",""extra_buffer_bps"":10.0,""note"":""Discovery snapshot only; assumes capital pre-positioned on both venues. Rebalancing, withdrawal, latency and deeper-book impact are not yet validated."",""sell_bid"":0.0898,""sell_venue"":""Gate"",""source"":""wide_cex_hunter"",""taker_fee_bps_per_leg"":10.0,""total_friction_bps"":30.0}"
2026-09-07T18:40:43+00:00,cex_cross_spot,DOGE:buy Gate / sell Bitget,DOGE,buy Gate / sell Bitget,Bitget<->Gate,1.113462,-28.886538,NO,38.78,"{""buy_ask"":0.08981,""buy_venue"":""Gate"",""extra_buffer_bps"":10.0,""note"":""Discovery snapshot only; assumes capital pre-positioned on both venues. Rebalancing, withdrawal, latency and deeper-book impact are not yet validated."",""sell_bid"":0.08982,""sell_venue"":""Bitget"",""source"":""wide_cex_hunter"",""taker_fee_bps_per_leg"":10.0,""total_friction_bps"":30.0}"
2026-09-07T18:40:43+00:00,cex_cross_spot,ADA:buy Bitget / sell Gate,ADA,buy Bitget / sell Gate,Bitget<->Gate,-3.644647,-33.644647,NO,187.82,"{""buy_ask"":0.2195,""buy_venue"":""Bitget"",""extra_buffer_bps"":10.0,""note"":""Discovery snapshot only; assumes capital pre-positioned on both venues. Rebalancing, withdrawal, latency and deeper-book impact are not yet validated."",""sell_bid"":0.21942,""sell_venue"":""Gate"",""source"":""wide_cex_hunter"",""taker_fee_bps_per_leg"":10.0,""total_friction_bps"":30.0}"
2026-09-07T18:40:43+00:00,cex_cross_spot,ADA:buy Gate / sell Bitget,ADA,buy Gate / sell Bitget,Bitget<->Gate,-3.644979,-33.644979,NO,104.91,"{""buy_ask"":0.21948,""buy_venue"":""Gate"",""extra_buffer_bps"":10.0,""note"":""Discovery snapshot only; assumes capital pre-positioned on both venues. Rebalancing, withdrawal, latency and deeper-book impact are not yet validated."",""sell_bid"":0.2194,""sell_venue"":""Bitget"",""source"":""wide_cex_hunter"",""taker_fee_bps_per_leg"":10.0,""total_friction_bps"":30.0}"
2026-09-07T18:40:43+00:00,cex_cross_spot,LINK:buy Bitget / sell Gate,LINK,buy Bitget / sell Gate,Bitget<->Gate,-2.355713,-32.355713,NO,52.46,"{""buy_ask"":12.735,""buy_venue"":""Bitget"",""extra_buffer_bps"":10.0,""note"":""Discovery snapshot only; assumes capital pre-positioned on both venues. Rebalancing, withdrawal, latency and deeper-book impact are not yet validated."",""sell_bid"":12.732,""sell_venue"":""Gate"",""source"":""wide_cex_hunter"",""taker_fee_bps_per_leg"":10.0,""total_friction_bps"":30.0}"
2026-09-07T18:40:43+00:00,cex_cross_spot,LINK:buy Gate / sell Bitget,LINK,buy Gate / sell Bitget,Bitget<->Gate,0.785361,-29.214639,NO,52.46,"{""buy_ask"":12.733,""buy_venue"":""Gate"",""extra_buffer_bps"":10.0,""note"":""Discovery snapshot only; assumes capital pre-positioned on both venues. Rebalancing, withdrawal, latency and deeper-book impact are not yet validated."",""sell_bid"":12.734,""sell_venue"":""Bitget"",""source"":""wide_cex_hunter"",""taker_fee_bps_per_leg"":10.0,""total_friction_bps"":30.0}"
2026-09-07T18:40:43+00:00,cex_cross_spot,LTC:buy Bitget / sell Gate,LTC,buy Bitget / sell Gate,Bitget<->Gate,-7.252947,-37.252947,NO,259.07,"{""buy_ask"":55.15,""buy_venue"":""Bitget"",""extra_buffer_bps"":10.0,""note"":""Discovery snapshot only; assumes capital pre-positioned on both venues. Rebalancing, withdrawal, latency and deeper-book impact are not yet validated."",""sell_bid"":55.11,""sell_venue"":""Gate"",""source"":""wide_cex_hunter"",""taker_fee_bps_per_leg"":10.0,""total_friction_bps"":30.0}"
2026-09-07T18:40:43+00:00,cex_cross_spot,LTC:buy Gate / sell Bitget,LTC,buy Gate / sell Bitget,Bitget<->Gate,0.000000,-30.000000,NO,250.35,"{""buy_ask"":55.13,""buy_venue"":""Gate"",""extra_buffer_bps"":10.0,""note"":""Discovery snapshot only; assumes capital pre-positioned on both venues. Rebalancing, withdrawal, latency and deeper-book impact are not yet validated."",""sell_bid"":55.13,""sell_venue"":""Bitget"",""source"":""wide_cex_hunter"",""taker_fee_bps_per_leg"":10.0,""total_friction_bps"":30.0}"
2026-09-07T18:40:43+00:00,cex_cross_spot,BCH:buy Bitget / sell Gate,BCH,buy Bitget / sell Gate,Bitget<->Gate,-11.529593,-41.529593,NO,455.60,"{""buy_ask"":260.2,""buy_venue"":""Bitget"",""extra_buffer_bps"":10.0,""note"":""Discovery snapshot only; assumes capital pre-positioned on both venues. Rebalancing, withdrawal, latency and deeper-book impact are not yet validated."",""sell_bid"":259.9,""sell_venue"":""Gate"",""source"":""wide_cex_hunter"",""taker_fee_bps_per_leg"":10.0,""total_friction_bps"":30.0}"
2026-09-07T18:40:43+00:00,cex_cross_spot,BCH:buy Gate / sell Bitget,BCH,buy Gate / sell Bitget,Bitget<->Gate,-1.538225,-31.538225,NO,8.32,"{""buy_ask"":260.04,""buy_venue"":""Gate"",""extra_buffer_bps"":10.0,""note"":""Discovery snapshot only; assumes capital pre-positioned on both venues. Rebalancing, withdrawal, latency and deeper-book impact are not yet validated."",""sell_bid"":260.0,""sell_venue"":""Bitget"",""source"":""wide_cex_hunter"",""taker_fee_bps_per_leg"":10.0,""total_friction_bps"":30.0}"
2026-09-07T18:40:43+00:00,cex_cross_spot,AVAX:buy Bitget / sell Gate,AVAX,buy Bitget / sell Gate,Bitget<->Gate,-1.240233,-31.240233,NO,165.20,"{""buy_ask"":8.063,""buy_venue"":""Bitget"",""extra_buffer_bps"":10.0,""note"":""Discovery snapshot only; assumes capital pre-positioned on both venues. Rebalancing, withdrawal, latency and deeper-book impact are not yet validated."",""sell_bid"":8.062,""sell_venue"":""Gate"",""source"":""wide_cex_hunter"",""taker_fee_bps_per_leg"":10.0,""total_friction_bps"":30.0}"
2026-09-07T18:40:43+00:00,cex_cross_spot,AVAX:buy Gate / sell Bitget,AVAX,buy Gate / sell Bitget,Bitget<->Gate,-2.480159,-32.480159,NO,167.94,"{""buy_ask"":8.064,""buy_venue"":""Gate"",""extra_buffer_bps"":10.0,""note"":""Discovery snapshot only; assumes capital pre-positioned on both venues. Rebalancing, withdrawal, latency and deeper-book impact are not yet validated."",""sell_bid"":8.062,""sell_venue"":""Bitget"",""source"":""wide_cex_hunter"",""taker_fee_bps_per_leg"":10.0,""total_friction_bps"":30.0}"
2026-09-07T18:40:43+00:00,cex_cross_spot,DOT:buy Bitget / sell Gate,DOT,buy Bitget / sell Gate,Bitget<->Gate,1.818182,-28.181818,NO,4.95,"{""buy_ask"":1.1,""buy_venue"":""Bitget"",""extra_buffer_bps"":10.0,""note"":""Discovery snapshot only; assumes capital pre-positioned on both venues. Rebalancing, withdrawal, latency and deeper-book impact are not yet validated."",""sell_bid"":1.1002,""sell_venue"":""Gate"",""source"":""wide_cex_hunter"",""taker_fee_bps_per_leg"":10.0,""total_friction_bps"":30.0}"
2026-09-07T18:40:43+00:00,cex_cross_spot,DOT:buy Gate / sell Bitget,DOT,buy Gate / sell Bitget,Bitget<->Gate,-15.444717,-45.444717,NO,121.19,"{""buy_ask"":1.1007,""buy_venue"":""Gate"",""extra_buffer_bps"":10.0,""note"":""Discovery snapshot only; assumes capital pre-positioned on both venues. Rebalancing, withdrawal, latency and deeper-book impact are not yet validated."",""sell_bid"":1.099,""sell_venue"":""Bitget"",""source"":""wide_cex_hunter"",""taker_fee_bps_per_leg"":10.0,""total_friction_bps"":30.0}"
2026-09-07T18:40:43+00:00,cex_cross_spot,TRX:buy Bitget / sell Gate,TRX,buy Bitget / sell Gate,Bitget<->Gate,-4.183600,-34.183600,NO,54.74,"{""buy_ask"":0.33464,""buy_venue"":""Bitget"",""extra_buffer_bps"":10.0,""note"":""Discovery snapshot only; assumes capital pre-positioned on both venues. Rebalancing, withdrawal, latency and deeper-book impact are not yet validated."",""sell_bid"":0.3345,""sell_venue"":""Gate"",""source"":""wide_cex_hunter"",""taker_fee_bps_per_leg"":10.0,""total_friction_bps"":30.0}"
2026-09-07T18:40:43+00:00,cex_cross_spot,TRX:buy Gate / sell Bitget,TRX,buy Gate / sell Bitget,Bitget<->Gate,0.896593,-29.103407,NO,1810.83,"{""buy_ask"":0.3346,""buy_venue"":""Gate"",""extra_buffer_bps"":10.0,""note"":""Discovery snapshot only; assumes capital pre-positioned on both venues. Rebalancing, withdrawal, latency and deeper-book impact are not yet validated."",""sell_bid"":0.33463,""sell_venue"":""Bitget"",""source"":""wide_cex_hunter"",""taker_fee_bps_per_leg"":10.0,""total_friction_bps"":30.0}"
2026-09-07T18:40:43+00:00,cex_cross_spot,SUI:buy Bitget / sell Gate,SUI,buy Bitget / sell Gate,Bitget<->Gate,-2.424830,-32.424830,NO,105.59,"{""buy_ask"":0.8248,""buy_venue"":""Bitget"",""extra_buffer_bps"":10.0,""note"":""Discovery snapshot only; assumes capital pre-positioned on both venues. Rebalancing, withdrawal, latency and deeper-book impact are not yet validated."",""sell_bid"":0.8246,""sell_venue"":""Gate"",""source"":""wide_cex_hunter"",""taker_fee_bps_per_leg"":10.0,""total_friction_bps"":30.0}"
2026-09-07T18:40:43+00:00,cex_cross_spot,SUI:buy Gate / sell Bitget,SUI,buy Gate / sell Bitget,Bitget<->Gate,0.000000,-30.000000,NO,39.69,"{""buy_ask"":0.8247,""buy_venue"":""Gate"",""extra_buffer_bps"":10.0,""note"":""Discovery snapshot only; assumes capital pre-positioned on both venues. Rebalancing, withdrawal, latency and deeper-book impact are not yet validated."",""sell_bid"":0.8247,""sell_venue"":""Bitget"",""source"":""wide_cex_hunter"",""taker_fee_bps_per_leg"":10.0,""total_friction_bps"":30.0}"
2026-09-07T18:40:43+00:00,cex_cross_spot,APT:buy Bitget / sell Gate,APT,buy Bitget / sell Gate,Bitget<->Gate,-3.149606,-33.149606,NO,66.02,"{""buy_ask"":0.635,""buy_venue"":""Bitget"",""extra_buffer_bps"":10.0,""note"":""Discovery snapshot only; assumes capital pre-positioned on both venues. Rebalancing, withdrawal, latency and deeper-book impact are not yet validated."",""sell_bid"":0.6348,""sell_venue"":""Gate"",""source"":""wide_cex_hunter"",""taker_fee_bps_per_leg"":10.0,""total_friction_bps"":30.0}"
2026-09-07T18:40:43+00:00,cex_cross_spot,APT:buy Gate / sell Bitget,APT,buy Gate / sell Bitget,Bitget<->Gate,-4.724409,-34.724409,NO,3.73,"{""buy_ask"":0.635,""buy_venue"":""Gate"",""extra_buffer_bps"":10.0,""note"":""Discovery snapshot only; assumes capital pre-positioned on both venues. Rebalancing, withdrawal, latency and deeper-book impact are not yet validated."",""sell_bid"":0.6347,""sell_venue"":""Bitget"",""source"":""wide_cex_hunter"",""taker_fee_bps_per_leg"":10.0,""total_friction_bps"":30.0}"
2026-09-07T18:40:43+00:00,cex_cross_spot,NEAR:buy Bitget / sell Gate,NEAR,buy Bitget / sell Gate,Bitget<->Gate,-8.703220,-38.703220,NO,480.83,"{""buy_ask"":2.298,""buy_venue"":""Bitget"",""extra_buffer_bps"":10.0,""note"":""Discovery snapshot only; assumes capital pre-positioned on both venues. Rebalancing, withdrawal, latency and deeper-book impact are not yet validated."",""sell_bid"":2.296,""sell_venue"":""Gate"",""source"":""wide_cex_hunter"",""taker_fee_bps_per_leg"":10.0,""total_friction_bps"":30.0}"
2026-09-07T18:40:43+00:00,cex_cross_spot,NEAR:buy Gate / sell Bitget,NEAR,buy Gate / sell Bitget,Bitget<->Gate,-4.353505,-34.353505,NO,148.57,"{""buy_ask"":2.297,""buy_venue"":""Gate"",""extra_buffer_bps"":10.0,""note"":""Discovery snapshot only; assumes capital pre-positioned on both venues. Rebalancing, withdrawal, latency and deeper-book impact are not yet validated."",""sell_bid"":2.296,""sell_venue"":""Bitget"",""source"":""wide_cex_hunter"",""taker_fee_bps_per_leg"":10.0,""total_friction_bps"":30.0}"
2026-09-07T21:12:29+00:00,cex_cross_spot,BTC:buy Bitget / sell Gate,BTC,buy Bitget / sell Gate,Bitget<->Gate,-1.980436,-31.980436,NO,4719.45,"{""buy_ask"":79224.99,""buy_venue"":""Bitget"",""extra_buffer_bps"":10.0,""note"":""Discovery snapshot only; assumes capital pre-positioned on both venues. Rebalancing, withdrawal, latency and deeper-book impact are not yet validated."",""sell_bid"":79209.3,""sell_venue"":""Gate"",""source"":""wide_cex_hunter"",""taker_fee_bps_per_leg"":10.0,""total_friction_bps"":30.0}"
2026-09-07T21:12:29+00:00,cex_cross_spot,BTC:buy Gate / sell Bitget,BTC,buy Gate / sell Bitget,Bitget<->Gate,1.966938,-28.033062,NO,999.98,"{""buy_ask"":79209.4,""buy_venue"":""Gate"",""extra_buffer_bps"":10.0,""note"":""Discovery snapshot only; assumes capital pre-positioned on both venues. Rebalancing, withdrawal, latency and deeper-book impact are not yet validated."",""sell_bid"":79224.98,""sell_venue"":""Bitget"",""source"":""wide_cex_hunter"",""taker_fee_bps_per_leg"":10.0,""total_friction_bps"":30.0}"
2026-09-07T21:12:29+00:00,cex_cross_spot,ETH:buy Bitget / sell Gate,ETH,buy Bitget / sell Gate,Bitget<->Gate,0.200547,-29.799453,NO,16667.66,"{""buy_ask"":2493.18,""buy_venue"":""Bitget"",""extra_buffer_bps"":10.0,""note"":""Discovery snapshot only; assumes capital pre-positioned on both venues. Rebalancing, withdrawal, latency and deeper-book impact are not yet validated."",""sell_bid"":2493.23,""sell_venue"":""Gate"",""source"":""wide_cex_hunter"",""taker_fee_bps_per_leg"":10.0,""total_friction_bps"":30.0}"
2026-09-07T21:12:29+00:00,cex_cross_spot,ETH:buy Gate / sell Bitget,ETH,buy Gate / sell Bitget,Bitget<->Gate,-0.280759,-30.280759,NO,4.99,"{""buy_ask"":2493.24,""buy_venue"":""Gate"",""extra_buffer_bps"":10.0,""note"":""Discovery snapshot only; assumes capital pre-positioned on both venues. Rebalancing, withdrawal, latency and deeper-book impact are not yet validated."",""sell_bid"":2493.17,""sell_venue"":""Bitget"",""source"":""wide_cex_hunter"",""taker_fee_bps_per_leg"":10.0,""total_friction_bps"":30.0}"
2026-09-07T21:12:29+00:00,cex_cross_spot,SOL:buy Bitget / sell Gate,SOL,buy Bitget / sell Gate,Bitget<->Gate,-0.962649,-30.962649,NO,3184.97,"{""buy_ask"":103.88,""buy_venue"":""Bitget"",""extra_buffer_bps"":10.0,""note"":""Discovery snapshot only; assumes capital pre-positioned on both venues. Rebalancing, withdrawal, latency and deeper-book impact are not yet validated."",""sell_bid"":103.87,""sell_venue"":""Gate"",""source"":""wide_cex_hunter"",""taker_fee_bps_per_leg"":10.0,""total_friction_bps"":30.0}"
2026-09-07T21:12:29+00:00,cex_cross_spot,SOL:buy Gate / sell Bitget,SOL,buy Gate / sell Bitget,Bitget<->Gate,-0.962649,-30.962649,NO,802.58,"{""buy_ask"":103.88,""buy_venue"":""Gate"",""extra_buffer_bps"":10.0,""note"":""Discovery snapshot only; assumes capital pre-positioned on both venues. Rebalancing, withdrawal, latency and deeper-book impact are not yet validated."",""sell_bid"":103.87,""sell_venue"":""Bitget"",""source"":""wide_cex_hunter"",""taker_fee_bps_per_leg"":10.0,""total_friction_bps"":30.0}"
2026-09-07T21:12:29+00:00,cex_cross_spot,XRP:buy Bitget / sell Gate,XRP,buy Bitget / sell Gate,Bitget<->Gate,-2.144695,-32.144695,NO,1288.16,"{""buy_ask"":1.3988,""buy_venue"":""Bitget"",""extra_buffer_bps"":10.0,""note"":""Discovery snapshot only; assumes capital pre-positioned on both venues. Rebalancing, withdrawal, latency and deeper-book impact are not yet validated."",""sell_bid"":1.3985,""sell_venue"":""Gate"",""source"":""wide_cex_hunter"",""taker_fee_bps_per_leg"":10.0,""total_friction_bps"":30.0}"
2026-09-07T21:12:29+00:00,cex_cross_spot,XRP:buy Gate / sell Bitget,XRP,buy Gate / sell Bitget,Bitget<->Gate,0.715001,-29.284999,NO,1267.13,"{""buy_ask"":1.3986,""buy_venue"":""Gate"",""extra_buffer_bps"":10.0,""note"":""Discovery snapshot only; assumes capital pre-positioned on both venues. Rebalancing, withdrawal, latency and deeper-book impact are not yet validated."",""sell_bid"":1.3987,""sell_venue"":""Bitget"",""source"":""wide_cex_hunter"",""taker_fee_bps_per_leg"":10.0,""total_friction_bps"":30.0}"
2026-09-07T21:12:29+00:00,cex_cross_spot,DOGE:buy Bitget / sell Gate,DOGE,buy Bitget / sell Gate,Bitget<->Gate,-4.416961,-34.416961,NO,229.23,"{""buy_ask"":0.09056,""buy_venue"":""Bitget"",""extra_buffer_bps"":10.0,""note"":""Discovery snapshot only; assumes capital pre-positioned on both venues. Rebalancing, withdrawal, latency and deeper-book impact are not yet validated."",""sell_bid"":0.09052,""sell_venue"":""Gate"",""source"":""wide_cex_hunter"",""taker_fee_bps_per_leg"":10.0,""total_friction_bps"":30.0}"
2026-09-07T21:12:29+00:00,cex_cross_spot,DOGE:buy Gate / sell Bitget,DOGE,buy Gate / sell Bitget,Bitget<->Gate,-1.104362,-31.104362,NO,203.74,"{""buy_ask"":0.09055,""buy_venue"":""Gate"",""extra_buffer_bps"":10.0,""note"":""Discovery snapshot only; assumes capital pre-positioned on both venues. Rebalancing, withdrawal, latency and deeper-book impact are not yet validated."",""sell_bid"":0.09054,""sell_venue"":""Bitget"",""source"":""wide_cex_hunter"",""taker_fee_bps_per_leg"":10.0,""total_friction_bps"":30.0}"
2026-09-07T21:12:29+00:00,cex_cross_spot,ADA:buy Bitget / sell Gate,ADA,buy Bitget / sell Gate,Bitget<->Gate,-3.167421,-33.167421,NO,126.59,"{""buy_ask"":0.221,""buy_venue"":""Bitget"",""extra_buffer_bps"":10.0,""note"":""Discovery snapshot only; assumes capital pre-positioned on both venues. Rebalancing, withdrawal, latency and deeper-book impact are not yet validated."",""sell_bid"":0.22093,""sell_venue"":""Gate"",""source"":""wide_cex_hunter"",""taker_fee_bps_per_leg"":10.0,""total_friction_bps"":30.0}"
2026-09-07T21:12:29+00:00,cex_cross_spot,ADA:buy Gate / sell Bitget,ADA,buy Gate / sell Bitget,Bitget<->Gate,-1.810446,-31.810446,NO,22.09,"{""buy_ask"":0.22094,""buy_venue"":""Gate"",""extra_buffer_bps"":10.0,""note"":""Discovery snapshot only; assumes capital pre-positioned on both venues. Rebalancing, withdrawal, latency and deeper-book impact are not yet validated."",""sell_bid"":0.2209,""sell_venue"":""Bitget"",""source"":""wide_cex_hunter"",""taker_fee_bps_per_leg"":10.0,""total_friction_bps"":30.0}"
2026-09-07T21:12:29+00:00,cex_cross_spot,LINK:buy Bitget / sell Gate,LINK,buy Bitget / sell Gate,Bitget<->Gate,-3.126466,-33.126466,NO,284.32,"{""buy_ask"":12.794,""buy_venue"":""Bitget"",""extra_buffer_bps"":10.0,""note"":""Discovery snapshot only; assumes capital pre-positioned on both venues. Rebalancing, withdrawal, latency and deeper-book impact are not yet validated."",""sell_bid"":12.79,""sell_venue"":""Gate"",""source"":""wide_cex_hunter"",""taker_fee_bps_per_leg"":10.0,""total_friction_bps"":30.0}"
2026-09-07T21:12:29+00:00,cex_cross_spot,LINK:buy Gate / sell Bitget,LINK,buy Gate / sell Bitget,Bitget<->Gate,-0.781739,-30.781739,NO,140.91,"{""buy_ask"":12.792,""buy_venue"":""Gate"",""extra_buffer_bps"":10.0,""note"":""Discovery snapshot only; assumes capital pre-positioned on both venues. Rebalancing, withdrawal, latency and deeper-book impact are not yet validated."",""sell_bid"":12.791,""sell_venue"":""Bitget"",""source"":""wide_cex_hunter"",""taker_fee_bps_per_leg"":10.0,""total_friction_bps"":30.0}"
2026-09-07T21:12:29+00:00,cex_cross_spot,LTC:buy Bitget / sell Gate,LTC,buy Bitget / sell Gate,Bitget<->Gate,-7.203314,-37.203314,NO,49.98,"{""buy_ask"":55.53,""buy_venue"":""Bitget"",""extra_buffer_bps"":10.0,""note"":""Discovery snapshot only; assumes capital pre-positioned on both venues. Rebalancing, withdrawal, latency and deeper-book impact are not yet validated."",""sell_bid"":55.49,""sell_venue"":""Gate"",""source"":""wide_cex_hunter"",""taker_fee_bps_per_leg"":10.0,""total_friction_bps"":30.0}"
2026-09-07T21:12:29+00:00,cex_cross_spot,LTC:buy Gate / sell Bitget,LTC,buy Gate / sell Bitget,Bitget<->Gate,1.801477,-28.198523,NO,458.86,"{""buy_ask"":55.51,""buy_venue"":""Gate"",""extra_buffer_bps"":10.0,""note"":""Discovery snapshot only; assumes capital pre-positioned on both venues. Rebalancing, withdrawal, latency and deeper-book impact are not yet validated."",""sell_bid"":55.52,""sell_venue"":""Bitget"",""source"":""wide_cex_hunter"",""taker_fee_bps_per_leg"":10.0,""total_friction_bps"":30.0}"
2026-09-07T21:12:29+00:00,cex_cross_spot,BCH:buy Bitget / sell Gate,BCH,buy Bitget / sell Gate,Bitget<->Gate,-9.965504,-39.965504,NO,142.43,"{""buy_ask"":260.9,""buy_venue"":""Bitget"",""extra_buffer_bps"":10.0,""note"":""Discovery snapshot only; assumes capital pre-positioned on both venues. Rebalancing, withdrawal, latency and deeper-book impact are not yet validated."",""sell_bid"":260.64,""sell_venue"":""Gate"",""source"":""wide_cex_hunter"",""taker_fee_bps_per_leg"":10.0,""total_friction_bps"":30.0}"
2026-09-07T21:12:29+00:00,cex_cross_spot,BCH:buy Gate / sell Bitget,BCH,buy Gate / sell Bitget,Bitget<->Gate,-4.600874,-34.600874,NO,18.52,"{""buy_ask"":260.82,""buy_venue"":""Gate"",""extra_buffer_bps"":10.0,""note"":""Discovery snapshot only; assumes capital pre-positioned on both venues. Rebalancing, withdrawal, latency and deeper-book impact are not yet validated."",""sell_bid"":260.7,""sell_venue"":""Bitget"",""source"":""wide_cex_hunter"",""taker_fee_bps_per_leg"":10.0,""total_friction_bps"":30.0}"
2026-09-07T21:12:29+00:00,cex_cross_spot,AVAX:buy Bitget / sell Gate,AVAX,buy Bitget / sell Gate,Bitget<->Gate,-1.229559,-31.229559,NO,288.43,"{""buy_ask"":8.133,""buy_venue"":""Bitget"",""extra_buffer_bps"":10.0,""note"":""Discovery snapshot only; assumes capital pre-positioned on both venues. Rebalancing, withdrawal, latency and deeper-book impact are not yet validated."",""sell_bid"":8.132,""sell_venue"":""Gate"",""source"":""wide_cex_hunter"",""taker_fee_bps_per_leg"":10.0,""total_friction_bps"":30.0}"
2026-09-07T21:12:29+00:00,cex_cross_spot,AVAX:buy Gate / sell Bitget,AVAX,buy Gate / sell Bitget,Bitget<->Gate,-3.687769,-33.687769,NO,546.83,"{""buy_ask"":8.135,""buy_venue"":""Gate"",""extra_buffer_bps"":10.0,""note"":""Discovery snapshot only; assumes capital pre-positioned on both venues. Rebalancing, withdrawal, latency and deeper-book impact are not yet validated."",""sell_bid"":8.132,""sell_venue"":""Bitget"",""source"":""wide_cex_hunter"",""taker_fee_bps_per_leg"":10.0,""total_friction_bps"":30.0}"
2026-09-07T21:12:29+00:00,cex_cross_spot,DOT:buy Bitget / sell Gate,DOT,buy Bitget / sell Gate,Bitget<->Gate,-2.806361,-32.806361,NO,254.03,"{""buy_ask"":1.069,""buy_venue"":""Bitget"",""extra_buffer_bps"":10.0,""note"":""Discovery snapshot only; assumes capital pre-positioned on both venues. Rebalancing, withdrawal, latency and deeper-book impact are not yet validated."",""sell_bid"":1.0687,""sell_venue"":""Gate"",""source"":""wide_cex_hunter"",""taker_fee_bps_per_leg"":10.0,""total_friction_bps"":30.0}"
2026-09-07T21:12:29+00:00,cex_cross_spot,DOT:buy Gate / sell Bitget,DOT,buy Gate / sell Bitget,Bitget<->Gate,-8.419871,-38.419871,NO,4.92,"{""buy_ask"":1.0689,""buy_venue"":""Gate"",""extra_buffer_bps"":10.0,""note"":""Discovery snapshot only; assumes capital pre-positioned on both venues. Rebalancing, withdrawal, latency and deeper-book impact are not yet validated."",""sell_bid"":1.068,""sell_venue"":""Bitget"",""source"":""wide_cex_hunter"",""taker_fee_bps_per_leg"":10.0,""total_friction_bps"":30.0}"
2026-09-07T21:12:29+00:00,cex_cross_spot,TRX:buy Bitget / sell Gate,TRX,buy Bitget / sell Gate,Bitget<->Gate,-0.896513,-30.896513,NO,1303.87,"{""buy_ask"":0.33463,""buy_venue"":""Bitget"",""extra_buffer_bps"":10.0,""note"":""Discovery snapshot only; assumes capital pre-positioned on both venues. Rebalancing, withdrawal, latency and deeper-book impact are not yet validated."",""sell_bid"":0.3346,""sell_venue"":""Gate"",""source"":""wide_cex_hunter"",""taker_fee_bps_per_leg"":10.0,""total_friction_bps"":30.0}"
2026-09-07T21:12:29+00:00,cex_cross_spot,TRX:buy Gate / sell Bitget,TRX,buy Gate / sell Bitget,Bitget<->Gate,-2.390200,-32.390200,NO,864.64,"{""buy_ask"":0.3347,""buy_venue"":""Gate"",""extra_buffer_bps"":10.0,""note"":""Discovery snapshot only; assumes capital pre-positioned on both venues. Rebalancing, withdrawal, latency and deeper-book impact are not yet validated."",""sell_bid"":0.33462,""sell_venue"":""Bitget"",""source"":""wide_cex_hunter"",""taker_fee_bps_per_leg"":10.0,""total_friction_bps"":30.0}"
2026-09-07T21:12:29+00:00,cex_cross_spot,SUI:buy Bitget / sell Gate,SUI,buy Bitget / sell Gate,Bitget<->Gate,-2.406449,-32.406449,NO,38.30,"{""buy_ask"":0.8311,""buy_venue"":""Bitget"",""extra_buffer_bps"":10.0,""note"":""Discovery snapshot only; assumes capital pre-positioned on both venues. Rebalancing, withdrawal, latency and deeper-book impact are not yet validated."",""sell_bid"":0.8309,""sell_venue"":""Gate"",""source"":""wide_cex_hunter"",""taker_fee_bps_per_leg"":10.0,""total_friction_bps"":30.0}"
2026-09-07T21:12:29+00:00,cex_cross_spot,SUI:buy Gate / sell Bitget,SUI,buy Gate / sell Bitget,Bitget<->Gate,-1.203225,-31.203225,NO,105.18,"{""buy_ask"":0.8311,""buy_venue"":""Gate"",""extra_buffer_bps"":10.0,""note"":""Discovery snapshot only; assumes capital pre-positioned on both venues. Rebalancing, withdrawal, latency and deeper-book impact are not yet validated."",""sell_bid"":0.831,""sell_venue"":""Bitget"",""source"":""wide_cex_hunter"",""taker_fee_bps_per_leg"":10.0,""total_friction_bps"":30.0}"
2026-09-07T21:12:29+00:00,cex_cross_spot,APT:buy Bitget / sell Gate,APT,buy Bitget / sell Gate,Bitget<->Gate,-3.099814,-33.099814,NO,37.91,"{""buy_ask"":0.6452,""buy_venue"":""Bitget"",""extra_buffer_bps"":10.0,""note"":""Discovery snapshot only; assumes capital pre-positioned on both venues. Rebalancing, withdrawal, latency and deeper-book impact are not yet validated."",""sell_bid"":0.645,""sell_venue"":""Gate"",""source"":""wide_cex_hunter"",""taker_fee_bps_per_leg"":10.0,""total_friction_bps"":30.0}"
2026-09-07T21:12:29+00:00,cex_cross_spot,APT:buy Gate / sell Bitget,APT,buy Gate / sell Bitget,Bitget<->Gate,-6.197707,-36.197707,NO,51.63,"{""buy_ask"":0.6454,""buy_venue"":""Gate"",""extra_buffer_bps"":10.0,""note"":""Discovery snapshot only; assumes capital pre-positioned on both venues. Rebalancing, withdrawal, latency and deeper-book impact are not yet validated."",""sell_bid"":0.645,""sell_venue"":""Bitget"",""source"":""wide_cex_hunter"",""taker_fee_bps_per_leg"":10.0,""total_friction_bps"":30.0}"
2026-09-07T21:12:29+00:00,cex_cross_spot,NEAR:buy Bitget / sell Gate,NEAR,buy Bitget / sell Gate,Bitget<->Gate,-8.587377,-38.587377,NO,208.36,"{""buy_ask"":2.329,""buy_venue"":""Bitget"",""extra_buffer_bps"":10.0,""note"":""Discovery snapshot only; assumes capital pre-positioned on both venues. Rebalancing, withdrawal, latency and deeper-book impact are not yet validated."",""sell_bid"":2.327,""sell_venue"":""Gate"",""source"":""wide_cex_hunter"",""taker_fee_bps_per_leg"":10.0,""total_friction_bps"":30.0}"
2026-09-07T21:12:29+00:00,cex_cross_spot,NEAR:buy Gate / sell Bitget,NEAR,buy Gate / sell Bitget,Bitget<->Gate,-12.875536,-42.875536,NO,395.22,"{""buy_ask"":2.33,""buy_venue"":""Gate"",""extra_buffer_bps"":10.0,""note"":""Discovery snapshot only; assumes capital pre-positioned on both venues. Rebalancing, withdrawal, latency and deeper-book impact are not yet validated."",""sell_bid"":2.327,""sell_venue"":""Bitget"",""source"":""wide_cex_hunter"",""taker_fee_bps_per_leg"":10.0,""total_friction_bps"":30.0}"
2026-09-07T21:54:49+00:00,cex_cross_spot,BTC:buy Bitget / sell Gate,BTC,buy Bitget / sell Gate,Bitget<->Gate,0.623805,-29.376195,NO,15.84,"{""buy_ask"":79191.46,""buy_venue"":""Bitget"",""extra_buffer_bps"":10.0,""note"":""Discovery snapshot only; assumes capital pre-positioned on both venues. Rebalancing, withdrawal, latency and deeper-book impact are not yet validated."",""sell_bid"":79196.4,""sell_venue"":""Gate"",""source"":""wide_cex_hunter"",""taker_fee_bps_per_leg"":10.0,""total_friction_bps"":30.0}"
2026-09-07T21:54:49+00:00,cex_cross_spot,BTC:buy Gate / sell Bitget,BTC,buy Gate / sell Bitget,Bitget<->Gate,-0.637654,-30.637654,NO,3580.16,"{""buy_ask"":79196.5,""buy_venue"":""Gate"",""extra_buffer_bps"":10.0,""note"":""Discovery snapshot only; assumes capital pre-positioned on both venues. Rebalancing, withdrawal, latency and deeper-book impact are not yet validated."",""sell_bid"":79191.45,""sell_venue"":""Bitget"",""source"":""wide_cex_hunter"",""taker_fee_bps_per_leg"":10.0,""total_friction_bps"":30.0}"
2026-09-07T21:54:49+00:00,cex_cross_spot,ETH:buy Bitget / sell Gate,ETH,buy Bitget / sell Gate,Bitget<->Gate,0.441547,-29.558453,NO,5117.73,"{""buy_ask"":2491.24,""buy_venue"":""Bitget"",""extra_buffer_bps"":10.0,""note"":""Discovery snapshot only; assumes capital pre-positioned on both venues. Rebalancing, withdrawal, latency and deeper-book impact are not yet validated."",""sell_bid"":2491.35,""sell_venue"":""Gate"",""source"":""wide_cex_hunter"",""taker_fee_bps_per_leg"":10.0,""total_friction_bps"":30.0}"
2026-09-07T21:54:49+00:00,cex_cross_spot,ETH:buy Gate / sell Bitget,ETH,buy Gate / sell Bitget,Bitget<->Gate,-0.521803,-30.521803,NO,11690.96,"{""buy_ask"":2491.36,""buy_venue"":""Gate"",""extra_buffer_bps"":10.0,""note"":""Discovery snapshot only; assumes capital pre-positioned on both venues. Rebalancing, withdrawal, latency and deeper-book impact are not yet validated."",""sell_bid"":2491.23,""sell_venue"":""Bitget"",""source"":""wide_cex_hunter"",""taker_fee_bps_per_leg"":10.0,""total_friction_bps"":30.0}"
2026-09-07T21:54:49+00:00,cex_cross_spot,SOL:buy Bitget / sell Gate,SOL,buy Bitget / sell Gate,Bitget<->Gate,-1.924743,-31.924743,NO,751.85,"{""buy_ask"":103.91,""buy_venue"":""Bitget"",""extra_buffer_bps"":10.0,""note"":""Discovery snapshot only; assumes capital pre-positioned on both venues. Rebalancing, withdrawal, latency and deeper-book impact are not yet validated."",""sell_bid"":103.89,""sell_venue"":""Gate"",""source"":""wide_cex_hunter"",""taker_fee_bps_per_leg"":10.0,""total_friction_bps"":30.0}"
2026-09-07T21:54:49+00:00,cex_cross_spot,SOL:buy Gate / sell Bitget,SOL,buy Gate / sell Bitget,Bitget<->Gate,0.000000,-30.000000,NO,12.61,"{""buy_ask"":103.9,""buy_venue"":""Gate"",""extra_buffer_bps"":10.0,""note"":""Discovery snapshot only; assumes capital pre-positioned on both venues. Rebalancing, withdrawal, latency and deeper-book impact are not yet validated."",""sell_bid"":103.9,""sell_venue"":""Bitget"",""source"":""wide_cex_hunter"",""taker_fee_bps_per_leg"":10.0,""total_friction_bps"":30.0}"
2026-09-07T21:54:49+00:00,cex_cross_spot,XRP:buy Bitget / sell Gate,XRP,buy Bitget / sell Gate,Bitget<->Gate,-1.432665,-31.432665,NO,617.98,"{""buy_ask"":1.396,""buy_venue"":""Bitget"",""extra_buffer_bps"":10.0,""note"":""Discovery snapshot only; assumes capital pre-positioned on both venues. Rebalancing, withdrawal, latency and deeper-book impact are not yet validated."",""sell_bid"":1.3958,""sell_venue"":""Gate"",""source"":""wide_cex_hunter"",""taker_fee_bps_per_leg"":10.0,""total_friction_bps"":30.0}"
2026-09-07T21:54:49+00:00,cex_cross_spot,XRP:buy Gate / sell Bitget,XRP,buy Gate / sell Bitget,Bitget<->Gate,0.000000,-30.000000,NO,194.73,"{""buy_ask"":1.3959,""buy_venue"":""Gate"",""extra_buffer_bps"":10.0,""note"":""Discovery snapshot only; assumes capital pre-positioned on both venues. Rebalancing, withdrawal, latency and deeper-book impact are not yet validated."",""sell_bid"":1.3959,""sell_venue"":""Bitget"",""source"":""wide_cex_hunter"",""taker_fee_bps_per_leg"":10.0,""total_friction_bps"":30.0}"
2026-09-07T21:54:49+00:00,cex_cross_spot,DOGE:buy Bitget / sell Gate,DOGE,buy Bitget / sell Gate,Bitget<->Gate,-2.212389,-32.212389,NO,39.03,"{""buy_ask"":0.0904,""buy_venue"":""Bitget"",""extra_buffer_bps"":10.0,""note"":""Discovery snapshot only; assumes capital pre-positioned on both venues. Rebalancing, withdrawal, latency and deeper-book impact are not yet validated."",""sell_bid"":0.09038,""sell_venue"":""Gate"",""source"":""wide_cex_hunter"",""taker_fee_bps_per_leg"":10.0,""total_friction_bps"":30.0}"
2026-09-07T21:54:49+00:00,cex_cross_spot,DOGE:buy Gate / sell Bitget,DOGE,buy Gate / sell Bitget,Bitget<->Gate,-2.212145,-32.212145,NO,649.70,"{""buy_ask"":0.09041,""buy_venue"":""Gate"",""extra_buffer_bps"":10.0,""note"":""Discovery snapshot only; assumes capital pre-positioned on both venues. Rebalancing, withdrawal, latency and deeper-book impact are not yet validated."",""sell_bid"":0.09039,""sell_venue"":""Bitget"",""source"":""wide_cex_hunter"",""taker_fee_bps_per_leg"":10.0,""total_friction_bps"":30.0}"
2026-09-07T21:54:49+00:00,cex_cross_spot,ADA:buy Bitget / sell Gate,ADA,buy Bitget / sell Gate,Bitget<->Gate,-3.631412,-33.631412,NO,264.92,"{""buy_ask"":0.2203,""buy_venue"":""Bitget"",""extra_buffer_bps"":10.0,""note"":""Discovery snapshot only; assumes capital pre-positioned on both venues. Rebalancing, withdrawal, latency and deeper-book impact are not yet validated."",""sell_bid"":0.22022,""sell_venue"":""Gate"",""source"":""wide_cex_hunter"",""taker_fee_bps_per_leg"":10.0,""total_friction_bps"":30.0}"
2026-09-07T21:54:49+00:00,cex_cross_spot,ADA:buy Gate / sell Bitget,ADA,buy Gate / sell Bitget,Bitget<->Gate,-4.992964,-34.992964,NO,222.07,"{""buy_ask"":0.22031,""buy_venue"":""Gate"",""extra_buffer_bps"":10.0,""note"":""Discovery snapshot only; assumes capital pre-positioned on both venues. Rebalancing, withdrawal, latency and deeper-book impact are not yet validated."",""sell_bid"":0.2202,""sell_venue"":""Bitget"",""source"":""wide_cex_hunter"",""taker_fee_bps_per_leg"":10.0,""total_friction_bps"":30.0}"
2026-09-07T21:54:49+00:00,cex_cross_spot,LINK:buy Bitget / sell Gate,LINK,buy Bitget / sell Gate,Bitget<->Gate,-3.920031,-33.920031,NO,149.32,"{""buy_ask"":12.755,""buy_venue"":""Bitget"",""extra_buffer_bps"":10.0,""note"":""Discovery snapshot only; assumes capital pre-positioned on both venues. Rebalancing, withdrawal, latency and deeper-book impact are not yet validated."",""sell_bid"":12.75,""sell_venue"":""Gate"",""source"":""wide_cex_hunter"",""taker_fee_bps_per_leg"":10.0,""total_friction_bps"":30.0}"
2026-09-07T21:54:49+00:00,cex_cross_spot,LINK:buy Gate / sell Bitget,LINK,buy Gate / sell Bitget,Bitget<->Gate,-1.568258,-31.568258,NO,77.63,"{""buy_ask"":12.753,""buy_venue"":""Gate"",""extra_buffer_bps"":10.0,""note"":""Discovery snapshot only; assumes capital pre-positioned on both venues. Rebalancing, withdrawal, latency and deeper-book impact are not yet validated."",""sell_bid"":12.751,""sell_venue"":""Bitget"",""source"":""wide_cex_hunter"",""taker_fee_bps_per_leg"":10.0,""total_friction_bps"":30.0}"
2026-09-07T21:54:49+00:00,cex_cross_spot,LTC:buy Bitget / sell Gate,LTC,buy Bitget / sell Gate,Bitget<->Gate,-10.771993,-40.771993,NO,138.49,"{""buy_ask"":55.7,""buy_venue"":""Bitget"",""extra_buffer_bps"":10.0,""note"":""Discovery snapshot only; assumes capital pre-positioned on both venues. Rebalancing, withdrawal, latency and deeper-book impact are not yet validated."",""sell_bid"":55.64,""sell_venue"":""Gate"",""source"":""wide_cex_hunter"",""taker_fee_bps_per_leg"":10.0,""total_friction_bps"":30.0}"
2026-09-07T21:54:49+00:00,cex_cross_spot,LTC:buy Gate / sell Bitget,LTC,buy Gate / sell Bitget,Bitget<->Gate,1.796622,-28.203378,NO,400.85,"{""buy_ask"":55.66,""buy_venue"":""Gate"",""extra_buffer_bps"":10.0,""note"":""Discovery snapshot only; assumes capital pre-positioned on both venues. Rebalancing, withdrawal, latency and deeper-book impact are not yet validated."",""sell_bid"":55.67,""sell_venue"":""Bitget"",""source"":""wide_cex_hunter"",""taker_fee_bps_per_leg"":10.0,""total_friction_bps"":30.0}"
2026-09-07T21:54:49+00:00,cex_cross_spot,BCH:buy Bitget / sell Gate,BCH,buy Bitget / sell Gate,Bitget<->Gate,-7.671653,-37.671653,NO,191.20,"{""buy_ask"":260.7,""buy_venue"":""Bitget"",""extra_buffer_bps"":10.0,""note"":""Discovery snapshot only; assumes capital pre-positioned on both venues. Rebalancing, withdrawal, latency and deeper-book impact are not yet validated."",""sell_bid"":260.5,""sell_venue"":""Gate"",""source"":""wide_cex_hunter"",""taker_fee_bps_per_leg"":10.0,""total_friction_bps"":30.0}"
2026-09-07T21:54:49+00:00,cex_cross_spot,BCH:buy Gate / sell Bitget,BCH,buy Gate / sell Bitget,Bitget<->Gate,-6.902370,-36.902370,NO,124.91,"{""buy_ask"":260.78,""buy_venue"":""Gate"",""extra_buffer_bps"":10.0,""note"":""Discovery snapshot only; assumes capital pre-positioned on both venues. Rebalancing, withdrawal, latency and deeper-book impact are not yet validated."",""sell_bid"":260.6,""sell_venue"":""Bitget"",""source"":""wide_cex_hunter"",""taker_fee_bps_per_leg"":10.0,""total_friction_bps"":30.0}"
2026-09-07T21:54:49+00:00,cex_cross_spot,AVAX:buy Bitget / sell Gate,AVAX,buy Bitget / sell Gate,Bitget<->Gate,1.233198,-28.766802,NO,0.02,"{""buy_ask"":8.109,""buy_venue"":""Bitget"",""extra_buffer_bps"":10.0,""note"":""Discovery snapshot only; assumes capital pre-positioned on both venues. Rebalancing, withdrawal, latency and deeper-book impact are not yet validated."",""sell_bid"":8.11,""sell_venue"":""Gate"",""source"":""wide_cex_hunter"",""taker_fee_bps_per_leg"":10.0,""total_friction_bps"":30.0}"
2026-09-07T21:54:49+00:00,cex_cross_spot,AVAX:buy Gate / sell Bitget,AVAX,buy Gate / sell Bitget,Bitget<->Gate,-3.698681,-33.698681,NO,325.36,"{""buy_ask"":8.111,""buy_venue"":""Gate"",""extra_buffer_bps"":10.0,""note"":""Discovery snapshot only; assumes capital pre-positioned on both venues. Rebalancing, withdrawal, latency and deeper-book impact are not yet validated."",""sell_bid"":8.108,""sell_venue"":""Bitget"",""source"":""wide_cex_hunter"",""taker_fee_bps_per_leg"":10.0,""total_friction_bps"":30.0}"
2026-09-07T21:54:49+00:00,cex_cross_spot,DOT:buy Bitget / sell Gate,DOT,buy Bitget / sell Gate,Bitget<->Gate,-7.462687,-37.462687,NO,4.93,"{""buy_ask"":1.072,""buy_venue"":""Bitget"",""extra_buffer_bps"":10.0,""note"":""Discovery snapshot only; assumes capital pre-positioned on both venues. Rebalancing, withdrawal, latency and deeper-book impact are not yet validated."",""sell_bid"":1.0712,""sell_venue"":""Gate"",""source"":""wide_cex_hunter"",""taker_fee_bps_per_leg"":10.0,""total_friction_bps"":30.0}"
2026-09-07T21:54:49+00:00,cex_cross_spot,DOT:buy Gate / sell Bitget,DOT,buy Gate / sell Bitget,Bitget<->Gate,-7.464079,-37.464079,NO,4.93,"{""buy_ask"":1.0718,""buy_venue"":""Gate"",""extra_buffer_bps"":10.0,""note"":""Discovery snapshot only; assumes capital pre-positioned on both venues. Rebalancing, withdrawal, latency and deeper-book impact are not yet validated."",""sell_bid"":1.071,""sell_venue"":""Bitget"",""source"":""wide_cex_hunter"",""taker_fee_bps_per_leg"":10.0,""total_friction_bps"":30.0}"
2026-09-07T21:54:49+00:00,cex_cross_spot,TRX:buy Bitget / sell Gate,TRX,buy Bitget / sell Gate,Bitget<->Gate,-2.090988,-32.090988,NO,27.64,"{""buy_ask"":0.33477,""buy_venue"":""Bitget"",""extra_buffer_bps"":10.0,""note"":""Discovery snapshot only; assumes capital pre-positioned on both venues. Rebalancing, withdrawal, latency and deeper-book impact are not yet validated."",""sell_bid"":0.3347,""sell_venue"":""Gate"",""source"":""wide_cex_hunter"",""taker_fee_bps_per_leg"":10.0,""total_friction_bps"":30.0}"
2026-09-07T21:54:49+00:00,cex_cross_spot,TRX:buy Gate / sell Bitget,TRX,buy Gate / sell Bitget,Bitget<->Gate,-1.194743,-31.194743,NO,531.61,"{""buy_ask"":0.3348,""buy_venue"":""Gate"",""extra_buffer_bps"":10.0,""note"":""Discovery snapshot only; assumes capital pre-positioned on both venues. Rebalancing, withdrawal, latency and deeper-book impact are not yet validated."",""sell_bid"":0.33476,""sell_venue"":""Bitget"",""source"":""wide_cex_hunter"",""taker_fee_bps_per_leg"":10.0,""total_friction_bps"":30.0}"
2026-09-07T21:54:49+00:00,cex_cross_spot,SUI:buy Bitget / sell Gate,SUI,buy Bitget / sell Gate,Bitget<->Gate,-3.643430,-33.643430,NO,271.91,"{""buy_ask"":0.8234,""buy_venue"":""Bitget"",""extra_buffer_bps"":10.0,""note"":""Discovery snapshot only; assumes capital pre-positioned on both venues. Rebalancing, withdrawal, latency and deeper-book impact are not yet validated."",""sell_bid"":0.8231,""sell_venue"":""Gate"",""source"":""wide_cex_hunter"",""taker_fee_bps_per_leg"":10.0,""total_friction_bps"":30.0}"
2026-09-07T21:54:49+00:00,cex_cross_spot,SUI:buy Gate / sell Bitget,SUI,buy Gate / sell Bitget,Bitget<->Gate,-2.428658,-32.428658,NO,37.96,"{""buy_ask"":0.8235,""buy_venue"":""Gate"",""extra_buffer_bps"":10.0,""note"":""Discovery snapshot only; assumes capital pre-positioned on both venues. Rebalancing, withdrawal, latency and deeper-book impact are not yet validated."",""sell_bid"":0.8233,""sell_venue"":""Bitget"",""source"":""wide_cex_hunter"",""taker_fee_bps_per_leg"":10.0,""total_friction_bps"":30.0}"
2026-09-07T21:54:49+00:00,cex_cross_spot,APT:buy Bitget / sell Gate,APT,buy Bitget / sell Gate,Bitget<->Gate,-7.743534,-37.743534,NO,78.57,"{""buy_ask"":0.6457,""buy_venue"":""Bitget"",""extra_buffer_bps"":10.0,""note"":""Discovery snapshot only; assumes capital pre-positioned on both venues. Rebalancing, withdrawal, latency and deeper-book impact are not yet validated."",""sell_bid"":0.6452,""sell_venue"":""Gate"",""source"":""wide_cex_hunter"",""taker_fee_bps_per_leg"":10.0,""total_friction_bps"":30.0}"
2026-09-07T21:54:49+00:00,cex_cross_spot,APT:buy Gate / sell Bitget,APT,buy Gate / sell Bitget,Bitget<->Gate,-6.195787,-36.195787,NO,76.48,"{""buy_ask"":0.6456,""buy_venue"":""Gate"",""extra_buffer_bps"":10.0,""note"":""Discovery snapshot only; assumes capital pre-positioned on both venues. Rebalancing, withdrawal, latency and deeper-book impact are not yet validated."",""sell_bid"":0.6452,""sell_venue"":""Bitget"",""source"":""wide_cex_hunter"",""taker_fee_bps_per_leg"":10.0,""total_friction_bps"":30.0}"
2026-09-07T21:54:49+00:00,cex_cross_spot,NEAR:buy Bitget / sell Gate,NEAR,buy Bitget / sell Gate,Bitget<->Gate,-8.665511,-38.665511,NO,348.00,"{""buy_ask"":2.308,""buy_venue"":""Bitget"",""extra_buffer_bps"":10.0,""note"":""Discovery snapshot only; assumes capital pre-positioned on both venues. Rebalancing, withdrawal, latency and deeper-book impact are not yet validated."",""sell_bid"":2.306,""sell_venue"":""Gate"",""source"":""wide_cex_hunter"",""taker_fee_bps_per_leg"":10.0,""total_friction_bps"":30.0}"
2026-09-07T21:54:49+00:00,cex_cross_spot,NEAR:buy Gate / sell Bitget,NEAR,buy Gate / sell Bitget,Bitget<->Gate,-8.665511,-38.665511,NO,469.86,"{""buy_ask"":2.308,""buy_venue"":""Gate"",""extra_buffer_bps"":10.0,""note"":""Discovery snapshot only; assumes capital pre-positioned on both venues. Rebalancing, withdrawal, latency and deeper-book impact are not yet validated."",""sell_bid"":2.306,""sell_venue"":""Bitget"",""source"":""wide_cex_hunter"",""taker_fee_bps_per_leg"":10.0,""total_friction_bps"":30.0}"
2026-09-07T23:57:09+00:00,cex_cross_spot,BTC:buy Bitget / sell Gate,BTC,buy Bitget / sell Gate,Bitget<->Gate,0.338718,-29.661282,NO,395.39,"{""buy_ask"":79121.82,""buy_venue"":""Bitget"",""extra_buffer_bps"":10.0,""note"":""Discovery snapshot only; assumes capital pre-positioned on both venues. Rebalancing, withdrawal, latency and deeper-book impact are not yet validated."",""sell_bid"":79124.5,""sell_venue"":""Gate"",""source"":""wide_cex_hunter"",""taker_fee_bps_per_leg"":10.0,""total_friction_bps"":30.0}"
2026-09-07T23:57:09+00:00,cex_cross_spot,BTC:buy Gate / sell Bitget,BTC,buy Gate / sell Bitget,Bitget<->Gate,-0.352608,-30.352608,NO,10663.80,"{""buy_ask"":79124.6,""buy_venue"":""Gate"",""extra_buffer_bps"":10.0,""note"":""Discovery snapshot only; assumes capital pre-positioned on both venues. Rebalancing, withdrawal, latency and deeper-book impact are not yet validated."",""sell_bid"":79121.81,""sell_venue"":""Bitget"",""source"":""wide_cex_hunter"",""taker_fee_bps_per_leg"":10.0,""total_friction_bps"":30.0}"
2026-09-07T23:57:09+00:00,cex_cross_spot,ETH:buy Bitget / sell Gate,ETH,buy Bitget / sell Gate,Bitget<->Gate,0.281012,-29.718988,NO,4634.14,"{""buy_ask"":2491.0,""buy_venue"":""Bitget"",""extra_buffer_bps"":10.0,""note"":""Discovery snapshot only; assumes capital pre-positioned on both venues. Rebalancing, withdrawal, latency and deeper-book impact are not yet validated."",""sell_bid"":2491.07,""sell_venue"":""Gate"",""source"":""wide_cex_hunter"",""taker_fee_bps_per_leg"":10.0,""total_friction_bps"":30.0}"
2026-09-07T23:57:09+00:00,cex_cross_spot,ETH:buy Gate / sell Bitget,ETH,buy Gate / sell Bitget,Bitget<->Gate,-0.361289,-30.361289,NO,9638.74,"{""buy_ask"":2491.08,""buy_venue"":""Gate"",""extra_buffer_bps"":10.0,""note"":""Discovery snapshot only; assumes capital pre-positioned on both venues. Rebalancing, withdrawal, latency and deeper-book impact are not yet validated."",""sell_bid"":2490.99,""sell_venue"":""Bitget"",""source"":""wide_cex_hunter"",""taker_fee_bps_per_leg"":10.0,""total_friction_bps"":30.0}"
2026-09-07T23:57:09+00:00,cex_cross_spot,SOL:buy Bitget / sell Gate,SOL,buy Bitget / sell Gate,Bitget<->Gate,0.000000,-30.000000,NO,354.71,"{""buy_ask"":103.87,""buy_venue"":""Bitget"",""extra_buffer_bps"":10.0,""note"":""Discovery snapshot only; assumes capital pre-positioned on both venues. Rebalancing, withdrawal, latency and deeper-book impact are not yet validated."",""sell_bid"":103.87,""sell_venue"":""Gate"",""source"":""wide_cex_hunter"",""taker_fee_bps_per_leg"":10.0,""total_friction_bps"":30.0}"
2026-09-07T23:57:09+00:00,cex_cross_spot,SOL:buy Gate / sell Bitget,SOL,buy Gate / sell Bitget,Bitget<->Gate,-1.925298,-31.925298,NO,909.78,"{""buy_ask"":103.88,""buy_venue"":""Gate"",""extra_buffer_bps"":10.0,""note"":""Discovery snapshot only; assumes capital pre-positioned on both venues. Rebalancing, withdrawal, latency and deeper-book impact are not yet validated."",""sell_bid"":103.86,""sell_venue"":""Bitget"",""source"":""wide_cex_hunter"",""taker_fee_bps_per_leg"":10.0,""total_friction_bps"":30.0}"
2026-09-07T23:57:09+00:00,cex_cross_spot,XRP:buy Bitget / sell Gate,XRP,buy Bitget / sell Gate,Bitget<->Gate,-1.430718,-31.430718,NO,76.03,"{""buy_ask"":1.3979,""buy_venue"":""Bitget"",""extra_buffer_bps"":10.0,""note"":""Discovery snapshot only; assumes capital pre-positioned on both venues. Rebalancing, withdrawal, latency and deeper-book impact are not yet validated."",""sell_bid"":1.3977,""sell_venue"":""Gate"",""source"":""wide_cex_hunter"",""taker_fee_bps_per_leg"":10.0,""total_friction_bps"":30.0}"
2026-09-07T23:57:09+00:00,cex_cross_spot,XRP:buy Gate / sell Bitget,XRP,buy Gate / sell Bitget,Bitget<->Gate,-0.715359,-30.715359,NO,339.55,"{""buy_ask"":1.3979,""buy_venue"":""Gate"",""extra_buffer_bps"":10.0,""note"":""Discovery snapshot only; assumes capital pre-positioned on both venues. Rebalancing, withdrawal, latency and deeper-book impact are not yet validated."",""sell_bid"":1.3978,""sell_venue"":""Bitget"",""source"":""wide_cex_hunter"",""taker_fee_bps_per_leg"":10.0,""total_friction_bps"":30.0}"
2026-09-07T23:57:09+00:00,cex_cross_spot,DOGE:buy Bitget / sell Gate,DOGE,buy Bitget / sell Gate,Bitget<->Gate,-1.103266,-31.103266,NO,39.13,"{""buy_ask"":0.09064,""buy_venue"":""Bitget"",""extra_buffer_bps"":10.0,""note"":""Discovery snapshot only; assumes capital pre-positioned on both venues. Rebalancing, withdrawal, latency and deeper-book impact are not yet validated."",""sell_bid"":0.09063,""sell_venue"":""Gate"",""source"":""wide_cex_hunter"",""taker_fee_bps_per_leg"":10.0,""total_friction_bps"":30.0}"
2026-09-07T23:57:09+00:00,cex_cross_spot,DOGE:buy Gate / sell Bitget,DOGE,buy Gate / sell Bitget,Bitget<->Gate,-1.103266,-31.103266,NO,243.08,"{""buy_ask"":0.09064,""buy_venue"":""Gate"",""extra_buffer_bps"":10.0,""note"":""Discovery snapshot only; assumes capital pre-positioned on both venues. Rebalancing, withdrawal, latency and deeper-book impact are not yet validated."",""sell_bid"":0.09063,""sell_venue"":""Bitget"",""source"":""wide_cex_hunter"",""taker_fee_bps_per_leg"":10.0,""total_friction_bps"":30.0}"
2026-09-07T23:57:09+00:00,cex_cross_spot,ADA:buy Bitget / sell Gate,ADA,buy Bitget / sell Gate,Bitget<->Gate,-3.173164,-33.173164,NO,158.64,"{""buy_ask"":0.2206,""buy_venue"":""Bitget"",""extra_buffer_bps"":10.0,""note"":""Discovery snapshot only; assumes capital pre-positioned on both venues. Rebalancing, withdrawal, latency and deeper-book impact are not yet validated."",""sell_bid"":0.22053,""sell_venue"":""Gate"",""source"":""wide_cex_hunter"",""taker_fee_bps_per_leg"":10.0,""total_friction_bps"":30.0}"
2026-09-07T23:57:09+00:00,cex_cross_spot,ADA:buy Gate / sell Bitget,ADA,buy Gate / sell Bitget,Bitget<->Gate,-4.533092,-34.533092,NO,44.12,"{""buy_ask"":0.2206,""buy_venue"":""Gate"",""extra_buffer_bps"":10.0,""note"":""Discovery snapshot only; assumes capital pre-positioned on both venues. Rebalancing, withdrawal, latency and deeper-book impact are not yet validated."",""sell_bid"":0.2205,""sell_venue"":""Bitget"",""source"":""wide_cex_hunter"",""taker_fee_bps_per_leg"":10.0,""total_friction_bps"":30.0}"
2026-09-07T23:57:09+00:00,cex_cross_spot,LINK:buy Bitget / sell Gate,LINK,buy Bitget / sell Gate,Bitget<->Gate,-3.917267,-33.917267,NO,123.76,"{""buy_ask"":12.764,""buy_venue"":""Bitget"",""extra_buffer_bps"":10.0,""note"":""Discovery snapshot only; assumes capital pre-positioned on both venues. Rebalancing, withdrawal, latency and deeper-book impact are not yet validated."",""sell_bid"":12.759,""sell_venue"":""Gate"",""source"":""wide_cex_hunter"",""taker_fee_bps_per_leg"":10.0,""total_friction_bps"":30.0}"
2026-09-07T23:57:09+00:00,cex_cross_spot,LINK:buy Gate / sell Bitget,LINK,buy Gate / sell Bitget,Bitget<->Gate,0.783638,-29.216362,NO,52.32,"{""buy_ask"":12.761,""buy_venue"":""Gate"",""extra_buffer_bps"":10.0,""note"":""Discovery snapshot only; assumes capital pre-positioned on both venues. Rebalancing, withdrawal, latency and deeper-book impact are not yet validated."",""sell_bid"":12.762,""sell_venue"":""Bitget"",""source"":""wide_cex_hunter"",""taker_fee_bps_per_leg"":10.0,""total_friction_bps"":30.0}"
2026-09-07T23:57:09+00:00,cex_cross_spot,LTC:buy Bitget / sell Gate,LTC,buy Bitget / sell Gate,Bitget<->Gate,-3.617291,-33.617291,NO,79.37,"{""buy_ask"":55.29,""buy_venue"":""Bitget"",""extra_buffer_bps"":10.0,""note"":""Discovery snapshot only; assumes capital pre-positioned on both venues. Rebalancing, withdrawal, latency and deeper-book impact are not yet validated."",""sell_bid"":55.27,""sell_venue"":""Gate"",""source"":""wide_cex_hunter"",""taker_fee_bps_per_leg"":10.0,""total_friction_bps"":30.0}"
2026-09-07T23:57:09+00:00,cex_cross_spot,LTC:buy Gate / sell Bitget,LTC,buy Gate / sell Bitget,Bitget<->Gate,-1.808973,-31.808973,NO,309.57,"{""buy_ask"":55.28,""buy_venue"":""Gate"",""extra_buffer_bps"":10.0,""note"":""Discovery snapshot only; assumes capital pre-positioned on both venues. Rebalancing, withdrawal, latency and deeper-book impact are not yet validated."",""sell_bid"":55.27,""sell_venue"":""Bitget"",""source"":""wide_cex_hunter"",""taker_fee_bps_per_leg"":10.0,""total_friction_bps"":30.0}"
2026-09-07T23:57:09+00:00,cex_cross_spot,BCH:buy Bitget / sell Gate,BCH,buy Bitget / sell Gate,Bitget<->Gate,-8.487654,-38.487654,NO,249.92,"{""buy_ask"":259.2,""buy_venue"":""Bitget"",""extra_buffer_bps"":10.0,""note"":""Discovery snapshot only; assumes capital pre-positioned on both venues. Rebalancing, withdrawal, latency and deeper-book impact are not yet validated."",""sell_bid"":258.98,""sell_venue"":""Gate"",""source"":""wide_cex_hunter"",""taker_fee_bps_per_leg"":10.0,""total_friction_bps"":30.0}"
2026-09-07T23:57:09+00:00,cex_cross_spot,BCH:buy Gate / sell Bitget,BCH,buy Gate / sell Bitget,Bitget<->Gate,-5.016787,-35.016787,NO,165.84,"{""buy_ask"":259.13,""buy_venue"":""Gate"",""extra_buffer_bps"":10.0,""note"":""Discovery snapshot only; assumes capital pre-positioned on both venues. Rebalancing, withdrawal, latency and deeper-book impact are not yet validated."",""sell_bid"":259.0,""sell_venue"":""Bitget"",""source"":""wide_cex_hunter"",""taker_fee_bps_per_leg"":10.0,""total_friction_bps"":30.0}"
2026-09-07T23:57:09+00:00,cex_cross_spot,AVAX:buy Bitget / sell Gate,AVAX,buy Bitget / sell Gate,Bitget<->Gate,-1.236858,-31.236858,NO,116.68,"{""buy_ask"":8.085,""buy_venue"":""Bitget"",""extra_buffer_bps"":10.0,""note"":""Discovery snapshot only; assumes capital pre-positioned on both venues. Rebalancing, withdrawal, latency and deeper-book impact are not yet validated."",""sell_bid"":8.084,""sell_venue"":""Gate"",""source"":""wide_cex_hunter"",""taker_fee_bps_per_leg"":10.0,""total_friction_bps"":30.0}"
2026-09-07T23:57:09+00:00,cex_cross_spot,AVAX:buy Gate / sell Bitget,AVAX,buy Gate / sell Bitget,Bitget<->Gate,-3.709657,-33.709657,NO,147.73,"{""buy_ask"":8.087,""buy_venue"":""Gate"",""extra_buffer_bps"":10.0,""note"":""Discovery snapshot only; assumes capital pre-positioned on both venues. Rebalancing, withdrawal, latency and deeper-book impact are not yet validated."",""sell_bid"":8.084,""sell_venue"":""Bitget"",""source"":""wide_cex_hunter"",""taker_fee_bps_per_leg"":10.0,""total_friction_bps"":30.0}"
2026-09-07T23:57:09+00:00,cex_cross_spot,DOT:buy Bitget / sell Gate,DOT,buy Bitget / sell Gate,Bitget<->Gate,-9.407338,-39.407338,NO,138.06,"{""buy_ask"":1.063,""buy_venue"":""Bitget"",""extra_buffer_bps"":10.0,""note"":""Discovery snapshot only; assumes capital pre-positioned on both venues. Rebalancing, withdrawal, latency and deeper-book impact are not yet validated."",""sell_bid"":1.062,""sell_venue"":""Gate"",""source"":""wide_cex_hunter"",""taker_fee_bps_per_leg"":10.0,""total_friction_bps"":30.0}"
2026-09-07T23:57:09+00:00,cex_cross_spot,DOT:buy Gate / sell Bitget,DOT,buy Gate / sell Bitget,Bitget<->Gate,-6.586995,-36.586995,NO,171.84,"{""buy_ask"":1.0627,""buy_venue"":""Gate"",""extra_buffer_bps"":10.0,""note"":""Discovery snapshot only; assumes capital pre-positioned on both venues. Rebalancing, withdrawal, latency and deeper-book impact are not yet validated."",""sell_bid"":1.062,""sell_venue"":""Bitget"",""source"":""wide_cex_hunter"",""taker_fee_bps_per_leg"":10.0,""total_friction_bps"":30.0}"
2026-09-07T23:57:09+00:00,cex_cross_spot,TRX:buy Bitget / sell Gate,TRX,buy Bitget / sell Gate,Bitget<->Gate,-2.689859,-32.689859,NO,360.02,"{""buy_ask"":0.33459,""buy_venue"":""Bitget"",""extra_buffer_bps"":10.0,""note"":""Discovery snapshot only; assumes capital pre-positioned on both venues. Rebalancing, withdrawal, latency and deeper-book impact are not yet validated."",""sell_bid"":0.3345,""sell_venue"":""Gate"",""source"":""wide_cex_hunter"",""taker_fee_bps_per_leg"":10.0,""total_friction_bps"":30.0}"
2026-09-07T23:57:09+00:00,cex_cross_spot,TRX:buy Gate / sell Bitget,TRX,buy Gate / sell Bitget,Bitget<->Gate,-0.597729,-30.597729,NO,1766.52,"{""buy_ask"":0.3346,""buy_venue"":""Gate"",""extra_buffer_bps"":10.0,""note"":""Discovery snapshot only; assumes capital pre-positioned on both venues. Rebalancing, withdrawal, latency and deeper-book impact are not yet validated."",""sell_bid"":0.33458,""sell_venue"":""Bitget"",""source"":""wide_cex_hunter"",""taker_fee_bps_per_leg"":10.0,""total_friction_bps"":30.0}"
2026-09-07T23:57:09+00:00,cex_cross_spot,SUI:buy Bitget / sell Gate,SUI,buy Bitget / sell Gate,Bitget<->Gate,0.000000,-30.000000,NO,91.28,"{""buy_ask"":0.8193,""buy_venue"":""Bitget"",""extra_buffer_bps"":10.0,""note"":""Discovery snapshot only; assumes capital pre-positioned on both venues. Rebalancing, withdrawal, latency and deeper-book impact are not yet validated."",""sell_bid"":0.8193,""sell_venue"":""Gate"",""source"":""wide_cex_hunter"",""taker_fee_bps_per_leg"":10.0,""total_friction_bps"":30.0}"
2026-09-07T23:57:09+00:00,cex_cross_spot,SUI:buy Gate / sell Bitget,SUI,buy Gate / sell Bitget,Bitget<->Gate,-2.440810,-32.440810,NO,37.77,"{""buy_ask"":0.8194,""buy_venue"":""Gate"",""extra_buffer_bps"":10.0,""note"":""Discovery snapshot only; assumes capital pre-positioned on both venues. Rebalancing, withdrawal, latency and deeper-book impact are not yet validated."",""sell_bid"":0.8192,""sell_venue"":""Bitget"",""source"":""wide_cex_hunter"",""taker_fee_bps_per_leg"":10.0,""total_friction_bps"":30.0}"
2026-09-07T23:57:09+00:00,cex_cross_spot,APT:buy Bitget / sell Gate,APT,buy Bitget / sell Gate,Bitget<->Gate,-1.559333,-31.559333,NO,66.68,"{""buy_ask"":0.6413,""buy_venue"":""Bitget"",""extra_buffer_bps"":10.0,""note"":""Discovery snapshot only; assumes capital pre-positioned on both venues. Rebalancing, withdrawal, latency and deeper-book impact are not yet validated."",""sell_bid"":0.6412,""sell_venue"":""Gate"",""source"":""wide_cex_hunter"",""taker_fee_bps_per_leg"":10.0,""total_friction_bps"":30.0}"
2026-09-07T23:57:09+00:00,cex_cross_spot,APT:buy Gate / sell Bitget,APT,buy Gate / sell Bitget,Bitget<->Gate,-6.235386,-36.235386,NO,60.83,"{""buy_ask"":0.6415,""buy_venue"":""Gate"",""extra_buffer_bps"":10.0,""note"":""Discovery snapshot only; assumes capital pre-positioned on both venues. Rebalancing, withdrawal, latency and deeper-book impact are not yet validated."",""sell_bid"":0.6411,""sell_venue"":""Bitget"",""source"":""wide_cex_hunter"",""taker_fee_bps_per_leg"":10.0,""total_friction_bps"":30.0}"
2026-09-07T23:57:09+00:00,cex_cross_spot,NEAR:buy Bitget / sell Gate,NEAR,buy Bitget / sell Gate,Bitget<->Gate,-8.658009,-38.658009,NO,456.91,"{""buy_ask"":2.31,""buy_venue"":""Bitget"",""extra_buffer_bps"":10.0,""note"":""Discovery snapshot only; assumes capital pre-positioned on both venues. Rebalancing, withdrawal, latency and deeper-book impact are not yet validated."",""sell_bid"":2.308,""sell_venue"":""Gate"",""source"":""wide_cex_hunter"",""taker_fee_bps_per_leg"":10.0,""total_friction_bps"":30.0}"
2026-09-07T23:57:09+00:00,cex_cross_spot,NEAR:buy Gate / sell Bitget,NEAR,buy Gate / sell Bitget,Bitget<->Gate,-8.658009,-38.658009,NO,1303.05,"{""buy_ask"":2.31,""buy_venue"":""Gate"",""extra_buffer_bps"":10.0,""note"":""Discovery snapshot only; assumes capital pre-positioned on both venues. Rebalancing, withdrawal, latency and deeper-book impact are not yet validated."",""sell_bid"":2.308,""sell_venue"":""Bitget"",""source"":""wide_cex_hunter"",""taker_fee_bps_per_leg"":10.0,""total_friction_bps"":30.0}"
2026-09-08T02:16:23+00:00,cex_cross_spot,BTC:buy Bitget / sell Gate,BTC,buy Bitget / sell Gate,Bitget<->Gate,-1.069949,-31.069949,NO,1431.55,"{""buy_ask"":79349.59,""buy_venue"":""Bitget"",""extra_buffer_bps"":10.0,""note"":""Discovery snapshot only; assumes capital pre-positioned on both venues. Rebalancing, withdrawal, latency and deeper-book impact are not yet validated."",""sell_bid"":79341.1,""sell_venue"":""Gate"",""source"":""wide_cex_hunter"",""taker_fee_bps_per_leg"":10.0,""total_friction_bps"":30.0}"
2026-09-08T02:16:23+00:00,cex_cross_spot,BTC:buy Gate / sell Bitget,BTC,buy Gate / sell Bitget,Bitget<->Gate,1.056198,-28.943802,NO,739.38,"{""buy_ask"":79341.2,""buy_venue"":""Gate"",""extra_buffer_bps"":10.0,""note"":""Discovery snapshot only; assumes capital pre-positioned on both venues. Rebalancing, withdrawal, latency and deeper-book impact are not yet validated."",""sell_bid"":79349.58,""sell_venue"":""Bitget"",""source"":""wide_cex_hunter"",""taker_fee_bps_per_leg"":10.0,""total_friction_bps"":30.0}"
2026-09-08T02:16:23+00:00,cex_cross_spot,ETH:buy Bitget / sell Gate,ETH,buy Bitget / sell Gate,Bitget<->Gate,-0.719986,-30.719986,NO,7826.59,"{""buy_ask"":2500.05,""buy_venue"":""Bitget"",""extra_buffer_bps"":10.0,""note"":""Discovery snapshot only; assumes capital pre-positioned on both venues. Rebalancing, withdrawal, latency and deeper-book impact are not yet validated."",""sell_bid"":2499.87,""sell_venue"":""Gate"",""source"":""wide_cex_hunter"",""taker_fee_bps_per_leg"":10.0,""total_friction_bps"":30.0}"
2026-09-08T02:16:23+00:00,cex_cross_spot,ETH:buy Gate / sell Bitget,ETH,buy Gate / sell Bitget,Bitget<->Gate,0.640031,-29.359969,NO,21.25,"{""buy_ask"":2499.88,""buy_venue"":""Gate"",""extra_buffer_bps"":10.0,""note"":""Discovery snapshot only; assumes capital pre-positioned on both venues. Rebalancing, withdrawal, latency and deeper-book impact are not yet validated."",""sell_bid"":2500.04,""sell_venue"":""Bitget"",""source"":""wide_cex_hunter"",""taker_fee_bps_per_leg"":10.0,""total_friction_bps"":30.0}"
2026-09-08T02:16:23+00:00,cex_cross_spot,SOL:buy Bitget / sell Gate,SOL,buy Bitget / sell Gate,Bitget<->Gate,0.959417,-29.040583,NO,1974.31,"{""buy_ask"":104.23,""buy_venue"":""Bitget"",""extra_buffer_bps"":10.0,""note"":""Discovery snapshot only; assumes capital pre-positioned on both venues. Rebalancing, withdrawal, latency and deeper-book impact are not yet validated."",""sell_bid"":104.24,""sell_venue"":""Gate"",""source"":""wide_cex_hunter"",""taker_fee_bps_per_leg"":10.0,""total_friction_bps"":30.0}"
2026-09-08T02:16:23+00:00,cex_cross_spot,SOL:buy Gate / sell Bitget,SOL,buy Gate / sell Bitget,Bitget<->Gate,-2.877698,-32.877698,NO,10977.94,"{""buy_ask"":104.25,""buy_venue"":""Gate"",""extra_buffer_bps"":10.0,""note"":""Discovery snapshot only; assumes capital pre-positioned on both venues. Rebalancing, withdrawal, latency and deeper-book impact are not yet validated."",""sell_bid"":104.22,""sell_venue"":""Bitget"",""source"":""wide_cex_hunter"",""taker_fee_bps_per_leg"":10.0,""total_friction_bps"":30.0}"
2026-09-08T02:16:23+00:00,cex_cross_spot,XRP:buy Bitget / sell Gate,XRP,buy Bitget / sell Gate,Bitget<->Gate,0.000000,-30.000000,NO,174.35,"{""buy_ask"":1.4038,""buy_venue"":""Bitget"",""extra_buffer_bps"":10.0,""note"":""Discovery snapshot only; assumes capital pre-positioned on both venues. Rebalancing, withdrawal, latency and deeper-book impact are not yet validated."",""sell_bid"":1.4038,""sell_venue"":""Gate"",""source"":""wide_cex_hunter"",""taker_fee_bps_per_leg"":10.0,""total_friction_bps"":30.0}"
2026-09-08T02:16:23+00:00,cex_cross_spot,XRP:buy Gate / sell Bitget,XRP,buy Gate / sell Bitget,Bitget<->Gate,-1.424603,-31.424603,NO,421.17,"{""buy_ask"":1.4039,""buy_venue"":""Gate"",""extra_buffer_bps"":10.0,""note"":""Discovery snapshot only; assumes capital pre-positioned on both venues. Rebalancing, withdrawal, latency and deeper-book impact are not yet validated."",""sell_bid"":1.4037,""sell_venue"":""Bitget"",""source"":""wide_cex_hunter"",""taker_fee_bps_per_leg"":10.0,""total_friction_bps"":30.0}"
2026-09-08T02:16:23+00:00,cex_cross_spot,DOGE:buy Bitget / sell Gate,DOGE,buy Bitget / sell Gate,Bitget<->Gate,-2.192261,-32.192261,NO,237.92,"{""buy_ask"":0.09123,""buy_venue"":""Bitget"",""extra_buffer_bps"":10.0,""note"":""Discovery snapshot only; assumes capital pre-positioned on both venues. Rebalancing, withdrawal, latency and deeper-book impact are not yet validated."",""sell_bid"":0.09121,""sell_venue"":""Gate"",""source"":""wide_cex_hunter"",""taker_fee_bps_per_leg"":10.0,""total_friction_bps"":30.0}"
2026-09-08T02:16:23+00:00,cex_cross_spot,DOGE:buy Gate / sell Bitget,DOGE,buy Gate / sell Bitget,Bitget<->Gate,0.000000,-30.000000,NO,237.19,"{""buy_ask"":0.09122,""buy_venue"":""Gate"",""extra_buffer_bps"":10.0,""note"":""Discovery snapshot only; assumes capital pre-positioned on both venues. Rebalancing, withdrawal, latency and deeper-book impact are not yet validated."",""sell_bid"":0.09122,""sell_venue"":""Bitget"",""source"":""wide_cex_hunter"",""taker_fee_bps_per_leg"":10.0,""total_friction_bps"":30.0}"
2026-09-08T02:16:23+00:00,cex_cross_spot,ADA:buy Bitget / sell Gate,ADA,buy Bitget / sell Gate,Bitget<->Gate,-2.249213,-32.249213,NO,50.01,"{""buy_ask"":0.2223,""buy_venue"":""Bitget"",""extra_buffer_bps"":10.0,""note"":""Discovery snapshot only; assumes capital pre-positioned on both venues. Rebalancing, withdrawal, latency and deeper-book impact are not yet validated."",""sell_bid"":0.22225,""sell_venue"":""Gate"",""source"":""wide_cex_hunter"",""taker_fee_bps_per_leg"":10.0,""total_friction_bps"":30.0}"
2026-09-08T02:16:23+00:00,cex_cross_spot,ADA:buy Gate / sell Bitget,ADA,buy Gate / sell Bitget,Bitget<->Gate,-2.699541,-32.699541,NO,2.44,"{""buy_ask"":0.22226,""buy_venue"":""Gate"",""extra_buffer_bps"":10.0,""note"":""Discovery snapshot only; assumes capital pre-positioned on both venues. Rebalancing, withdrawal, latency and deeper-book impact are not yet validated."",""sell_bid"":0.2222,""sell_venue"":""Bitget"",""source"":""wide_cex_hunter"",""taker_fee_bps_per_leg"":10.0,""total_friction_bps"":30.0}"
2026-09-08T02:16:23+00:00,cex_cross_spot,LINK:buy Bitget / sell Gate,LINK,buy Bitget / sell Gate,Bitget<->Gate,-0.782534,-30.782534,NO,151.77,"{""buy_ask"":12.779,""buy_venue"":""Bitget"",""extra_buffer_bps"":10.0,""note"":""Discovery snapshot only; assumes capital pre-positioned on both venues. Rebalancing, withdrawal, latency and deeper-book impact are not yet validated."",""sell_bid"":12.778,""sell_venue"":""Gate"",""source"":""wide_cex_hunter"",""taker_fee_bps_per_leg"":10.0,""total_friction_bps"":30.0}"
2026-09-08T02:16:23+00:00,cex_cross_spot,LINK:buy Gate / sell Bitget,LINK,buy Gate / sell Bitget,Bitget<->Gate,-1.564945,-31.564945,NO,78.84,"{""buy_ask"":12.78,""buy_venue"":""Gate"",""extra_buffer_bps"":10.0,""note"":""Discovery snapshot only; assumes capital pre-positioned on both venues. Rebalancing, withdrawal, latency and deeper-book impact are not yet validated."",""sell_bid"":12.778,""sell_venue"":""Bitget"",""source"":""wide_cex_hunter"",""taker_fee_bps_per_leg"":10.0,""total_friction_bps"":30.0}"
2026-09-08T02:16:23+00:00,cex_cross_spot,LTC:buy Bitget / sell Gate,LTC,buy Bitget / sell Gate,Bitget<->Gate,-5.374418,-35.374418,NO,255.91,"{""buy_ask"":55.82,""buy_venue"":""Bitget"",""extra_buffer_bps"":10.0,""note"":""Discovery snapshot only; assumes capital pre-positioned on both venues. Rebalancing, withdrawal, latency and deeper-book impact are not yet validated."",""sell_bid"":55.79,""sell_venue"":""Gate"",""source"":""wide_cex_hunter"",""taker_fee_bps_per_leg"":10.0,""total_friction_bps"":30.0}"
2026-09-08T02:16:23+00:00,cex_cross_spot,LTC:buy Gate / sell Bitget,LTC,buy Gate / sell Bitget,Bitget<->Gate,-1.791794,-31.791794,NO,305.45,"{""buy_ask"":55.81,""buy_venue"":""Gate"",""extra_buffer_bps"":10.0,""note"":""Discovery snapshot only; assumes capital pre-positioned on both venues. Rebalancing, withdrawal, latency and deeper-book impact are not yet validated."",""sell_bid"":55.8,""sell_venue"":""Bitget"",""source"":""wide_cex_hunter"",""taker_fee_bps_per_leg"":10.0,""total_friction_bps"":30.0}"
2026-09-08T02:16:23+00:00,cex_cross_spot,BCH:buy Bitget / sell Gate,BCH,buy Bitget / sell Gate,Bitget<->Gate,-7.260222,-37.260222,NO,108.55,"{""buy_ask"":261.7,""buy_venue"":""Bitget"",""extra_buffer_bps"":10.0,""note"":""Discovery snapshot only; assumes capital pre-positioned on both venues. Rebalancing, withdrawal, latency and deeper-book impact are not yet validated."",""sell_bid"":261.51,""sell_venue"":""Gate"",""source"":""wide_cex_hunter"",""taker_fee_bps_per_leg"":10.0,""total_friction_bps"":30.0}"
2026-09-08T02:16:23+00:00,cex_cross_spot,BCH:buy Gate / sell Bitget,BCH,buy Gate / sell Bitget,Bitget<->Gate,-4.968849,-34.968849,NO,400.03,"{""buy_ask"":261.63,""buy_venue"":""Gate"",""extra_buffer_bps"":10.0,""note"":""Discovery snapshot only; assumes capital pre-positioned on both venues. Rebalancing, withdrawal, latency and deeper-book impact are not yet validated."",""sell_bid"":261.5,""sell_venue"":""Bitget"",""source"":""wide_cex_hunter"",""taker_fee_bps_per_leg"":10.0,""total_friction_bps"":30.0}"
2026-09-08T02:16:23+00:00,cex_cross_spot,AVAX:buy Bitget / sell Gate,AVAX,buy Bitget / sell Gate,Bitget<->Gate,-1.233654,-31.233654,NO,191.12,"{""buy_ask"":8.106,""buy_venue"":""Bitget"",""extra_buffer_bps"":10.0,""note"":""Discovery snapshot only; assumes capital pre-positioned on both venues. Rebalancing, withdrawal, latency and deeper-book impact are not yet validated."",""sell_bid"":8.105,""sell_venue"":""Gate"",""source"":""wide_cex_hunter"",""taker_fee_bps_per_leg"":10.0,""total_friction_bps"":30.0}"
2026-09-08T02:16:23+00:00,cex_cross_spot,AVAX:buy Gate / sell Bitget,AVAX,buy Gate / sell Bitget,Bitget<->Gate,-2.467004,-32.467004,NO,114.00,"{""buy_ask"":8.107,""buy_venue"":""Gate"",""extra_buffer_bps"":10.0,""note"":""Discovery snapshot only; assumes capital pre-positioned on both venues. Rebalancing, withdrawal, latency and deeper-book impact are not yet validated."",""sell_bid"":8.105,""sell_venue"":""Bitget"",""source"":""wide_cex_hunter"",""taker_fee_bps_per_leg"":10.0,""total_friction_bps"":30.0}"
2026-09-08T02:16:23+00:00,cex_cross_spot,DOT:buy Bitget / sell Gate,DOT,buy Bitget / sell Gate,Bitget<->Gate,-6.572770,-36.572770,NO,3.21,"{""buy_ask"":1.065,""buy_venue"":""Bitget"",""extra_buffer_bps"":10.0,""note"":""Discovery snapshot only; assumes capital pre-positioned on both venues. Rebalancing, withdrawal, latency and deeper-book impact are not yet validated."",""sell_bid"":1.0643,""sell_venue"":""Gate"",""source"":""wide_cex_hunter"",""taker_fee_bps_per_leg"":10.0,""total_friction_bps"":30.0}"
2026-09-08T02:16:23+00:00,cex_cross_spot,DOT:buy Gate / sell Bitget,DOT,buy Gate / sell Bitget,Bitget<->Gate,-7.513148,-37.513148,NO,5.00,"{""buy_ask"":1.0648,""buy_venue"":""Gate"",""extra_buffer_bps"":10.0,""note"":""Discovery snapshot only; assumes capital pre-positioned on both venues. Rebalancing, withdrawal, latency and deeper-book impact are not yet validated."",""sell_bid"":1.064,""sell_venue"":""Bitget"",""source"":""wide_cex_hunter"",""taker_fee_bps_per_leg"":10.0,""total_friction_bps"":30.0}"
2026-09-08T02:16:23+00:00,cex_cross_spot,TRX:buy Bitget / sell Gate,TRX,buy Bitget / sell Gate,Bitget<->Gate,-1.492760,-31.492760,NO,1332.05,"{""buy_ask"":0.33495,""buy_venue"":""Bitget"",""extra_buffer_bps"":10.0,""note"":""Discovery snapshot only; assumes capital pre-positioned on both venues. Rebalancing, withdrawal, latency and deeper-book impact are not yet validated."",""sell_bid"":0.3349,""sell_venue"":""Gate"",""source"":""wide_cex_hunter"",""taker_fee_bps_per_leg"":10.0,""total_friction_bps"":30.0}"
2026-09-08T02:16:23+00:00,cex_cross_spot,TRX:buy Gate / sell Bitget,TRX,buy Gate / sell Bitget,Bitget<->Gate,-1.791045,-31.791045,NO,14.94,"{""buy_ask"":0.335,""buy_venue"":""Gate"",""extra_buffer_bps"":10.0,""note"":""Discovery snapshot only; assumes capital pre-positioned on both venues. Rebalancing, withdrawal, latency and deeper-book impact are not yet validated."",""sell_bid"":0.33494,""sell_venue"":""Bitget"",""source"":""wide_cex_hunter"",""taker_fee_bps_per_leg"":10.0,""total_friction_bps"":30.0}"
2026-09-08T02:16:23+00:00,cex_cross_spot,SUI:buy Bitget / sell Gate,SUI,buy Bitget / sell Gate,Bitget<->Gate,-1.203949,-31.203949,NO,38.28,"{""buy_ask"":0.8306,""buy_venue"":""Bitget"",""extra_buffer_bps"":10.0,""note"":""Discovery snapshot only; assumes capital pre-positioned on both venues. Rebalancing, withdrawal, latency and deeper-book impact are not yet validated."",""sell_bid"":0.8305,""sell_venue"":""Gate"",""source"":""wide_cex_hunter"",""taker_fee_bps_per_leg"":10.0,""total_friction_bps"":30.0}"
2026-09-08T02:16:23+00:00,cex_cross_spot,SUI:buy Gate / sell Bitget,SUI,buy Gate / sell Bitget,Bitget<->Gate,-1.203949,-31.203949,NO,197.66,"{""buy_ask"":0.8306,""buy_venue"":""Gate"",""extra_buffer_bps"":10.0,""note"":""Discovery snapshot only; assumes capital pre-positioned on both venues. Rebalancing, withdrawal, latency and deeper-book impact are not yet validated."",""sell_bid"":0.8305,""sell_venue"":""Bitget"",""source"":""wide_cex_hunter"",""taker_fee_bps_per_leg"":10.0,""total_friction_bps"":30.0}"
2026-09-08T02:16:23+00:00,cex_cross_spot,APT:buy Bitget / sell Gate,APT,buy Bitget / sell Gate,Bitget<->Gate,-1.557875,-31.557875,NO,57.26,"{""buy_ask"":0.6419,""buy_venue"":""Bitget"",""extra_buffer_bps"":10.0,""note"":""Discovery snapshot only; assumes capital pre-positioned on both venues. Rebalancing, withdrawal, latency and deeper-book impact are not yet validated."",""sell_bid"":0.6418,""sell_venue"":""Gate"",""source"":""wide_cex_hunter"",""taker_fee_bps_per_leg"":10.0,""total_friction_bps"":30.0}"
2026-09-08T02:16:23+00:00,cex_cross_spot,APT:buy Gate / sell Bitget,APT,buy Gate / sell Bitget,Bitget<->Gate,-4.672169,-34.672169,NO,3.45,"{""buy_ask"":0.6421,""buy_venue"":""Gate"",""extra_buffer_bps"":10.0,""note"":""Discovery snapshot only; assumes capital pre-positioned on both venues. Rebalancing, withdrawal, latency and deeper-book impact are not yet validated."",""sell_bid"":0.6418,""sell_venue"":""Bitget"",""source"":""wide_cex_hunter"",""taker_fee_bps_per_leg"":10.0,""total_friction_bps"":30.0}"
2026-09-08T02:16:23+00:00,cex_cross_spot,NEAR:buy Bitget / sell Gate,NEAR,buy Bitget / sell Gate,Bitget<->Gate,-8.525149,-38.525149,NO,746.49,"{""buy_ask"":2.346,""buy_venue"":""Bitget"",""extra_buffer_bps"":10.0,""note"":""Discovery snapshot only; assumes capital pre-positioned on both venues. Rebalancing, withdrawal, latency and deeper-book impact are not yet validated."",""sell_bid"":2.344,""sell_venue"":""Gate"",""source"":""wide_cex_hunter"",""taker_fee_bps_per_leg"":10.0,""total_friction_bps"":30.0}"
2026-09-08T02:16:23+00:00,cex_cross_spot,NEAR:buy Gate / sell Bitget,NEAR,buy Gate / sell Bitget,Bitget<->Gate,-8.525149,-38.525149,NO,430.99,"{""buy_ask"":2.346,""buy_venue"":""Gate"",""extra_buffer_bps"":10.0,""note"":""Discovery snapshot only; assumes capital pre-positioned on both venues. Rebalancing, withdrawal, latency and deeper-book impact are not yet validated."",""sell_bid"":2.344,""sell_venue"":""Bitget"",""source"":""wide_cex_hunter"",""taker_fee_bps_per_leg"":10.0,""total_friction_bps"":30.0}"
2026-09-08T02:58:24+00:00,cex_cross_spot,BTC:buy Bitget / sell Gate,BTC,buy Bitget / sell Gate,Bitget<->Gate,-0.035463,-30.035463,NO,191.47,"{""buy_ask"":78956.38,""buy_venue"":""Bitget"",""extra_buffer_bps"":10.0,""note"":""Discovery snapshot only; assumes capital pre-positioned on both venues. Rebalancing, withdrawal, latency and deeper-book impact are not yet validated."",""sell_bid"":78956.1,""sell_venue"":""Gate"",""source"":""wide_cex_hunter"",""taker_fee_bps_per_leg"":10.0,""total_friction_bps"":30.0}"
2026-09-08T02:58:24+00:00,cex_cross_spot,BTC:buy Gate / sell Bitget,BTC,buy Gate / sell Bitget,Bitget<->Gate,0.021531,-29.978469,NO,13793.60,"{""buy_ask"":78956.2,""buy_venue"":""Gate"",""extra_buffer_bps"":10.0,""note"":""Discovery snapshot only; assumes capital pre-positioned on both venues. Rebalancing, withdrawal, latency and deeper-book impact are not yet validated."",""sell_bid"":78956.37,""sell_venue"":""Bitget"",""source"":""wide_cex_hunter"",""taker_fee_bps_per_leg"":10.0,""total_friction_bps"":30.0}"
2026-09-08T02:58:24+00:00,cex_cross_spot,ETH:buy Bitget / sell Gate,ETH,buy Bitget / sell Gate,Bitget<->Gate,0.321814,-29.678186,NO,15966.02,"{""buy_ask"":2485.91,""buy_venue"":""Bitget"",""extra_buffer_bps"":10.0,""note"":""Discovery snapshot only; assumes capital pre-positioned on both venues. Rebalancing, withdrawal, latency and deeper-book impact are not yet validated."",""sell_bid"":2485.99,""sell_venue"":""Gate"",""source"":""wide_cex_hunter"",""taker_fee_bps_per_leg"":10.0,""total_friction_bps"":30.0}"
2026-09-08T02:58:24+00:00,cex_cross_spot,ETH:buy Gate / sell Bitget,ETH,buy Gate / sell Bitget,Bitget<->Gate,-0.402253,-30.402253,NO,10815.34,"{""buy_ask"":2486.0,""buy_venue"":""Gate"",""extra_buffer_bps"":10.0,""note"":""Discovery snapshot only; assumes capital pre-positioned on both venues. Rebalancing, withdrawal, latency and deeper-book impact are not yet validated."",""sell_bid"":2485.9,""sell_venue"":""Bitget"",""source"":""wide_cex_hunter"",""taker_fee_bps_per_leg"":10.0,""total_friction_bps"":30.0}"
2026-09-08T02:58:24+00:00,cex_cross_spot,SOL:buy Bitget / sell Gate,SOL,buy Bitget / sell Gate,Bitget<->Gate,0.000000,-30.000000,NO,88.97,"{""buy_ask"":103.33,""buy_venue"":""Bitget"",""extra_buffer_bps"":10.0,""note"":""Discovery snapshot only; assumes capital pre-positioned on both venues. Rebalancing, withdrawal, latency and deeper-book impact are not yet validated."",""sell_bid"":103.33,""sell_venue"":""Gate"",""source"":""wide_cex_hunter"",""taker_fee_bps_per_leg"":10.0,""total_friction_bps"":30.0}"
2026-09-08T02:58:24+00:00,cex_cross_spot,SOL:buy Gate / sell Bitget,SOL,buy Gate / sell Bitget,Bitget<->Gate,-1.935359,-31.935359,NO,11486.65,"{""buy_ask"":103.34,""buy_venue"":""Gate"",""extra_buffer_bps"":10.0,""note"":""Discovery snapshot only; assumes capital pre-positioned on both venues. Rebalancing, withdrawal, latency and deeper-book impact are not yet validated."",""sell_bid"":103.32,""sell_venue"":""Bitget"",""source"":""wide_cex_hunter"",""taker_fee_bps_per_leg"":10.0,""total_friction_bps"":30.0}"
2026-09-08T02:58:24+00:00,cex_cross_spot,XRP:buy Bitget / sell Gate,XRP,buy Bitget / sell Gate,Bitget<->Gate,-2.872119,-32.872119,NO,209.23,"{""buy_ask"":1.3927,""buy_venue"":""Bitget"",""extra_buffer_bps"":10.0,""note"":""Discovery snapshot only; assumes capital pre-positioned on both venues. Rebalancing, withdrawal, latency and deeper-book impact are not yet validated."",""sell_bid"":1.3923,""sell_venue"":""Gate"",""source"":""wide_cex_hunter"",""taker_fee_bps_per_leg"":10.0,""total_friction_bps"":30.0}"
2026-09-08T02:58:24+00:00,cex_cross_spot,XRP:buy Gate / sell Bitget,XRP,buy Gate / sell Bitget,Bitget<->Gate,1.436369,-28.563631,NO,356.61,"{""buy_ask"":1.3924,""buy_venue"":""Gate"",""extra_buffer_bps"":10.0,""note"":""Discovery snapshot only; assumes capital pre-positioned on both venues. Rebalancing, withdrawal, latency and deeper-book impact are not yet validated."",""sell_bid"":1.3926,""sell_venue"":""Bitget"",""source"":""wide_cex_hunter"",""taker_fee_bps_per_leg"":10.0,""total_friction_bps"":30.0}"
2026-09-08T02:58:24+00:00,cex_cross_spot,DOGE:buy Bitget / sell Gate,DOGE,buy Bitget / sell Gate,Bitget<->Gate,-2.219756,-32.219756,NO,89.48,"{""buy_ask"":0.0901,""buy_venue"":""Bitget"",""extra_buffer_bps"":10.0,""note"":""Discovery snapshot only; assumes capital pre-positioned on both venues. Rebalancing, withdrawal, latency and deeper-book impact are not yet validated."",""sell_bid"":0.09008,""sell_venue"":""Gate"",""source"":""wide_cex_hunter"",""taker_fee_bps_per_leg"":10.0,""total_friction_bps"":30.0}"
2026-09-08T02:58:24+00:00,cex_cross_spot,DOGE:buy Gate / sell Bitget,DOGE,buy Gate / sell Bitget,Bitget<->Gate,0.000000,-30.000000,NO,333.38,"{""buy_ask"":0.09009,""buy_venue"":""Gate"",""extra_buffer_bps"":10.0,""note"":""Discovery snapshot only; assumes capital pre-positioned on both venues. Rebalancing, withdrawal, latency and deeper-book impact are not yet validated."",""sell_bid"":0.09009,""sell_venue"":""Bitget"",""source"":""wide_cex_hunter"",""taker_fee_bps_per_leg"":10.0,""total_friction_bps"":30.0}"
2026-09-08T02:58:24+00:00,cex_cross_spot,ADA:buy Bitget / sell Gate,ADA,buy Bitget / sell Gate,Bitget<->Gate,-3.671409,-33.671409,NO,2.18,"{""buy_ask"":0.2179,""buy_venue"":""Bitget"",""extra_buffer_bps"":10.0,""note"":""Discovery snapshot only; assumes capital pre-positioned on both venues. Rebalancing, withdrawal, latency and deeper-book impact are not yet validated."",""sell_bid"":0.21782,""sell_venue"":""Gate"",""source"":""wide_cex_hunter"",""taker_fee_bps_per_leg"":10.0,""total_friction_bps"":30.0}"
2026-09-08T02:58:24+00:00,cex_cross_spot,ADA:buy Gate / sell Bitget,ADA,buy Gate / sell Bitget,Bitget<->Gate,-1.377221,-31.377221,NO,40.42,"{""buy_ask"":0.21783,""buy_venue"":""Gate"",""extra_buffer_bps"":10.0,""note"":""Discovery snapshot only; assumes capital pre-positioned on both venues. Rebalancing, withdrawal, latency and deeper-book impact are not yet validated."",""sell_bid"":0.2178,""sell_venue"":""Bitget"",""source"":""wide_cex_hunter"",""taker_fee_bps_per_leg"":10.0,""total_friction_bps"":30.0}"
2026-09-08T02:58:24+00:00,cex_cross_spot,LINK:buy Bitget / sell Gate,LINK,buy Bitget / sell Gate,Bitget<->Gate,-1.582529,-31.582529,NO,192.01,"{""buy_ask"":12.638,""buy_venue"":""Bitget"",""extra_buffer_bps"":10.0,""note"":""Discovery snapshot only; assumes capital pre-positioned on both venues. Rebalancing, withdrawal, latency and deeper-book impact are not yet validated."",""sell_bid"":12.636,""sell_venue"":""Gate"",""source"":""wide_cex_hunter"",""taker_fee_bps_per_leg"":10.0,""total_friction_bps"":30.0}"
2026-09-08T02:58:24+00:00,cex_cross_spot,LINK:buy Gate / sell Bitget,LINK,buy Gate / sell Bitget,Bitget<->Gate,-2.373606,-32.373606,NO,73.08,"{""buy_ask"":12.639,""buy_venue"":""Gate"",""extra_buffer_bps"":10.0,""note"":""Discovery snapshot only; assumes capital pre-positioned on both venues. Rebalancing, withdrawal, latency and deeper-book impact are not yet validated."",""sell_bid"":12.636,""sell_venue"":""Bitget"",""source"":""wide_cex_hunter"",""taker_fee_bps_per_leg"":10.0,""total_friction_bps"":30.0}"
2026-09-08T02:58:24+00:00,cex_cross_spot,LTC:buy Bitget / sell Gate,LTC,buy Bitget / sell Gate,Bitget<->Gate,-1.809627,-31.809627,NO,51.33,"{""buy_ask"":55.26,""buy_venue"":""Bitget"",""extra_buffer_bps"":10.0,""note"":""Discovery snapshot only; assumes capital pre-positioned on both venues. Rebalancing, withdrawal, latency and deeper-book impact are not yet validated."",""sell_bid"":55.25,""sell_venue"":""Gate"",""source"":""wide_cex_hunter"",""taker_fee_bps_per_leg"":10.0,""total_friction_bps"":30.0}"
2026-09-08T02:58:24+00:00,cex_cross_spot,LTC:buy Gate / sell Bitget,LTC,buy Gate / sell Bitget,Bitget<->Gate,-3.619254,-33.619254,NO,235.35,"{""buy_ask"":55.26,""buy_venue"":""Gate"",""extra_buffer_bps"":10.0,""note"":""Discovery snapshot only; assumes capital pre-positioned on both venues. Rebalancing, withdrawal, latency and deeper-book impact are not yet validated."",""sell_bid"":55.24,""sell_venue"":""Bitget"",""source"":""wide_cex_hunter"",""taker_fee_bps_per_leg"":10.0,""total_friction_bps"":30.0}"
2026-09-08T02:58:24+00:00,cex_cross_spot,BCH:buy Bitget / sell Gate,BCH,buy Bitget / sell Gate,Bitget<->Gate,-5.825243,-35.825243,NO,316.44,"{""buy_ask"":257.5,""buy_venue"":""Bitget"",""extra_buffer_bps"":10.0,""note"":""Discovery snapshot only; assumes capital pre-positioned on both venues. Rebalancing, withdrawal, latency and deeper-book impact are not yet validated."",""sell_bid"":257.35,""sell_venue"":""Gate"",""source"":""wide_cex_hunter"",""taker_fee_bps_per_leg"":10.0,""total_friction_bps"":30.0}"
2026-09-08T02:58:24+00:00,cex_cross_spot,BCH:buy Gate / sell Bitget,BCH,buy Gate / sell Bitget,Bitget<->Gate,-3.107037,-33.107037,NO,495.65,"{""buy_ask"":257.48,""buy_venue"":""Gate"",""extra_buffer_bps"":10.0,""note"":""Discovery snapshot only; assumes capital pre-positioned on both venues. Rebalancing, withdrawal, latency and deeper-book impact are not yet validated."",""sell_bid"":257.4,""sell_venue"":""Bitget"",""source"":""wide_cex_hunter"",""taker_fee_bps_per_leg"":10.0,""total_friction_bps"":30.0}"
2026-09-08T02:58:24+00:00,cex_cross_spot,AVAX:buy Bitget / sell Gate,AVAX,buy Bitget / sell Gate,Bitget<->Gate,-1.244555,-31.244555,NO,167.11,"{""buy_ask"":8.035,""buy_venue"":""Bitget"",""extra_buffer_bps"":10.0,""note"":""Discovery snapshot only; assumes capital pre-positioned on both venues. Rebalancing, withdrawal, latency and deeper-book impact are not yet validated."",""sell_bid"":8.034,""sell_venue"":""Gate"",""source"":""wide_cex_hunter"",""taker_fee_bps_per_leg"":10.0,""total_friction_bps"":30.0}"
2026-09-08T02:58:24+00:00,cex_cross_spot,AVAX:buy Gate / sell Bitget,AVAX,buy Gate / sell Bitget,Bitget<->Gate,-2.488800,-32.488800,NO,273.72,"{""buy_ask"":8.036,""buy_venue"":""Gate"",""extra_buffer_bps"":10.0,""note"":""Discovery snapshot only; assumes capital pre-positioned on both venues. Rebalancing, withdrawal, latency and deeper-book impact are not yet validated."",""sell_bid"":8.034,""sell_venue"":""Bitget"",""source"":""wide_cex_hunter"",""taker_fee_bps_per_leg"":10.0,""total_friction_bps"":30.0}"
2026-09-08T02:58:24+00:00,cex_cross_spot,DOT:buy Bitget / sell Gate,DOT,buy Bitget / sell Gate,Bitget<->Gate,-11.278195,-41.278195,NO,119.99,"{""buy_ask"":1.064,""buy_venue"":""Bitget"",""extra_buffer_bps"":10.0,""note"":""Discovery snapshot only; assumes capital pre-positioned on both venues. Rebalancing, withdrawal, latency and deeper-book impact are not yet validated."",""sell_bid"":1.0628,""sell_venue"":""Gate"",""source"":""wide_cex_hunter"",""taker_fee_bps_per_leg"":10.0,""total_friction_bps"":30.0}"
2026-09-08T02:58:24+00:00,cex_cross_spot,DOT:buy Gate / sell Bitget,DOT,buy Gate / sell Bitget,Bitget<->Gate,0.940822,-29.059178,NO,5.00,"{""buy_ask"":1.0629,""buy_venue"":""Gate"",""extra_buffer_bps"":10.0,""note"":""Discovery snapshot only; assumes capital pre-positioned on both venues. Rebalancing, withdrawal, latency and deeper-book impact are not yet validated."",""sell_bid"":1.063,""sell_venue"":""Bitget"",""source"":""wide_cex_hunter"",""taker_fee_bps_per_leg"":10.0,""total_friction_bps"":30.0}"
2026-09-08T02:58:24+00:00,cex_cross_spot,TRX:buy Bitget / sell Gate,TRX,buy Bitget / sell Gate,Bitget<->Gate,1.194172,-28.805828,NO,14.63,"{""buy_ask"":0.33496,""buy_venue"":""Bitget"",""extra_buffer_bps"":10.0,""note"":""Discovery snapshot only; assumes capital pre-positioned on both venues. Rebalancing, withdrawal, latency and deeper-book impact are not yet validated."",""sell_bid"":0.335,""sell_venue"":""Gate"",""source"":""wide_cex_hunter"",""taker_fee_bps_per_leg"":10.0,""total_friction_bps"":30.0}"
2026-09-08T02:58:24+00:00,cex_cross_spot,TRX:buy Gate / sell Bitget,TRX,buy Gate / sell Bitget,Bitget<->Gate,-4.476276,-34.476276,NO,1865.89,"{""buy_ask"":0.3351,""buy_venue"":""Gate"",""extra_buffer_bps"":10.0,""note"":""Discovery snapshot only; assumes capital pre-positioned on both venues. Rebalancing, withdrawal, latency and deeper-book impact are not yet validated."",""sell_bid"":0.33495,""sell_venue"":""Bitget"",""source"":""wide_cex_hunter"",""taker_fee_bps_per_leg"":10.0,""total_friction_bps"":30.0}"
2026-09-08T02:58:24+00:00,cex_cross_spot,SUI:buy Bitget / sell Gate,SUI,buy Bitget / sell Gate,Bitget<->Gate,-1.223391,-31.223391,NO,500.03,"{""buy_ask"":0.8174,""buy_venue"":""Bitget"",""extra_buffer_bps"":10.0,""note"":""Discovery snapshot only; assumes capital pre-positioned on both venues. Rebalancing, withdrawal, latency and deeper-book impact are not yet validated."",""sell_bid"":0.8173,""sell_venue"":""Gate"",""source"":""wide_cex_hunter"",""taker_fee_bps_per_leg"":10.0,""total_friction_bps"":30.0}"
2026-09-08T02:58:24+00:00,cex_cross_spot,SUI:buy Gate / sell Bitget,SUI,buy Gate / sell Bitget,Bitget<->Gate,-4.891770,-34.891770,NO,18.01,"{""buy_ask"":0.8177,""buy_venue"":""Gate"",""extra_buffer_bps"":10.0,""note"":""Discovery snapshot only; assumes capital pre-positioned on both venues. Rebalancing, withdrawal, latency and deeper-book impact are not yet validated."",""sell_bid"":0.8173,""sell_venue"":""Bitget"",""source"":""wide_cex_hunter"",""taker_fee_bps_per_leg"":10.0,""total_friction_bps"":30.0}"
2026-09-08T02:58:24+00:00,cex_cross_spot,APT:buy Bitget / sell Gate,APT,buy Bitget / sell Gate,Bitget<->Gate,-6.362335,-36.362335,NO,86.20,"{""buy_ask"":0.6287,""buy_venue"":""Bitget"",""extra_buffer_bps"":10.0,""note"":""Discovery snapshot only; assumes capital pre-positioned on both venues. Rebalancing, withdrawal, latency and deeper-book impact are not yet validated."",""sell_bid"":0.6283,""sell_venue"":""Gate"",""source"":""wide_cex_hunter"",""taker_fee_bps_per_leg"":10.0,""total_friction_bps"":30.0}"
2026-09-08T02:58:24+00:00,cex_cross_spot,APT:buy Gate / sell Bitget,APT,buy Gate / sell Bitget,Bitget<->Gate,-6.362335,-36.362335,NO,50.30,"{""buy_ask"":0.6287,""buy_venue"":""Gate"",""extra_buffer_bps"":10.0,""note"":""Discovery snapshot only; assumes capital pre-positioned on both venues. Rebalancing, withdrawal, latency and deeper-book impact are not yet validated."",""sell_bid"":0.6283,""sell_venue"":""Bitget"",""source"":""wide_cex_hunter"",""taker_fee_bps_per_leg"":10.0,""total_friction_bps"":30.0}"
2026-09-08T02:58:24+00:00,cex_cross_spot,NEAR:buy Bitget / sell Gate,NEAR,buy Bitget / sell Gate,Bitget<->Gate,-4.334634,-34.334634,NO,3.92,"{""buy_ask"":2.307,""buy_venue"":""Bitget"",""extra_buffer_bps"":10.0,""note"":""Discovery snapshot only; assumes capital pre-positioned on both venues. Rebalancing, withdrawal, latency and deeper-book impact are not yet validated."",""sell_bid"":2.306,""sell_venue"":""Gate"",""source"":""wide_cex_hunter"",""taker_fee_bps_per_leg"":10.0,""total_friction_bps"":30.0}"
2026-09-08T02:58:24+00:00,cex_cross_spot,NEAR:buy Gate / sell Bitget,NEAR,buy Gate / sell Bitget,Bitget<->Gate,-4.334634,-34.334634,NO,27.05,"{""buy_ask"":2.307,""buy_venue"":""Gate"",""extra_buffer_bps"":10.0,""note"":""Discovery snapshot only; assumes capital pre-positioned on both venues. Rebalancing, withdrawal, latency and deeper-book impact are not yet validated."",""sell_bid"":2.306,""sell_venue"":""Bitget"",""source"":""wide_cex_hunter"",""taker_fee_bps_per_leg"":10.0,""total_friction_bps"":30.0}"
2026-09-08T05:13:57+00:00,cex_cross_spot,BTC:buy Bitget / sell Gate,BTC,buy Bitget / sell Gate,Bitget<->Gate,-0.596674,-30.596674,NO,99.95,"{""buy_ask"":78770.0,""buy_venue"":""Bitget"",""extra_buffer_bps"":10.0,""note"":""Discovery snapshot only; assumes capital pre-positioned on both venues. Rebalancing, withdrawal, latency and deeper-book impact are not yet validated."",""sell_bid"":78765.3,""sell_venue"":""Gate"",""source"":""wide_cex_hunter"",""taker_fee_bps_per_leg"":10.0,""total_friction_bps"":30.0}"
2026-09-08T05:13:57+00:00,cex_cross_spot,BTC:buy Gate / sell Bitget,BTC,buy Gate / sell Bitget,Bitget<->Gate,0.582743,-29.417257,NO,14730.63,"{""buy_ask"":78765.4,""buy_venue"":""Gate"",""extra_buffer_bps"":10.0,""note"":""Discovery snapshot only; assumes capital pre-positioned on both venues. Rebalancing, withdrawal, latency and deeper-book impact are not yet validated."",""sell_bid"":78769.99,""sell_venue"":""Bitget"",""source"":""wide_cex_hunter"",""taker_fee_bps_per_leg"":10.0,""total_friction_bps"":30.0}"
2026-09-08T05:13:57+00:00,cex_cross_spot,ETH:buy Bitget / sell Gate,ETH,buy Bitget / sell Gate,Bitget<->Gate,0.241837,-29.758163,NO,9.92,"{""buy_ask"":2481.01,""buy_venue"":""Bitget"",""extra_buffer_bps"":10.0,""note"":""Discovery snapshot only; assumes capital pre-positioned on both venues. Rebalancing, withdrawal, latency and deeper-book impact are not yet validated."",""sell_bid"":2481.07,""sell_venue"":""Gate"",""source"":""wide_cex_hunter"",""taker_fee_bps_per_leg"":10.0,""total_friction_bps"":30.0}"
2026-09-08T05:13:57+00:00,cex_cross_spot,ETH:buy Gate / sell Bitget,ETH,buy Gate / sell Bitget,Bitget<->Gate,-0.322440,-30.322440,NO,20.84,"{""buy_ask"":2481.08,""buy_venue"":""Gate"",""extra_buffer_bps"":10.0,""note"":""Discovery snapshot only; assumes capital pre-positioned on both venues. Rebalancing, withdrawal, latency and deeper-book impact are not yet validated."",""sell_bid"":2481.0,""sell_venue"":""Bitget"",""source"":""wide_cex_hunter"",""taker_fee_bps_per_leg"":10.0,""total_friction_bps"":30.0}"
2026-09-08T05:13:57+00:00,cex_cross_spot,SOL:buy Bitget / sell Gate,SOL,buy Bitget / sell Gate,Bitget<->Gate,-0.969086,-30.969086,NO,500.01,"{""buy_ask"":103.19,""buy_venue"":""Bitget"",""extra_buffer_bps"":10.0,""note"":""Discovery snapshot only; assumes capital pre-positioned on both venues. Rebalancing, withdrawal, latency and deeper-book impact are not yet validated."",""sell_bid"":103.18,""sell_venue"":""Gate"",""source"":""wide_cex_hunter"",""taker_fee_bps_per_leg"":10.0,""total_friction_bps"":30.0}"
2026-09-08T05:13:57+00:00,cex_cross_spot,SOL:buy Gate / sell Bitget,SOL,buy Gate / sell Bitget,Bitget<->Gate,-0.969086,-30.969086,NO,1162.23,"{""buy_ask"":103.19,""buy_venue"":""Gate"",""extra_buffer_bps"":10.0,""note"":""Discovery snapshot only; assumes capital pre-positioned on both venues. Rebalancing, withdrawal, latency and deeper-book impact are not yet validated."",""sell_bid"":103.18,""sell_venue"":""Bitget"",""source"":""wide_cex_hunter"",""taker_fee_bps_per_leg"":10.0,""total_friction_bps"":30.0}"
2026-09-08T05:13:57+00:00,cex_cross_spot,XRP:buy Bitget / sell Gate,XRP,buy Bitget / sell Gate,Bitget<->Gate,-1.436266,-31.436266,NO,74.63,"{""buy_ask"":1.3925,""buy_venue"":""Bitget"",""extra_buffer_bps"":10.0,""note"":""Discovery snapshot only; assumes capital pre-positioned on both venues. Rebalancing, withdrawal, latency and deeper-book impact are not yet validated."",""sell_bid"":1.3923,""sell_venue"":""Gate"",""source"":""wide_cex_hunter"",""taker_fee_bps_per_leg"":10.0,""total_friction_bps"":30.0}"
2026-09-08T05:13:57+00:00,cex_cross_spot,XRP:buy Gate / sell Bitget,XRP,buy Gate / sell Bitget,Bitget<->Gate,-0.718133,-30.718133,NO,417.75,"{""buy_ask"":1.3925,""buy_venue"":""Gate"",""extra_buffer_bps"":10.0,""note"":""Discovery snapshot only; assumes capital pre-positioned on both venues. Rebalancing, withdrawal, latency and deeper-book impact are not yet validated."",""sell_bid"":1.3924,""sell_venue"":""Bitget"",""source"":""wide_cex_hunter"",""taker_fee_bps_per_leg"":10.0,""total_friction_bps"":30.0}"
2026-09-08T05:13:57+00:00,cex_cross_spot,DOGE:buy Bitget / sell Gate,DOGE,buy Bitget / sell Gate,Bitget<->Gate,-2.227171,-32.227171,NO,127.78,"{""buy_ask"":0.0898,""buy_venue"":""Bitget"",""extra_buffer_bps"":10.0,""note"":""Discovery snapshot only; assumes capital pre-positioned on both venues. Rebalancing, withdrawal, latency and deeper-book impact are not yet validated."",""sell_bid"":0.08978,""sell_venue"":""Gate"",""source"":""wide_cex_hunter"",""taker_fee_bps_per_leg"":10.0,""total_friction_bps"":30.0}"
2026-09-08T05:13:57+00:00,cex_cross_spot,DOGE:buy Gate / sell Bitget,DOGE,buy Gate / sell Bitget,Bitget<->Gate,0.000000,-30.000000,NO,240.80,"{""buy_ask"":0.08979,""buy_venue"":""Gate"",""extra_buffer_bps"":10.0,""note"":""Discovery snapshot only; assumes capital pre-positioned on both venues. Rebalancing, withdrawal, latency and deeper-book impact are not yet validated."",""sell_bid"":0.08979,""sell_venue"":""Bitget"",""source"":""wide_cex_hunter"",""taker_fee_bps_per_leg"":10.0,""total_friction_bps"":30.0}"
2026-09-08T05:13:57+00:00,cex_cross_spot,ADA:buy Bitget / sell Gate,ADA,buy Bitget / sell Gate,Bitget<->Gate,-5.038937,-35.038937,NO,224.08,"{""buy_ask"":0.2183,""buy_venue"":""Bitget"",""extra_buffer_bps"":10.0,""note"":""Discovery snapshot only; assumes capital pre-positioned on both venues. Rebalancing, withdrawal, latency and deeper-book impact are not yet validated."",""sell_bid"":0.21819,""sell_venue"":""Gate"",""source"":""wide_cex_hunter"",""taker_fee_bps_per_leg"":10.0,""total_friction_bps"":30.0}"
2026-09-08T05:13:57+00:00,cex_cross_spot,ADA:buy Gate / sell Bitget,ADA,buy Gate / sell Bitget,Bitget<->Gate,-3.665017,-33.665017,NO,107.39,"{""buy_ask"":0.21828,""buy_venue"":""Gate"",""extra_buffer_bps"":10.0,""note"":""Discovery snapshot only; assumes capital pre-positioned on both venues. Rebalancing, withdrawal, latency and deeper-book impact are not yet validated."",""sell_bid"":0.2182,""sell_venue"":""Bitget"",""source"":""wide_cex_hunter"",""taker_fee_bps_per_leg"":10.0,""total_friction_bps"":30.0}"
2026-09-08T05:13:57+00:00,cex_cross_spot,LINK:buy Bitget / sell Gate,LINK,buy Bitget / sell Gate,Bitget<->Gate,-1.578407,-31.578407,NO,52.65,"{""buy_ask"":12.671,""buy_venue"":""Bitget"",""extra_buffer_bps"":10.0,""note"":""Discovery snapshot only; assumes capital pre-positioned on both venues. Rebalancing, withdrawal, latency and deeper-book impact are not yet validated."",""sell_bid"":12.669,""sell_venue"":""Gate"",""source"":""wide_cex_hunter"",""taker_fee_bps_per_leg"":10.0,""total_friction_bps"":30.0}"
2026-09-08T05:13:57+00:00,cex_cross_spot,LINK:buy Gate / sell Bitget,LINK,buy Gate / sell Bitget,Bitget<->Gate,-2.367424,-32.367424,NO,53.55,"{""buy_ask"":12.672,""buy_venue"":""Gate"",""extra_buffer_bps"":10.0,""note"":""Discovery snapshot only; assumes capital pre-positioned on both venues. Rebalancing, withdrawal, latency and deeper-book impact are not yet validated."",""sell_bid"":12.669,""sell_venue"":""Bitget"",""source"":""wide_cex_hunter"",""taker_fee_bps_per_leg"":10.0,""total_friction_bps"":30.0}"
2026-09-08T05:13:57+00:00,cex_cross_spot,LTC:buy Bitget / sell Gate,LTC,buy Bitget / sell Gate,Bitget<->Gate,-7.225434,-37.225434,NO,615.05,"{""buy_ask"":55.36,""buy_venue"":""Bitget"",""extra_buffer_bps"":10.0,""note"":""Discovery snapshot only; assumes capital pre-positioned on both venues. Rebalancing, withdrawal, latency and deeper-book impact are not yet validated."",""sell_bid"":55.32,""sell_venue"":""Gate"",""source"":""wide_cex_hunter"",""taker_fee_bps_per_leg"":10.0,""total_friction_bps"":30.0}"
2026-09-08T05:13:57+00:00,cex_cross_spot,LTC:buy Gate / sell Bitget,LTC,buy Gate / sell Bitget,Bitget<->Gate,0.000000,-30.000000,NO,342.90,"{""buy_ask"":55.34,""buy_venue"":""Gate"",""extra_buffer_bps"":10.0,""note"":""Discovery snapshot only; assumes capital pre-positioned on both venues. Rebalancing, withdrawal, latency and deeper-book impact are not yet validated."",""sell_bid"":55.34,""sell_venue"":""Bitget"",""source"":""wide_cex_hunter"",""taker_fee_bps_per_leg"":10.0,""total_friction_bps"":30.0}"
2026-09-08T05:13:57+00:00,cex_cross_spot,BCH:buy Bitget / sell Gate,BCH,buy Bitget / sell Gate,Bitget<->Gate,-7.313318,-37.313318,NO,72.69,"{""buy_ask"":259.8,""buy_venue"":""Bitget"",""extra_buffer_bps"":10.0,""note"":""Discovery snapshot only; assumes capital pre-positioned on both venues. Rebalancing, withdrawal, latency and deeper-book impact are not yet validated."",""sell_bid"":259.61,""sell_venue"":""Gate"",""source"":""wide_cex_hunter"",""taker_fee_bps_per_leg"":10.0,""total_friction_bps"":30.0}"
2026-09-08T05:13:57+00:00,cex_cross_spot,BCH:buy Gate / sell Bitget,BCH,buy Gate / sell Bitget,Bitget<->Gate,-3.850597,-33.850597,NO,7.01,"{""buy_ask"":259.7,""buy_venue"":""Gate"",""extra_buffer_bps"":10.0,""note"":""Discovery snapshot only; assumes capital pre-positioned on both venues. Rebalancing, withdrawal, latency and deeper-book impact are not yet validated."",""sell_bid"":259.6,""sell_venue"":""Bitget"",""source"":""wide_cex_hunter"",""taker_fee_bps_per_leg"":10.0,""total_friction_bps"":30.0}"
2026-09-08T05:13:57+00:00,cex_cross_spot,AVAX:buy Bitget / sell Gate,AVAX,buy Bitget / sell Gate,Bitget<->Gate,-3.718855,-33.718855,NO,242.42,"{""buy_ask"":8.067,""buy_venue"":""Bitget"",""extra_buffer_bps"":10.0,""note"":""Discovery snapshot only; assumes capital pre-positioned on both venues. Rebalancing, withdrawal, latency and deeper-book impact are not yet validated."",""sell_bid"":8.064,""sell_venue"":""Gate"",""source"":""wide_cex_hunter"",""taker_fee_bps_per_leg"":10.0,""total_friction_bps"":30.0}"
2026-09-08T05:13:57+00:00,cex_cross_spot,AVAX:buy Gate / sell Bitget,AVAX,buy Gate / sell Bitget,Bitget<->Gate,-2.479236,-32.479236,NO,107.91,"{""buy_ask"":8.067,""buy_venue"":""Gate"",""extra_buffer_bps"":10.0,""note"":""Discovery snapshot only; assumes capital pre-positioned on both venues. Rebalancing, withdrawal, latency and deeper-book impact are not yet validated."",""sell_bid"":8.065,""sell_venue"":""Bitget"",""source"":""wide_cex_hunter"",""taker_fee_bps_per_leg"":10.0,""total_friction_bps"":30.0}"
2026-09-08T05:13:57+00:00,cex_cross_spot,DOT:buy Bitget / sell Gate,DOT,buy Bitget / sell Gate,Bitget<->Gate,-12.081784,-42.081784,NO,238.69,"{""buy_ask"":1.076,""buy_venue"":""Bitget"",""extra_buffer_bps"":10.0,""note"":""Discovery snapshot only; assumes capital pre-positioned on both venues. Rebalancing, withdrawal, latency and deeper-book impact are not yet validated."",""sell_bid"":1.0747,""sell_venue"":""Gate"",""source"":""wide_cex_hunter"",""taker_fee_bps_per_leg"":10.0,""total_friction_bps"":30.0}"
2026-09-08T05:13:57+00:00,cex_cross_spot,DOT:buy Gate / sell Bitget,DOT,buy Gate / sell Bitget,Bitget<->Gate,-11.160714,-41.160714,NO,3.33,"{""buy_ask"":1.0752,""buy_venue"":""Gate"",""extra_buffer_bps"":10.0,""note"":""Discovery snapshot only; assumes capital pre-positioned on both venues. Rebalancing, withdrawal, latency and deeper-book impact are not yet validated."",""sell_bid"":1.074,""sell_venue"":""Bitget"",""source"":""wide_cex_hunter"",""taker_fee_bps_per_leg"":10.0,""total_friction_bps"":30.0}"
2026-09-08T05:13:57+00:00,cex_cross_spot,TRX:buy Bitget / sell Gate,TRX,buy Bitget / sell Gate,Bitget<->Gate,1.189556,-28.810444,NO,347.32,"{""buy_ask"":0.33626,""buy_venue"":""Bitget"",""extra_buffer_bps"":10.0,""note"":""Discovery snapshot only; assumes capital pre-positioned on both venues. Rebalancing, withdrawal, latency and deeper-book impact are not yet validated."",""sell_bid"":0.3363,""sell_venue"":""Gate"",""source"":""wide_cex_hunter"",""taker_fee_bps_per_leg"":10.0,""total_friction_bps"":30.0}"
2026-09-08T05:13:57+00:00,cex_cross_spot,TRX:buy Gate / sell Bitget,TRX,buy Gate / sell Bitget,Bitget<->Gate,-4.458977,-34.458977,NO,473.54,"{""buy_ask"":0.3364,""buy_venue"":""Gate"",""extra_buffer_bps"":10.0,""note"":""Discovery snapshot only; assumes capital pre-positioned on both venues. Rebalancing, withdrawal, latency and deeper-book impact are not yet validated."",""sell_bid"":0.33625,""sell_venue"":""Bitget"",""source"":""wide_cex_hunter"",""taker_fee_bps_per_leg"":10.0,""total_friction_bps"":30.0}"
2026-09-08T05:13:57+00:00,cex_cross_spot,SUI:buy Bitget / sell Gate,SUI,buy Bitget / sell Gate,Bitget<->Gate,-2.440215,-32.440215,NO,127.56,"{""buy_ask"":0.8196,""buy_venue"":""Bitget"",""extra_buffer_bps"":10.0,""note"":""Discovery snapshot only; assumes capital pre-positioned on both venues. Rebalancing, withdrawal, latency and deeper-book impact are not yet validated."",""sell_bid"":0.8194,""sell_venue"":""Gate"",""source"":""wide_cex_hunter"",""taker_fee_bps_per_leg"":10.0,""total_friction_bps"":30.0}"
2026-09-08T05:13:57+00:00,cex_cross_spot,SUI:buy Gate / sell Bitget,SUI,buy Gate / sell Bitget,Bitget<->Gate,0.000000,-30.000000,NO,141.49,"{""buy_ask"":0.8195,""buy_venue"":""Gate"",""extra_buffer_bps"":10.0,""note"":""Discovery snapshot only; assumes capital pre-positioned on both venues. Rebalancing, withdrawal, latency and deeper-book impact are not yet validated."",""sell_bid"":0.8195,""sell_venue"":""Bitget"",""source"":""wide_cex_hunter"",""taker_fee_bps_per_leg"":10.0,""total_friction_bps"":30.0}"
2026-09-08T05:13:57+00:00,cex_cross_spot,APT:buy Bitget / sell Gate,APT,buy Bitget / sell Gate,Bitget<->Gate,-7.895152,-37.895152,NO,60.34,"{""buy_ask"":0.6333,""buy_venue"":""Bitget"",""extra_buffer_bps"":10.0,""note"":""Discovery snapshot only; assumes capital pre-positioned on both venues. Rebalancing, withdrawal, latency and deeper-book impact are not yet validated."",""sell_bid"":0.6328,""sell_venue"":""Gate"",""source"":""wide_cex_hunter"",""taker_fee_bps_per_leg"":10.0,""total_friction_bps"":30.0}"
2026-09-08T05:13:57+00:00,cex_cross_spot,APT:buy Gate / sell Bitget,APT,buy Gate / sell Bitget,Bitget<->Gate,-4.735596,-34.735596,NO,64.42,"{""buy_ask"":0.6335,""buy_venue"":""Gate"",""extra_buffer_bps"":10.0,""note"":""Discovery snapshot only; assumes capital pre-positioned on both venues. Rebalancing, withdrawal, latency and deeper-book impact are not yet validated."",""sell_bid"":0.6332,""sell_venue"":""Bitget"",""source"":""wide_cex_hunter"",""taker_fee_bps_per_leg"":10.0,""total_friction_bps"":30.0}"
2026-09-08T05:13:57+00:00,cex_cross_spot,NEAR:buy Bitget / sell Gate,NEAR,buy Bitget / sell Gate,Bitget<->Gate,-4.380201,-34.380201,NO,19.51,"{""buy_ask"":2.283,""buy_venue"":""Bitget"",""extra_buffer_bps"":10.0,""note"":""Discovery snapshot only; assumes capital pre-positioned on both venues. Rebalancing, withdrawal, latency and deeper-book impact are not yet validated."",""sell_bid"":2.282,""sell_venue"":""Gate"",""source"":""wide_cex_hunter"",""taker_fee_bps_per_leg"":10.0,""total_friction_bps"":30.0}"
2026-09-08T05:13:57+00:00,cex_cross_spot,NEAR:buy Gate / sell Bitget,NEAR,buy Gate / sell Bitget,Bitget<->Gate,-4.380201,-34.380201,NO,144.34,"{""buy_ask"":2.283,""buy_venue"":""Gate"",""extra_buffer_bps"":10.0,""note"":""Discovery snapshot only; assumes capital pre-positioned on both venues. Rebalancing, withdrawal, latency and deeper-book impact are not yet validated."",""sell_bid"":2.282,""sell_venue"":""Bitget"",""source"":""wide_cex_hunter"",""taker_fee_bps_per_leg"":10.0,""total_friction_bps"":30.0}"
2026-09-08T06:44:42+00:00,cex_cross_spot,BTC:buy Bitget / sell Gate,BTC,buy Bitget / sell Gate,Bitget<->Gate,-0.632292,-30.632292,NO,19273.91,"{""buy_ask"":78444.76,""buy_venue"":""Bitget"",""extra_buffer_bps"":10.0,""note"":""Discovery snapshot only; assumes capital pre-positioned on both venues. Rebalancing, withdrawal, latency and deeper-book impact are not yet validated."",""sell_bid"":78439.8,""sell_venue"":""Gate"",""source"":""wide_cex_hunter"",""taker_fee_bps_per_leg"":10.0,""total_friction_bps"":30.0}"
2026-09-08T06:44:42+00:00,cex_cross_spot,BTC:buy Gate / sell Bitget,BTC,buy Gate / sell Bitget,Bitget<->Gate,0.618308,-29.381692,NO,7160.78,"{""buy_ask"":78439.9,""buy_venue"":""Gate"",""extra_buffer_bps"":10.0,""note"":""Discovery snapshot only; assumes capital pre-positioned on both venues. Rebalancing, withdrawal, latency and deeper-book impact are not yet validated."",""sell_bid"":78444.75,""sell_venue"":""Bitget"",""source"":""wide_cex_hunter"",""taker_fee_bps_per_leg"":10.0,""total_friction_bps"":30.0}"
2026-09-08T06:44:42+00:00,cex_cross_spot,ETH:buy Bitget / sell Gate,ETH,buy Bitget / sell Gate,Bitget<->Gate,1.135410,-28.864590,NO,7917.48,"{""buy_ask"":2466.07,""buy_venue"":""Bitget"",""extra_buffer_bps"":10.0,""note"":""Discovery snapshot only; assumes capital pre-positioned on both venues. Rebalancing, withdrawal, latency and deeper-book impact are not yet validated."",""sell_bid"":2466.35,""sell_venue"":""Gate"",""source"":""wide_cex_hunter"",""taker_fee_bps_per_leg"":10.0,""total_friction_bps"":30.0}"
2026-09-08T06:44:42+00:00,cex_cross_spot,ETH:buy Gate / sell Bitget,ETH,buy Gate / sell Bitget,Bitget<->Gate,-1.216367,-31.216367,NO,13933.45,"{""buy_ask"":2466.36,""buy_venue"":""Gate"",""extra_buffer_bps"":10.0,""note"":""Discovery snapshot only; assumes capital pre-positioned on both venues. Rebalancing, withdrawal, latency and deeper-book impact are not yet validated."",""sell_bid"":2466.06,""sell_venue"":""Bitget"",""source"":""wide_cex_hunter"",""taker_fee_bps_per_leg"":10.0,""total_friction_bps"":30.0}"
2026-09-08T06:44:42+00:00,cex_cross_spot,SOL:buy Bitget / sell Gate,SOL,buy Bitget / sell Gate,Bitget<->Gate,-0.974469,-30.974469,NO,1611.60,"{""buy_ask"":102.62,""buy_venue"":""Bitget"",""extra_buffer_bps"":10.0,""note"":""Discovery snapshot only; assumes capital pre-positioned on both venues. Rebalancing, withdrawal, latency and deeper-book impact are not yet validated."",""sell_bid"":102.61,""sell_venue"":""Gate"",""source"":""wide_cex_hunter"",""taker_fee_bps_per_leg"":10.0,""total_friction_bps"":30.0}"
2026-09-08T06:44:42+00:00,cex_cross_spot,SOL:buy Gate / sell Bitget,SOL,buy Gate / sell Bitget,Bitget<->Gate,-0.974469,-30.974469,NO,458.81,"{""buy_ask"":102.62,""buy_venue"":""Gate"",""extra_buffer_bps"":10.0,""note"":""Discovery snapshot only; assumes capital pre-positioned on both venues. Rebalancing, withdrawal, latency and deeper-book impact are not yet validated."",""sell_bid"":102.61,""sell_venue"":""Bitget"",""source"":""wide_cex_hunter"",""taker_fee_bps_per_leg"":10.0,""total_friction_bps"":30.0}"
2026-09-08T06:44:42+00:00,cex_cross_spot,XRP:buy Bitget / sell Gate,XRP,buy Bitget / sell Gate,Bitget<->Gate,-1.445818,-31.445818,NO,651.86,"{""buy_ask"":1.3833,""buy_venue"":""Bitget"",""extra_buffer_bps"":10.0,""note"":""Discovery snapshot only; assumes capital pre-positioned on both venues. Rebalancing, withdrawal, latency and deeper-book impact are not yet validated."",""sell_bid"":1.3831,""sell_venue"":""Gate"",""source"":""wide_cex_hunter"",""taker_fee_bps_per_leg"":10.0,""total_friction_bps"":30.0}"
2026-09-08T06:44:42+00:00,cex_cross_spot,XRP:buy Gate / sell Bitget,XRP,buy Gate / sell Bitget,Bitget<->Gate,-0.722909,-30.722909,NO,46.62,"{""buy_ask"":1.3833,""buy_venue"":""Gate"",""extra_buffer_bps"":10.0,""note"":""Discovery snapshot only; assumes capital pre-positioned on both venues. Rebalancing, withdrawal, latency and deeper-book impact are not yet validated."",""sell_bid"":1.3832,""sell_venue"":""Bitget"",""source"":""wide_cex_hunter"",""taker_fee_bps_per_leg"":10.0,""total_friction_bps"":30.0}"
2026-09-08T06:44:42+00:00,cex_cross_spot,DOGE:buy Bitget / sell Gate,DOGE,buy Bitget / sell Gate,Bitget<->Gate,-1.120825,-31.120825,NO,636.65,"{""buy_ask"":0.08922,""buy_venue"":""Bitget"",""extra_buffer_bps"":10.0,""note"":""Discovery snapshot only; assumes capital pre-positioned on both venues. Rebalancing, withdrawal, latency and deeper-book impact are not yet validated."",""sell_bid"":0.08921,""sell_venue"":""Gate"",""source"":""wide_cex_hunter"",""taker_fee_bps_per_leg"":10.0,""total_friction_bps"":30.0}"
2026-09-08T06:44:42+00:00,cex_cross_spot,DOGE:buy Gate / sell Bitget,DOGE,buy Gate / sell Bitget,Bitget<->Gate,-1.120825,-31.120825,NO,12.50,"{""buy_ask"":0.08922,""buy_venue"":""Gate"",""extra_buffer_bps"":10.0,""note"":""Discovery snapshot only; assumes capital pre-positioned on both venues. Rebalancing, withdrawal, latency and deeper-book impact are not yet validated."",""sell_bid"":0.08921,""sell_venue"":""Bitget"",""source"":""wide_cex_hunter"",""taker_fee_bps_per_leg"":10.0,""total_friction_bps"":30.0}"
2026-09-08T06:44:42+00:00,cex_cross_spot,ADA:buy Bitget / sell Gate,ADA,buy Bitget / sell Gate,Bitget<->Gate,-4.625347,-34.625347,NO,241.82,"{""buy_ask"":0.2162,""buy_venue"":""Bitget"",""extra_buffer_bps"":10.0,""note"":""Discovery snapshot only; assumes capital pre-positioned on both venues. Rebalancing, withdrawal, latency and deeper-book impact are not yet validated."",""sell_bid"":0.2161,""sell_venue"":""Gate"",""source"":""wide_cex_hunter"",""taker_fee_bps_per_leg"":10.0,""total_friction_bps"":30.0}"
2026-09-08T06:44:42+00:00,cex_cross_spot,ADA:buy Gate / sell Bitget,ADA,buy Gate / sell Bitget,Bitget<->Gate,-1.388053,-31.388053,NO,487.64,"{""buy_ask"":0.21613,""buy_venue"":""Gate"",""extra_buffer_bps"":10.0,""note"":""Discovery snapshot only; assumes capital pre-positioned on both venues. Rebalancing, withdrawal, latency and deeper-book impact are not yet validated."",""sell_bid"":0.2161,""sell_venue"":""Bitget"",""source"":""wide_cex_hunter"",""taker_fee_bps_per_leg"":10.0,""total_friction_bps"":30.0}"
2026-09-08T06:44:42+00:00,cex_cross_spot,LINK:buy Bitget / sell Gate,LINK,buy Bitget / sell Gate,Bitget<->Gate,-2.381141,-32.381141,NO,36.53,"{""buy_ask"":12.599,""buy_venue"":""Bitget"",""extra_buffer_bps"":10.0,""note"":""Discovery snapshot only; assumes capital pre-positioned on both venues. Rebalancing, withdrawal, latency and deeper-book impact are not yet validated."",""sell_bid"":12.596,""sell_venue"":""Gate"",""source"":""wide_cex_hunter"",""taker_fee_bps_per_leg"":10.0,""total_friction_bps"":30.0}"
2026-09-08T06:44:42+00:00,cex_cross_spot,LINK:buy Gate / sell Bitget,LINK,buy Gate / sell Bitget,Bitget<->Gate,-2.381330,-32.381330,NO,74.22,"{""buy_ask"":12.598,""buy_venue"":""Gate"",""extra_buffer_bps"":10.0,""note"":""Discovery snapshot only; assumes capital pre-positioned on both venues. Rebalancing, withdrawal, latency and deeper-book impact are not yet validated."",""sell_bid"":12.595,""sell_venue"":""Bitget"",""source"":""wide_cex_hunter"",""taker_fee_bps_per_leg"":10.0,""total_friction_bps"":30.0}"
2026-09-08T06:44:42+00:00,cex_cross_spot,LTC:buy Bitget / sell Gate,LTC,buy Bitget / sell Gate,Bitget<->Gate,0.000000,-30.000000,NO,120.87,"{""buy_ask"":54.77,""buy_venue"":""Bitget"",""extra_buffer_bps"":10.0,""note"":""Discovery snapshot only; assumes capital pre-positioned on both venues. Rebalancing, withdrawal, latency and deeper-book impact are not yet validated."",""sell_bid"":54.77,""sell_venue"":""Gate"",""source"":""wide_cex_hunter"",""taker_fee_bps_per_leg"":10.0,""total_friction_bps"":30.0}"
2026-09-08T06:44:42+00:00,cex_cross_spot,LTC:buy Gate / sell Bitget,LTC,buy Gate / sell Bitget,Bitget<->Gate,-5.475452,-35.475452,NO,244.36,"{""buy_ask"":54.79,""buy_venue"":""Gate"",""extra_buffer_bps"":10.0,""note"":""Discovery snapshot only; assumes capital pre-positioned on both venues. Rebalancing, withdrawal, latency and deeper-book impact are not yet validated."",""sell_bid"":54.76,""sell_venue"":""Bitget"",""source"":""wide_cex_hunter"",""taker_fee_bps_per_leg"":10.0,""total_friction_bps"":30.0}"
2026-09-08T06:44:42+00:00,cex_cross_spot,BCH:buy Bitget / sell Gate,BCH,buy Bitget / sell Gate,Bitget<->Gate,-3.895598,-33.895598,NO,121.63,"{""buy_ask"":256.7,""buy_venue"":""Bitget"",""extra_buffer_bps"":10.0,""note"":""Discovery snapshot only; assumes capital pre-positioned on both venues. Rebalancing, withdrawal, latency and deeper-book impact are not yet validated."",""sell_bid"":256.6,""sell_venue"":""Gate"",""source"":""wide_cex_hunter"",""taker_fee_bps_per_leg"":10.0,""total_friction_bps"":30.0}"
2026-09-08T06:44:42+00:00,cex_cross_spot,BCH:buy Gate / sell Bitget,BCH,buy Gate / sell Bitget,Bitget<->Gate,-7.399042,-37.399042,NO,1545.36,"{""buy_ask"":256.79,""buy_venue"":""Gate"",""extra_buffer_bps"":10.0,""note"":""Discovery snapshot only; assumes capital pre-positioned on both venues. Rebalancing, withdrawal, latency and deeper-book impact are not yet validated."",""sell_bid"":256.6,""sell_venue"":""Bitget"",""source"":""wide_cex_hunter"",""taker_fee_bps_per_leg"":10.0,""total_friction_bps"":30.0}"
2026-09-08T06:44:42+00:00,cex_cross_spot,AVAX:buy Bitget / sell Gate,AVAX,buy Bitget / sell Gate,Bitget<->Gate,-1.245330,-31.245330,NO,230.46,"{""buy_ask"":8.03,""buy_venue"":""Bitget"",""extra_buffer_bps"":10.0,""note"":""Discovery snapshot only; assumes capital pre-positioned on both venues. Rebalancing, withdrawal, latency and deeper-book impact are not yet validated."",""sell_bid"":8.029,""sell_venue"":""Gate"",""source"":""wide_cex_hunter"",""taker_fee_bps_per_leg"":10.0,""total_friction_bps"":30.0}"
2026-09-08T06:44:42+00:00,cex_cross_spot,AVAX:buy Gate / sell Bitget,AVAX,buy Gate / sell Bitget,Bitget<->Gate,-2.490350,-32.490350,NO,131.31,"{""buy_ask"":8.031,""buy_venue"":""Gate"",""extra_buffer_bps"":10.0,""note"":""Discovery snapshot only; assumes capital pre-positioned on both venues. Rebalancing, withdrawal, latency and deeper-book impact are not yet validated."",""sell_bid"":8.029,""sell_venue"":""Bitget"",""source"":""wide_cex_hunter"",""taker_fee_bps_per_leg"":10.0,""total_friction_bps"":30.0}"
2026-09-08T06:44:42+00:00,cex_cross_spot,DOT:buy Bitget / sell Gate,DOT,buy Bitget / sell Gate,Bitget<->Gate,-7.540057,-37.540057,NO,4.45,"{""buy_ask"":1.061,""buy_venue"":""Bitget"",""extra_buffer_bps"":10.0,""note"":""Discovery snapshot only; assumes capital pre-positioned on both venues. Rebalancing, withdrawal, latency and deeper-book impact are not yet validated."",""sell_bid"":1.0602,""sell_venue"":""Gate"",""source"":""wide_cex_hunter"",""taker_fee_bps_per_leg"":10.0,""total_friction_bps"":30.0}"
2026-09-08T06:44:42+00:00,cex_cross_spot,DOT:buy Gate / sell Bitget,DOT,buy Gate / sell Bitget,Bitget<->Gate,-15.085800,-45.085800,NO,87.61,"{""buy_ask"":1.0606,""buy_venue"":""Gate"",""extra_buffer_bps"":10.0,""note"":""Discovery snapshot only; assumes capital pre-positioned on both venues. Rebalancing, withdrawal, latency and deeper-book impact are not yet validated."",""sell_bid"":1.059,""sell_venue"":""Bitget"",""source"":""wide_cex_hunter"",""taker_fee_bps_per_leg"":10.0,""total_friction_bps"":30.0}"
2026-09-08T06:44:42+00:00,cex_cross_spot,TRX:buy Bitget / sell Gate,TRX,buy Bitget / sell Gate,Bitget<->Gate,-2.370511,-32.370511,NO,1399.60,"{""buy_ask"":0.33748,""buy_venue"":""Bitget"",""extra_buffer_bps"":10.0,""note"":""Discovery snapshot only; assumes capital pre-positioned on both venues. Rebalancing, withdrawal, latency and deeper-book impact are not yet validated."",""sell_bid"":0.3374,""sell_venue"":""Gate"",""source"":""wide_cex_hunter"",""taker_fee_bps_per_leg"":10.0,""total_friction_bps"":30.0}"
2026-09-08T06:44:42+00:00,cex_cross_spot,TRX:buy Gate / sell Bitget,TRX,buy Gate / sell Bitget,Bitget<->Gate,-0.888889,-30.888889,NO,318.76,"{""buy_ask"":0.3375,""buy_venue"":""Gate"",""extra_buffer_bps"":10.0,""note"":""Discovery snapshot only; assumes capital pre-positioned on both venues. Rebalancing, withdrawal, latency and deeper-book impact are not yet validated."",""sell_bid"":0.33747,""sell_venue"":""Bitget"",""source"":""wide_cex_hunter"",""taker_fee_bps_per_leg"":10.0,""total_friction_bps"":30.0}"
2026-09-08T06:44:42+00:00,cex_cross_spot,SUI:buy Bitget / sell Gate,SUI,buy Bitget / sell Gate,Bitget<->Gate,-2.467004,-32.467004,NO,52.94,"{""buy_ask"":0.8107,""buy_venue"":""Bitget"",""extra_buffer_bps"":10.0,""note"":""Discovery snapshot only; assumes capital pre-positioned on both venues. Rebalancing, withdrawal, latency and deeper-book impact are not yet validated."",""sell_bid"":0.8105,""sell_venue"":""Gate"",""source"":""wide_cex_hunter"",""taker_fee_bps_per_leg"":10.0,""total_friction_bps"":30.0}"
2026-09-08T06:44:42+00:00,cex_cross_spot,SUI:buy Gate / sell Bitget,SUI,buy Gate / sell Bitget,Bitget<->Gate,-1.233654,-31.233654,NO,619.30,"{""buy_ask"":0.8106,""buy_venue"":""Gate"",""extra_buffer_bps"":10.0,""note"":""Discovery snapshot only; assumes capital pre-positioned on both venues. Rebalancing, withdrawal, latency and deeper-book impact are not yet validated."",""sell_bid"":0.8105,""sell_venue"":""Bitget"",""source"":""wide_cex_hunter"",""taker_fee_bps_per_leg"":10.0,""total_friction_bps"":30.0}"
2026-09-08T06:44:42+00:00,cex_cross_spot,APT:buy Bitget / sell Gate,APT,buy Bitget / sell Gate,Bitget<->Gate,-4.774029,-34.774029,NO,69.81,"{""buy_ask"":0.6284,""buy_venue"":""Bitget"",""extra_buffer_bps"":10.0,""note"":""Discovery snapshot only; assumes capital pre-positioned on both venues. Rebalancing, withdrawal, latency and deeper-book impact are not yet validated."",""sell_bid"":0.6281,""sell_venue"":""Gate"",""source"":""wide_cex_hunter"",""taker_fee_bps_per_leg"":10.0,""total_friction_bps"":30.0}"
2026-09-08T06:44:42+00:00,cex_cross_spot,APT:buy Gate / sell Bitget,APT,buy Gate / sell Bitget,Bitget<->Gate,-4.773270,-34.773270,NO,80.40,"{""buy_ask"":0.6285,""buy_venue"":""Gate"",""extra_buffer_bps"":10.0,""note"":""Discovery snapshot only; assumes capital pre-positioned on both venues. Rebalancing, withdrawal, latency and deeper-book impact are not yet validated."",""sell_bid"":0.6282,""sell_venue"":""Bitget"",""source"":""wide_cex_hunter"",""taker_fee_bps_per_leg"":10.0,""total_friction_bps"":30.0}"
2026-09-08T06:44:42+00:00,cex_cross_spot,NEAR:buy Bitget / sell Gate,NEAR,buy Bitget / sell Gate,Bitget<->Gate,-4.393673,-34.393673,NO,162.32,"{""buy_ask"":2.276,""buy_venue"":""Bitget"",""extra_buffer_bps"":10.0,""note"":""Discovery snapshot only; assumes capital pre-positioned on both venues. Rebalancing, withdrawal, latency and deeper-book impact are not yet validated."",""sell_bid"":2.275,""sell_venue"":""Gate"",""source"":""wide_cex_hunter"",""taker_fee_bps_per_leg"":10.0,""total_friction_bps"":30.0}"
2026-09-08T06:44:42+00:00,cex_cross_spot,NEAR:buy Gate / sell Bitget,NEAR,buy Gate / sell Bitget,Bitget<->Gate,-8.787346,-38.787346,NO,182.22,"{""buy_ask"":2.276,""buy_venue"":""Gate"",""extra_buffer_bps"":10.0,""note"":""Discovery snapshot only; assumes capital pre-positioned on both venues. Rebalancing, withdrawal, latency and deeper-book impact are not yet validated."",""sell_bid"":2.274,""sell_venue"":""Bitget"",""source"":""wide_cex_hunter"",""taker_fee_bps_per_leg"":10.0,""total_friction_bps"":30.0}"
2026-09-08T07:24:17+00:00,cex_cross_spot,BTC:buy Bitget / sell Gate,BTC,buy Bitget / sell Gate,Bitget<->Gate,-0.050972,-30.050972,NO,15027.57,"{""buy_ask"":78475.0,""buy_venue"":""Bitget"",""extra_buffer_bps"":10.0,""note"":""Discovery snapshot only; assumes capital pre-positioned on both venues. Rebalancing, withdrawal, latency and deeper-book impact are not yet validated."",""sell_bid"":78474.6,""sell_venue"":""Gate"",""source"":""wide_cex_hunter"",""taker_fee_bps_per_leg"":10.0,""total_friction_bps"":30.0}"
2026-09-08T07:24:17+00:00,cex_cross_spot,BTC:buy Gate / sell Bitget,BTC,buy Gate / sell Bitget,Bitget<->Gate,0.036955,-29.963045,NO,4113.09,"{""buy_ask"":78474.7,""buy_venue"":""Gate"",""extra_buffer_bps"":10.0,""note"":""Discovery snapshot only; assumes capital pre-positioned on both venues. Rebalancing, withdrawal, latency and deeper-book impact are not yet validated."",""sell_bid"":78474.99,""sell_venue"":""Bitget"",""source"":""wide_cex_hunter"",""taker_fee_bps_per_leg"":10.0,""total_friction_bps"":30.0}"
2026-09-08T07:24:17+00:00,cex_cross_spot,ETH:buy Bitget / sell Gate,ETH,buy Bitget / sell Gate,Bitget<->Gate,-0.807298,-30.807298,NO,16843.97,"{""buy_ask"":2477.4,""buy_venue"":""Bitget"",""extra_buffer_bps"":10.0,""note"":""Discovery snapshot only; assumes capital pre-positioned on both venues. Rebalancing, withdrawal, latency and deeper-book impact are not yet validated."",""sell_bid"":2477.2,""sell_venue"":""Gate"",""source"":""wide_cex_hunter"",""taker_fee_bps_per_leg"":10.0,""total_friction_bps"":30.0}"
2026-09-08T07:24:17+00:00,cex_cross_spot,ETH:buy Gate / sell Bitget,ETH,buy Gate / sell Bitget,Bitget<->Gate,0.726624,-29.273376,NO,24.77,"{""buy_ask"":2477.21,""buy_venue"":""Gate"",""extra_buffer_bps"":10.0,""note"":""Discovery snapshot only; assumes capital pre-positioned on both venues. Rebalancing, withdrawal, latency and deeper-book impact are not yet validated."",""sell_bid"":2477.39,""sell_venue"":""Bitget"",""source"":""wide_cex_hunter"",""taker_fee_bps_per_leg"":10.0,""total_friction_bps"":30.0}"
2026-09-08T07:24:17+00:00,cex_cross_spot,SOL:buy Bitget / sell Gate,SOL,buy Bitget / sell Gate,Bitget<->Gate,-1.943446,-31.943446,NO,133.38,"{""buy_ask"":102.91,""buy_venue"":""Bitget"",""extra_buffer_bps"":10.0,""note"":""Discovery snapshot only; assumes capital pre-positioned on both venues. Rebalancing, withdrawal, latency and deeper-book impact are not yet validated."",""sell_bid"":102.89,""sell_venue"":""Gate"",""source"":""wide_cex_hunter"",""taker_fee_bps_per_leg"":10.0,""total_friction_bps"":30.0}"
2026-09-08T07:24:17+00:00,cex_cross_spot,SOL:buy Gate / sell Bitget,SOL,buy Gate / sell Bitget,Bitget<->Gate,0.000000,-30.000000,NO,1.34,"{""buy_ask"":102.9,""buy_venue"":""Gate"",""extra_buffer_bps"":10.0,""note"":""Discovery snapshot only; assumes capital pre-positioned on both venues. Rebalancing, withdrawal, latency and deeper-book impact are not yet validated."",""sell_bid"":102.9,""sell_venue"":""Bitget"",""source"":""wide_cex_hunter"",""taker_fee_bps_per_leg"":10.0,""total_friction_bps"":30.0}"
2026-09-08T07:24:17+00:00,cex_cross_spot,XRP:buy Bitget / sell Gate,XRP,buy Bitget / sell Gate,Bitget<->Gate,-1.441234,-31.441234,NO,323.15,"{""buy_ask"":1.3877,""buy_venue"":""Bitget"",""extra_buffer_bps"":10.0,""note"":""Discovery snapshot only; assumes capital pre-positioned on both venues. Rebalancing, withdrawal, latency and deeper-book impact are not yet validated."",""sell_bid"":1.3875,""sell_venue"":""Gate"",""source"":""wide_cex_hunter"",""taker_fee_bps_per_leg"":10.0,""total_friction_bps"":30.0}"
2026-09-08T07:24:17+00:00,cex_cross_spot,XRP:buy Gate / sell Bitget,XRP,buy Gate / sell Bitget,Bitget<->Gate,0.000000,-30.000000,NO,24.70,"{""buy_ask"":1.3876,""buy_venue"":""Gate"",""extra_buffer_bps"":10.0,""note"":""Discovery snapshot only; assumes capital pre-positioned on both venues. Rebalancing, withdrawal, latency and deeper-book impact are not yet validated."",""sell_bid"":1.3876,""sell_venue"":""Bitget"",""source"":""wide_cex_hunter"",""taker_fee_bps_per_leg"":10.0,""total_friction_bps"":30.0}"
2026-09-08T07:24:17+00:00,cex_cross_spot,DOGE:buy Bitget / sell Gate,DOGE,buy Bitget / sell Gate,Bitget<->Gate,-1.118568,-31.118568,NO,333.56,"{""buy_ask"":0.0894,""buy_venue"":""Bitget"",""extra_buffer_bps"":10.0,""note"":""Discovery snapshot only; assumes capital pre-positioned on both venues. Rebalancing, withdrawal, latency and deeper-book impact are not yet validated."",""sell_bid"":0.08939,""sell_venue"":""Gate"",""source"":""wide_cex_hunter"",""taker_fee_bps_per_leg"":10.0,""total_friction_bps"":30.0}"
2026-09-08T07:24:17+00:00,cex_cross_spot,DOGE:buy Gate / sell Bitget,DOGE,buy Gate / sell Bitget,Bitget<->Gate,-1.118568,-31.118568,NO,42.05,"{""buy_ask"":0.0894,""buy_venue"":""Gate"",""extra_buffer_bps"":10.0,""note"":""Discovery snapshot only; assumes capital pre-positioned on both venues. Rebalancing, withdrawal, latency and deeper-book impact are not yet validated."",""sell_bid"":0.08939,""sell_venue"":""Bitget"",""source"":""wide_cex_hunter"",""taker_fee_bps_per_leg"":10.0,""total_friction_bps"":30.0}"
2026-09-08T07:24:17+00:00,cex_cross_spot,ADA:buy Bitget / sell Gate,ADA,buy Bitget / sell Gate,Bitget<->Gate,-3.222836,-33.222836,NO,12.15,"{""buy_ask"":0.2172,""buy_venue"":""Bitget"",""extra_buffer_bps"":10.0,""note"":""Discovery snapshot only; assumes capital pre-positioned on both venues. Rebalancing, withdrawal, latency and deeper-book impact are not yet validated."",""sell_bid"":0.21713,""sell_venue"":""Gate"",""source"":""wide_cex_hunter"",""taker_fee_bps_per_leg"":10.0,""total_friction_bps"":30.0}"
2026-09-08T07:24:17+00:00,cex_cross_spot,ADA:buy Gate / sell Bitget,ADA,buy Gate / sell Bitget,Bitget<->Gate,-2.302556,-32.302556,NO,3.69,"{""buy_ask"":0.21715,""buy_venue"":""Gate"",""extra_buffer_bps"":10.0,""note"":""Discovery snapshot only; assumes capital pre-positioned on both venues. Rebalancing, withdrawal, latency and deeper-book impact are not yet validated."",""sell_bid"":0.2171,""sell_venue"":""Bitget"",""source"":""wide_cex_hunter"",""taker_fee_bps_per_leg"":10.0,""total_friction_bps"":30.0}"
2026-09-08T07:24:17+00:00,cex_cross_spot,LINK:buy Bitget / sell Gate,LINK,buy Bitget / sell Gate,Bitget<->Gate,0.000000,-30.000000,NO,177.49,"{""buy_ask"":12.66,""buy_venue"":""Bitget"",""extra_buffer_bps"":10.0,""note"":""Discovery snapshot only; assumes capital pre-positioned on both venues. Rebalancing, withdrawal, latency and deeper-book impact are not yet validated."",""sell_bid"":12.66,""sell_venue"":""Gate"",""source"":""wide_cex_hunter"",""taker_fee_bps_per_leg"":10.0,""total_friction_bps"":30.0}"
2026-09-08T07:24:17+00:00,cex_cross_spot,LINK:buy Gate / sell Bitget,LINK,buy Gate / sell Bitget,Bitget<->Gate,-6.318616,-36.318616,NO,100.19,"{""buy_ask"":12.661,""buy_venue"":""Gate"",""extra_buffer_bps"":10.0,""note"":""Discovery snapshot only; assumes capital pre-positioned on both venues. Rebalancing, withdrawal, latency and deeper-book impact are not yet validated."",""sell_bid"":12.653,""sell_venue"":""Bitget"",""source"":""wide_cex_hunter"",""taker_fee_bps_per_leg"":10.0,""total_friction_bps"":30.0}"
2026-09-08T07:24:17+00:00,cex_cross_spot,LTC:buy Bitget / sell Gate,LTC,buy Bitget / sell Gate,Bitget<->Gate,-3.632401,-33.632401,NO,88.78,"{""buy_ask"":55.06,""buy_venue"":""Bitget"",""extra_buffer_bps"":10.0,""note"":""Discovery snapshot only; assumes capital pre-positioned on both venues. Rebalancing, withdrawal, latency and deeper-book impact are not yet validated."",""sell_bid"":55.04,""sell_venue"":""Gate"",""source"":""wide_cex_hunter"",""taker_fee_bps_per_leg"":10.0,""total_friction_bps"":30.0}"
2026-09-08T07:24:17+00:00,cex_cross_spot,LTC:buy Gate / sell Bitget,LTC,buy Gate / sell Bitget,Bitget<->Gate,-1.816530,-31.816530,NO,212.71,"{""buy_ask"":55.05,""buy_venue"":""Gate"",""extra_buffer_bps"":10.0,""note"":""Discovery snapshot only; assumes capital pre-positioned on both venues. Rebalancing, withdrawal, latency and deeper-book impact are not yet validated."",""sell_bid"":55.04,""sell_venue"":""Bitget"",""source"":""wide_cex_hunter"",""taker_fee_bps_per_leg"":10.0,""total_friction_bps"":30.0}"
2026-09-08T07:24:17+00:00,cex_cross_spot,BCH:buy Bitget / sell Gate,BCH,buy Bitget / sell Gate,Bitget<->Gate,-6.206362,-36.206362,NO,146.60,"{""buy_ask"":257.8,""buy_venue"":""Bitget"",""extra_buffer_bps"":10.0,""note"":""Discovery snapshot only; assumes capital pre-positioned on both venues. Rebalancing, withdrawal, latency and deeper-book impact are not yet validated."",""sell_bid"":257.64,""sell_venue"":""Gate"",""source"":""wide_cex_hunter"",""taker_fee_bps_per_leg"":10.0,""total_friction_bps"":30.0}"
2026-09-08T07:24:17+00:00,cex_cross_spot,BCH:buy Gate / sell Bitget,BCH,buy Gate / sell Bitget,Bitget<->Gate,-11.245105,-41.245105,NO,128.17,"{""buy_ask"":257.89,""buy_venue"":""Gate"",""extra_buffer_bps"":10.0,""note"":""Discovery snapshot only; assumes capital pre-positioned on both venues. Rebalancing, withdrawal, latency and deeper-book impact are not yet validated."",""sell_bid"":257.6,""sell_venue"":""Bitget"",""source"":""wide_cex_hunter"",""taker_fee_bps_per_leg"":10.0,""total_friction_bps"":30.0}"
2026-09-08T07:24:17+00:00,cex_cross_spot,AVAX:buy Bitget / sell Gate,AVAX,buy Bitget / sell Gate,Bitget<->Gate,-2.480159,-32.480159,NO,113.37,"{""buy_ask"":8.064,""buy_venue"":""Bitget"",""extra_buffer_bps"":10.0,""note"":""Discovery snapshot only; assumes capital pre-positioned on both venues. Rebalancing, withdrawal, latency and deeper-book impact are not yet validated."",""sell_bid"":8.062,""sell_venue"":""Gate"",""source"":""wide_cex_hunter"",""taker_fee_bps_per_leg"":10.0,""total_friction_bps"":30.0}"
2026-09-08T07:24:17+00:00,cex_cross_spot,AVAX:buy Gate / sell Bitget,AVAX,buy Gate / sell Bitget,Bitget<->Gate,-1.240079,-31.240079,NO,131.23,"{""buy_ask"":8.064,""buy_venue"":""Gate"",""extra_buffer_bps"":10.0,""note"":""Discovery snapshot only; assumes capital pre-positioned on both venues. Rebalancing, withdrawal, latency and deeper-book impact are not yet validated."",""sell_bid"":8.063,""sell_venue"":""Bitget"",""source"":""wide_cex_hunter"",""taker_fee_bps_per_leg"":10.0,""total_friction_bps"":30.0}"
2026-09-08T07:24:17+00:00,cex_cross_spot,DOT:buy Bitget / sell Gate,DOT,buy Bitget / sell Gate,Bitget<->Gate,-7.518797,-37.518797,NO,4.89,"{""buy_ask"":1.064,""buy_venue"":""Bitget"",""extra_buffer_bps"":10.0,""note"":""Discovery snapshot only; assumes capital pre-positioned on both venues. Rebalancing, withdrawal, latency and deeper-book impact are not yet validated."",""sell_bid"":1.0632,""sell_venue"":""Gate"",""source"":""wide_cex_hunter"",""taker_fee_bps_per_leg"":10.0,""total_friction_bps"":30.0}"
2026-09-08T07:24:17+00:00,cex_cross_spot,DOT:buy Gate / sell Bitget,DOT,buy Gate / sell Bitget,Bitget<->Gate,-6.580803,-36.580803,NO,81.05,"{""buy_ask"":1.0637,""buy_venue"":""Gate"",""extra_buffer_bps"":10.0,""note"":""Discovery snapshot only; assumes capital pre-positioned on both venues. Rebalancing, withdrawal, latency and deeper-book impact are not yet validated."",""sell_bid"":1.063,""sell_venue"":""Bitget"",""source"":""wide_cex_hunter"",""taker_fee_bps_per_leg"":10.0,""total_friction_bps"":30.0}"
2026-09-08T07:24:17+00:00,cex_cross_spot,TRX:buy Bitget / sell Gate,TRX,buy Bitget / sell Gate,Bitget<->Gate,-3.259163,-33.259163,NO,303.76,"{""buy_ask"":0.33751,""buy_venue"":""Bitget"",""extra_buffer_bps"":10.0,""note"":""Discovery snapshot only; assumes capital pre-positioned on both venues. Rebalancing, withdrawal, latency and deeper-book impact are not yet validated."",""sell_bid"":0.3374,""sell_venue"":""Gate"",""source"":""wide_cex_hunter"",""taker_fee_bps_per_leg"":10.0,""total_friction_bps"":30.0}"
2026-09-08T07:24:17+00:00,cex_cross_spot,TRX:buy Gate / sell Bitget,TRX,buy Gate / sell Bitget,Bitget<->Gate,0.000000,-30.000000,NO,513.56,"{""buy_ask"":0.3375,""buy_venue"":""Gate"",""extra_buffer_bps"":10.0,""note"":""Discovery snapshot only; assumes capital pre-positioned on both venues. Rebalancing, withdrawal, latency and deeper-book impact are not yet validated."",""sell_bid"":0.3375,""sell_venue"":""Bitget"",""source"":""wide_cex_hunter"",""taker_fee_bps_per_leg"":10.0,""total_friction_bps"":30.0}"
2026-09-08T07:24:17+00:00,cex_cross_spot,SUI:buy Bitget / sell Gate,SUI,buy Bitget / sell Gate,Bitget<->Gate,-6.140243,-36.140243,NO,37.51,"{""buy_ask"":0.8143,""buy_venue"":""Bitget"",""extra_buffer_bps"":10.0,""note"":""Discovery snapshot only; assumes capital pre-positioned on both venues. Rebalancing, withdrawal, latency and deeper-book impact are not yet validated."",""sell_bid"":0.8138,""sell_venue"":""Gate"",""source"":""wide_cex_hunter"",""taker_fee_bps_per_leg"":10.0,""total_friction_bps"":30.0}"
2026-09-08T07:24:17+00:00,cex_cross_spot,SUI:buy Gate / sell Bitget,SUI,buy Gate / sell Bitget,Bitget<->Gate,2.457304,-27.542696,NO,146.36,"{""buy_ask"":0.8139,""buy_venue"":""Gate"",""extra_buffer_bps"":10.0,""note"":""Discovery snapshot only; assumes capital pre-positioned on both venues. Rebalancing, withdrawal, latency and deeper-book impact are not yet validated."",""sell_bid"":0.8141,""sell_venue"":""Bitget"",""source"":""wide_cex_hunter"",""taker_fee_bps_per_leg"":10.0,""total_friction_bps"":30.0}"
2026-09-08T07:24:17+00:00,cex_cross_spot,APT:buy Bitget / sell Gate,APT,buy Bitget / sell Gate,Bitget<->Gate,-3.167063,-33.167063,NO,68.83,"{""buy_ask"":0.6315,""buy_venue"":""Bitget"",""extra_buffer_bps"":10.0,""note"":""Discovery snapshot only; assumes capital pre-positioned on both venues. Rebalancing, withdrawal, latency and deeper-book impact are not yet validated."",""sell_bid"":0.6313,""sell_venue"":""Gate"",""source"":""wide_cex_hunter"",""taker_fee_bps_per_leg"":10.0,""total_friction_bps"":30.0}"
2026-09-08T07:24:17+00:00,cex_cross_spot,APT:buy Gate / sell Bitget,APT,buy Gate / sell Bitget,Bitget<->Gate,-4.749090,-34.749090,NO,30.21,"{""buy_ask"":0.6317,""buy_venue"":""Gate"",""extra_buffer_bps"":10.0,""note"":""Discovery snapshot only; assumes capital pre-positioned on both venues. Rebalancing, withdrawal, latency and deeper-book impact are not yet validated."",""sell_bid"":0.6314,""sell_venue"":""Bitget"",""source"":""wide_cex_hunter"",""taker_fee_bps_per_leg"":10.0,""total_friction_bps"":30.0}"
2026-09-08T07:24:17+00:00,cex_cross_spot,NEAR:buy Bitget / sell Gate,NEAR,buy Bitget / sell Gate,Bitget<->Gate,-4.366812,-34.366812,NO,151.46,"{""buy_ask"":2.29,""buy_venue"":""Bitget"",""extra_buffer_bps"":10.0,""note"":""Discovery snapshot only; assumes capital pre-positioned on both venues. Rebalancing, withdrawal, latency and deeper-book impact are not yet validated."",""sell_bid"":2.289,""sell_venue"":""Gate"",""source"":""wide_cex_hunter"",""taker_fee_bps_per_leg"":10.0,""total_friction_bps"":30.0}"
2026-09-08T07:24:17+00:00,cex_cross_spot,NEAR:buy Gate / sell Bitget,NEAR,buy Gate / sell Bitget,Bitget<->Gate,-8.733624,-38.733624,NO,213.45,"{""buy_ask"":2.29,""buy_venue"":""Gate"",""extra_buffer_bps"":10.0,""note"":""Discovery snapshot only; assumes capital pre-positioned on both venues. Rebalancing, withdrawal, latency and deeper-book impact are not yet validated."",""sell_bid"":2.288,""sell_venue"":""Bitget"",""source"":""wide_cex_hunter"",""taker_fee_bps_per_leg"":10.0,""total_friction_bps"":30.0}"
2026-09-08T08:01:17+00:00,cex_cross_spot,BTC:buy Bitget / sell Gate,BTC,buy Bitget / sell Gate,Bitget<->Gate,0.269228,-29.730772,NO,4509.81,"{""buy_ask"":78372.19,""buy_venue"":""Bitget"",""extra_buffer_bps"":10.0,""note"":""Discovery snapshot only; assumes capital pre-positioned on both venues. Rebalancing, withdrawal, latency and deeper-book impact are not yet validated."",""sell_bid"":78374.3,""sell_venue"":""Gate"",""source"":""wide_cex_hunter"",""taker_fee_bps_per_leg"":10.0,""total_friction_bps"":30.0}"
2026-09-08T08:01:17+00:00,cex_cross_spot,BTC:buy Gate / sell Bitget,BTC,buy Gate / sell Bitget,Bitget<->Gate,-0.283256,-30.283256,NO,25561.09,"{""buy_ask"":78374.4,""buy_venue"":""Gate"",""extra_buffer_bps"":10.0,""note"":""Discovery snapshot only; assumes capital pre-positioned on both venues. Rebalancing, withdrawal, latency and deeper-book impact are not yet validated."",""sell_bid"":78372.18,""sell_venue"":""Bitget"",""source"":""wide_cex_hunter"",""taker_fee_bps_per_leg"":10.0,""total_friction_bps"":30.0}"
2026-09-08T08:01:17+00:00,cex_cross_spot,ETH:buy Bitget / sell Gate,ETH,buy Bitget / sell Gate,Bitget<->Gate,0.484709,-29.515291,NO,18.32,"{""buy_ask"":2475.71,""buy_venue"":""Bitget"",""extra_buffer_bps"":10.0,""note"":""Discovery snapshot only; assumes capital pre-positioned on both venues. Rebalancing, withdrawal, latency and deeper-book impact are not yet validated."",""sell_bid"":2475.83,""sell_venue"":""Gate"",""source"":""wide_cex_hunter"",""taker_fee_bps_per_leg"":10.0,""total_friction_bps"":30.0}"
2026-09-08T08:01:17+00:00,cex_cross_spot,ETH:buy Gate / sell Bitget,ETH,buy Gate / sell Bitget,Bitget<->Gate,-0.565465,-30.565465,NO,5285.18,"{""buy_ask"":2475.84,""buy_venue"":""Gate"",""extra_buffer_bps"":10.0,""note"":""Discovery snapshot only; assumes capital pre-positioned on both venues. Rebalancing, withdrawal, latency and deeper-book impact are not yet validated."",""sell_bid"":2475.7,""sell_venue"":""Bitget"",""source"":""wide_cex_hunter"",""taker_fee_bps_per_leg"":10.0,""total_friction_bps"":30.0}"
2026-09-08T08:01:17+00:00,cex_cross_spot,SOL:buy Bitget / sell Gate,SOL,buy Bitget / sell Gate,Bitget<->Gate,0.000000,-30.000000,NO,2076.25,"{""buy_ask"":102.8,""buy_venue"":""Bitget"",""extra_buffer_bps"":10.0,""note"":""Discovery snapshot only; assumes capital pre-positioned on both venues. Rebalancing, withdrawal, latency and deeper-book impact are not yet validated."",""sell_bid"":102.8,""sell_venue"":""Gate"",""source"":""wide_cex_hunter"",""taker_fee_bps_per_leg"":10.0,""total_friction_bps"":30.0}"
2026-09-08T08:01:17+00:00,cex_cross_spot,SOL:buy Gate / sell Bitget,SOL,buy Gate / sell Bitget,Bitget<->Gate,-1.945336,-31.945336,NO,1274.99,"{""buy_ask"":102.81,""buy_venue"":""Gate"",""extra_buffer_bps"":10.0,""note"":""Discovery snapshot only; assumes capital pre-positioned on both venues. Rebalancing, withdrawal, latency and deeper-book impact are not yet validated."",""sell_bid"":102.79,""sell_venue"":""Bitget"",""source"":""wide_cex_hunter"",""taker_fee_bps_per_leg"":10.0,""total_friction_bps"":30.0}"
2026-09-08T08:01:17+00:00,cex_cross_spot,XRP:buy Bitget / sell Gate,XRP,buy Bitget / sell Gate,Bitget<->Gate,0.000000,-30.000000,NO,62.13,"{""buy_ask"":1.3868,""buy_venue"":""Bitget"",""extra_buffer_bps"":10.0,""note"":""Discovery snapshot only; assumes capital pre-positioned on both venues. Rebalancing, withdrawal, latency and deeper-book impact are not yet validated."",""sell_bid"":1.3868,""sell_venue"":""Gate"",""source"":""wide_cex_hunter"",""taker_fee_bps_per_leg"":10.0,""total_friction_bps"":30.0}"
2026-09-08T08:01:17+00:00,cex_cross_spot,XRP:buy Gate / sell Bitget,XRP,buy Gate / sell Bitget,Bitget<->Gate,-1.442065,-31.442065,NO,416.07,"{""buy_ask"":1.3869,""buy_venue"":""Gate"",""extra_buffer_bps"":10.0,""note"":""Discovery snapshot only; assumes capital pre-positioned on both venues. Rebalancing, withdrawal, latency and deeper-book impact are not yet validated."",""sell_bid"":1.3867,""sell_venue"":""Bitget"",""source"":""wide_cex_hunter"",""taker_fee_bps_per_leg"":10.0,""total_friction_bps"":30.0}"
2026-09-08T08:01:17+00:00,cex_cross_spot,DOGE:buy Bitget / sell Gate,DOGE,buy Bitget / sell Gate,Bitget<->Gate,-1.121202,-31.121202,NO,68.42,"{""buy_ask"":0.08919,""buy_venue"":""Bitget"",""extra_buffer_bps"":10.0,""note"":""Discovery snapshot only; assumes capital pre-positioned on both venues. Rebalancing, withdrawal, latency and deeper-book impact are not yet validated."",""sell_bid"":0.08918,""sell_venue"":""Gate"",""source"":""wide_cex_hunter"",""taker_fee_bps_per_leg"":10.0,""total_friction_bps"":30.0}"
2026-09-08T08:01:17+00:00,cex_cross_spot,DOGE:buy Gate / sell Bitget,DOGE,buy Gate / sell Bitget,Bitget<->Gate,-1.121202,-31.121202,NO,268.58,"{""buy_ask"":0.08919,""buy_venue"":""Gate"",""extra_buffer_bps"":10.0,""note"":""Discovery snapshot only; assumes capital pre-positioned on both venues. Rebalancing, withdrawal, latency and deeper-book impact are not yet validated."",""sell_bid"":0.08918,""sell_venue"":""Bitget"",""source"":""wide_cex_hunter"",""taker_fee_bps_per_leg"":10.0,""total_friction_bps"":30.0}"
2026-09-08T08:01:17+00:00,cex_cross_spot,ADA:buy Bitget / sell Gate,ADA,buy Bitget / sell Gate,Bitget<->Gate,-4.153207,-34.153207,NO,40.54,"{""buy_ask"":0.2167,""buy_venue"":""Bitget"",""extra_buffer_bps"":10.0,""note"":""Discovery snapshot only; assumes capital pre-positioned on both venues. Rebalancing, withdrawal, latency and deeper-book impact are not yet validated."",""sell_bid"":0.21661,""sell_venue"":""Gate"",""source"":""wide_cex_hunter"",""taker_fee_bps_per_leg"":10.0,""total_friction_bps"":30.0}"
2026-09-08T08:01:17+00:00,cex_cross_spot,ADA:buy Gate / sell Bitget,ADA,buy Gate / sell Bitget,Bitget<->Gate,-4.153399,-34.153399,NO,106.61,"{""buy_ask"":0.21669,""buy_venue"":""Gate"",""extra_buffer_bps"":10.0,""note"":""Discovery snapshot only; assumes capital pre-positioned on both venues. Rebalancing, withdrawal, latency and deeper-book impact are not yet validated."",""sell_bid"":0.2166,""sell_venue"":""Bitget"",""source"":""wide_cex_hunter"",""taker_fee_bps_per_leg"":10.0,""total_friction_bps"":30.0}"
2026-09-08T08:01:17+00:00,cex_cross_spot,LINK:buy Bitget / sell Gate,LINK,buy Bitget / sell Gate,Bitget<->Gate,-0.789391,-30.789391,NO,54.72,"{""buy_ask"":12.668,""buy_venue"":""Bitget"",""extra_buffer_bps"":10.0,""note"":""Discovery snapshot only; assumes capital pre-positioned on both venues. Rebalancing, withdrawal, latency and deeper-book impact are not yet validated."",""sell_bid"":12.667,""sell_venue"":""Gate"",""source"":""wide_cex_hunter"",""taker_fee_bps_per_leg"":10.0,""total_friction_bps"":30.0}"
2026-09-08T08:01:17+00:00,cex_cross_spot,LINK:buy Gate / sell Bitget,LINK,buy Gate / sell Bitget,Bitget<->Gate,-2.368172,-32.368172,NO,190.91,"{""buy_ask"":12.668,""buy_venue"":""Gate"",""extra_buffer_bps"":10.0,""note"":""Discovery snapshot only; assumes capital pre-positioned on both venues. Rebalancing, withdrawal, latency and deeper-book impact are not yet validated."",""sell_bid"":12.665,""sell_venue"":""Bitget"",""source"":""wide_cex_hunter"",""taker_fee_bps_per_leg"":10.0,""total_friction_bps"":30.0}"
2026-09-08T08:01:17+00:00,cex_cross_spot,LTC:buy Bitget / sell Gate,LTC,buy Bitget / sell Gate,Bitget<->Gate,-3.631082,-33.631082,NO,1241.27,"{""buy_ask"":55.08,""buy_venue"":""Bitget"",""extra_buffer_bps"":10.0,""note"":""Discovery snapshot only; assumes capital pre-positioned on both venues. Rebalancing, withdrawal, latency and deeper-book impact are not yet validated."",""sell_bid"":55.06,""sell_venue"":""Gate"",""source"":""wide_cex_hunter"",""taker_fee_bps_per_leg"":10.0,""total_friction_bps"":30.0}"
2026-09-08T08:01:17+00:00,cex_cross_spot,LTC:buy Gate / sell Bitget,LTC,buy Gate / sell Bitget,Bitget<->Gate,-3.631082,-33.631082,NO,206.77,"{""buy_ask"":55.08,""buy_venue"":""Gate"",""extra_buffer_bps"":10.0,""note"":""Discovery snapshot only; assumes capital pre-positioned on both venues. Rebalancing, withdrawal, latency and deeper-book impact are not yet validated."",""sell_bid"":55.06,""sell_venue"":""Bitget"",""source"":""wide_cex_hunter"",""taker_fee_bps_per_leg"":10.0,""total_friction_bps"":30.0}"
2026-09-08T08:01:17+00:00,cex_cross_spot,BCH:buy Bitget / sell Gate,BCH,buy Bitget / sell Gate,Bitget<->Gate,-5.458090,-35.458090,NO,76.40,"{""buy_ask"":256.5,""buy_venue"":""Bitget"",""extra_buffer_bps"":10.0,""note"":""Discovery snapshot only; assumes capital pre-positioned on both venues. Rebalancing, withdrawal, latency and deeper-book impact are not yet validated."",""sell_bid"":256.36,""sell_venue"":""Gate"",""source"":""wide_cex_hunter"",""taker_fee_bps_per_leg"":10.0,""total_friction_bps"":30.0}"
2026-09-08T08:01:17+00:00,cex_cross_spot,BCH:buy Gate / sell Bitget,BCH,buy Gate / sell Bitget,Bitget<->Gate,-5.457239,-35.457239,NO,198.56,"{""buy_ask"":256.54,""buy_venue"":""Gate"",""extra_buffer_bps"":10.0,""note"":""Discovery snapshot only; assumes capital pre-positioned on both venues. Rebalancing, withdrawal, latency and deeper-book impact are not yet validated."",""sell_bid"":256.4,""sell_venue"":""Bitget"",""source"":""wide_cex_hunter"",""taker_fee_bps_per_leg"":10.0,""total_friction_bps"":30.0}"
2026-09-08T08:01:17+00:00,cex_cross_spot,AVAX:buy Bitget / sell Gate,AVAX,buy Bitget / sell Gate,Bitget<->Gate,-3.727171,-33.727171,NO,594.55,"{""buy_ask"":8.049,""buy_venue"":""Bitget"",""extra_buffer_bps"":10.0,""note"":""Discovery snapshot only; assumes capital pre-positioned on both venues. Rebalancing, withdrawal, latency and deeper-book impact are not yet validated."",""sell_bid"":8.046,""sell_venue"":""Gate"",""source"":""wide_cex_hunter"",""taker_fee_bps_per_leg"":10.0,""total_friction_bps"":30.0}"
2026-09-08T08:01:17+00:00,cex_cross_spot,AVAX:buy Gate / sell Bitget,AVAX,buy Gate / sell Bitget,Bitget<->Gate,-2.484781,-32.484781,NO,164.88,"{""buy_ask"":8.049,""buy_venue"":""Gate"",""extra_buffer_bps"":10.0,""note"":""Discovery snapshot only; assumes capital pre-positioned on both venues. Rebalancing, withdrawal, latency and deeper-book impact are not yet validated."",""sell_bid"":8.047,""sell_venue"":""Bitget"",""source"":""wide_cex_hunter"",""taker_fee_bps_per_leg"":10.0,""total_friction_bps"":30.0}"
2026-09-08T08:01:17+00:00,cex_cross_spot,DOT:buy Bitget / sell Gate,DOT,buy Bitget / sell Gate,Bitget<->Gate,-16.981132,-46.981132,NO,4.97,"{""buy_ask"":1.06,""buy_venue"":""Bitget"",""extra_buffer_bps"":10.0,""note"":""Discovery snapshot only; assumes capital pre-positioned on both venues. Rebalancing, withdrawal, latency and deeper-book impact are not yet validated."",""sell_bid"":1.0582,""sell_venue"":""Gate"",""source"":""wide_cex_hunter"",""taker_fee_bps_per_leg"":10.0,""total_friction_bps"":30.0}"
2026-09-08T08:01:17+00:00,cex_cross_spot,DOT:buy Gate / sell Bitget,DOT,buy Gate / sell Bitget,Bitget<->Gate,1.888931,-28.111069,NO,4.98,"{""buy_ask"":1.0588,""buy_venue"":""Gate"",""extra_buffer_bps"":10.0,""note"":""Discovery snapshot only; assumes capital pre-positioned on both venues. Rebalancing, withdrawal, latency and deeper-book impact are not yet validated."",""sell_bid"":1.059,""sell_venue"":""Bitget"",""source"":""wide_cex_hunter"",""taker_fee_bps_per_leg"":10.0,""total_friction_bps"":30.0}"
2026-09-08T08:01:17+00:00,cex_cross_spot,TRX:buy Bitget / sell Gate,TRX,buy Bitget / sell Gate,Bitget<->Gate,-1.478634,-31.478634,NO,2504.33,"{""buy_ask"":0.33815,""buy_venue"":""Bitget"",""extra_buffer_bps"":10.0,""note"":""Discovery snapshot only; assumes capital pre-positioned on both venues. Rebalancing, withdrawal, latency and deeper-book impact are not yet validated."",""sell_bid"":0.3381,""sell_venue"":""Gate"",""source"":""wide_cex_hunter"",""taker_fee_bps_per_leg"":10.0,""total_friction_bps"":30.0}"
2026-09-08T08:01:17+00:00,cex_cross_spot,TRX:buy Gate / sell Bitget,TRX,buy Gate / sell Bitget,Bitget<->Gate,-2.661147,-32.661147,NO,147.02,"{""buy_ask"":0.3382,""buy_venue"":""Gate"",""extra_buffer_bps"":10.0,""note"":""Discovery snapshot only; assumes capital pre-positioned on both venues. Rebalancing, withdrawal, latency and deeper-book impact are not yet validated."",""sell_bid"":0.33811,""sell_venue"":""Bitget"",""source"":""wide_cex_hunter"",""taker_fee_bps_per_leg"":10.0,""total_friction_bps"":30.0}"
2026-09-08T08:01:17+00:00,cex_cross_spot,SUI:buy Bitget / sell Gate,SUI,buy Bitget / sell Gate,Bitget<->Gate,-3.668827,-33.668827,NO,103.45,"{""buy_ask"":0.8177,""buy_venue"":""Bitget"",""extra_buffer_bps"":10.0,""note"":""Discovery snapshot only; assumes capital pre-positioned on both venues. Rebalancing, withdrawal, latency and deeper-book impact are not yet validated."",""sell_bid"":0.8174,""sell_venue"":""Gate"",""source"":""wide_cex_hunter"",""taker_fee_bps_per_leg"":10.0,""total_friction_bps"":30.0}"
2026-09-08T08:01:17+00:00,cex_cross_spot,SUI:buy Gate / sell Bitget,SUI,buy Gate / sell Bitget,Bitget<->Gate,-2.445586,-32.445586,NO,119.53,"{""buy_ask"":0.8178,""buy_venue"":""Gate"",""extra_buffer_bps"":10.0,""note"":""Discovery snapshot only; assumes capital pre-positioned on both venues. Rebalancing, withdrawal, latency and deeper-book impact are not yet validated."",""sell_bid"":0.8176,""sell_venue"":""Bitget"",""source"":""wide_cex_hunter"",""taker_fee_bps_per_leg"":10.0,""total_friction_bps"":30.0}"
2026-09-08T08:01:17+00:00,cex_cross_spot,APT:buy Bitget / sell Gate,APT,buy Bitget / sell Gate,Bitget<->Gate,-3.161056,-33.161056,NO,3.72,"{""buy_ask"":0.6327,""buy_venue"":""Bitget"",""extra_buffer_bps"":10.0,""note"":""Discovery snapshot only; assumes capital pre-positioned on both venues. Rebalancing, withdrawal, latency and deeper-book impact are not yet validated."",""sell_bid"":0.6325,""sell_venue"":""Gate"",""source"":""wide_cex_hunter"",""taker_fee_bps_per_leg"":10.0,""total_friction_bps"":30.0}"
2026-09-08T08:01:17+00:00,cex_cross_spot,APT:buy Gate / sell Bitget,APT,buy Gate / sell Bitget,Bitget<->Gate,-6.319115,-36.319115,NO,70.28,"{""buy_ask"":0.633,""buy_venue"":""Gate"",""extra_buffer_bps"":10.0,""note"":""Discovery snapshot only; assumes capital pre-positioned on both venues. Rebalancing, withdrawal, latency and deeper-book impact are not yet validated."",""sell_bid"":0.6326,""sell_venue"":""Bitget"",""source"":""wide_cex_hunter"",""taker_fee_bps_per_leg"":10.0,""total_friction_bps"":30.0}"
2026-09-08T08:01:17+00:00,cex_cross_spot,NEAR:buy Bitget / sell Gate,NEAR,buy Bitget / sell Gate,Bitget<->Gate,-4.329004,-34.329004,NO,178.49,"{""buy_ask"":2.31,""buy_venue"":""Bitget"",""extra_buffer_bps"":10.0,""note"":""Discovery snapshot only; assumes capital pre-positioned on both venues. Rebalancing, withdrawal, latency and deeper-book impact are not yet validated."",""sell_bid"":2.309,""sell_venue"":""Gate"",""source"":""wide_cex_hunter"",""taker_fee_bps_per_leg"":10.0,""total_friction_bps"":30.0}"
2026-09-08T08:01:17+00:00,cex_cross_spot,NEAR:buy Gate / sell Bitget,NEAR,buy Gate / sell Bitget,Bitget<->Gate,-8.658009,-38.658009,NO,146.18,"{""buy_ask"":2.31,""buy_venue"":""Gate"",""extra_buffer_bps"":10.0,""note"":""Discovery snapshot only; assumes capital pre-positioned on both venues. Rebalancing, withdrawal, latency and deeper-book impact are not yet validated."",""sell_bid"":2.308,""sell_venue"":""Bitget"",""source"":""wide_cex_hunter"",""taker_fee_bps_per_leg"":10.0,""total_friction_bps"":30.0}"
2026-09-08T09:37:23+00:00,cex_cross_spot,BTC:buy Bitget / sell Gate,BTC,buy Bitget / sell Gate,Bitget<->Gate,-0.713196,-30.713196,NO,5571.72,"{""buy_ask"":78660.01,""buy_venue"":""Bitget"",""extra_buffer_bps"":10.0,""note"":""Discovery snapshot only; assumes capital pre-positioned on both venues. Rebalancing, withdrawal, latency and deeper-book impact are not yet validated."",""sell_bid"":78654.4,""sell_venue"":""Gate"",""source"":""wide_cex_hunter"",""taker_fee_bps_per_leg"":10.0,""total_friction_bps"":30.0}"
2026-09-08T09:37:23+00:00,cex_cross_spot,BTC:buy Gate / sell Bitget,BTC,buy Gate / sell Bitget,Bitget<->Gate,0.699261,-29.300739,NO,6905.08,"{""buy_ask"":78654.5,""buy_venue"":""Gate"",""extra_buffer_bps"":10.0,""note"":""Discovery snapshot only; assumes capital pre-positioned on both venues. Rebalancing, withdrawal, latency and deeper-book impact are not yet validated."",""sell_bid"":78660.0,""sell_venue"":""Bitget"",""source"":""wide_cex_hunter"",""taker_fee_bps_per_leg"":10.0,""total_friction_bps"":30.0}"
2026-09-08T09:37:23+00:00,cex_cross_spot,ETH:buy Bitget / sell Gate,ETH,buy Bitget / sell Gate,Bitget<->Gate,0.360967,-29.639033,NO,8627.88,"{""buy_ask"":2493.3,""buy_venue"":""Bitget"",""extra_buffer_bps"":10.0,""note"":""Discovery snapshot only; assumes capital pre-positioned on both venues. Rebalancing, withdrawal, latency and deeper-book impact are not yet validated."",""sell_bid"":2493.39,""sell_venue"":""Gate"",""source"":""wide_cex_hunter"",""taker_fee_bps_per_leg"":10.0,""total_friction_bps"":30.0}"
2026-09-08T09:37:23+00:00,cex_cross_spot,ETH:buy Gate / sell Bitget,ETH,buy Gate / sell Bitget,Bitget<->Gate,-0.441165,-30.441165,NO,3511.95,"{""buy_ask"":2493.4,""buy_venue"":""Gate"",""extra_buffer_bps"":10.0,""note"":""Discovery snapshot only; assumes capital pre-positioned on both venues. Rebalancing, withdrawal, latency and deeper-book impact are not yet validated."",""sell_bid"":2493.29,""sell_venue"":""Bitget"",""source"":""wide_cex_hunter"",""taker_fee_bps_per_leg"":10.0,""total_friction_bps"":30.0}"
2026-09-08T09:37:23+00:00,cex_cross_spot,SOL:buy Bitget / sell Gate,SOL,buy Bitget / sell Gate,Bitget<->Gate,-2.895194,-32.895194,NO,1394.84,"{""buy_ask"":103.62,""buy_venue"":""Bitget"",""extra_buffer_bps"":10.0,""note"":""Discovery snapshot only; assumes capital pre-positioned on both venues. Rebalancing, withdrawal, latency and deeper-book impact are not yet validated."",""sell_bid"":103.59,""sell_venue"":""Gate"",""source"":""wide_cex_hunter"",""taker_fee_bps_per_leg"":10.0,""total_friction_bps"":30.0}"
2026-09-08T09:37:23+00:00,cex_cross_spot,SOL:buy Gate / sell Bitget,SOL,buy Gate / sell Bitget,Bitget<->Gate,0.965251,-29.034749,NO,5156.36,"{""buy_ask"":103.6,""buy_venue"":""Gate"",""extra_buffer_bps"":10.0,""note"":""Discovery snapshot only; assumes capital pre-positioned on both venues. Rebalancing, withdrawal, latency and deeper-book impact are not yet validated."",""sell_bid"":103.61,""sell_venue"":""Bitget"",""source"":""wide_cex_hunter"",""taker_fee_bps_per_leg"":10.0,""total_friction_bps"":30.0}"
2026-09-08T09:37:23+00:00,cex_cross_spot,XRP:buy Bitget / sell Gate,XRP,buy Bitget / sell Gate,Bitget<->Gate,-1.429286,-31.429286,NO,108.57,"{""buy_ask"":1.3993,""buy_venue"":""Bitget"",""extra_buffer_bps"":10.0,""note"":""Discovery snapshot only; assumes capital pre-positioned on both venues. Rebalancing, withdrawal, latency and deeper-book impact are not yet validated."",""sell_bid"":1.3991,""sell_venue"":""Gate"",""source"":""wide_cex_hunter"",""taker_fee_bps_per_leg"":10.0,""total_friction_bps"":30.0}"
2026-09-08T09:37:23+00:00,cex_cross_spot,XRP:buy Gate / sell Bitget,XRP,buy Gate / sell Bitget,Bitget<->Gate,0.000000,-30.000000,NO,435.43,"{""buy_ask"":1.3992,""buy_venue"":""Gate"",""extra_buffer_bps"":10.0,""note"":""Discovery snapshot only; assumes capital pre-positioned on both venues. Rebalancing, withdrawal, latency and deeper-book impact are not yet validated."",""sell_bid"":1.3992,""sell_venue"":""Bitget"",""source"":""wide_cex_hunter"",""taker_fee_bps_per_leg"":10.0,""total_friction_bps"":30.0}"
2026-09-08T09:37:23+00:00,cex_cross_spot,DOGE:buy Bitget / sell Gate,DOGE,buy Bitget / sell Gate,Bitget<->Gate,-2.222963,-32.222963,NO,147.38,"{""buy_ask"":0.08997,""buy_venue"":""Bitget"",""extra_buffer_bps"":10.0,""note"":""Discovery snapshot only; assumes capital pre-positioned on both venues. Rebalancing, withdrawal, latency and deeper-book impact are not yet validated."",""sell_bid"":0.08995,""sell_venue"":""Gate"",""source"":""wide_cex_hunter"",""taker_fee_bps_per_leg"":10.0,""total_friction_bps"":30.0}"
2026-09-08T09:37:23+00:00,cex_cross_spot,DOGE:buy Gate / sell Bitget,DOGE,buy Gate / sell Bitget,Bitget<->Gate,0.000000,-30.000000,NO,38.84,"{""buy_ask"":0.08996,""buy_venue"":""Gate"",""extra_buffer_bps"":10.0,""note"":""Discovery snapshot only; assumes capital pre-positioned on both venues. Rebalancing, withdrawal, latency and deeper-book impact are not yet validated."",""sell_bid"":0.08996,""sell_venue"":""Bitget"",""source"":""wide_cex_hunter"",""taker_fee_bps_per_leg"":10.0,""total_friction_bps"":30.0}"
2026-09-08T09:37:23+00:00,cex_cross_spot,ADA:buy Bitget / sell Gate,ADA,buy Bitget / sell Gate,Bitget<->Gate,-3.641329,-33.641329,NO,49.41,"{""buy_ask"":0.2197,""buy_venue"":""Bitget"",""extra_buffer_bps"":10.0,""note"":""Discovery snapshot only; assumes capital pre-positioned on both venues. Rebalancing, withdrawal, latency and deeper-book impact are not yet validated."",""sell_bid"":0.21962,""sell_venue"":""Gate"",""source"":""wide_cex_hunter"",""taker_fee_bps_per_leg"":10.0,""total_friction_bps"":30.0}"
2026-09-08T09:37:23+00:00,cex_cross_spot,ADA:buy Gate / sell Bitget,ADA,buy Gate / sell Bitget,Bitget<->Gate,-3.641661,-33.641661,NO,5.49,"{""buy_ask"":0.21968,""buy_venue"":""Gate"",""extra_buffer_bps"":10.0,""note"":""Discovery snapshot only; assumes capital pre-positioned on both venues. Rebalancing, withdrawal, latency and deeper-book impact are not yet validated."",""sell_bid"":0.2196,""sell_venue"":""Bitget"",""source"":""wide_cex_hunter"",""taker_fee_bps_per_leg"":10.0,""total_friction_bps"":30.0}"
2026-09-08T09:37:23+00:00,cex_cross_spot,LINK:buy Bitget / sell Gate,LINK,buy Bitget / sell Gate,Bitget<->Gate,-2.355528,-32.355528,NO,206.85,"{""buy_ask"":12.736,""buy_venue"":""Bitget"",""extra_buffer_bps"":10.0,""note"":""Discovery snapshot only; assumes capital pre-positioned on both venues. Rebalancing, withdrawal, latency and deeper-book impact are not yet validated."",""sell_bid"":12.733,""sell_venue"":""Gate"",""source"":""wide_cex_hunter"",""taker_fee_bps_per_leg"":10.0,""total_friction_bps"":30.0}"
2026-09-08T09:37:23+00:00,cex_cross_spot,LINK:buy Gate / sell Bitget,LINK,buy Gate / sell Bitget,Bitget<->Gate,-3.140704,-33.140704,NO,123.54,"{""buy_ask"":12.736,""buy_venue"":""Gate"",""extra_buffer_bps"":10.0,""note"":""Discovery snapshot only; assumes capital pre-positioned on both venues. Rebalancing, withdrawal, latency and deeper-book impact are not yet validated."",""sell_bid"":12.732,""sell_venue"":""Bitget"",""source"":""wide_cex_hunter"",""taker_fee_bps_per_leg"":10.0,""total_friction_bps"":30.0}"
2026-09-08T09:37:23+00:00,cex_cross_spot,LTC:buy Bitget / sell Gate,LTC,buy Bitget / sell Gate,Bitget<->Gate,-1.795655,-31.795655,NO,206.63,"{""buy_ask"":55.69,""buy_venue"":""Bitget"",""extra_buffer_bps"":10.0,""note"":""Discovery snapshot only; assumes capital pre-positioned on both venues. Rebalancing, withdrawal, latency and deeper-book impact are not yet validated."",""sell_bid"":55.68,""sell_venue"":""Gate"",""source"":""wide_cex_hunter"",""taker_fee_bps_per_leg"":10.0,""total_friction_bps"":30.0}"
2026-09-08T09:37:23+00:00,cex_cross_spot,LTC:buy Gate / sell Bitget,LTC,buy Gate / sell Bitget,Bitget<->Gate,-5.385996,-35.385996,NO,204.64,"{""buy_ask"":55.7,""buy_venue"":""Gate"",""extra_buffer_bps"":10.0,""note"":""Discovery snapshot only; assumes capital pre-positioned on both venues. Rebalancing, withdrawal, latency and deeper-book impact are not yet validated."",""sell_bid"":55.67,""sell_venue"":""Bitget"",""source"":""wide_cex_hunter"",""taker_fee_bps_per_leg"":10.0,""total_friction_bps"":30.0}"
2026-09-08T09:37:23+00:00,cex_cross_spot,BCH:buy Bitget / sell Gate,BCH,buy Bitget / sell Gate,Bitget<->Gate,-3.497862,-33.497862,NO,250.01,"{""buy_ask"":257.3,""buy_venue"":""Bitget"",""extra_buffer_bps"":10.0,""note"":""Discovery snapshot only; assumes capital pre-positioned on both venues. Rebalancing, withdrawal, latency and deeper-book impact are not yet validated."",""sell_bid"":257.21,""sell_venue"":""Gate"",""source"":""wide_cex_hunter"",""taker_fee_bps_per_leg"":10.0,""total_friction_bps"":30.0}"
2026-09-08T09:37:23+00:00,cex_cross_spot,BCH:buy Gate / sell Bitget,BCH,buy Gate / sell Bitget,Bitget<->Gate,-6.216972,-36.216972,NO,109.12,"{""buy_ask"":257.36,""buy_venue"":""Gate"",""extra_buffer_bps"":10.0,""note"":""Discovery snapshot only; assumes capital pre-positioned on both venues. Rebalancing, withdrawal, latency and deeper-book impact are not yet validated."",""sell_bid"":257.2,""sell_venue"":""Bitget"",""source"":""wide_cex_hunter"",""taker_fee_bps_per_leg"":10.0,""total_friction_bps"":30.0}"
2026-09-08T09:37:23+00:00,cex_cross_spot,AVAX:buy Bitget / sell Gate,AVAX,buy Bitget / sell Gate,Bitget<->Gate,-2.475248,-32.475248,NO,307.60,"{""buy_ask"":8.08,""buy_venue"":""Bitget"",""extra_buffer_bps"":10.0,""note"":""Discovery snapshot only; assumes capital pre-positioned on both venues. Rebalancing, withdrawal, latency and deeper-book impact are not yet validated."",""sell_bid"":8.078,""sell_venue"":""Gate"",""source"":""wide_cex_hunter"",""taker_fee_bps_per_leg"":10.0,""total_friction_bps"":30.0}"
2026-09-08T09:37:23+00:00,cex_cross_spot,AVAX:buy Gate / sell Bitget,AVAX,buy Gate / sell Bitget,Bitget<->Gate,-2.474941,-32.474941,NO,121.26,"{""buy_ask"":8.081,""buy_venue"":""Gate"",""extra_buffer_bps"":10.0,""note"":""Discovery snapshot only; assumes capital pre-positioned on both venues. Rebalancing, withdrawal, latency and deeper-book impact are not yet validated."",""sell_bid"":8.079,""sell_venue"":""Bitget"",""source"":""wide_cex_hunter"",""taker_fee_bps_per_leg"":10.0,""total_friction_bps"":30.0}"
2026-09-08T09:37:23+00:00,cex_cross_spot,DOT:buy Bitget / sell Gate,DOT,buy Bitget / sell Gate,Bitget<->Gate,-2.788104,-32.788104,NO,752.99,"{""buy_ask"":1.076,""buy_venue"":""Bitget"",""extra_buffer_bps"":10.0,""note"":""Discovery snapshot only; assumes capital pre-positioned on both venues. Rebalancing, withdrawal, latency and deeper-book impact are not yet validated."",""sell_bid"":1.0757,""sell_venue"":""Gate"",""source"":""wide_cex_hunter"",""taker_fee_bps_per_leg"":10.0,""total_friction_bps"":30.0}"
2026-09-08T09:37:23+00:00,cex_cross_spot,DOT:buy Gate / sell Bitget,DOT,buy Gate / sell Bitget,Bitget<->Gate,-11.150344,-41.150344,NO,4.95,"{""buy_ask"":1.0762,""buy_venue"":""Gate"",""extra_buffer_bps"":10.0,""note"":""Discovery snapshot only; assumes capital pre-positioned on both venues. Rebalancing, withdrawal, latency and deeper-book impact are not yet validated."",""sell_bid"":1.075,""sell_venue"":""Bitget"",""source"":""wide_cex_hunter"",""taker_fee_bps_per_leg"":10.0,""total_friction_bps"":30.0}"
2026-09-08T09:37:23+00:00,cex_cross_spot,TRX:buy Bitget / sell Gate,TRX,buy Bitget / sell Gate,Bitget<->Gate,-2.068130,-32.068130,NO,824.37,"{""buy_ask"":0.33847,""buy_venue"":""Bitget"",""extra_buffer_bps"":10.0,""note"":""Discovery snapshot only; assumes capital pre-positioned on both venues. Rebalancing, withdrawal, latency and deeper-book impact are not yet validated."",""sell_bid"":0.3384,""sell_venue"":""Gate"",""source"":""wide_cex_hunter"",""taker_fee_bps_per_leg"":10.0,""total_friction_bps"":30.0}"
2026-09-08T09:37:23+00:00,cex_cross_spot,TRX:buy Gate / sell Bitget,TRX,buy Gate / sell Bitget,Bitget<->Gate,-1.181684,-31.181684,NO,304.61,"{""buy_ask"":0.3385,""buy_venue"":""Gate"",""extra_buffer_bps"":10.0,""note"":""Discovery snapshot only; assumes capital pre-positioned on both venues. Rebalancing, withdrawal, latency and deeper-book impact are not yet validated."",""sell_bid"":0.33846,""sell_venue"":""Bitget"",""source"":""wide_cex_hunter"",""taker_fee_bps_per_leg"":10.0,""total_friction_bps"":30.0}"
2026-09-08T09:37:23+00:00,cex_cross_spot,SUI:buy Bitget / sell Gate,SUI,buy Bitget / sell Gate,Bitget<->Gate,-2.418672,-32.418672,NO,89.79,"{""buy_ask"":0.8269,""buy_venue"":""Bitget"",""extra_buffer_bps"":10.0,""note"":""Discovery snapshot only; assumes capital pre-positioned on both venues. Rebalancing, withdrawal, latency and deeper-book impact are not yet validated."",""sell_bid"":0.8267,""sell_venue"":""Gate"",""source"":""wide_cex_hunter"",""taker_fee_bps_per_leg"":10.0,""total_friction_bps"":30.0}"
2026-09-08T09:37:23+00:00,cex_cross_spot,SUI:buy Gate / sell Bitget,SUI,buy Gate / sell Bitget,Bitget<->Gate,0.000000,-30.000000,NO,5.50,"{""buy_ask"":0.8268,""buy_venue"":""Gate"",""extra_buffer_bps"":10.0,""note"":""Discovery snapshot only; assumes capital pre-positioned on both venues. Rebalancing, withdrawal, latency and deeper-book impact are not yet validated."",""sell_bid"":0.8268,""sell_venue"":""Bitget"",""source"":""wide_cex_hunter"",""taker_fee_bps_per_leg"":10.0,""total_friction_bps"":30.0}"
2026-09-08T09:37:23+00:00,cex_cross_spot,APT:buy Bitget / sell Gate,APT,buy Bitget / sell Gate,Bitget<->Gate,-3.048780,-33.048780,NO,89.86,"{""buy_ask"":0.656,""buy_venue"":""Bitget"",""extra_buffer_bps"":10.0,""note"":""Discovery snapshot only; assumes capital pre-positioned on both venues. Rebalancing, withdrawal, latency and deeper-book impact are not yet validated."",""sell_bid"":0.6558,""sell_venue"":""Gate"",""source"":""wide_cex_hunter"",""taker_fee_bps_per_leg"":10.0,""total_friction_bps"":30.0}"
2026-09-08T09:37:23+00:00,cex_cross_spot,APT:buy Gate / sell Bitget,APT,buy Gate / sell Bitget,Bitget<->Gate,-13.711152,-43.711152,NO,312.47,"{""buy_ask"":0.6564,""buy_venue"":""Gate"",""extra_buffer_bps"":10.0,""note"":""Discovery snapshot only; assumes capital pre-positioned on both venues. Rebalancing, withdrawal, latency and deeper-book impact are not yet validated."",""sell_bid"":0.6555,""sell_venue"":""Bitget"",""source"":""wide_cex_hunter"",""taker_fee_bps_per_leg"":10.0,""total_friction_bps"":30.0}"
2026-09-08T09:37:23+00:00,cex_cross_spot,NEAR:buy Bitget / sell Gate,NEAR,buy Bitget / sell Gate,Bitget<->Gate,-4.297379,-34.297379,NO,1359.34,"{""buy_ask"":2.327,""buy_venue"":""Bitget"",""extra_buffer_bps"":10.0,""note"":""Discovery snapshot only; assumes capital pre-positioned on both venues. Rebalancing, withdrawal, latency and deeper-book impact are not yet validated."",""sell_bid"":2.326,""sell_venue"":""Gate"",""source"":""wide_cex_hunter"",""taker_fee_bps_per_leg"":10.0,""total_friction_bps"":30.0}"
2026-09-08T09:37:23+00:00,cex_cross_spot,NEAR:buy Gate / sell Bitget,NEAR,buy Gate / sell Bitget,Bitget<->Gate,-12.886598,-42.886598,NO,531.90,"{""buy_ask"":2.328,""buy_venue"":""Gate"",""extra_buffer_bps"":10.0,""note"":""Discovery snapshot only; assumes capital pre-positioned on both venues. Rebalancing, withdrawal, latency and deeper-book impact are not yet validated."",""sell_bid"":2.325,""sell_venue"":""Bitget"",""source"":""wide_cex_hunter"",""taker_fee_bps_per_leg"":10.0,""total_friction_bps"":30.0}"
2026-09-08T11:04:03+00:00,cex_cross_spot,BTC:buy Bitget / sell Gate,BTC,buy Bitget / sell Gate,Bitget<->Gate,0.407643,-29.592357,NO,23391.99,"{""buy_ask"":78500.0,""buy_venue"":""Bitget"",""extra_buffer_bps"":10.0,""note"":""Discovery snapshot only; assumes capital pre-positioned on both venues. Rebalancing, withdrawal, latency and deeper-book impact are not yet validated."",""sell_bid"":78503.2,""sell_venue"":""Gate"",""source"":""wide_cex_hunter"",""taker_fee_bps_per_leg"":10.0,""total_friction_bps"":30.0}"
2026-09-08T11:04:03+00:00,cex_cross_spot,BTC:buy Gate / sell Bitget,BTC,buy Gate / sell Bitget,Bitget<->Gate,-0.421638,-30.421638,NO,20900.72,"{""buy_ask"":78503.3,""buy_venue"":""Gate"",""extra_buffer_bps"":10.0,""note"":""Discovery snapshot only; assumes capital pre-positioned on both venues. Rebalancing, withdrawal, latency and deeper-book impact are not yet validated."",""sell_bid"":78499.99,""sell_venue"":""Bitget"",""source"":""wide_cex_hunter"",""taker_fee_bps_per_leg"":10.0,""total_friction_bps"":30.0}"
2026-09-08T11:04:03+00:00,cex_cross_spot,ETH:buy Bitget / sell Gate,ETH,buy Bitget / sell Gate,Bitget<->Gate,-0.644862,-30.644862,NO,7257.39,"{""buy_ask"":2481.15,""buy_venue"":""Bitget"",""extra_buffer_bps"":10.0,""note"":""Discovery snapshot only; assumes capital pre-positioned on both venues. Rebalancing, withdrawal, latency and deeper-book impact are not yet validated."",""sell_bid"":2480.99,""sell_venue"":""Gate"",""source"":""wide_cex_hunter"",""taker_fee_bps_per_leg"":10.0,""total_friction_bps"":30.0}"
2026-09-08T11:04:03+00:00,cex_cross_spot,ETH:buy Gate / sell Bitget,ETH,buy Gate / sell Bitget,Bitget<->Gate,0.564289,-29.435711,NO,8933.09,"{""buy_ask"":2481.0,""buy_venue"":""Gate"",""extra_buffer_bps"":10.0,""note"":""Discovery snapshot only; assumes capital pre-positioned on both venues. Rebalancing, withdrawal, latency and deeper-book impact are not yet validated."",""sell_bid"":2481.14,""sell_venue"":""Bitget"",""source"":""wide_cex_hunter"",""taker_fee_bps_per_leg"":10.0,""total_friction_bps"":30.0}"
2026-09-08T11:04:03+00:00,cex_cross_spot,SOL:buy Bitget / sell Gate,SOL,buy Bitget / sell Gate,Bitget<->Gate,0.000000,-30.000000,NO,5.48,"{""buy_ask"":103.34,""buy_venue"":""Bitget"",""extra_buffer_bps"":10.0,""note"":""Discovery snapshot only; assumes capital pre-positioned on both venues. Rebalancing, withdrawal, latency and deeper-book impact are not yet validated."",""sell_bid"":103.34,""sell_venue"":""Gate"",""source"":""wide_cex_hunter"",""taker_fee_bps_per_leg"":10.0,""total_friction_bps"":30.0}"
2026-09-08T11:04:03+00:00,cex_cross_spot,SOL:buy Gate / sell Bitget,SOL,buy Gate / sell Bitget,Bitget<->Gate,-1.935172,-31.935172,NO,1749.99,"{""buy_ask"":103.35,""buy_venue"":""Gate"",""extra_buffer_bps"":10.0,""note"":""Discovery snapshot only; assumes capital pre-positioned on both venues. Rebalancing, withdrawal, latency and deeper-book impact are not yet validated."",""sell_bid"":103.33,""sell_venue"":""Bitget"",""source"":""wide_cex_hunter"",""taker_fee_bps_per_leg"":10.0,""total_friction_bps"":30.0}"
2026-09-08T11:04:03+00:00,cex_cross_spot,XRP:buy Bitget / sell Gate,XRP,buy Bitget / sell Gate,Bitget<->Gate,-0.715308,-30.715308,NO,199.62,"{""buy_ask"":1.398,""buy_venue"":""Bitget"",""extra_buffer_bps"":10.0,""note"":""Discovery snapshot only; assumes capital pre-positioned on both venues. Rebalancing, withdrawal, latency and deeper-book impact are not yet validated."",""sell_bid"":1.3979,""sell_venue"":""Gate"",""source"":""wide_cex_hunter"",""taker_fee_bps_per_leg"":10.0,""total_friction_bps"":30.0}"
2026-09-08T11:04:03+00:00,cex_cross_spot,XRP:buy Gate / sell Bitget,XRP,buy Gate / sell Bitget,Bitget<->Gate,-1.430513,-31.430513,NO,1659.27,"{""buy_ask"":1.3981,""buy_venue"":""Gate"",""extra_buffer_bps"":10.0,""note"":""Discovery snapshot only; assumes capital pre-positioned on both venues. Rebalancing, withdrawal, latency and deeper-book impact are not yet validated."",""sell_bid"":1.3979,""sell_venue"":""Bitget"",""source"":""wide_cex_hunter"",""taker_fee_bps_per_leg"":10.0,""total_friction_bps"":30.0}"
2026-09-08T11:04:03+00:00,cex_cross_spot,DOGE:buy Bitget / sell Gate,DOGE,buy Bitget / sell Gate,Bitget<->Gate,-1.109878,-31.109878,NO,278.02,"{""buy_ask"":0.0901,""buy_venue"":""Bitget"",""extra_buffer_bps"":10.0,""note"":""Discovery snapshot only; assumes capital pre-positioned on both venues. Rebalancing, withdrawal, latency and deeper-book impact are not yet validated."",""sell_bid"":0.09009,""sell_venue"":""Gate"",""source"":""wide_cex_hunter"",""taker_fee_bps_per_leg"":10.0,""total_friction_bps"":30.0}"
2026-09-08T11:04:03+00:00,cex_cross_spot,DOGE:buy Gate / sell Bitget,DOGE,buy Gate / sell Bitget,Bitget<->Gate,-1.109878,-31.109878,NO,38.91,"{""buy_ask"":0.0901,""buy_venue"":""Gate"",""extra_buffer_bps"":10.0,""note"":""Discovery snapshot only; assumes capital pre-positioned on both venues. Rebalancing, withdrawal, latency and deeper-book impact are not yet validated."",""sell_bid"":0.09009,""sell_venue"":""Bitget"",""source"":""wide_cex_hunter"",""taker_fee_bps_per_leg"":10.0,""total_friction_bps"":30.0}"
2026-09-08T11:04:03+00:00,cex_cross_spot,ADA:buy Bitget / sell Gate,ADA,buy Bitget / sell Gate,Bitget<->Gate,-4.109589,-34.109589,NO,107.70,"{""buy_ask"":0.219,""buy_venue"":""Bitget"",""extra_buffer_bps"":10.0,""note"":""Discovery snapshot only; assumes capital pre-positioned on both venues. Rebalancing, withdrawal, latency and deeper-book impact are not yet validated."",""sell_bid"":0.21891,""sell_venue"":""Gate"",""source"":""wide_cex_hunter"",""taker_fee_bps_per_leg"":10.0,""total_friction_bps"":30.0}"
2026-09-08T11:04:03+00:00,cex_cross_spot,ADA:buy Gate / sell Bitget,ADA,buy Gate / sell Bitget,Bitget<->Gate,-1.826985,-31.826985,NO,43.35,"{""buy_ask"":0.21894,""buy_venue"":""Gate"",""extra_buffer_bps"":10.0,""note"":""Discovery snapshot only; assumes capital pre-positioned on both venues. Rebalancing, withdrawal, latency and deeper-book impact are not yet validated."",""sell_bid"":0.2189,""sell_venue"":""Bitget"",""source"":""wide_cex_hunter"",""taker_fee_bps_per_leg"":10.0,""total_friction_bps"":30.0}"
2026-09-08T11:04:03+00:00,cex_cross_spot,LINK:buy Bitget / sell Gate,LINK,buy Bitget / sell Gate,Bitget<->Gate,-3.167564,-33.167564,NO,126.28,"{""buy_ask"":12.628,""buy_venue"":""Bitget"",""extra_buffer_bps"":10.0,""note"":""Discovery snapshot only; assumes capital pre-positioned on both venues. Rebalancing, withdrawal, latency and deeper-book impact are not yet validated."",""sell_bid"":12.624,""sell_venue"":""Gate"",""source"":""wide_cex_hunter"",""taker_fee_bps_per_leg"":10.0,""total_friction_bps"":30.0}"
2026-09-08T11:04:03+00:00,cex_cross_spot,LINK:buy Gate / sell Bitget,LINK,buy Gate / sell Bitget,Bitget<->Gate,0.000000,-30.000000,NO,171.12,"{""buy_ask"":12.626,""buy_venue"":""Gate"",""extra_buffer_bps"":10.0,""note"":""Discovery snapshot only; assumes capital pre-positioned on both venues. Rebalancing, withdrawal, latency and deeper-book impact are not yet validated."",""sell_bid"":12.626,""sell_venue"":""Bitget"",""source"":""wide_cex_hunter"",""taker_fee_bps_per_leg"":10.0,""total_friction_bps"":30.0}"
2026-09-08T11:04:03+00:00,cex_cross_spot,LTC:buy Bitget / sell Gate,LTC,buy Bitget / sell Gate,Bitget<->Gate,-7.189073,-37.189073,NO,68.89,"{""buy_ask"":55.64,""buy_venue"":""Bitget"",""extra_buffer_bps"":10.0,""note"":""Discovery snapshot only; assumes capital pre-positioned on both venues. Rebalancing, withdrawal, latency and deeper-book impact are not yet validated."",""sell_bid"":55.6,""sell_venue"":""Gate"",""source"":""wide_cex_hunter"",""taker_fee_bps_per_leg"":10.0,""total_friction_bps"":30.0}"
2026-09-08T11:04:03+00:00,cex_cross_spot,LTC:buy Gate / sell Bitget,LTC,buy Gate / sell Bitget,Bitget<->Gate,1.798238,-28.201762,NO,45.69,"{""buy_ask"":55.61,""buy_venue"":""Gate"",""extra_buffer_bps"":10.0,""note"":""Discovery snapshot only; assumes capital pre-positioned on both venues. Rebalancing, withdrawal, latency and deeper-book impact are not yet validated."",""sell_bid"":55.62,""sell_venue"":""Bitget"",""source"":""wide_cex_hunter"",""taker_fee_bps_per_leg"":10.0,""total_friction_bps"":30.0}"
2026-09-08T11:04:03+00:00,cex_cross_spot,BCH:buy Bitget / sell Gate,BCH,buy Bitget / sell Gate,Bitget<->Gate,-1.947040,-31.947040,NO,92.27,"{""buy_ask"":256.8,""buy_venue"":""Bitget"",""extra_buffer_bps"":10.0,""note"":""Discovery snapshot only; assumes capital pre-positioned on both venues. Rebalancing, withdrawal, latency and deeper-book impact are not yet validated."",""sell_bid"":256.75,""sell_venue"":""Gate"",""source"":""wide_cex_hunter"",""taker_fee_bps_per_leg"":10.0,""total_friction_bps"":30.0}"
2026-09-08T11:04:03+00:00,cex_cross_spot,BCH:buy Gate / sell Bitget,BCH,buy Gate / sell Bitget,Bitget<->Gate,-10.118306,-40.118306,NO,130.54,"{""buy_ask"":256.96,""buy_venue"":""Gate"",""extra_buffer_bps"":10.0,""note"":""Discovery snapshot only; assumes capital pre-positioned on both venues. Rebalancing, withdrawal, latency and deeper-book impact are not yet validated."",""sell_bid"":256.7,""sell_venue"":""Bitget"",""source"":""wide_cex_hunter"",""taker_fee_bps_per_leg"":10.0,""total_friction_bps"":30.0}"
2026-09-08T11:04:03+00:00,cex_cross_spot,AVAX:buy Bitget / sell Gate,AVAX,buy Bitget / sell Gate,Bitget<->Gate,-2.479851,-32.479851,NO,132.31,"{""buy_ask"":8.065,""buy_venue"":""Bitget"",""extra_buffer_bps"":10.0,""note"":""Discovery snapshot only; assumes capital pre-positioned on both venues. Rebalancing, withdrawal, latency and deeper-book impact are not yet validated."",""sell_bid"":8.063,""sell_venue"":""Gate"",""source"":""wide_cex_hunter"",""taker_fee_bps_per_leg"":10.0,""total_friction_bps"":30.0}"
2026-09-08T11:04:03+00:00,cex_cross_spot,AVAX:buy Gate / sell Bitget,AVAX,buy Gate / sell Bitget,Bitget<->Gate,0.000000,-30.000000,NO,146.01,"{""buy_ask"":8.064,""buy_venue"":""Gate"",""extra_buffer_bps"":10.0,""note"":""Discovery snapshot only; assumes capital pre-positioned on both venues. Rebalancing, withdrawal, latency and deeper-book impact are not yet validated."",""sell_bid"":8.064,""sell_venue"":""Bitget"",""source"":""wide_cex_hunter"",""taker_fee_bps_per_leg"":10.0,""total_friction_bps"":30.0}"
2026-09-08T11:04:03+00:00,cex_cross_spot,DOT:buy Bitget / sell Gate,DOT,buy Bitget / sell Gate,Bitget<->Gate,-15.682657,-45.682657,NO,12.45,"{""buy_ask"":1.084,""buy_venue"":""Bitget"",""extra_buffer_bps"":10.0,""note"":""Discovery snapshot only; assumes capital pre-positioned on both venues. Rebalancing, withdrawal, latency and deeper-book impact are not yet validated."",""sell_bid"":1.0823,""sell_venue"":""Gate"",""source"":""wide_cex_hunter"",""taker_fee_bps_per_leg"":10.0,""total_friction_bps"":30.0}"
2026-09-08T11:04:03+00:00,cex_cross_spot,DOT:buy Gate / sell Bitget,DOT,buy Gate / sell Bitget,Bitget<->Gate,-7.388253,-37.388253,NO,4.98,"{""buy_ask"":1.0828,""buy_venue"":""Gate"",""extra_buffer_bps"":10.0,""note"":""Discovery snapshot only; assumes capital pre-positioned on both venues. Rebalancing, withdrawal, latency and deeper-book impact are not yet validated."",""sell_bid"":1.082,""sell_venue"":""Bitget"",""source"":""wide_cex_hunter"",""taker_fee_bps_per_leg"":10.0,""total_friction_bps"":30.0}"
2026-09-08T11:04:03+00:00,cex_cross_spot,TRX:buy Bitget / sell Gate,TRX,buy Bitget / sell Gate,Bitget<->Gate,-4.731488,-34.731488,NO,353.92,"{""buy_ask"":0.33816,""buy_venue"":""Bitget"",""extra_buffer_bps"":10.0,""note"":""Discovery snapshot only; assumes capital pre-positioned on both venues. Rebalancing, withdrawal, latency and deeper-book impact are not yet validated."",""sell_bid"":0.338,""sell_venue"":""Gate"",""source"":""wide_cex_hunter"",""taker_fee_bps_per_leg"":10.0,""total_friction_bps"":30.0}"
2026-09-08T11:04:03+00:00,cex_cross_spot,TRX:buy Gate / sell Bitget,TRX,buy Gate / sell Bitget,Bitget<->Gate,1.478852,-28.521148,NO,640.91,"{""buy_ask"":0.3381,""buy_venue"":""Gate"",""extra_buffer_bps"":10.0,""note"":""Discovery snapshot only; assumes capital pre-positioned on both venues. Rebalancing, withdrawal, latency and deeper-book impact are not yet validated."",""sell_bid"":0.33815,""sell_venue"":""Bitget"",""source"":""wide_cex_hunter"",""taker_fee_bps_per_leg"":10.0,""total_friction_bps"":30.0}"
2026-09-08T11:04:03+00:00,cex_cross_spot,SUI:buy Bitget / sell Gate,SUI,buy Bitget / sell Gate,Bitget<->Gate,0.000000,-30.000000,NO,51.35,"{""buy_ask"":0.8214,""buy_venue"":""Bitget"",""extra_buffer_bps"":10.0,""note"":""Discovery snapshot only; assumes capital pre-positioned on both venues. Rebalancing, withdrawal, latency and deeper-book impact are not yet validated."",""sell_bid"":0.8214,""sell_venue"":""Gate"",""source"":""wide_cex_hunter"",""taker_fee_bps_per_leg"":10.0,""total_friction_bps"":30.0}"
2026-09-08T11:04:03+00:00,cex_cross_spot,SUI:buy Gate / sell Bitget,SUI,buy Gate / sell Bitget,Bitget<->Gate,-2.434571,-32.434571,NO,97.18,"{""buy_ask"":0.8215,""buy_venue"":""Gate"",""extra_buffer_bps"":10.0,""note"":""Discovery snapshot only; assumes capital pre-positioned on both venues. Rebalancing, withdrawal, latency and deeper-book impact are not yet validated."",""sell_bid"":0.8213,""sell_venue"":""Bitget"",""source"":""wide_cex_hunter"",""taker_fee_bps_per_leg"":10.0,""total_friction_bps"":30.0}"
2026-09-08T11:04:03+00:00,cex_cross_spot,APT:buy Bitget / sell Gate,APT,buy Bitget / sell Gate,Bitget<->Gate,-10.656112,-40.656112,NO,488.19,"{""buy_ask"":0.6569,""buy_venue"":""Bitget"",""extra_buffer_bps"":10.0,""note"":""Discovery snapshot only; assumes capital pre-positioned on both venues. Rebalancing, withdrawal, latency and deeper-book impact are not yet validated."",""sell_bid"":0.6562,""sell_venue"":""Gate"",""source"":""wide_cex_hunter"",""taker_fee_bps_per_leg"":10.0,""total_friction_bps"":30.0}"
2026-09-08T11:04:03+00:00,cex_cross_spot,APT:buy Gate / sell Bitget,APT,buy Gate / sell Bitget,Bitget<->Gate,1.522765,-28.477235,NO,87.26,"{""buy_ask"":0.6567,""buy_venue"":""Gate"",""extra_buffer_bps"":10.0,""note"":""Discovery snapshot only; assumes capital pre-positioned on both venues. Rebalancing, withdrawal, latency and deeper-book impact are not yet validated."",""sell_bid"":0.6568,""sell_venue"":""Bitget"",""source"":""wide_cex_hunter"",""taker_fee_bps_per_leg"":10.0,""total_friction_bps"":30.0}"
2026-09-08T11:04:03+00:00,cex_cross_spot,NEAR:buy Bitget / sell Gate,NEAR,buy Bitget / sell Gate,Bitget<->Gate,-4.329004,-34.329004,NO,434.25,"{""buy_ask"":2.31,""buy_venue"":""Bitget"",""extra_buffer_bps"":10.0,""note"":""Discovery snapshot only; assumes capital pre-positioned on both venues. Rebalancing, withdrawal, latency and deeper-book impact are not yet validated."",""sell_bid"":2.309,""sell_venue"":""Gate"",""source"":""wide_cex_hunter"",""taker_fee_bps_per_leg"":10.0,""total_friction_bps"":30.0}"
2026-09-08T11:04:03+00:00,cex_cross_spot,NEAR:buy Gate / sell Bitget,NEAR,buy Gate / sell Bitget,Bitget<->Gate,-8.658009,-38.658009,NO,221.04,"{""buy_ask"":2.31,""buy_venue"":""Gate"",""extra_buffer_bps"":10.0,""note"":""Discovery snapshot only; assumes capital pre-positioned on both venues. Rebalancing, withdrawal, latency and deeper-book impact are not yet validated."",""sell_bid"":2.308,""sell_venue"":""Bitget"",""source"":""wide_cex_hunter"",""taker_fee_bps_per_leg"":10.0,""total_friction_bps"":30.0}"
2026-09-08T11:51:58+00:00,cex_cross_spot,BTC:buy Bitget / sell Gate,BTC,buy Bitget / sell Gate,Bitget<->Gate,-0.022952,-30.022952,NO,11154.62,"{""buy_ask"":78425.68,""buy_venue"":""Bitget"",""extra_buffer_bps"":10.0,""note"":""Discovery snapshot only; assumes capital pre-positioned on both venues. Rebalancing, withdrawal, latency and deeper-book impact are not yet validated."",""sell_bid"":78425.5,""sell_venue"":""Gate"",""source"":""wide_cex_hunter"",""taker_fee_bps_per_leg"":10.0,""total_friction_bps"":30.0}"
2026-09-08T11:51:58+00:00,cex_cross_spot,BTC:buy Gate / sell Bitget,BTC,buy Gate / sell Bitget,Bitget<->Gate,0.008926,-29.991074,NO,4559.98,"{""buy_ask"":78425.6,""buy_venue"":""Gate"",""extra_buffer_bps"":10.0,""note"":""Discovery snapshot only; assumes capital pre-positioned on both venues. Rebalancing, withdrawal, latency and deeper-book impact are not yet validated."",""sell_bid"":78425.67,""sell_venue"":""Bitget"",""source"":""wide_cex_hunter"",""taker_fee_bps_per_leg"":10.0,""total_friction_bps"":30.0}"
2026-09-08T11:51:58+00:00,cex_cross_spot,ETH:buy Bitget / sell Gate,ETH,buy Bitget / sell Gate,Bitget<->Gate,-0.282945,-30.282945,NO,895.56,"{""buy_ask"":2473.98,""buy_venue"":""Bitget"",""extra_buffer_bps"":10.0,""note"":""Discovery snapshot only; assumes capital pre-positioned on both venues. Rebalancing, withdrawal, latency and deeper-book impact are not yet validated."",""sell_bid"":2473.91,""sell_venue"":""Gate"",""source"":""wide_cex_hunter"",""taker_fee_bps_per_leg"":10.0,""total_friction_bps"":30.0}"
2026-09-08T11:51:58+00:00,cex_cross_spot,ETH:buy Gate / sell Bitget,ETH,buy Gate / sell Bitget,Bitget<->Gate,0.202108,-29.797892,NO,3135.94,"{""buy_ask"":2473.92,""buy_venue"":""Gate"",""extra_buffer_bps"":10.0,""note"":""Discovery snapshot only; assumes capital pre-positioned on both venues. Rebalancing, withdrawal, latency and deeper-book impact are not yet validated."",""sell_bid"":2473.97,""sell_venue"":""Bitget"",""source"":""wide_cex_hunter"",""taker_fee_bps_per_leg"":10.0,""total_friction_bps"":30.0}"
2026-09-08T11:51:58+00:00,cex_cross_spot,SOL:buy Bitget / sell Gate,SOL,buy Bitget / sell Gate,Bitget<->Gate,-0.972668,-30.972668,NO,3088.63,"{""buy_ask"":102.81,""buy_venue"":""Bitget"",""extra_buffer_bps"":10.0,""note"":""Discovery snapshot only; assumes capital pre-positioned on both venues. Rebalancing, withdrawal, latency and deeper-book impact are not yet validated."",""sell_bid"":102.8,""sell_venue"":""Gate"",""source"":""wide_cex_hunter"",""taker_fee_bps_per_leg"":10.0,""total_friction_bps"":30.0}"
2026-09-08T11:51:58+00:00,cex_cross_spot,SOL:buy Gate / sell Bitget,SOL,buy Gate / sell Bitget,Bitget<->Gate,-0.972668,-30.972668,NO,4944.76,"{""buy_ask"":102.81,""buy_venue"":""Gate"",""extra_buffer_bps"":10.0,""note"":""Discovery snapshot only; assumes capital pre-positioned on both venues. Rebalancing, withdrawal, latency and deeper-book impact are not yet validated."",""sell_bid"":102.8,""sell_venue"":""Bitget"",""source"":""wide_cex_hunter"",""taker_fee_bps_per_leg"":10.0,""total_friction_bps"":30.0}"
2026-09-08T11:51:58+00:00,cex_cross_spot,XRP:buy Bitget / sell Gate,XRP,buy Bitget / sell Gate,Bitget<->Gate,-4.306323,-34.306323,NO,563.35,"{""buy_ask"":1.3933,""buy_venue"":""Bitget"",""extra_buffer_bps"":10.0,""note"":""Discovery snapshot only; assumes capital pre-positioned on both venues. Rebalancing, withdrawal, latency and deeper-book impact are not yet validated."",""sell_bid"":1.3927,""sell_venue"":""Gate"",""source"":""wide_cex_hunter"",""taker_fee_bps_per_leg"":10.0,""total_friction_bps"":30.0}"
2026-09-08T11:51:58+00:00,cex_cross_spot,XRP:buy Gate / sell Bitget,XRP,buy Gate / sell Bitget,Bitget<->Gate,2.153780,-27.846220,NO,537.10,"{""buy_ask"":1.3929,""buy_venue"":""Gate"",""extra_buffer_bps"":10.0,""note"":""Discovery snapshot only; assumes capital pre-positioned on both venues. Rebalancing, withdrawal, latency and deeper-book impact are not yet validated."",""sell_bid"":1.3932,""sell_venue"":""Bitget"",""source"":""wide_cex_hunter"",""taker_fee_bps_per_leg"":10.0,""total_friction_bps"":30.0}"
2026-09-08T11:51:58+00:00,cex_cross_spot,DOGE:buy Bitget / sell Gate,DOGE,buy Bitget / sell Gate,Bitget<->Gate,-6.702413,-36.702413,NO,215.32,"{""buy_ask"":0.08952,""buy_venue"":""Bitget"",""extra_buffer_bps"":10.0,""note"":""Discovery snapshot only; assumes capital pre-positioned on both venues. Rebalancing, withdrawal, latency and deeper-book impact are not yet validated."",""sell_bid"":0.08946,""sell_venue"":""Gate"",""source"":""wide_cex_hunter"",""taker_fee_bps_per_leg"":10.0,""total_friction_bps"":30.0}"
2026-09-08T11:51:58+00:00,cex_cross_spot,DOGE:buy Gate / sell Bitget,DOGE,buy Gate / sell Bitget,Bitget<->Gate,4.470772,-25.529228,NO,38.63,"{""buy_ask"":0.08947,""buy_venue"":""Gate"",""extra_buffer_bps"":10.0,""note"":""Discovery snapshot only; assumes capital pre-positioned on both venues. Rebalancing, withdrawal, latency and deeper-book impact are not yet validated."",""sell_bid"":0.08951,""sell_venue"":""Bitget"",""source"":""wide_cex_hunter"",""taker_fee_bps_per_leg"":10.0,""total_friction_bps"":30.0}"
2026-09-08T11:51:58+00:00,cex_cross_spot,ADA:buy Bitget / sell Gate,ADA,buy Bitget / sell Gate,Bitget<->Gate,-6.893382,-36.893382,NO,48.93,"{""buy_ask"":0.2176,""buy_venue"":""Bitget"",""extra_buffer_bps"":10.0,""note"":""Discovery snapshot only; assumes capital pre-positioned on both venues. Rebalancing, withdrawal, latency and deeper-book impact are not yet validated."",""sell_bid"":0.21745,""sell_venue"":""Gate"",""source"":""wide_cex_hunter"",""taker_fee_bps_per_leg"":10.0,""total_friction_bps"":30.0}"
2026-09-08T11:51:58+00:00,cex_cross_spot,ADA:buy Gate / sell Bitget,ADA,buy Gate / sell Bitget,Bitget<->Gate,-0.919456,-30.919456,NO,107.02,"{""buy_ask"":0.21752,""buy_venue"":""Gate"",""extra_buffer_bps"":10.0,""note"":""Discovery snapshot only; assumes capital pre-positioned on both venues. Rebalancing, withdrawal, latency and deeper-book impact are not yet validated."",""sell_bid"":0.2175,""sell_venue"":""Bitget"",""source"":""wide_cex_hunter"",""taker_fee_bps_per_leg"":10.0,""total_friction_bps"":30.0}"
2026-09-08T11:51:58+00:00,cex_cross_spot,LINK:buy Bitget / sell Gate,LINK,buy Bitget / sell Gate,Bitget<->Gate,-7.192520,-37.192520,NO,162.18,"{""buy_ask"":12.513,""buy_venue"":""Bitget"",""extra_buffer_bps"":10.0,""note"":""Discovery snapshot only; assumes capital pre-positioned on both venues. Rebalancing, withdrawal, latency and deeper-book impact are not yet validated."",""sell_bid"":12.504,""sell_venue"":""Gate"",""source"":""wide_cex_hunter"",""taker_fee_bps_per_leg"":10.0,""total_friction_bps"":30.0}"
2026-09-08T11:51:58+00:00,cex_cross_spot,LINK:buy Gate / sell Bitget,LINK,buy Gate / sell Bitget,Bitget<->Gate,1.599232,-28.400768,NO,32.85,"{""buy_ask"":12.506,""buy_venue"":""Gate"",""extra_buffer_bps"":10.0,""note"":""Discovery snapshot only; assumes capital pre-positioned on both venues. Rebalancing, withdrawal, latency and deeper-book impact are not yet validated."",""sell_bid"":12.508,""sell_venue"":""Bitget"",""source"":""wide_cex_hunter"",""taker_fee_bps_per_leg"":10.0,""total_friction_bps"":30.0}"
2026-09-08T11:51:58+00:00,cex_cross_spot,LTC:buy Bitget / sell Gate,LTC,buy Bitget / sell Gate,Bitget<->Gate,-7.220217,-37.220217,NO,343.18,"{""buy_ask"":55.4,""buy_venue"":""Bitget"",""extra_buffer_bps"":10.0,""note"":""Discovery snapshot only; assumes capital pre-positioned on both venues. Rebalancing, withdrawal, latency and deeper-book impact are not yet validated."",""sell_bid"":55.36,""sell_venue"":""Gate"",""source"":""wide_cex_hunter"",""taker_fee_bps_per_leg"":10.0,""total_friction_bps"":30.0}"
2026-09-08T11:51:58+00:00,cex_cross_spot,LTC:buy Gate / sell Bitget,LTC,buy Gate / sell Bitget,Bitget<->Gate,1.806032,-28.193968,NO,21.87,"{""buy_ask"":55.37,""buy_venue"":""Gate"",""extra_buffer_bps"":10.0,""note"":""Discovery snapshot only; assumes capital pre-positioned on both venues. Rebalancing, withdrawal, latency and deeper-book impact are not yet validated."",""sell_bid"":55.38,""sell_venue"":""Bitget"",""source"":""wide_cex_hunter"",""taker_fee_bps_per_leg"":10.0,""total_friction_bps"":30.0}"
2026-09-08T11:51:58+00:00,cex_cross_spot,BCH:buy Bitget / sell Gate,BCH,buy Bitget / sell Gate,Bitget<->Gate,-9.389671,-39.389671,NO,176.44,"{""buy_ask"":255.6,""buy_venue"":""Bitget"",""extra_buffer_bps"":10.0,""note"":""Discovery snapshot only; assumes capital pre-positioned on both venues. Rebalancing, withdrawal, latency and deeper-book impact are not yet validated."",""sell_bid"":255.36,""sell_venue"":""Gate"",""source"":""wide_cex_hunter"",""taker_fee_bps_per_leg"":10.0,""total_friction_bps"":30.0}"
2026-09-08T11:51:58+00:00,cex_cross_spot,BCH:buy Gate / sell Bitget,BCH,buy Gate / sell Bitget,Bitget<->Gate,-6.651798,-36.651798,NO,249.95,"{""buy_ask"":255.57,""buy_venue"":""Gate"",""extra_buffer_bps"":10.0,""note"":""Discovery snapshot only; assumes capital pre-positioned on both venues. Rebalancing, withdrawal, latency and deeper-book impact are not yet validated."",""sell_bid"":255.4,""sell_venue"":""Bitget"",""source"":""wide_cex_hunter"",""taker_fee_bps_per_leg"":10.0,""total_friction_bps"":30.0}"
2026-09-08T11:51:58+00:00,cex_cross_spot,AVAX:buy Bitget / sell Gate,AVAX,buy Bitget / sell Gate,Bitget<->Gate,-4.975124,-34.975124,NO,529.93,"{""buy_ask"":8.04,""buy_venue"":""Bitget"",""extra_buffer_bps"":10.0,""note"":""Discovery snapshot only; assumes capital pre-positioned on both venues. Rebalancing, withdrawal, latency and deeper-book impact are not yet validated."",""sell_bid"":8.036,""sell_venue"":""Gate"",""source"":""wide_cex_hunter"",""taker_fee_bps_per_leg"":10.0,""total_friction_bps"":30.0}"
2026-09-08T11:51:58+00:00,cex_cross_spot,AVAX:buy Gate / sell Bitget,AVAX,buy Gate / sell Bitget,Bitget<->Gate,0.000000,-30.000000,NO,188.92,"{""buy_ask"":8.039,""buy_venue"":""Gate"",""extra_buffer_bps"":10.0,""note"":""Discovery snapshot only; assumes capital pre-positioned on both venues. Rebalancing, withdrawal, latency and deeper-book impact are not yet validated."",""sell_bid"":8.039,""sell_venue"":""Bitget"",""source"":""wide_cex_hunter"",""taker_fee_bps_per_leg"":10.0,""total_friction_bps"":30.0}"
2026-09-08T11:51:58+00:00,cex_cross_spot,DOT:buy Bitget / sell Gate,DOT,buy Bitget / sell Gate,Bitget<->Gate,-7.434944,-37.434944,NO,4.95,"{""buy_ask"":1.076,""buy_venue"":""Bitget"",""extra_buffer_bps"":10.0,""note"":""Discovery snapshot only; assumes capital pre-positioned on both venues. Rebalancing, withdrawal, latency and deeper-book impact are not yet validated."",""sell_bid"":1.0752,""sell_venue"":""Gate"",""source"":""wide_cex_hunter"",""taker_fee_bps_per_leg"":10.0,""total_friction_bps"":30.0}"
2026-09-08T11:51:58+00:00,cex_cross_spot,DOT:buy Gate / sell Bitget,DOT,buy Gate / sell Bitget,Bitget<->Gate,-16.731735,-46.731735,NO,4.95,"{""buy_ask"":1.0758,""buy_venue"":""Gate"",""extra_buffer_bps"":10.0,""note"":""Discovery snapshot only; assumes capital pre-positioned on both venues. Rebalancing, withdrawal, latency and deeper-book impact are not yet validated."",""sell_bid"":1.074,""sell_venue"":""Bitget"",""source"":""wide_cex_hunter"",""taker_fee_bps_per_leg"":10.0,""total_friction_bps"":30.0}"
2026-09-08T11:51:58+00:00,cex_cross_spot,TRX:buy Bitget / sell Gate,TRX,buy Bitget / sell Gate,Bitget<->Gate,-2.953337,-32.953337,NO,1309.65,"{""buy_ask"":0.3386,""buy_venue"":""Bitget"",""extra_buffer_bps"":10.0,""note"":""Discovery snapshot only; assumes capital pre-positioned on both venues. Rebalancing, withdrawal, latency and deeper-book impact are not yet validated."",""sell_bid"":0.3385,""sell_venue"":""Gate"",""source"":""wide_cex_hunter"",""taker_fee_bps_per_leg"":10.0,""total_friction_bps"":30.0}"
2026-09-08T11:51:58+00:00,cex_cross_spot,TRX:buy Gate / sell Bitget,TRX,buy Gate / sell Bitget,Bitget<->Gate,-0.295334,-30.295334,NO,1454.84,"{""buy_ask"":0.3386,""buy_venue"":""Gate"",""extra_buffer_bps"":10.0,""note"":""Discovery snapshot only; assumes capital pre-positioned on both venues. Rebalancing, withdrawal, latency and deeper-book impact are not yet validated."",""sell_bid"":0.33859,""sell_venue"":""Bitget"",""source"":""wide_cex_hunter"",""taker_fee_bps_per_leg"":10.0,""total_friction_bps"":30.0}"
2026-09-08T11:51:58+00:00,cex_cross_spot,SUI:buy Bitget / sell Gate,SUI,buy Bitget / sell Gate,Bitget<->Gate,-2.466395,-32.466395,NO,37.47,"{""buy_ask"":0.8109,""buy_venue"":""Bitget"",""extra_buffer_bps"":10.0,""note"":""Discovery snapshot only; assumes capital pre-positioned on both venues. Rebalancing, withdrawal, latency and deeper-book impact are not yet validated."",""sell_bid"":0.8107,""sell_venue"":""Gate"",""source"":""wide_cex_hunter"",""taker_fee_bps_per_leg"":10.0,""total_friction_bps"":30.0}"
2026-09-08T11:51:58+00:00,cex_cross_spot,SUI:buy Gate / sell Bitget,SUI,buy Gate / sell Bitget,Bitget<->Gate,-1.233198,-31.233198,NO,140.00,"{""buy_ask"":0.8109,""buy_venue"":""Gate"",""extra_buffer_bps"":10.0,""note"":""Discovery snapshot only; assumes capital pre-positioned on both venues. Rebalancing, withdrawal, latency and deeper-book impact are not yet validated."",""sell_bid"":0.8108,""sell_venue"":""Bitget"",""source"":""wide_cex_hunter"",""taker_fee_bps_per_leg"":10.0,""total_friction_bps"":30.0}"
2026-09-08T11:51:58+00:00,cex_cross_spot,APT:buy Bitget / sell Gate,APT,buy Bitget / sell Gate,Bitget<->Gate,-7.705348,-37.705348,NO,67.43,"{""buy_ask"":0.6489,""buy_venue"":""Bitget"",""extra_buffer_bps"":10.0,""note"":""Discovery snapshot only; assumes capital pre-positioned on both venues. Rebalancing, withdrawal, latency and deeper-book impact are not yet validated."",""sell_bid"":0.6484,""sell_venue"":""Gate"",""source"":""wide_cex_hunter"",""taker_fee_bps_per_leg"":10.0,""total_friction_bps"":30.0}"
2026-09-08T11:51:58+00:00,cex_cross_spot,APT:buy Gate / sell Bitget,APT,buy Gate / sell Bitget,Bitget<->Gate,1.541545,-28.458455,NO,5.64,"{""buy_ask"":0.6487,""buy_venue"":""Gate"",""extra_buffer_bps"":10.0,""note"":""Discovery snapshot only; assumes capital pre-positioned on both venues. Rebalancing, withdrawal, latency and deeper-book impact are not yet validated."",""sell_bid"":0.6488,""sell_venue"":""Bitget"",""source"":""wide_cex_hunter"",""taker_fee_bps_per_leg"":10.0,""total_friction_bps"":30.0}"
2026-09-08T11:51:58+00:00,cex_cross_spot,NEAR:buy Bitget / sell Gate,NEAR,buy Bitget / sell Gate,Bitget<->Gate,-4.376368,-34.376368,NO,194.59,"{""buy_ask"":2.285,""buy_venue"":""Bitget"",""extra_buffer_bps"":10.0,""note"":""Discovery snapshot only; assumes capital pre-positioned on both venues. Rebalancing, withdrawal, latency and deeper-book impact are not yet validated."",""sell_bid"":2.284,""sell_venue"":""Gate"",""source"":""wide_cex_hunter"",""taker_fee_bps_per_leg"":10.0,""total_friction_bps"":30.0}"
2026-09-08T11:51:58+00:00,cex_cross_spot,NEAR:buy Gate / sell Bitget,NEAR,buy Gate / sell Bitget,Bitget<->Gate,-4.376368,-34.376368,NO,49.97,"{""buy_ask"":2.285,""buy_venue"":""Gate"",""extra_buffer_bps"":10.0,""note"":""Discovery snapshot only; assumes capital pre-positioned on both venues. Rebalancing, withdrawal, latency and deeper-book impact are not yet validated."",""sell_bid"":2.284,""sell_venue"":""Bitget"",""source"":""wide_cex_hunter"",""taker_fee_bps_per_leg"":10.0,""total_friction_bps"":30.0}"
2026-09-08T12:19:47+00:00,cex_cross_spot,BTC:buy Bitget / sell Gate,BTC,buy Bitget / sell Gate,Bitget<->Gate,0.577551,-29.422449,NO,10088.10,"{""buy_ask"":78261.48,""buy_venue"":""Bitget"",""extra_buffer_bps"":10.0,""note"":""Discovery snapshot only; assumes capital pre-positioned on both venues. Rebalancing, withdrawal, latency and deeper-book impact are not yet validated."",""sell_bid"":78266.0,""sell_venue"":""Gate"",""source"":""wide_cex_hunter"",""taker_fee_bps_per_leg"":10.0,""total_friction_bps"":30.0}"
2026-09-08T12:19:47+00:00,cex_cross_spot,BTC:buy Gate / sell Bitget,BTC,buy Gate / sell Bitget,Bitget<->Gate,-0.591572,-30.591572,NO,12204.19,"{""buy_ask"":78266.1,""buy_venue"":""Gate"",""extra_buffer_bps"":10.0,""note"":""Discovery snapshot only; assumes capital pre-positioned on both venues. Rebalancing, withdrawal, latency and deeper-book impact are not yet validated."",""sell_bid"":78261.47,""sell_venue"":""Bitget"",""source"":""wide_cex_hunter"",""taker_fee_bps_per_leg"":10.0,""total_friction_bps"":30.0}"
2026-09-08T12:19:47+00:00,cex_cross_spot,ETH:buy Bitget / sell Gate,ETH,buy Bitget / sell Gate,Bitget<->Gate,-1.657932,-31.657932,NO,16132.40,"{""buy_ask"":2472.96,""buy_venue"":""Bitget"",""extra_buffer_bps"":10.0,""note"":""Discovery snapshot only; assumes capital pre-positioned on both venues. Rebalancing, withdrawal, latency and deeper-book impact are not yet validated."",""sell_bid"":2472.55,""sell_venue"":""Gate"",""source"":""wide_cex_hunter"",""taker_fee_bps_per_leg"":10.0,""total_friction_bps"":30.0}"
2026-09-08T12:19:47+00:00,cex_cross_spot,ETH:buy Gate / sell Bitget,ETH,buy Gate / sell Bitget,Bitget<->Gate,1.577313,-28.422687,NO,44.51,"{""buy_ask"":2472.56,""buy_venue"":""Gate"",""extra_buffer_bps"":10.0,""note"":""Discovery snapshot only; assumes capital pre-positioned on both venues. Rebalancing, withdrawal, latency and deeper-book impact are not yet validated."",""sell_bid"":2472.95,""sell_venue"":""Bitget"",""source"":""wide_cex_hunter"",""taker_fee_bps_per_leg"":10.0,""total_friction_bps"":30.0}"
2026-09-08T12:19:47+00:00,cex_cross_spot,SOL:buy Bitget / sell Gate,SOL,buy Bitget / sell Gate,Bitget<->Gate,-0.973331,-30.973331,NO,1103.22,"{""buy_ask"":102.74,""buy_venue"":""Bitget"",""extra_buffer_bps"":10.0,""note"":""Discovery snapshot only; assumes capital pre-positioned on both venues. Rebalancing, withdrawal, latency and deeper-book impact are not yet validated."",""sell_bid"":102.73,""sell_venue"":""Gate"",""source"":""wide_cex_hunter"",""taker_fee_bps_per_leg"":10.0,""total_friction_bps"":30.0}"
2026-09-08T12:19:47+00:00,cex_cross_spot,SOL:buy Gate / sell Bitget,SOL,buy Gate / sell Bitget,Bitget<->Gate,-0.973331,-30.973331,NO,1026.27,"{""buy_ask"":102.74,""buy_venue"":""Gate"",""extra_buffer_bps"":10.0,""note"":""Discovery snapshot only; assumes capital pre-positioned on both venues. Rebalancing, withdrawal, latency and deeper-book impact are not yet validated."",""sell_bid"":102.73,""sell_venue"":""Bitget"",""source"":""wide_cex_hunter"",""taker_fee_bps_per_leg"":10.0,""total_friction_bps"":30.0}"
2026-09-08T12:19:47+00:00,cex_cross_spot,XRP:buy Bitget / sell Gate,XRP,buy Bitget / sell Gate,Bitget<->Gate,-2.157808,-32.157808,NO,1338.99,"{""buy_ask"":1.3903,""buy_venue"":""Bitget"",""extra_buffer_bps"":10.0,""note"":""Discovery snapshot only; assumes capital pre-positioned on both venues. Rebalancing, withdrawal, latency and deeper-book impact are not yet validated."",""sell_bid"":1.39,""sell_venue"":""Gate"",""source"":""wide_cex_hunter"",""taker_fee_bps_per_leg"":10.0,""total_friction_bps"":30.0}"
2026-09-08T12:19:47+00:00,cex_cross_spot,XRP:buy Gate / sell Bitget,XRP,buy Gate / sell Bitget,Bitget<->Gate,0.719373,-29.280627,NO,156.25,"{""buy_ask"":1.3901,""buy_venue"":""Gate"",""extra_buffer_bps"":10.0,""note"":""Discovery snapshot only; assumes capital pre-positioned on both venues. Rebalancing, withdrawal, latency and deeper-book impact are not yet validated."",""sell_bid"":1.3902,""sell_venue"":""Bitget"",""source"":""wide_cex_hunter"",""taker_fee_bps_per_leg"":10.0,""total_friction_bps"":30.0}"
2026-09-08T12:19:47+00:00,cex_cross_spot,DOGE:buy Bitget / sell Gate,DOGE,buy Bitget / sell Gate,Bitget<->Gate,-2.247191,-32.247191,NO,38.42,"{""buy_ask"":0.089,""buy_venue"":""Bitget"",""extra_buffer_bps"":10.0,""note"":""Discovery snapshot only; assumes capital pre-positioned on both venues. Rebalancing, withdrawal, latency and deeper-book impact are not yet validated."",""sell_bid"":0.08898,""sell_venue"":""Gate"",""source"":""wide_cex_hunter"",""taker_fee_bps_per_leg"":10.0,""total_friction_bps"":30.0}"
2026-09-08T12:19:47+00:00,cex_cross_spot,DOGE:buy Gate / sell Bitget,DOGE,buy Gate / sell Bitget,Bitget<->Gate,0.000000,-30.000000,NO,241.95,"{""buy_ask"":0.08899,""buy_venue"":""Gate"",""extra_buffer_bps"":10.0,""note"":""Discovery snapshot only; assumes capital pre-positioned on both venues. Rebalancing, withdrawal, latency and deeper-book impact are not yet validated."",""sell_bid"":0.08899,""sell_venue"":""Bitget"",""source"":""wide_cex_hunter"",""taker_fee_bps_per_leg"":10.0,""total_friction_bps"":30.0}"
2026-09-08T12:19:47+00:00,cex_cross_spot,ADA:buy Bitget / sell Gate,ADA,buy Bitget / sell Gate,Bitget<->Gate,-5.524862,-35.524862,NO,244.87,"{""buy_ask"":0.2172,""buy_venue"":""Bitget"",""extra_buffer_bps"":10.0,""note"":""Discovery snapshot only; assumes capital pre-positioned on both venues. Rebalancing, withdrawal, latency and deeper-book impact are not yet validated."",""sell_bid"":0.21708,""sell_venue"":""Gate"",""source"":""wide_cex_hunter"",""taker_fee_bps_per_leg"":10.0,""total_friction_bps"":30.0}"
2026-09-08T12:19:47+00:00,cex_cross_spot,ADA:buy Gate / sell Bitget,ADA,buy Gate / sell Bitget,Bitget<->Gate,-2.762940,-32.762940,NO,150.27,"{""buy_ask"":0.21716,""buy_venue"":""Gate"",""extra_buffer_bps"":10.0,""note"":""Discovery snapshot only; assumes capital pre-positioned on both venues. Rebalancing, withdrawal, latency and deeper-book impact are not yet validated."",""sell_bid"":0.2171,""sell_venue"":""Bitget"",""source"":""wide_cex_hunter"",""taker_fee_bps_per_leg"":10.0,""total_friction_bps"":30.0}"
2026-09-08T12:19:47+00:00,cex_cross_spot,LINK:buy Bitget / sell Gate,LINK,buy Bitget / sell Gate,Bitget<->Gate,-2.391772,-32.391772,NO,49.16,"{""buy_ask"":12.543,""buy_venue"":""Bitget"",""extra_buffer_bps"":10.0,""note"":""Discovery snapshot only; assumes capital pre-positioned on both venues. Rebalancing, withdrawal, latency and deeper-book impact are not yet validated."",""sell_bid"":12.54,""sell_venue"":""Gate"",""source"":""wide_cex_hunter"",""taker_fee_bps_per_leg"":10.0,""total_friction_bps"":30.0}"
2026-09-08T12:19:47+00:00,cex_cross_spot,LINK:buy Gate / sell Bitget,LINK,buy Gate / sell Bitget,Bitget<->Gate,-0.797321,-30.797321,NO,53.52,"{""buy_ask"":12.542,""buy_venue"":""Gate"",""extra_buffer_bps"":10.0,""note"":""Discovery snapshot only; assumes capital pre-positioned on both venues. Rebalancing, withdrawal, latency and deeper-book impact are not yet validated."",""sell_bid"":12.541,""sell_venue"":""Bitget"",""source"":""wide_cex_hunter"",""taker_fee_bps_per_leg"":10.0,""total_friction_bps"":30.0}"
2026-09-08T12:19:47+00:00,cex_cross_spot,LTC:buy Bitget / sell Gate,LTC,buy Bitget / sell Gate,Bitget<->Gate,-9.041591,-39.041591,NO,89.04,"{""buy_ask"":55.3,""buy_venue"":""Bitget"",""extra_buffer_bps"":10.0,""note"":""Discovery snapshot only; assumes capital pre-positioned on both venues. Rebalancing, withdrawal, latency and deeper-book impact are not yet validated."",""sell_bid"":55.25,""sell_venue"":""Gate"",""source"":""wide_cex_hunter"",""taker_fee_bps_per_leg"":10.0,""total_friction_bps"":30.0}"
2026-09-08T12:19:47+00:00,cex_cross_spot,LTC:buy Gate / sell Bitget,LTC,buy Gate / sell Bitget,Bitget<->Gate,3.618600,-26.381400,NO,188.91,"{""buy_ask"":55.27,""buy_venue"":""Gate"",""extra_buffer_bps"":10.0,""note"":""Discovery snapshot only; assumes capital pre-positioned on both venues. Rebalancing, withdrawal, latency and deeper-book impact are not yet validated."",""sell_bid"":55.29,""sell_venue"":""Bitget"",""source"":""wide_cex_hunter"",""taker_fee_bps_per_leg"":10.0,""total_friction_bps"":30.0}"
2026-09-08T12:19:47+00:00,cex_cross_spot,BCH:buy Bitget / sell Gate,BCH,buy Bitget / sell Gate,Bitget<->Gate,-5.100039,-35.100039,NO,382.16,"{""buy_ask"":254.9,""buy_venue"":""Bitget"",""extra_buffer_bps"":10.0,""note"":""Discovery snapshot only; assumes capital pre-positioned on both venues. Rebalancing, withdrawal, latency and deeper-book impact are not yet validated."",""sell_bid"":254.77,""sell_venue"":""Gate"",""source"":""wide_cex_hunter"",""taker_fee_bps_per_leg"":10.0,""total_friction_bps"":30.0}"
2026-09-08T12:19:47+00:00,cex_cross_spot,BCH:buy Gate / sell Bitget,BCH,buy Gate / sell Bitget,Bitget<->Gate,-0.392449,-30.392449,NO,3.57,"{""buy_ask"":254.81,""buy_venue"":""Gate"",""extra_buffer_bps"":10.0,""note"":""Discovery snapshot only; assumes capital pre-positioned on both venues. Rebalancing, withdrawal, latency and deeper-book impact are not yet validated."",""sell_bid"":254.8,""sell_venue"":""Bitget"",""source"":""wide_cex_hunter"",""taker_fee_bps_per_leg"":10.0,""total_friction_bps"":30.0}"
2026-09-08T12:19:47+00:00,cex_cross_spot,AVAX:buy Bitget / sell Gate,AVAX,buy Bitget / sell Gate,Bitget<->Gate,-2.489730,-32.489730,NO,64.00,"{""buy_ask"":8.033,""buy_venue"":""Bitget"",""extra_buffer_bps"":10.0,""note"":""Discovery snapshot only; assumes capital pre-positioned on both venues. Rebalancing, withdrawal, latency and deeper-book impact are not yet validated."",""sell_bid"":8.031,""sell_venue"":""Gate"",""source"":""wide_cex_hunter"",""taker_fee_bps_per_leg"":10.0,""total_friction_bps"":30.0}"
2026-09-08T12:19:47+00:00,cex_cross_spot,AVAX:buy Gate / sell Bitget,AVAX,buy Gate / sell Bitget,Bitget<->Gate,-1.244865,-31.244865,NO,81.07,"{""buy_ask"":8.033,""buy_venue"":""Gate"",""extra_buffer_bps"":10.0,""note"":""Discovery snapshot only; assumes capital pre-positioned on both venues. Rebalancing, withdrawal, latency and deeper-book impact are not yet validated."",""sell_bid"":8.032,""sell_venue"":""Bitget"",""source"":""wide_cex_hunter"",""taker_fee_bps_per_leg"":10.0,""total_friction_bps"":30.0}"
2026-09-08T12:19:47+00:00,cex_cross_spot,DOT:buy Bitget / sell Gate,DOT,buy Bitget / sell Gate,Bitget<->Gate,-5.576208,-35.576208,NO,50.03,"{""buy_ask"":1.076,""buy_venue"":""Bitget"",""extra_buffer_bps"":10.0,""note"":""Discovery snapshot only; assumes capital pre-positioned on both venues. Rebalancing, withdrawal, latency and deeper-book impact are not yet validated."",""sell_bid"":1.0754,""sell_venue"":""Gate"",""source"":""wide_cex_hunter"",""taker_fee_bps_per_leg"":10.0,""total_friction_bps"":30.0}"
2026-09-08T12:19:47+00:00,cex_cross_spot,DOT:buy Gate / sell Bitget,DOT,buy Gate / sell Bitget,Bitget<->Gate,-7.436326,-37.436326,NO,4.95,"{""buy_ask"":1.0758,""buy_venue"":""Gate"",""extra_buffer_bps"":10.0,""note"":""Discovery snapshot only; assumes capital pre-positioned on both venues. Rebalancing, withdrawal, latency and deeper-book impact are not yet validated."",""sell_bid"":1.075,""sell_venue"":""Bitget"",""source"":""wide_cex_hunter"",""taker_fee_bps_per_leg"":10.0,""total_friction_bps"":30.0}"
2026-09-08T12:19:47+00:00,cex_cross_spot,TRX:buy Bitget / sell Gate,TRX,buy Bitget / sell Gate,Bitget<->Gate,-2.361414,-32.361414,NO,963.01,"{""buy_ask"":0.33878,""buy_venue"":""Bitget"",""extra_buffer_bps"":10.0,""note"":""Discovery snapshot only; assumes capital pre-positioned on both venues. Rebalancing, withdrawal, latency and deeper-book impact are not yet validated."",""sell_bid"":0.3387,""sell_venue"":""Gate"",""source"":""wide_cex_hunter"",""taker_fee_bps_per_leg"":10.0,""total_friction_bps"":30.0}"
2026-09-08T12:19:47+00:00,cex_cross_spot,TRX:buy Gate / sell Bitget,TRX,buy Gate / sell Bitget,Bitget<->Gate,-0.885478,-30.885478,NO,2507.95,"{""buy_ask"":0.3388,""buy_venue"":""Gate"",""extra_buffer_bps"":10.0,""note"":""Discovery snapshot only; assumes capital pre-positioned on both venues. Rebalancing, withdrawal, latency and deeper-book impact are not yet validated."",""sell_bid"":0.33877,""sell_venue"":""Bitget"",""source"":""wide_cex_hunter"",""taker_fee_bps_per_leg"":10.0,""total_friction_bps"":30.0}"
2026-09-08T12:19:47+00:00,cex_cross_spot,SUI:buy Bitget / sell Gate,SUI,buy Bitget / sell Gate,Bitget<->Gate,-1.237317,-31.237317,NO,37.25,"{""buy_ask"":0.8082,""buy_venue"":""Bitget"",""extra_buffer_bps"":10.0,""note"":""Discovery snapshot only; assumes capital pre-positioned on both venues. Rebalancing, withdrawal, latency and deeper-book impact are not yet validated."",""sell_bid"":0.8081,""sell_venue"":""Gate"",""source"":""wide_cex_hunter"",""taker_fee_bps_per_leg"":10.0,""total_friction_bps"":30.0}"
2026-09-08T12:19:47+00:00,cex_cross_spot,SUI:buy Gate / sell Bitget,SUI,buy Gate / sell Bitget,Bitget<->Gate,-1.237317,-31.237317,NO,37.25,"{""buy_ask"":0.8082,""buy_venue"":""Gate"",""extra_buffer_bps"":10.0,""note"":""Discovery snapshot only; assumes capital pre-positioned on both venues. Rebalancing, withdrawal, latency and deeper-book impact are not yet validated."",""sell_bid"":0.8081,""sell_venue"":""Bitget"",""source"":""wide_cex_hunter"",""taker_fee_bps_per_leg"":10.0,""total_friction_bps"":30.0}"
2026-09-08T12:19:47+00:00,cex_cross_spot,APT:buy Bitget / sell Gate,APT,buy Bitget / sell Gate,Bitget<->Gate,-15.559359,-45.559359,NO,44.73,"{""buy_ask"":0.6427,""buy_venue"":""Bitget"",""extra_buffer_bps"":10.0,""note"":""Discovery snapshot only; assumes capital pre-positioned on both venues. Rebalancing, withdrawal, latency and deeper-book impact are not yet validated."",""sell_bid"":0.6417,""sell_venue"":""Gate"",""source"":""wide_cex_hunter"",""taker_fee_bps_per_leg"":10.0,""total_friction_bps"":30.0}"
2026-09-08T12:19:47+00:00,cex_cross_spot,APT:buy Gate / sell Bitget,APT,buy Gate / sell Bitget,Bitget<->Gate,-4.667082,-34.667082,NO,51.42,"{""buy_ask"":0.6428,""buy_venue"":""Gate"",""extra_buffer_bps"":10.0,""note"":""Discovery snapshot only; assumes capital pre-positioned on both venues. Rebalancing, withdrawal, latency and deeper-book impact are not yet validated."",""sell_bid"":0.6425,""sell_venue"":""Bitget"",""source"":""wide_cex_hunter"",""taker_fee_bps_per_leg"":10.0,""total_friction_bps"":30.0}"
2026-09-08T12:19:47+00:00,cex_cross_spot,NEAR:buy Bitget / sell Gate,NEAR,buy Bitget / sell Gate,Bitget<->Gate,-8.764242,-38.764242,NO,633.70,"{""buy_ask"":2.282,""buy_venue"":""Bitget"",""extra_buffer_bps"":10.0,""note"":""Discovery snapshot only; assumes capital pre-positioned on both venues. Rebalancing, withdrawal, latency and deeper-book impact are not yet validated."",""sell_bid"":2.28,""sell_venue"":""Gate"",""source"":""wide_cex_hunter"",""taker_fee_bps_per_leg"":10.0,""total_friction_bps"":30.0}"
2026-09-08T12:19:47+00:00,cex_cross_spot,NEAR:buy Gate / sell Bitget,NEAR,buy Gate / sell Bitget,Bitget<->Gate,-4.384042,-34.384042,NO,377.28,"{""buy_ask"":2.281,""buy_venue"":""Gate"",""extra_buffer_bps"":10.0,""note"":""Discovery snapshot only; assumes capital pre-positioned on both venues. Rebalancing, withdrawal, latency and deeper-book impact are not yet validated."",""sell_bid"":2.28,""sell_venue"":""Bitget"",""source"":""wide_cex_hunter"",""taker_fee_bps_per_leg"":10.0,""total_friction_bps"":30.0}"
2026-09-08T12:53:32+00:00,cex_cross_spot,BTC:buy Bitget / sell Gate,BTC,buy Bitget / sell Gate,Bitget<->Gate,0.210519,-29.789481,NO,5918.51,"{""buy_ask"":78377.75,""buy_venue"":""Bitget"",""extra_buffer_bps"":10.0,""note"":""Discovery snapshot only; assumes capital pre-positioned on both venues. Rebalancing, withdrawal, latency and deeper-book impact are not yet validated."",""sell_bid"":78379.4,""sell_venue"":""Gate"",""source"":""wide_cex_hunter"",""taker_fee_bps_per_leg"":10.0,""total_friction_bps"":30.0}"
2026-09-08T12:53:32+00:00,cex_cross_spot,BTC:buy Gate / sell Bitget,BTC,buy Gate / sell Bitget,Bitget<->Gate,-0.224549,-30.224549,NO,15572.83,"{""buy_ask"":78379.5,""buy_venue"":""Gate"",""extra_buffer_bps"":10.0,""note"":""Discovery snapshot only; assumes capital pre-positioned on both venues. Rebalancing, withdrawal, latency and deeper-book impact are not yet validated."",""sell_bid"":78377.74,""sell_venue"":""Bitget"",""source"":""wide_cex_hunter"",""taker_fee_bps_per_leg"":10.0,""total_friction_bps"":30.0}"
2026-09-08T12:53:32+00:00,cex_cross_spot,ETH:buy Bitget / sell Gate,ETH,buy Bitget / sell Gate,Bitget<->Gate,-1.172271,-31.172271,NO,1853.92,"{""buy_ask"":2473.83,""buy_venue"":""Bitget"",""extra_buffer_bps"":10.0,""note"":""Discovery snapshot only; assumes capital pre-positioned on both venues. Rebalancing, withdrawal, latency and deeper-book impact are not yet validated."",""sell_bid"":2473.54,""sell_venue"":""Gate"",""source"":""wide_cex_hunter"",""taker_fee_bps_per_leg"":10.0,""total_friction_bps"":30.0}"
2026-09-08T12:53:32+00:00,cex_cross_spot,ETH:buy Gate / sell Bitget,ETH,buy Gate / sell Bitget,Bitget<->Gate,1.091549,-28.908451,NO,1493.03,"{""buy_ask"":2473.55,""buy_venue"":""Gate"",""extra_buffer_bps"":10.0,""note"":""Discovery snapshot only; assumes capital pre-positioned on both venues. Rebalancing, withdrawal, latency and deeper-book impact are not yet validated."",""sell_bid"":2473.82,""sell_venue"":""Bitget"",""source"":""wide_cex_hunter"",""taker_fee_bps_per_leg"":10.0,""total_friction_bps"":30.0}"
2026-09-08T12:53:32+00:00,cex_cross_spot,SOL:buy Bitget / sell Gate,SOL,buy Bitget / sell Gate,Bitget<->Gate,-0.969274,-30.969274,NO,1393.38,"{""buy_ask"":103.17,""buy_venue"":""Bitget"",""extra_buffer_bps"":10.0,""note"":""Discovery snapshot only; assumes capital pre-positioned on both venues. Rebalancing, withdrawal, latency and deeper-book impact are not yet validated."",""sell_bid"":103.16,""sell_venue"":""Gate"",""source"":""wide_cex_hunter"",""taker_fee_bps_per_leg"":10.0,""total_friction_bps"":30.0}"
2026-09-08T12:53:32+00:00,cex_cross_spot,SOL:buy Gate / sell Bitget,SOL,buy Gate / sell Bitget,Bitget<->Gate,-0.969274,-30.969274,NO,1593.20,"{""buy_ask"":103.17,""buy_venue"":""Gate"",""extra_buffer_bps"":10.0,""note"":""Discovery snapshot only; assumes capital pre-positioned on both venues. Rebalancing, withdrawal, latency and deeper-book impact are not yet validated."",""sell_bid"":103.16,""sell_venue"":""Bitget"",""source"":""wide_cex_hunter"",""taker_fee_bps_per_leg"":10.0,""total_friction_bps"":30.0}"
2026-09-08T12:53:32+00:00,cex_cross_spot,XRP:buy Bitget / sell Gate,XRP,buy Bitget / sell Gate,Bitget<->Gate,-0.715154,-30.715154,NO,1211.12,"{""buy_ask"":1.3983,""buy_venue"":""Bitget"",""extra_buffer_bps"":10.0,""note"":""Discovery snapshot only; assumes capital pre-positioned on both venues. Rebalancing, withdrawal, latency and deeper-book impact are not yet validated."",""sell_bid"":1.3982,""sell_venue"":""Gate"",""source"":""wide_cex_hunter"",""taker_fee_bps_per_leg"":10.0,""total_friction_bps"":30.0}"
2026-09-08T12:53:32+00:00,cex_cross_spot,XRP:buy Gate / sell Bitget,XRP,buy Gate / sell Bitget,Bitget<->Gate,-1.430206,-31.430206,NO,193.12,"{""buy_ask"":1.3984,""buy_venue"":""Gate"",""extra_buffer_bps"":10.0,""note"":""Discovery snapshot only; assumes capital pre-positioned on both venues. Rebalancing, withdrawal, latency and deeper-book impact are not yet validated."",""sell_bid"":1.3982,""sell_venue"":""Bitget"",""source"":""wide_cex_hunter"",""taker_fee_bps_per_leg"":10.0,""total_friction_bps"":30.0}"
2026-09-08T12:53:32+00:00,cex_cross_spot,DOGE:buy Bitget / sell Gate,DOGE,buy Bitget / sell Gate,Bitget<->Gate,2.237387,-27.762613,NO,3.25,"{""buy_ask"":0.08939,""buy_venue"":""Bitget"",""extra_buffer_bps"":10.0,""note"":""Discovery snapshot only; assumes capital pre-positioned on both venues. Rebalancing, withdrawal, latency and deeper-book impact are not yet validated."",""sell_bid"":0.08941,""sell_venue"":""Gate"",""source"":""wide_cex_hunter"",""taker_fee_bps_per_leg"":10.0,""total_friction_bps"":30.0}"
2026-09-08T12:53:32+00:00,cex_cross_spot,DOGE:buy Gate / sell Bitget,DOGE,buy Gate / sell Bitget,Bitget<->Gate,-4.473272,-34.473272,NO,1710.31,"{""buy_ask"":0.08942,""buy_venue"":""Gate"",""extra_buffer_bps"":10.0,""note"":""Discovery snapshot only; assumes capital pre-positioned on both venues. Rebalancing, withdrawal, latency and deeper-book impact are not yet validated."",""sell_bid"":0.08938,""sell_venue"":""Bitget"",""source"":""wide_cex_hunter"",""taker_fee_bps_per_leg"":10.0,""total_friction_bps"":30.0}"
2026-09-08T12:53:32+00:00,cex_cross_spot,ADA:buy Bitget / sell Gate,ADA,buy Bitget / sell Gate,Bitget<->Gate,-5.481955,-35.481955,NO,335.17,"{""buy_ask"":0.2189,""buy_venue"":""Bitget"",""extra_buffer_bps"":10.0,""note"":""Discovery snapshot only; assumes capital pre-positioned on both venues. Rebalancing, withdrawal, latency and deeper-book impact are not yet validated."",""sell_bid"":0.21878,""sell_venue"":""Gate"",""source"":""wide_cex_hunter"",""taker_fee_bps_per_leg"":10.0,""total_friction_bps"":30.0}"
2026-09-08T12:53:32+00:00,cex_cross_spot,ADA:buy Gate / sell Bitget,ADA,buy Gate / sell Bitget,Bitget<->Gate,-0.913993,-30.913993,NO,3.50,"{""buy_ask"":0.21882,""buy_venue"":""Gate"",""extra_buffer_bps"":10.0,""note"":""Discovery snapshot only; assumes capital pre-positioned on both venues. Rebalancing, withdrawal, latency and deeper-book impact are not yet validated."",""sell_bid"":0.2188,""sell_venue"":""Bitget"",""source"":""wide_cex_hunter"",""taker_fee_bps_per_leg"":10.0,""total_friction_bps"":30.0}"
2026-09-08T12:53:32+00:00,cex_cross_spot,LINK:buy Bitget / sell Gate,LINK,buy Bitget / sell Gate,Bitget<->Gate,-2.392535,-32.392535,NO,49.14,"{""buy_ask"":12.539,""buy_venue"":""Bitget"",""extra_buffer_bps"":10.0,""note"":""Discovery snapshot only; assumes capital pre-positioned on both venues. Rebalancing, withdrawal, latency and deeper-book impact are not yet validated."",""sell_bid"":12.536,""sell_venue"":""Gate"",""source"":""wide_cex_hunter"",""taker_fee_bps_per_leg"":10.0,""total_friction_bps"":30.0}"
2026-09-08T12:53:32+00:00,cex_cross_spot,LINK:buy Gate / sell Bitget,LINK,buy Gate / sell Bitget,Bitget<->Gate,0.000000,-30.000000,NO,103.23,"{""buy_ask"":12.537,""buy_venue"":""Gate"",""extra_buffer_bps"":10.0,""note"":""Discovery snapshot only; assumes capital pre-positioned on both venues. Rebalancing, withdrawal, latency and deeper-book impact are not yet validated."",""sell_bid"":12.537,""sell_venue"":""Bitget"",""source"":""wide_cex_hunter"",""taker_fee_bps_per_leg"":10.0,""total_friction_bps"":30.0}"
2026-09-08T12:53:32+00:00,cex_cross_spot,LTC:buy Bitget / sell Gate,LTC,buy Bitget / sell Gate,Bitget<->Gate,-5.412232,-35.412232,NO,230.85,"{""buy_ask"":55.43,""buy_venue"":""Bitget"",""extra_buffer_bps"":10.0,""note"":""Discovery snapshot only; assumes capital pre-positioned on both venues. Rebalancing, withdrawal, latency and deeper-book impact are not yet validated."",""sell_bid"":55.4,""sell_venue"":""Gate"",""source"":""wide_cex_hunter"",""taker_fee_bps_per_leg"":10.0,""total_friction_bps"":30.0}"
2026-09-08T12:53:32+00:00,cex_cross_spot,LTC:buy Gate / sell Bitget,LTC,buy Gate / sell Bitget,Bitget<->Gate,-1.804403,-31.804403,NO,970.35,"{""buy_ask"":55.42,""buy_venue"":""Gate"",""extra_buffer_bps"":10.0,""note"":""Discovery snapshot only; assumes capital pre-positioned on both venues. Rebalancing, withdrawal, latency and deeper-book impact are not yet validated."",""sell_bid"":55.41,""sell_venue"":""Bitget"",""source"":""wide_cex_hunter"",""taker_fee_bps_per_leg"":10.0,""total_friction_bps"":30.0}"
2026-09-08T12:53:32+00:00,cex_cross_spot,BCH:buy Bitget / sell Gate,BCH,buy Bitget / sell Gate,Bitget<->Gate,-7.803355,-37.803355,NO,130.61,"{""buy_ask"":256.3,""buy_venue"":""Bitget"",""extra_buffer_bps"":10.0,""note"":""Discovery snapshot only; assumes capital pre-positioned on both venues. Rebalancing, withdrawal, latency and deeper-book impact are not yet validated."",""sell_bid"":256.1,""sell_venue"":""Gate"",""source"":""wide_cex_hunter"",""taker_fee_bps_per_leg"":10.0,""total_friction_bps"":30.0}"
2026-09-08T12:53:32+00:00,cex_cross_spot,BCH:buy Gate / sell Bitget,BCH,buy Gate / sell Bitget,Bitget<->Gate,-6.241223,-36.241223,NO,4.36,"{""buy_ask"":256.36,""buy_venue"":""Gate"",""extra_buffer_bps"":10.0,""note"":""Discovery snapshot only; assumes capital pre-positioned on both venues. Rebalancing, withdrawal, latency and deeper-book impact are not yet validated."",""sell_bid"":256.2,""sell_venue"":""Bitget"",""source"":""wide_cex_hunter"",""taker_fee_bps_per_leg"":10.0,""total_friction_bps"":30.0}"
2026-09-08T12:53:32+00:00,cex_cross_spot,AVAX:buy Bitget / sell Gate,AVAX,buy Bitget / sell Gate,Bitget<->Gate,-2.485398,-32.485398,NO,113.13,"{""buy_ask"":8.047,""buy_venue"":""Bitget"",""extra_buffer_bps"":10.0,""note"":""Discovery snapshot only; assumes capital pre-positioned on both venues. Rebalancing, withdrawal, latency and deeper-book impact are not yet validated."",""sell_bid"":8.045,""sell_venue"":""Gate"",""source"":""wide_cex_hunter"",""taker_fee_bps_per_leg"":10.0,""total_friction_bps"":30.0}"
2026-09-08T12:53:32+00:00,cex_cross_spot,AVAX:buy Gate / sell Bitget,AVAX,buy Gate / sell Bitget,Bitget<->Gate,-1.242699,-31.242699,NO,274.27,"{""buy_ask"":8.047,""buy_venue"":""Gate"",""extra_buffer_bps"":10.0,""note"":""Discovery snapshot only; assumes capital pre-positioned on both venues. Rebalancing, withdrawal, latency and deeper-book impact are not yet validated."",""sell_bid"":8.046,""sell_venue"":""Bitget"",""source"":""wide_cex_hunter"",""taker_fee_bps_per_leg"":10.0,""total_friction_bps"":30.0}"
2026-09-08T12:53:32+00:00,cex_cross_spot,DOT:buy Bitget / sell Gate,DOT,buy Bitget / sell Gate,Bitget<->Gate,-5.494505,-35.494505,NO,74.65,"{""buy_ask"":1.092,""buy_venue"":""Bitget"",""extra_buffer_bps"":10.0,""note"":""Discovery snapshot only; assumes capital pre-positioned on both venues. Rebalancing, withdrawal, latency and deeper-book impact are not yet validated."",""sell_bid"":1.0914,""sell_venue"":""Gate"",""source"":""wide_cex_hunter"",""taker_fee_bps_per_leg"":10.0,""total_friction_bps"":30.0}"
2026-09-08T12:53:32+00:00,cex_cross_spot,DOT:buy Gate / sell Bitget,DOT,buy Gate / sell Bitget,Bitget<->Gate,-10.072338,-40.072338,NO,4.91,"{""buy_ask"":1.0921,""buy_venue"":""Gate"",""extra_buffer_bps"":10.0,""note"":""Discovery snapshot only; assumes capital pre-positioned on both venues. Rebalancing, withdrawal, latency and deeper-book impact are not yet validated."",""sell_bid"":1.091,""sell_venue"":""Bitget"",""source"":""wide_cex_hunter"",""taker_fee_bps_per_leg"":10.0,""total_friction_bps"":30.0}"
2026-09-08T12:53:32+00:00,cex_cross_spot,TRX:buy Bitget / sell Gate,TRX,buy Bitget / sell Gate,Bitget<->Gate,-1.770643,-31.770643,NO,59.66,"{""buy_ask"":0.33886,""buy_venue"":""Bitget"",""extra_buffer_bps"":10.0,""note"":""Discovery snapshot only; assumes capital pre-positioned on both venues. Rebalancing, withdrawal, latency and deeper-book impact are not yet validated."",""sell_bid"":0.3388,""sell_venue"":""Gate"",""source"":""wide_cex_hunter"",""taker_fee_bps_per_leg"":10.0,""total_friction_bps"":30.0}"
2026-09-08T12:53:32+00:00,cex_cross_spot,TRX:buy Gate / sell Bitget,TRX,buy Gate / sell Bitget,Bitget<->Gate,-1.475361,-31.475361,NO,5410.98,"{""buy_ask"":0.3389,""buy_venue"":""Gate"",""extra_buffer_bps"":10.0,""note"":""Discovery snapshot only; assumes capital pre-positioned on both venues. Rebalancing, withdrawal, latency and deeper-book impact are not yet validated."",""sell_bid"":0.33885,""sell_venue"":""Bitget"",""source"":""wide_cex_hunter"",""taker_fee_bps_per_leg"":10.0,""total_friction_bps"":30.0}"
2026-09-08T12:53:32+00:00,cex_cross_spot,SUI:buy Bitget / sell Gate,SUI,buy Bitget / sell Gate,Bitget<->Gate,1.227295,-28.772705,NO,18.11,"{""buy_ask"":0.8148,""buy_venue"":""Bitget"",""extra_buffer_bps"":10.0,""note"":""Discovery snapshot only; assumes capital pre-positioned on both venues. Rebalancing, withdrawal, latency and deeper-book impact are not yet validated."",""sell_bid"":0.8149,""sell_venue"":""Gate"",""source"":""wide_cex_hunter"",""taker_fee_bps_per_leg"":10.0,""total_friction_bps"":30.0}"
2026-09-08T12:53:32+00:00,cex_cross_spot,SUI:buy Gate / sell Bitget,SUI,buy Gate / sell Bitget,Bitget<->Gate,-3.680982,-33.680982,NO,145.60,"{""buy_ask"":0.815,""buy_venue"":""Gate"",""extra_buffer_bps"":10.0,""note"":""Discovery snapshot only; assumes capital pre-positioned on both venues. Rebalancing, withdrawal, latency and deeper-book impact are not yet validated."",""sell_bid"":0.8147,""sell_venue"":""Bitget"",""source"":""wide_cex_hunter"",""taker_fee_bps_per_leg"":10.0,""total_friction_bps"":30.0}"
2026-09-08T12:53:32+00:00,cex_cross_spot,APT:buy Bitget / sell Gate,APT,buy Bitget / sell Gate,Bitget<->Gate,-9.237875,-39.237875,NO,69.17,"{""buy_ask"":0.6495,""buy_venue"":""Bitget"",""extra_buffer_bps"":10.0,""note"":""Discovery snapshot only; assumes capital pre-positioned on both venues. Rebalancing, withdrawal, latency and deeper-book impact are not yet validated."",""sell_bid"":0.6489,""sell_venue"":""Gate"",""source"":""wide_cex_hunter"",""taker_fee_bps_per_leg"":10.0,""total_friction_bps"":30.0}"
2026-09-08T12:53:32+00:00,cex_cross_spot,APT:buy Gate / sell Bitget,APT,buy Gate / sell Bitget,Bitget<->Gate,-4.619649,-34.619649,NO,4.77,"{""buy_ask"":0.6494,""buy_venue"":""Gate"",""extra_buffer_bps"":10.0,""note"":""Discovery snapshot only; assumes capital pre-positioned on both venues. Rebalancing, withdrawal, latency and deeper-book impact are not yet validated."",""sell_bid"":0.6491,""sell_venue"":""Bitget"",""source"":""wide_cex_hunter"",""taker_fee_bps_per_leg"":10.0,""total_friction_bps"":30.0}"
2026-09-08T12:53:32+00:00,cex_cross_spot,NEAR:buy Bitget / sell Gate,NEAR,buy Bitget / sell Gate,Bitget<->Gate,-4.355401,-34.355401,NO,202.79,"{""buy_ask"":2.296,""buy_venue"":""Bitget"",""extra_buffer_bps"":10.0,""note"":""Discovery snapshot only; assumes capital pre-positioned on both venues. Rebalancing, withdrawal, latency and deeper-book impact are not yet validated."",""sell_bid"":2.295,""sell_venue"":""Gate"",""source"":""wide_cex_hunter"",""taker_fee_bps_per_leg"":10.0,""total_friction_bps"":30.0}"
2026-09-08T12:53:32+00:00,cex_cross_spot,NEAR:buy Gate / sell Bitget,NEAR,buy Gate / sell Bitget,Bitget<->Gate,-8.710801,-38.710801,NO,82.47,"{""buy_ask"":2.296,""buy_venue"":""Gate"",""extra_buffer_bps"":10.0,""note"":""Discovery snapshot only; assumes capital pre-positioned on both venues. Rebalancing, withdrawal, latency and deeper-book impact are not yet validated."",""sell_bid"":2.294,""sell_venue"":""Bitget"",""source"":""wide_cex_hunter"",""taker_fee_bps_per_leg"":10.0,""total_friction_bps"":30.0}"
2026-09-08T15:33:35+00:00,cex_cross_spot,BTC:buy Bitget / sell Gate,BTC,buy Bitget / sell Gate,Bitget<->Gate,0.708571,-29.291429,NO,20626.31,"{""buy_ask"":78467.74,""buy_venue"":""Bitget"",""extra_buffer_bps"":10.0,""note"":""Discovery snapshot only; assumes capital pre-positioned on both venues. Rebalancing, withdrawal, latency and deeper-book impact are not yet validated."",""sell_bid"":78473.3,""sell_venue"":""Gate"",""source"":""wide_cex_hunter"",""taker_fee_bps_per_leg"":10.0,""total_friction_bps"":30.0}"
2026-09-08T15:33:35+00:00,cex_cross_spot,BTC:buy Gate / sell Bitget,BTC,buy Gate / sell Bitget,Bitget<->Gate,-0.722538,-30.722538,NO,9652.31,"{""buy_ask"":78473.4,""buy_venue"":""Gate"",""extra_buffer_bps"":10.0,""note"":""Discovery snapshot only; assumes capital pre-positioned on both venues. Rebalancing, withdrawal, latency and deeper-book impact are not yet validated."",""sell_bid"":78467.73,""sell_venue"":""Bitget"",""source"":""wide_cex_hunter"",""taker_fee_bps_per_leg"":10.0,""total_friction_bps"":30.0}"
2026-09-08T15:33:35+00:00,cex_cross_spot,ETH:buy Bitget / sell Gate,ETH,buy Bitget / sell Gate,Bitget<->Gate,-1.247666,-31.247666,NO,17935.87,"{""buy_ask"":2484.64,""buy_venue"":""Bitget"",""extra_buffer_bps"":10.0,""note"":""Discovery snapshot only; assumes capital pre-positioned on both venues. Rebalancing, withdrawal, latency and deeper-book impact are not yet validated."",""sell_bid"":2484.33,""sell_venue"":""Gate"",""source"":""wide_cex_hunter"",""taker_fee_bps_per_leg"":10.0,""total_friction_bps"":30.0}"
2026-09-08T15:33:35+00:00,cex_cross_spot,ETH:buy Gate / sell Bitget,ETH,buy Gate / sell Bitget,Bitget<->Gate,1.167312,-28.832688,NO,14.91,"{""buy_ask"":2484.34,""buy_venue"":""Gate"",""extra_buffer_bps"":10.0,""note"":""Discovery snapshot only; assumes capital pre-positioned on both venues. Rebalancing, withdrawal, latency and deeper-book impact are not yet validated."",""sell_bid"":2484.63,""sell_venue"":""Bitget"",""source"":""wide_cex_hunter"",""taker_fee_bps_per_leg"":10.0,""total_friction_bps"":30.0}"
2026-09-08T15:33:35+00:00,cex_cross_spot,SOL:buy Bitget / sell Gate,SOL,buy Bitget / sell Gate,Bitget<->Gate,0.000000,-30.000000,NO,784.25,"{""buy_ask"":103.49,""buy_venue"":""Bitget"",""extra_buffer_bps"":10.0,""note"":""Discovery snapshot only; assumes capital pre-positioned on both venues. Rebalancing, withdrawal, latency and deeper-book impact are not yet validated."",""sell_bid"":103.49,""sell_venue"":""Gate"",""source"":""wide_cex_hunter"",""taker_fee_bps_per_leg"":10.0,""total_friction_bps"":30.0}"
2026-09-08T15:33:35+00:00,cex_cross_spot,SOL:buy Gate / sell Bitget,SOL,buy Gate / sell Bitget,Bitget<->Gate,-1.932367,-31.932367,NO,1069.57,"{""buy_ask"":103.5,""buy_venue"":""Gate"",""extra_buffer_bps"":10.0,""note"":""Discovery snapshot only; assumes capital pre-positioned on both venues. Rebalancing, withdrawal, latency and deeper-book impact are not yet validated."",""sell_bid"":103.48,""sell_venue"":""Bitget"",""source"":""wide_cex_hunter"",""taker_fee_bps_per_leg"":10.0,""total_friction_bps"":30.0}"
2026-09-08T15:33:35+00:00,cex_cross_spot,XRP:buy Bitget / sell Gate,XRP,buy Bitget / sell Gate,Bitget<->Gate,-2.120591,-32.120591,NO,759.67,"{""buy_ask"":1.4147,""buy_venue"":""Bitget"",""extra_buffer_bps"":10.0,""note"":""Discovery snapshot only; assumes capital pre-positioned on both venues. Rebalancing, withdrawal, latency and deeper-book impact are not yet validated."",""sell_bid"":1.4144,""sell_venue"":""Gate"",""source"":""wide_cex_hunter"",""taker_fee_bps_per_leg"":10.0,""total_friction_bps"":30.0}"
2026-09-08T15:33:35+00:00,cex_cross_spot,XRP:buy Gate / sell Bitget,XRP,buy Gate / sell Bitget,Bitget<->Gate,0.706964,-29.293036,NO,750.11,"{""buy_ask"":1.4145,""buy_venue"":""Gate"",""extra_buffer_bps"":10.0,""note"":""Discovery snapshot only; assumes capital pre-positioned on both venues. Rebalancing, withdrawal, latency and deeper-book impact are not yet validated."",""sell_bid"":1.4146,""sell_venue"":""Bitget"",""source"":""wide_cex_hunter"",""taker_fee_bps_per_leg"":10.0,""total_friction_bps"":30.0}"
2026-09-08T15:33:35+00:00,cex_cross_spot,DOGE:buy Bitget / sell Gate,DOGE,buy Bitget / sell Gate,Bitget<->Gate,-4.440990,-34.440990,NO,298.08,"{""buy_ask"":0.09007,""buy_venue"":""Bitget"",""extra_buffer_bps"":10.0,""note"":""Discovery snapshot only; assumes capital pre-positioned on both venues. Rebalancing, withdrawal, latency and deeper-book impact are not yet validated."",""sell_bid"":0.09003,""sell_venue"":""Gate"",""source"":""wide_cex_hunter"",""taker_fee_bps_per_leg"":10.0,""total_friction_bps"":30.0}"
2026-09-08T15:33:35+00:00,cex_cross_spot,DOGE:buy Gate / sell Bitget,DOGE,buy Gate / sell Bitget,Bitget<->Gate,2.221235,-27.778765,NO,715.15,"{""buy_ask"":0.09004,""buy_venue"":""Gate"",""extra_buffer_bps"":10.0,""note"":""Discovery snapshot only; assumes capital pre-positioned on both venues. Rebalancing, withdrawal, latency and deeper-book impact are not yet validated."",""sell_bid"":0.09006,""sell_venue"":""Bitget"",""source"":""wide_cex_hunter"",""taker_fee_bps_per_leg"":10.0,""total_friction_bps"":30.0}"
2026-09-08T15:33:35+00:00,cex_cross_spot,ADA:buy Bitget / sell Gate,ADA,buy Bitget / sell Gate,Bitget<->Gate,-4.385965,-34.385965,NO,94.58,"{""buy_ask"":0.228,""buy_venue"":""Bitget"",""extra_buffer_bps"":10.0,""note"":""Discovery snapshot only; assumes capital pre-positioned on both venues. Rebalancing, withdrawal, latency and deeper-book impact are not yet validated."",""sell_bid"":0.2279,""sell_venue"":""Gate"",""source"":""wide_cex_hunter"",""taker_fee_bps_per_leg"":10.0,""total_friction_bps"":30.0}"
2026-09-08T15:33:35+00:00,cex_cross_spot,ADA:buy Gate / sell Bitget,ADA,buy Gate / sell Bitget,Bitget<->Gate,-4.385965,-34.385965,NO,230.51,"{""buy_ask"":0.228,""buy_venue"":""Gate"",""extra_buffer_bps"":10.0,""note"":""Discovery snapshot only; assumes capital pre-positioned on both venues. Rebalancing, withdrawal, latency and deeper-book impact are not yet validated."",""sell_bid"":0.2279,""sell_venue"":""Bitget"",""source"":""wide_cex_hunter"",""taker_fee_bps_per_leg"":10.0,""total_friction_bps"":30.0}"
2026-09-08T15:33:35+00:00,cex_cross_spot,LINK:buy Bitget / sell Gate,LINK,buy Bitget / sell Gate,Bitget<->Gate,1.584284,-28.415716,NO,13.87,"{""buy_ask"":12.624,""buy_venue"":""Bitget"",""extra_buffer_bps"":10.0,""note"":""Discovery snapshot only; assumes capital pre-positioned on both venues. Rebalancing, withdrawal, latency and deeper-book impact are not yet validated."",""sell_bid"":12.626,""sell_venue"":""Gate"",""source"":""wide_cex_hunter"",""taker_fee_bps_per_leg"":10.0,""total_friction_bps"":30.0}"
2026-09-08T15:33:35+00:00,cex_cross_spot,LINK:buy Gate / sell Bitget,LINK,buy Gate / sell Bitget,Bitget<->Gate,-3.959455,-33.959455,NO,134.49,"{""buy_ask"":12.628,""buy_venue"":""Gate"",""extra_buffer_bps"":10.0,""note"":""Discovery snapshot only; assumes capital pre-positioned on both venues. Rebalancing, withdrawal, latency and deeper-book impact are not yet validated."",""sell_bid"":12.623,""sell_venue"":""Bitget"",""source"":""wide_cex_hunter"",""taker_fee_bps_per_leg"":10.0,""total_friction_bps"":30.0}"
2026-09-08T15:33:35+00:00,cex_cross_spot,LTC:buy Bitget / sell Gate,LTC,buy Bitget / sell Gate,Bitget<->Gate,-7.267442,-37.267442,NO,123.75,"{""buy_ask"":55.04,""buy_venue"":""Bitget"",""extra_buffer_bps"":10.0,""note"":""Discovery snapshot only; assumes capital pre-positioned on both venues. Rebalancing, withdrawal, latency and deeper-book impact are not yet validated."",""sell_bid"":55.0,""sell_venue"":""Gate"",""source"":""wide_cex_hunter"",""taker_fee_bps_per_leg"":10.0,""total_friction_bps"":30.0}"
2026-09-08T15:33:35+00:00,cex_cross_spot,LTC:buy Gate / sell Bitget,LTC,buy Gate / sell Bitget,Bitget<->Gate,0.000000,-30.000000,NO,144.26,"{""buy_ask"":55.02,""buy_venue"":""Gate"",""extra_buffer_bps"":10.0,""note"":""Discovery snapshot only; assumes capital pre-positioned on both venues. Rebalancing, withdrawal, latency and deeper-book impact are not yet validated."",""sell_bid"":55.02,""sell_venue"":""Bitget"",""source"":""wide_cex_hunter"",""taker_fee_bps_per_leg"":10.0,""total_friction_bps"":30.0}"
2026-09-08T15:33:35+00:00,cex_cross_spot,BCH:buy Bitget / sell Gate,BCH,buy Bitget / sell Gate,Bitget<->Gate,-6.625097,-36.625097,NO,261.05,"{""buy_ask"":256.6,""buy_venue"":""Bitget"",""extra_buffer_bps"":10.0,""note"":""Discovery snapshot only; assumes capital pre-positioned on both venues. Rebalancing, withdrawal, latency and deeper-book impact are not yet validated."",""sell_bid"":256.43,""sell_venue"":""Gate"",""source"":""wide_cex_hunter"",""taker_fee_bps_per_leg"":10.0,""total_friction_bps"":30.0}"
2026-09-08T15:33:35+00:00,cex_cross_spot,BCH:buy Gate / sell Bitget,BCH,buy Gate / sell Bitget,Bitget<->Gate,-5.065659,-35.065659,NO,12.32,"{""buy_ask"":256.63,""buy_venue"":""Gate"",""extra_buffer_bps"":10.0,""note"":""Discovery snapshot only; assumes capital pre-positioned on both venues. Rebalancing, withdrawal, latency and deeper-book impact are not yet validated."",""sell_bid"":256.5,""sell_venue"":""Bitget"",""source"":""wide_cex_hunter"",""taker_fee_bps_per_leg"":10.0,""total_friction_bps"":30.0}"
2026-09-08T15:33:35+00:00,cex_cross_spot,AVAX:buy Bitget / sell Gate,AVAX,buy Bitget / sell Gate,Bitget<->Gate,-1.241311,-31.241311,NO,113.27,"{""buy_ask"":8.056,""buy_venue"":""Bitget"",""extra_buffer_bps"":10.0,""note"":""Discovery snapshot only; assumes capital pre-positioned on both venues. Rebalancing, withdrawal, latency and deeper-book impact are not yet validated."",""sell_bid"":8.055,""sell_venue"":""Gate"",""source"":""wide_cex_hunter"",""taker_fee_bps_per_leg"":10.0,""total_friction_bps"":30.0}"
2026-09-08T15:33:35+00:00,cex_cross_spot,AVAX:buy Gate / sell Bitget,AVAX,buy Gate / sell Bitget,Bitget<->Gate,-2.482314,-32.482314,NO,121.15,"{""buy_ask"":8.057,""buy_venue"":""Gate"",""extra_buffer_bps"":10.0,""note"":""Discovery snapshot only; assumes capital pre-positioned on both venues. Rebalancing, withdrawal, latency and deeper-book impact are not yet validated."",""sell_bid"":8.055,""sell_venue"":""Bitget"",""source"":""wide_cex_hunter"",""taker_fee_bps_per_leg"":10.0,""total_friction_bps"":30.0}"
2026-09-08T15:33:35+00:00,cex_cross_spot,DOT:buy Bitget / sell Gate,DOT,buy Bitget / sell Gate,Bitget<->Gate,0.000000,-30.000000,NO,5.97,"{""buy_ask"":1.17,""buy_venue"":""Bitget"",""extra_buffer_bps"":10.0,""note"":""Discovery snapshot only; assumes capital pre-positioned on both venues. Rebalancing, withdrawal, latency and deeper-book impact are not yet validated."",""sell_bid"":1.17,""sell_venue"":""Gate"",""source"":""wide_cex_hunter"",""taker_fee_bps_per_leg"":10.0,""total_friction_bps"":30.0}"
2026-09-08T15:33:35+00:00,cex_cross_spot,DOT:buy Gate / sell Bitget,DOT,buy Gate / sell Bitget,Bitget<->Gate,-13.668204,-43.668204,NO,53.61,"{""buy_ask"":1.1706,""buy_venue"":""Gate"",""extra_buffer_bps"":10.0,""note"":""Discovery snapshot only; assumes capital pre-positioned on both venues. Rebalancing, withdrawal, latency and deeper-book impact are not yet validated."",""sell_bid"":1.169,""sell_venue"":""Bitget"",""source"":""wide_cex_hunter"",""taker_fee_bps_per_leg"":10.0,""total_friction_bps"":30.0}"
2026-09-08T15:33:35+00:00,cex_cross_spot,TRX:buy Bitget / sell Gate,TRX,buy Bitget / sell Gate,Bitget<->Gate,-0.884617,-30.884617,NO,37.69,"{""buy_ask"":0.33913,""buy_venue"":""Bitget"",""extra_buffer_bps"":10.0,""note"":""Discovery snapshot only; assumes capital pre-positioned on both venues. Rebalancing, withdrawal, latency and deeper-book impact are not yet validated."",""sell_bid"":0.3391,""sell_venue"":""Gate"",""source"":""wide_cex_hunter"",""taker_fee_bps_per_leg"":10.0,""total_friction_bps"":30.0}"
2026-09-08T15:33:35+00:00,cex_cross_spot,TRX:buy Gate / sell Bitget,TRX,buy Gate / sell Bitget,Bitget<->Gate,-2.358491,-32.358491,NO,5471.18,"{""buy_ask"":0.3392,""buy_venue"":""Gate"",""extra_buffer_bps"":10.0,""note"":""Discovery snapshot only; assumes capital pre-positioned on both venues. Rebalancing, withdrawal, latency and deeper-book impact are not yet validated."",""sell_bid"":0.33912,""sell_venue"":""Bitget"",""source"":""wide_cex_hunter"",""taker_fee_bps_per_leg"":10.0,""total_friction_bps"":30.0}"
2026-09-08T15:33:35+00:00,cex_cross_spot,SUI:buy Bitget / sell Gate,SUI,buy Bitget / sell Gate,Bitget<->Gate,2.433386,-27.566614,NO,198.78,"{""buy_ask"":0.8219,""buy_venue"":""Bitget"",""extra_buffer_bps"":10.0,""note"":""Discovery snapshot only; assumes capital pre-positioned on both venues. Rebalancing, withdrawal, latency and deeper-book impact are not yet validated."",""sell_bid"":0.8221,""sell_venue"":""Gate"",""source"":""wide_cex_hunter"",""taker_fee_bps_per_leg"":10.0,""total_friction_bps"":30.0}"
2026-09-08T15:33:35+00:00,cex_cross_spot,SUI:buy Gate / sell Bitget,SUI,buy Gate / sell Bitget,Bitget<->Gate,-6.081245,-36.081245,NO,37.90,"{""buy_ask"":0.8222,""buy_venue"":""Gate"",""extra_buffer_bps"":10.0,""note"":""Discovery snapshot only; assumes capital pre-positioned on both venues. Rebalancing, withdrawal, latency and deeper-book impact are not yet validated."",""sell_bid"":0.8217,""sell_venue"":""Bitget"",""source"":""wide_cex_hunter"",""taker_fee_bps_per_leg"":10.0,""total_friction_bps"":30.0}"
2026-09-08T15:33:35+00:00,cex_cross_spot,APT:buy Bitget / sell Gate,APT,buy Bitget / sell Gate,Bitget<->Gate,-6.075334,-36.075334,NO,73.14,"{""buy_ask"":0.6584,""buy_venue"":""Bitget"",""extra_buffer_bps"":10.0,""note"":""Discovery snapshot only; assumes capital pre-positioned on both venues. Rebalancing, withdrawal, latency and deeper-book impact are not yet validated."",""sell_bid"":0.658,""sell_venue"":""Gate"",""source"":""wide_cex_hunter"",""taker_fee_bps_per_leg"":10.0,""total_friction_bps"":30.0}"
2026-09-08T15:33:35+00:00,cex_cross_spot,APT:buy Gate / sell Bitget,APT,buy Gate / sell Bitget,Bitget<->Gate,-4.555809,-34.555809,NO,73.13,"{""buy_ask"":0.6585,""buy_venue"":""Gate"",""extra_buffer_bps"":10.0,""note"":""Discovery snapshot only; assumes capital pre-positioned on both venues. Rebalancing, withdrawal, latency and deeper-book impact are not yet validated."",""sell_bid"":0.6582,""sell_venue"":""Bitget"",""source"":""wide_cex_hunter"",""taker_fee_bps_per_leg"":10.0,""total_friction_bps"":30.0}"
2026-09-08T15:33:35+00:00,cex_cross_spot,NEAR:buy Bitget / sell Gate,NEAR,buy Bitget / sell Gate,Bitget<->Gate,-4.149378,-34.149378,NO,1232.79,"{""buy_ask"":2.41,""buy_venue"":""Bitget"",""extra_buffer_bps"":10.0,""note"":""Discovery snapshot only; assumes capital pre-positioned on both venues. Rebalancing, withdrawal, latency and deeper-book impact are not yet validated."",""sell_bid"":2.409,""sell_venue"":""Gate"",""source"":""wide_cex_hunter"",""taker_fee_bps_per_leg"":10.0,""total_friction_bps"":30.0}"
2026-09-08T15:33:35+00:00,cex_cross_spot,NEAR:buy Gate / sell Bitget,NEAR,buy Gate / sell Bitget,Bitget<->Gate,-8.295313,-38.295313,NO,27.97,"{""buy_ask"":2.411,""buy_venue"":""Gate"",""extra_buffer_bps"":10.0,""note"":""Discovery snapshot only; assumes capital pre-positioned on both venues. Rebalancing, withdrawal, latency and deeper-book impact are not yet validated."",""sell_bid"":2.409,""sell_venue"":""Bitget"",""source"":""wide_cex_hunter"",""taker_fee_bps_per_leg"":10.0,""total_friction_bps"":30.0}"
2026-09-08T16:14:44+00:00,cex_cross_spot,BTC:buy Bitget / sell Gate,BTC,buy Bitget / sell Gate,Bitget<->Gate,0.254307,-29.745693,NO,1059.35,"{""buy_ask"":78645.0,""buy_venue"":""Bitget"",""extra_buffer_bps"":10.0,""note"":""Discovery snapshot only; assumes capital pre-positioned on both venues. Rebalancing, withdrawal, latency and deeper-book impact are not yet validated."",""sell_bid"":78647.0,""sell_venue"":""Gate"",""source"":""wide_cex_hunter"",""taker_fee_bps_per_leg"":10.0,""total_friction_bps"":30.0}"
2026-09-08T16:14:44+00:00,cex_cross_spot,BTC:buy Gate / sell Bitget,BTC,buy Gate / sell Bitget,Bitget<->Gate,-0.268287,-30.268287,NO,3591.42,"{""buy_ask"":78647.1,""buy_venue"":""Gate"",""extra_buffer_bps"":10.0,""note"":""Discovery snapshot only; assumes capital pre-positioned on both venues. Rebalancing, withdrawal, latency and deeper-book impact are not yet validated."",""sell_bid"":78644.99,""sell_venue"":""Bitget"",""source"":""wide_cex_hunter"",""taker_fee_bps_per_leg"":10.0,""total_friction_bps"":30.0}"
2026-09-08T16:14:44+00:00,cex_cross_spot,ETH:buy Bitget / sell Gate,ETH,buy Bitget / sell Gate,Bitget<->Gate,0.000000,-30.000000,NO,10046.19,"{""buy_ask"":2490.01,""buy_venue"":""Bitget"",""extra_buffer_bps"":10.0,""note"":""Discovery snapshot only; assumes capital pre-positioned on both venues. Rebalancing, withdrawal, latency and deeper-book impact are not yet validated."",""sell_bid"":2490.01,""sell_venue"":""Gate"",""source"":""wide_cex_hunter"",""taker_fee_bps_per_leg"":10.0,""total_friction_bps"":30.0}"
2026-09-08T16:14:44+00:00,cex_cross_spot,ETH:buy Gate / sell Bitget,ETH,buy Gate / sell Bitget,Bitget<->Gate,-0.080321,-30.080321,NO,11958.07,"{""buy_ask"":2490.02,""buy_venue"":""Gate"",""extra_buffer_bps"":10.0,""note"":""Discovery snapshot only; assumes capital pre-positioned on both venues. Rebalancing, withdrawal, latency and deeper-book impact are not yet validated."",""sell_bid"":2490.0,""sell_venue"":""Bitget"",""source"":""wide_cex_hunter"",""taker_fee_bps_per_leg"":10.0,""total_friction_bps"":30.0}"
2026-09-08T16:14:44+00:00,cex_cross_spot,SOL:buy Bitget / sell Gate,SOL,buy Bitget / sell Gate,Bitget<->Gate,-0.963855,-30.963855,NO,10884.40,"{""buy_ask"":103.75,""buy_venue"":""Bitget"",""extra_buffer_bps"":10.0,""note"":""Discovery snapshot only; assumes capital pre-positioned on both venues. Rebalancing, withdrawal, latency and deeper-book impact are not yet validated."",""sell_bid"":103.74,""sell_venue"":""Gate"",""source"":""wide_cex_hunter"",""taker_fee_bps_per_leg"":10.0,""total_friction_bps"":30.0}"
2026-09-08T16:14:44+00:00,cex_cross_spot,SOL:buy Gate / sell Bitget,SOL,buy Gate / sell Bitget,Bitget<->Gate,-0.963855,-30.963855,NO,1693.51,"{""buy_ask"":103.75,""buy_venue"":""Gate"",""extra_buffer_bps"":10.0,""note"":""Discovery snapshot only; assumes capital pre-positioned on both venues. Rebalancing, withdrawal, latency and deeper-book impact are not yet validated."",""sell_bid"":103.74,""sell_venue"":""Bitget"",""source"":""wide_cex_hunter"",""taker_fee_bps_per_leg"":10.0,""total_friction_bps"":30.0}"
2026-09-08T16:14:44+00:00,cex_cross_spot,XRP:buy Bitget / sell Gate,XRP,buy Bitget / sell Gate,Bitget<->Gate,-2.796812,-32.796812,NO,125.82,"{""buy_ask"":1.4302,""buy_venue"":""Bitget"",""extra_buffer_bps"":10.0,""note"":""Discovery snapshot only; assumes capital pre-positioned on both venues. Rebalancing, withdrawal, latency and deeper-book impact are not yet validated."",""sell_bid"":1.4298,""sell_venue"":""Gate"",""source"":""wide_cex_hunter"",""taker_fee_bps_per_leg"":10.0,""total_friction_bps"":30.0}"
2026-09-08T16:14:44+00:00,cex_cross_spot,XRP:buy Gate / sell Bitget,XRP,buy Gate / sell Bitget,Bitget<->Gate,1.398699,-28.601301,NO,512.87,"{""buy_ask"":1.4299,""buy_venue"":""Gate"",""extra_buffer_bps"":10.0,""note"":""Discovery snapshot only; assumes capital pre-positioned on both venues. Rebalancing, withdrawal, latency and deeper-book impact are not yet validated."",""sell_bid"":1.4301,""sell_venue"":""Bitget"",""source"":""wide_cex_hunter"",""taker_fee_bps_per_leg"":10.0,""total_friction_bps"":30.0}"
2026-09-08T16:14:44+00:00,cex_cross_spot,DOGE:buy Bitget / sell Gate,DOGE,buy Bitget / sell Gate,Bitget<->Gate,-1.109755,-31.109755,NO,241.63,"{""buy_ask"":0.09011,""buy_venue"":""Bitget"",""extra_buffer_bps"":10.0,""note"":""Discovery snapshot only; assumes capital pre-positioned on both venues. Rebalancing, withdrawal, latency and deeper-book impact are not yet validated."",""sell_bid"":0.0901,""sell_venue"":""Gate"",""source"":""wide_cex_hunter"",""taker_fee_bps_per_leg"":10.0,""total_friction_bps"":30.0}"
2026-09-08T16:14:44+00:00,cex_cross_spot,DOGE:buy Gate / sell Bitget,DOGE,buy Gate / sell Bitget,Bitget<->Gate,-1.109755,-31.109755,NO,90.44,"{""buy_ask"":0.09011,""buy_venue"":""Gate"",""extra_buffer_bps"":10.0,""note"":""Discovery snapshot only; assumes capital pre-positioned on both venues. Rebalancing, withdrawal, latency and deeper-book impact are not yet validated."",""sell_bid"":0.0901,""sell_venue"":""Bitget"",""source"":""wide_cex_hunter"",""taker_fee_bps_per_leg"":10.0,""total_friction_bps"":30.0}"
2026-09-08T16:14:44+00:00,cex_cross_spot,ADA:buy Bitget / sell Gate,ADA,buy Bitget / sell Gate,Bitget<->Gate,-3.921569,-33.921569,NO,2.52,"{""buy_ask"":0.2295,""buy_venue"":""Bitget"",""extra_buffer_bps"":10.0,""note"":""Discovery snapshot only; assumes capital pre-positioned on both venues. Rebalancing, withdrawal, latency and deeper-book impact are not yet validated."",""sell_bid"":0.22941,""sell_venue"":""Gate"",""source"":""wide_cex_hunter"",""taker_fee_bps_per_leg"":10.0,""total_friction_bps"":30.0}"
2026-09-08T16:14:44+00:00,cex_cross_spot,ADA:buy Gate / sell Bitget,ADA,buy Gate / sell Bitget,Bitget<->Gate,-2.179124,-32.179124,NO,51.15,"{""buy_ask"":0.22945,""buy_venue"":""Gate"",""extra_buffer_bps"":10.0,""note"":""Discovery snapshot only; assumes capital pre-positioned on both venues. Rebalancing, withdrawal, latency and deeper-book impact are not yet validated."",""sell_bid"":0.2294,""sell_venue"":""Bitget"",""source"":""wide_cex_hunter"",""taker_fee_bps_per_leg"":10.0,""total_friction_bps"":30.0}"
2026-09-08T16:14:44+00:00,cex_cross_spot,LINK:buy Bitget / sell Gate,LINK,buy Bitget / sell Gate,Bitget<->Gate,-3.950695,-33.950695,NO,436.97,"{""buy_ask"":12.656,""buy_venue"":""Bitget"",""extra_buffer_bps"":10.0,""note"":""Discovery snapshot only; assumes capital pre-positioned on both venues. Rebalancing, withdrawal, latency and deeper-book impact are not yet validated."",""sell_bid"":12.651,""sell_venue"":""Gate"",""source"":""wide_cex_hunter"",""taker_fee_bps_per_leg"":10.0,""total_friction_bps"":30.0}"
2026-09-08T16:14:44+00:00,cex_cross_spot,LINK:buy Gate / sell Bitget,LINK,buy Gate / sell Bitget,Bitget<->Gate,0.790326,-29.209674,NO,73.04,"{""buy_ask"":12.653,""buy_venue"":""Gate"",""extra_buffer_bps"":10.0,""note"":""Discovery snapshot only; assumes capital pre-positioned on both venues. Rebalancing, withdrawal, latency and deeper-book impact are not yet validated."",""sell_bid"":12.654,""sell_venue"":""Bitget"",""source"":""wide_cex_hunter"",""taker_fee_bps_per_leg"":10.0,""total_friction_bps"":30.0}"
2026-09-08T16:14:44+00:00,cex_cross_spot,LTC:buy Bitget / sell Gate,LTC,buy Bitget / sell Gate,Bitget<->Gate,-7.312614,-37.312614,NO,594.54,"{""buy_ask"":54.7,""buy_venue"":""Bitget"",""extra_buffer_bps"":10.0,""note"":""Discovery snapshot only; assumes capital pre-positioned on both venues. Rebalancing, withdrawal, latency and deeper-book impact are not yet validated."",""sell_bid"":54.66,""sell_venue"":""Gate"",""source"":""wide_cex_hunter"",""taker_fee_bps_per_leg"":10.0,""total_friction_bps"":30.0}"
2026-09-08T16:14:44+00:00,cex_cross_spot,LTC:buy Gate / sell Bitget,LTC,buy Gate / sell Bitget,Bitget<->Gate,0.000000,-30.000000,NO,1052.75,"{""buy_ask"":54.68,""buy_venue"":""Gate"",""extra_buffer_bps"":10.0,""note"":""Discovery snapshot only; assumes capital pre-positioned on both venues. Rebalancing, withdrawal, latency and deeper-book impact are not yet validated."",""sell_bid"":54.68,""sell_venue"":""Bitget"",""source"":""wide_cex_hunter"",""taker_fee_bps_per_leg"":10.0,""total_friction_bps"":30.0}"
2026-09-08T16:14:44+00:00,cex_cross_spot,BCH:buy Bitget / sell Gate,BCH,buy Bitget / sell Gate,Bitget<->Gate,-4.642166,-34.642166,NO,571.02,"{""buy_ask"":258.5,""buy_venue"":""Bitget"",""extra_buffer_bps"":10.0,""note"":""Discovery snapshot only; assumes capital pre-positioned on both venues. Rebalancing, withdrawal, latency and deeper-book impact are not yet validated."",""sell_bid"":258.38,""sell_venue"":""Gate"",""source"":""wide_cex_hunter"",""taker_fee_bps_per_leg"":10.0,""total_friction_bps"":30.0}"
2026-09-08T16:14:44+00:00,cex_cross_spot,BCH:buy Gate / sell Bitget,BCH,buy Gate / sell Bitget,Bitget<->Gate,-9.282896,-39.282896,NO,150.73,"{""buy_ask"":258.54,""buy_venue"":""Gate"",""extra_buffer_bps"":10.0,""note"":""Discovery snapshot only; assumes capital pre-positioned on both venues. Rebalancing, withdrawal, latency and deeper-book impact are not yet validated."",""sell_bid"":258.3,""sell_venue"":""Bitget"",""source"":""wide_cex_hunter"",""taker_fee_bps_per_leg"":10.0,""total_friction_bps"":30.0}"
2026-09-08T16:14:44+00:00,cex_cross_spot,AVAX:buy Bitget / sell Gate,AVAX,buy Bitget / sell Gate,Bitget<->Gate,-2.488491,-32.488491,NO,166.20,"{""buy_ask"":8.037,""buy_venue"":""Bitget"",""extra_buffer_bps"":10.0,""note"":""Discovery snapshot only; assumes capital pre-positioned on both venues. Rebalancing, withdrawal, latency and deeper-book impact are not yet validated."",""sell_bid"":8.035,""sell_venue"":""Gate"",""source"":""wide_cex_hunter"",""taker_fee_bps_per_leg"":10.0,""total_friction_bps"":30.0}"
2026-09-08T16:14:44+00:00,cex_cross_spot,AVAX:buy Gate / sell Bitget,AVAX,buy Gate / sell Bitget,Bitget<->Gate,0.000000,-30.000000,NO,30.30,"{""buy_ask"":8.036,""buy_venue"":""Gate"",""extra_buffer_bps"":10.0,""note"":""Discovery snapshot only; assumes capital pre-positioned on both venues. Rebalancing, withdrawal, latency and deeper-book impact are not yet validated."",""sell_bid"":8.036,""sell_venue"":""Bitget"",""source"":""wide_cex_hunter"",""taker_fee_bps_per_leg"":10.0,""total_friction_bps"":30.0}"
2026-09-08T16:14:44+00:00,cex_cross_spot,DOT:buy Bitget / sell Gate,DOT,buy Bitget / sell Gate,Bitget<->Gate,-3.381234,-33.381234,NO,150.51,"{""buy_ask"":1.183,""buy_venue"":""Bitget"",""extra_buffer_bps"":10.0,""note"":""Discovery snapshot only; assumes capital pre-positioned on both venues. Rebalancing, withdrawal, latency and deeper-book impact are not yet validated."",""sell_bid"":1.1826,""sell_venue"":""Gate"",""source"":""wide_cex_hunter"",""taker_fee_bps_per_leg"":10.0,""total_friction_bps"":30.0}"
2026-09-08T16:14:44+00:00,cex_cross_spot,DOT:buy Gate / sell Bitget,DOT,buy Gate / sell Bitget,Bitget<->Gate,-10.986225,-40.986225,NO,118.33,"{""buy_ask"":1.1833,""buy_venue"":""Gate"",""extra_buffer_bps"":10.0,""note"":""Discovery snapshot only; assumes capital pre-positioned on both venues. Rebalancing, withdrawal, latency and deeper-book impact are not yet validated."",""sell_bid"":1.182,""sell_venue"":""Bitget"",""source"":""wide_cex_hunter"",""taker_fee_bps_per_leg"":10.0,""total_friction_bps"":30.0}"
2026-09-08T16:14:44+00:00,cex_cross_spot,TRX:buy Bitget / sell Gate,TRX,buy Bitget / sell Gate,Bitget<->Gate,-2.357934,-32.357934,NO,366.42,"{""buy_ask"":0.33928,""buy_venue"":""Bitget"",""extra_buffer_bps"":10.0,""note"":""Discovery snapshot only; assumes capital pre-positioned on both venues. Rebalancing, withdrawal, latency and deeper-book impact are not yet validated."",""sell_bid"":0.3392,""sell_venue"":""Gate"",""source"":""wide_cex_hunter"",""taker_fee_bps_per_leg"":10.0,""total_friction_bps"":30.0}"
2026-09-08T16:14:44+00:00,cex_cross_spot,TRX:buy Gate / sell Bitget,TRX,buy Gate / sell Bitget,Bitget<->Gate,-0.884173,-30.884173,NO,1146.26,"{""buy_ask"":0.3393,""buy_venue"":""Gate"",""extra_buffer_bps"":10.0,""note"":""Discovery snapshot only; assumes capital pre-positioned on both venues. Rebalancing, withdrawal, latency and deeper-book impact are not yet validated."",""sell_bid"":0.33927,""sell_venue"":""Bitget"",""source"":""wide_cex_hunter"",""taker_fee_bps_per_leg"":10.0,""total_friction_bps"":30.0}"
2026-09-08T16:14:44+00:00,cex_cross_spot,SUI:buy Bitget / sell Gate,SUI,buy Bitget / sell Gate,Bitget<->Gate,-2.435460,-32.435460,NO,141.75,"{""buy_ask"":0.8212,""buy_venue"":""Bitget"",""extra_buffer_bps"":10.0,""note"":""Discovery snapshot only; assumes capital pre-positioned on both venues. Rebalancing, withdrawal, latency and deeper-book impact are not yet validated."",""sell_bid"":0.821,""sell_venue"":""Gate"",""source"":""wide_cex_hunter"",""taker_fee_bps_per_leg"":10.0,""total_friction_bps"":30.0}"
2026-09-08T16:14:44+00:00,cex_cross_spot,SUI:buy Gate / sell Bitget,SUI,buy Gate / sell Bitget,Bitget<->Gate,0.000000,-30.000000,NO,118.96,"{""buy_ask"":0.8211,""buy_venue"":""Gate"",""extra_buffer_bps"":10.0,""note"":""Discovery snapshot only; assumes capital pre-positioned on both venues. Rebalancing, withdrawal, latency and deeper-book impact are not yet validated."",""sell_bid"":0.8211,""sell_venue"":""Bitget"",""source"":""wide_cex_hunter"",""taker_fee_bps_per_leg"":10.0,""total_friction_bps"":30.0}"
2026-09-08T16:14:44+00:00,cex_cross_spot,APT:buy Bitget / sell Gate,APT,buy Bitget / sell Gate,Bitget<->Gate,-3.051106,-33.051106,NO,97.58,"{""buy_ask"":0.6555,""buy_venue"":""Bitget"",""extra_buffer_bps"":10.0,""note"":""Discovery snapshot only; assumes capital pre-positioned on both venues. Rebalancing, withdrawal, latency and deeper-book impact are not yet validated."",""sell_bid"":0.6553,""sell_venue"":""Gate"",""source"":""wide_cex_hunter"",""taker_fee_bps_per_leg"":10.0,""total_friction_bps"":30.0}"
2026-09-08T16:14:44+00:00,cex_cross_spot,APT:buy Gate / sell Bitget,APT,buy Gate / sell Bitget,Bitget<->Gate,-4.575263,-34.575263,NO,20.70,"{""buy_ask"":0.6557,""buy_venue"":""Gate"",""extra_buffer_bps"":10.0,""note"":""Discovery snapshot only; assumes capital pre-positioned on both venues. Rebalancing, withdrawal, latency and deeper-book impact are not yet validated."",""sell_bid"":0.6554,""sell_venue"":""Bitget"",""source"":""wide_cex_hunter"",""taker_fee_bps_per_leg"":10.0,""total_friction_bps"":30.0}"
2026-09-08T16:14:44+00:00,cex_cross_spot,NEAR:buy Bitget / sell Gate,NEAR,buy Bitget / sell Gate,Bitget<->Gate,-4.196391,-34.196391,NO,150.73,"{""buy_ask"":2.383,""buy_venue"":""Bitget"",""extra_buffer_bps"":10.0,""note"":""Discovery snapshot only; assumes capital pre-positioned on both venues. Rebalancing, withdrawal, latency and deeper-book impact are not yet validated."",""sell_bid"":2.382,""sell_venue"":""Gate"",""source"":""wide_cex_hunter"",""taker_fee_bps_per_leg"":10.0,""total_friction_bps"":30.0}"
2026-09-08T16:14:44+00:00,cex_cross_spot,NEAR:buy Gate / sell Bitget,NEAR,buy Gate / sell Bitget,Bitget<->Gate,-8.392782,-38.392782,NO,53.24,"{""buy_ask"":2.383,""buy_venue"":""Gate"",""extra_buffer_bps"":10.0,""note"":""Discovery snapshot only; assumes capital pre-positioned on both venues. Rebalancing, withdrawal, latency and deeper-book impact are not yet validated."",""sell_bid"":2.381,""sell_venue"":""Bitget"",""source"":""wide_cex_hunter"",""taker_fee_bps_per_leg"":10.0,""total_friction_bps"":30.0}"
2026-09-08T16:47:05+00:00,cex_cross_spot,BTC:buy Bitget / sell Gate,BTC,buy Bitget / sell Gate,Bitget<->Gate,0.201782,-29.798218,NO,6516.08,"{""buy_ask"":78797.81,""buy_venue"":""Bitget"",""extra_buffer_bps"":10.0,""note"":""Discovery snapshot only; assumes capital pre-positioned on both venues. Rebalancing, withdrawal, latency and deeper-book impact are not yet validated."",""sell_bid"":78799.4,""sell_venue"":""Gate"",""source"":""wide_cex_hunter"",""taker_fee_bps_per_leg"":10.0,""total_friction_bps"":30.0}"
2026-09-08T16:47:05+00:00,cex_cross_spot,BTC:buy Gate / sell Bitget,BTC,buy Gate / sell Bitget,Bitget<->Gate,-0.215737,-30.215737,NO,16701.16,"{""buy_ask"":78799.5,""buy_venue"":""Gate"",""extra_buffer_bps"":10.0,""note"":""Discovery snapshot only; assumes capital pre-positioned on both venues. Rebalancing, withdrawal, latency and deeper-book impact are not yet validated."",""sell_bid"":78797.8,""sell_venue"":""Bitget"",""source"":""wide_cex_hunter"",""taker_fee_bps_per_leg"":10.0,""total_friction_bps"":30.0}"
2026-09-08T16:47:05+00:00,cex_cross_spot,ETH:buy Bitget / sell Gate,ETH,buy Bitget / sell Gate,Bitget<->Gate,-0.480727,-30.480727,NO,10476.63,"{""buy_ask"":2496.22,""buy_venue"":""Bitget"",""extra_buffer_bps"":10.0,""note"":""Discovery snapshot only; assumes capital pre-positioned on both venues. Rebalancing, withdrawal, latency and deeper-book impact are not yet validated."",""sell_bid"":2496.1,""sell_venue"":""Gate"",""source"":""wide_cex_hunter"",""taker_fee_bps_per_leg"":10.0,""total_friction_bps"":30.0}"
2026-09-08T16:47:05+00:00,cex_cross_spot,ETH:buy Gate / sell Bitget,ETH,buy Gate / sell Bitget,Bitget<->Gate,0.400623,-29.599377,NO,5325.20,"{""buy_ask"":2496.11,""buy_venue"":""Gate"",""extra_buffer_bps"":10.0,""note"":""Discovery snapshot only; assumes capital pre-positioned on both venues. Rebalancing, withdrawal, latency and deeper-book impact are not yet validated."",""sell_bid"":2496.21,""sell_venue"":""Bitget"",""source"":""wide_cex_hunter"",""taker_fee_bps_per_leg"":10.0,""total_friction_bps"":30.0}"
2026-09-08T16:47:05+00:00,cex_cross_spot,SOL:buy Bitget / sell Gate,SOL,buy Bitget / sell Gate,Bitget<->Gate,-1.918465,-31.918465,NO,1077.43,"{""buy_ask"":104.25,""buy_venue"":""Bitget"",""extra_buffer_bps"":10.0,""note"":""Discovery snapshot only; assumes capital pre-positioned on both venues. Rebalancing, withdrawal, latency and deeper-book impact are not yet validated."",""sell_bid"":104.23,""sell_venue"":""Gate"",""source"":""wide_cex_hunter"",""taker_fee_bps_per_leg"":10.0,""total_friction_bps"":30.0}"
2026-09-08T16:47:05+00:00,cex_cross_spot,SOL:buy Gate / sell Bitget,SOL,buy Gate / sell Bitget,Bitget<->Gate,0.000000,-30.000000,NO,13508.67,"{""buy_ask"":104.24,""buy_venue"":""Gate"",""extra_buffer_bps"":10.0,""note"":""Discovery snapshot only; assumes capital pre-positioned on both venues. Rebalancing, withdrawal, latency and deeper-book impact are not yet validated."",""sell_bid"":104.24,""sell_venue"":""Bitget"",""source"":""wide_cex_hunter"",""taker_fee_bps_per_leg"":10.0,""total_friction_bps"":30.0}"
2026-09-08T16:47:05+00:00,cex_cross_spot,XRP:buy Bitget / sell Gate,XRP,buy Bitget / sell Gate,Bitget<->Gate,-6.964758,-36.964758,NO,354.68,"{""buy_ask"":1.4358,""buy_venue"":""Bitget"",""extra_buffer_bps"":10.0,""note"":""Discovery snapshot only; assumes capital pre-positioned on both venues. Rebalancing, withdrawal, latency and deeper-book impact are not yet validated."",""sell_bid"":1.4348,""sell_venue"":""Gate"",""source"":""wide_cex_hunter"",""taker_fee_bps_per_leg"":10.0,""total_friction_bps"":30.0}"
2026-09-08T16:47:05+00:00,cex_cross_spot,XRP:buy Gate / sell Bitget,XRP,buy Gate / sell Bitget,Bitget<->Gate,5.575301,-24.424699,NO,643.57,"{""buy_ask"":1.4349,""buy_venue"":""Gate"",""extra_buffer_bps"":10.0,""note"":""Discovery snapshot only; assumes capital pre-positioned on both venues. Rebalancing, withdrawal, latency and deeper-book impact are not yet validated."",""sell_bid"":1.4357,""sell_venue"":""Bitget"",""source"":""wide_cex_hunter"",""taker_fee_bps_per_leg"":10.0,""total_friction_bps"":30.0}"
2026-09-08T16:47:05+00:00,cex_cross_spot,DOGE:buy Bitget / sell Gate,DOGE,buy Bitget / sell Gate,Bitget<->Gate,-1.104606,-31.104606,NO,39.98,"{""buy_ask"":0.09053,""buy_venue"":""Bitget"",""extra_buffer_bps"":10.0,""note"":""Discovery snapshot only; assumes capital pre-positioned on both venues. Rebalancing, withdrawal, latency and deeper-book impact are not yet validated."",""sell_bid"":0.09052,""sell_venue"":""Gate"",""source"":""wide_cex_hunter"",""taker_fee_bps_per_leg"":10.0,""total_friction_bps"":30.0}"
2026-09-08T16:47:05+00:00,cex_cross_spot,DOGE:buy Gate / sell Bitget,DOGE,buy Gate / sell Bitget,Bitget<->Gate,-1.104606,-31.104606,NO,197.22,"{""buy_ask"":0.09053,""buy_venue"":""Gate"",""extra_buffer_bps"":10.0,""note"":""Discovery snapshot only; assumes capital pre-positioned on both venues. Rebalancing, withdrawal, latency and deeper-book impact are not yet validated."",""sell_bid"":0.09052,""sell_venue"":""Bitget"",""source"":""wide_cex_hunter"",""taker_fee_bps_per_leg"":10.0,""total_friction_bps"":30.0}"
2026-09-08T16:47:05+00:00,cex_cross_spot,ADA:buy Bitget / sell Gate,ADA,buy Bitget / sell Gate,Bitget<->Gate,-1.314636,-31.314636,NO,109.52,"{""buy_ask"":0.2282,""buy_venue"":""Bitget"",""extra_buffer_bps"":10.0,""note"":""Discovery snapshot only; assumes capital pre-positioned on both venues. Rebalancing, withdrawal, latency and deeper-book impact are not yet validated."",""sell_bid"":0.22817,""sell_venue"":""Gate"",""source"":""wide_cex_hunter"",""taker_fee_bps_per_leg"":10.0,""total_friction_bps"":30.0}"
2026-09-08T16:47:05+00:00,cex_cross_spot,ADA:buy Gate / sell Bitget,ADA,buy Gate / sell Bitget,Bitget<->Gate,-3.506004,-33.506004,NO,1140.90,"{""buy_ask"":0.22818,""buy_venue"":""Gate"",""extra_buffer_bps"":10.0,""note"":""Discovery snapshot only; assumes capital pre-positioned on both venues. Rebalancing, withdrawal, latency and deeper-book impact are not yet validated."",""sell_bid"":0.2281,""sell_venue"":""Bitget"",""source"":""wide_cex_hunter"",""taker_fee_bps_per_leg"":10.0,""total_friction_bps"":30.0}"
2026-09-08T16:47:05+00:00,cex_cross_spot,LINK:buy Bitget / sell Gate,LINK,buy Bitget / sell Gate,Bitget<->Gate,-2.354973,-32.354973,NO,72.21,"{""buy_ask"":12.739,""buy_venue"":""Bitget"",""extra_buffer_bps"":10.0,""note"":""Discovery snapshot only; assumes capital pre-positioned on both venues. Rebalancing, withdrawal, latency and deeper-book impact are not yet validated."",""sell_bid"":12.736,""sell_venue"":""Gate"",""source"":""wide_cex_hunter"",""taker_fee_bps_per_leg"":10.0,""total_friction_bps"":30.0}"
2026-09-08T16:47:05+00:00,cex_cross_spot,LINK:buy Gate / sell Bitget,LINK,buy Gate / sell Bitget,Bitget<->Gate,0.000000,-30.000000,NO,25.35,"{""buy_ask"":12.737,""buy_venue"":""Gate"",""extra_buffer_bps"":10.0,""note"":""Discovery snapshot only; assumes capital pre-positioned on both venues. Rebalancing, withdrawal, latency and deeper-book impact are not yet validated."",""sell_bid"":12.737,""sell_venue"":""Bitget"",""source"":""wide_cex_hunter"",""taker_fee_bps_per_leg"":10.0,""total_friction_bps"":30.0}"
2026-09-08T16:47:05+00:00,cex_cross_spot,LTC:buy Bitget / sell Gate,LTC,buy Bitget / sell Gate,Bitget<->Gate,-5.495512,-35.495512,NO,122.76,"{""buy_ask"":54.59,""buy_venue"":""Bitget"",""extra_buffer_bps"":10.0,""note"":""Discovery snapshot only; assumes capital pre-positioned on both venues. Rebalancing, withdrawal, latency and deeper-book impact are not yet validated."",""sell_bid"":54.56,""sell_venue"":""Gate"",""source"":""wide_cex_hunter"",""taker_fee_bps_per_leg"":10.0,""total_friction_bps"":30.0}"
2026-09-08T16:47:05+00:00,cex_cross_spot,LTC:buy Gate / sell Bitget,LTC,buy Gate / sell Bitget,Bitget<->Gate,0.000000,-30.000000,NO,122.56,"{""buy_ask"":54.57,""buy_venue"":""Gate"",""extra_buffer_bps"":10.0,""note"":""Discovery snapshot only; assumes capital pre-positioned on both venues. Rebalancing, withdrawal, latency and deeper-book impact are not yet validated."",""sell_bid"":54.57,""sell_venue"":""Bitget"",""source"":""wide_cex_hunter"",""taker_fee_bps_per_leg"":10.0,""total_friction_bps"":30.0}"
2026-09-08T16:47:05+00:00,cex_cross_spot,BCH:buy Bitget / sell Gate,BCH,buy Bitget / sell Gate,Bitget<->Gate,-8.490930,-38.490930,NO,115.20,"{""buy_ask"":259.1,""buy_venue"":""Bitget"",""extra_buffer_bps"":10.0,""note"":""Discovery snapshot only; assumes capital pre-positioned on both venues. Rebalancing, withdrawal, latency and deeper-book impact are not yet validated."",""sell_bid"":258.88,""sell_venue"":""Gate"",""source"":""wide_cex_hunter"",""taker_fee_bps_per_leg"":10.0,""total_friction_bps"":30.0}"
2026-09-08T16:47:05+00:00,cex_cross_spot,BCH:buy Gate / sell Bitget,BCH,buy Gate / sell Bitget,Bitget<->Gate,-9.261403,-39.261403,NO,596.28,"{""buy_ask"":259.14,""buy_venue"":""Gate"",""extra_buffer_bps"":10.0,""note"":""Discovery snapshot only; assumes capital pre-positioned on both venues. Rebalancing, withdrawal, latency and deeper-book impact are not yet validated."",""sell_bid"":258.9,""sell_venue"":""Bitget"",""source"":""wide_cex_hunter"",""taker_fee_bps_per_leg"":10.0,""total_friction_bps"":30.0}"
2026-09-08T16:47:05+00:00,cex_cross_spot,AVAX:buy Bitget / sell Gate,AVAX,buy Bitget / sell Gate,Bitget<->Gate,-2.486944,-32.486944,NO,118.57,"{""buy_ask"":8.042,""buy_venue"":""Bitget"",""extra_buffer_bps"":10.0,""note"":""Discovery snapshot only; assumes capital pre-positioned on both venues. Rebalancing, withdrawal, latency and deeper-book impact are not yet validated."",""sell_bid"":8.04,""sell_venue"":""Gate"",""source"":""wide_cex_hunter"",""taker_fee_bps_per_leg"":10.0,""total_friction_bps"":30.0}"
2026-09-08T16:47:05+00:00,cex_cross_spot,AVAX:buy Gate / sell Bitget,AVAX,buy Gate / sell Bitget,Bitget<->Gate,-1.243472,-31.243472,NO,254.78,"{""buy_ask"":8.042,""buy_venue"":""Gate"",""extra_buffer_bps"":10.0,""note"":""Discovery snapshot only; assumes capital pre-positioned on both venues. Rebalancing, withdrawal, latency and deeper-book impact are not yet validated."",""sell_bid"":8.041,""sell_venue"":""Bitget"",""source"":""wide_cex_hunter"",""taker_fee_bps_per_leg"":10.0,""total_friction_bps"":30.0}"
2026-09-08T16:47:05+00:00,cex_cross_spot,DOT:buy Bitget / sell Gate,DOT,buy Bitget / sell Gate,Bitget<->Gate,-5.025126,-35.025126,NO,138.08,"{""buy_ask"":1.194,""buy_venue"":""Bitget"",""extra_buffer_bps"":10.0,""note"":""Discovery snapshot only; assumes capital pre-positioned on both venues. Rebalancing, withdrawal, latency and deeper-book impact are not yet validated."",""sell_bid"":1.1934,""sell_venue"":""Gate"",""source"":""wide_cex_hunter"",""taker_fee_bps_per_leg"":10.0,""total_friction_bps"":30.0}"
2026-09-08T16:47:05+00:00,cex_cross_spot,DOT:buy Gate / sell Bitget,DOT,buy Gate / sell Bitget,Bitget<->Gate,-21.764607,-51.764607,NO,59.01,"{""buy_ask"":1.1946,""buy_venue"":""Gate"",""extra_buffer_bps"":10.0,""note"":""Discovery snapshot only; assumes capital pre-positioned on both venues. Rebalancing, withdrawal, latency and deeper-book impact are not yet validated."",""sell_bid"":1.192,""sell_venue"":""Bitget"",""source"":""wide_cex_hunter"",""taker_fee_bps_per_leg"":10.0,""total_friction_bps"":30.0}"
2026-09-08T16:47:05+00:00,cex_cross_spot,TRX:buy Bitget / sell Gate,TRX,buy Bitget / sell Gate,Bitget<->Gate,-2.355851,-32.355851,NO,116.52,"{""buy_ask"":0.33958,""buy_venue"":""Bitget"",""extra_buffer_bps"":10.0,""note"":""Discovery snapshot only; assumes capital pre-positioned on both venues. Rebalancing, withdrawal, latency and deeper-book impact are not yet validated."",""sell_bid"":0.3395,""sell_venue"":""Gate"",""source"":""wide_cex_hunter"",""taker_fee_bps_per_leg"":10.0,""total_friction_bps"":30.0}"
2026-09-08T16:47:05+00:00,cex_cross_spot,TRX:buy Gate / sell Bitget,TRX,buy Gate / sell Bitget,Bitget<->Gate,-0.883392,-30.883392,NO,2132.09,"{""buy_ask"":0.3396,""buy_venue"":""Gate"",""extra_buffer_bps"":10.0,""note"":""Discovery snapshot only; assumes capital pre-positioned on both venues. Rebalancing, withdrawal, latency and deeper-book impact are not yet validated."",""sell_bid"":0.33957,""sell_venue"":""Bitget"",""source"":""wide_cex_hunter"",""taker_fee_bps_per_leg"":10.0,""total_friction_bps"":30.0}"
2026-09-08T16:47:05+00:00,cex_cross_spot,SUI:buy Bitget / sell Gate,SUI,buy Bitget / sell Gate,Bitget<->Gate,-1.206709,-31.206709,NO,195.09,"{""buy_ask"":0.8287,""buy_venue"":""Bitget"",""extra_buffer_bps"":10.0,""note"":""Discovery snapshot only; assumes capital pre-positioned on both venues. Rebalancing, withdrawal, latency and deeper-book impact are not yet validated."",""sell_bid"":0.8286,""sell_venue"":""Gate"",""source"":""wide_cex_hunter"",""taker_fee_bps_per_leg"":10.0,""total_friction_bps"":30.0}"
2026-09-08T16:47:05+00:00,cex_cross_spot,SUI:buy Gate / sell Bitget,SUI,buy Gate / sell Bitget,Bitget<->Gate,-2.413419,-32.413419,NO,38.19,"{""buy_ask"":0.8287,""buy_venue"":""Gate"",""extra_buffer_bps"":10.0,""note"":""Discovery snapshot only; assumes capital pre-positioned on both venues. Rebalancing, withdrawal, latency and deeper-book impact are not yet validated."",""sell_bid"":0.8285,""sell_venue"":""Bitget"",""source"":""wide_cex_hunter"",""taker_fee_bps_per_leg"":10.0,""total_friction_bps"":30.0}"
2026-09-08T16:47:05+00:00,cex_cross_spot,APT:buy Bitget / sell Gate,APT,buy Bitget / sell Gate,Bitget<->Gate,-3.054368,-33.054368,NO,72.74,"{""buy_ask"":0.6548,""buy_venue"":""Bitget"",""extra_buffer_bps"":10.0,""note"":""Discovery snapshot only; assumes capital pre-positioned on both venues. Rebalancing, withdrawal, latency and deeper-book impact are not yet validated."",""sell_bid"":0.6546,""sell_venue"":""Gate"",""source"":""wide_cex_hunter"",""taker_fee_bps_per_leg"":10.0,""total_friction_bps"":30.0}"
2026-09-08T16:47:05+00:00,cex_cross_spot,APT:buy Gate / sell Bitget,APT,buy Gate / sell Bitget,Bitget<->Gate,-6.105938,-36.105938,NO,72.73,"{""buy_ask"":0.6551,""buy_venue"":""Gate"",""extra_buffer_bps"":10.0,""note"":""Discovery snapshot only; assumes capital pre-positioned on both venues. Rebalancing, withdrawal, latency and deeper-book impact are not yet validated."",""sell_bid"":0.6547,""sell_venue"":""Bitget"",""source"":""wide_cex_hunter"",""taker_fee_bps_per_leg"":10.0,""total_friction_bps"":30.0}"
2026-09-08T16:47:05+00:00,cex_cross_spot,NEAR:buy Bitget / sell Gate,NEAR,buy Bitget / sell Gate,Bitget<->Gate,-4.184100,-34.184100,NO,206.19,"{""buy_ask"":2.39,""buy_venue"":""Bitget"",""extra_buffer_bps"":10.0,""note"":""Discovery snapshot only; assumes capital pre-positioned on both venues. Rebalancing, withdrawal, latency and deeper-book impact are not yet validated."",""sell_bid"":2.389,""sell_venue"":""Gate"",""source"":""wide_cex_hunter"",""taker_fee_bps_per_leg"":10.0,""total_friction_bps"":30.0}"
2026-09-08T16:47:05+00:00,cex_cross_spot,NEAR:buy Gate / sell Bitget,NEAR,buy Gate / sell Bitget,Bitget<->Gate,-8.368201,-38.368201,NO,270.83,"{""buy_ask"":2.39,""buy_venue"":""Gate"",""extra_buffer_bps"":10.0,""note"":""Discovery snapshot only; assumes capital pre-positioned on both venues. Rebalancing, withdrawal, latency and deeper-book impact are not yet validated."",""sell_bid"":2.388,""sell_venue"":""Bitget"",""source"":""wide_cex_hunter"",""taker_fee_bps_per_leg"":10.0,""total_friction_bps"":30.0}"
2026-09-08T17:04:52+00:00,cex_cross_spot,BTC:buy Bitget / sell Gate,BTC,buy Bitget / sell Gate,Bitget<->Gate,-1.231608,-31.231608,NO,30197.68,"{""buy_ask"":78840.01,""buy_venue"":""Bitget"",""extra_buffer_bps"":10.0,""note"":""Discovery snapshot only; assumes capital pre-positioned on both venues. Rebalancing, withdrawal, latency and deeper-book impact are not yet validated."",""sell_bid"":78830.3,""sell_venue"":""Gate"",""source"":""wide_cex_hunter"",""taker_fee_bps_per_leg"":10.0,""total_friction_bps"":30.0}"
2026-09-08T17:04:52+00:00,cex_cross_spot,BTC:buy Gate / sell Bitget,BTC,buy Gate / sell Bitget,Bitget<->Gate,1.217804,-28.782196,NO,1087.91,"{""buy_ask"":78830.4,""buy_venue"":""Gate"",""extra_buffer_bps"":10.0,""note"":""Discovery snapshot only; assumes capital pre-positioned on both venues. Rebalancing, withdrawal, latency and deeper-book impact are not yet validated."",""sell_bid"":78840.0,""sell_venue"":""Bitget"",""source"":""wide_cex_hunter"",""taker_fee_bps_per_leg"":10.0,""total_friction_bps"":30.0}"
2026-09-08T17:04:52+00:00,cex_cross_spot,ETH:buy Bitget / sell Gate,ETH,buy Bitget / sell Gate,Bitget<->Gate,0.320005,-29.679995,NO,15.00,"{""buy_ask"":2499.96,""buy_venue"":""Bitget"",""extra_buffer_bps"":10.0,""note"":""Discovery snapshot only; assumes capital pre-positioned on both venues. Rebalancing, withdrawal, latency and deeper-book impact are not yet validated."",""sell_bid"":2500.04,""sell_venue"":""Gate"",""source"":""wide_cex_hunter"",""taker_fee_bps_per_leg"":10.0,""total_friction_bps"":30.0}"
2026-09-08T17:04:52+00:00,cex_cross_spot,ETH:buy Gate / sell Bitget,ETH,buy Gate / sell Bitget,Bitget<->Gate,-0.399992,-30.399992,NO,45.50,"{""buy_ask"":2500.05,""buy_venue"":""Gate"",""extra_buffer_bps"":10.0,""note"":""Discovery snapshot only; assumes capital pre-positioned on both venues. Rebalancing, withdrawal, latency and deeper-book impact are not yet validated."",""sell_bid"":2499.95,""sell_venue"":""Bitget"",""source"":""wide_cex_hunter"",""taker_fee_bps_per_leg"":10.0,""total_friction_bps"":30.0}"
2026-09-08T17:04:52+00:00,cex_cross_spot,SOL:buy Bitget / sell Gate,SOL,buy Bitget / sell Gate,Bitget<->Gate,-2.877146,-32.877146,NO,301.25,"{""buy_ask"":104.27,""buy_venue"":""Bitget"",""extra_buffer_bps"":10.0,""note"":""Discovery snapshot only; assumes capital pre-positioned on both venues. Rebalancing, withdrawal, latency and deeper-book impact are not yet validated."",""sell_bid"":104.24,""sell_venue"":""Gate"",""source"":""wide_cex_hunter"",""taker_fee_bps_per_leg"":10.0,""total_friction_bps"":30.0}"
2026-09-08T17:04:52+00:00,cex_cross_spot,SOL:buy Gate / sell Bitget,SOL,buy Gate / sell Bitget,Bitget<->Gate,0.959233,-29.040767,NO,1626.09,"{""buy_ask"":104.25,""buy_venue"":""Gate"",""extra_buffer_bps"":10.0,""note"":""Discovery snapshot only; assumes capital pre-positioned on both venues. Rebalancing, withdrawal, latency and deeper-book impact are not yet validated."",""sell_bid"":104.26,""sell_venue"":""Bitget"",""source"":""wide_cex_hunter"",""taker_fee_bps_per_leg"":10.0,""total_friction_bps"":30.0}"
2026-09-08T17:04:52+00:00,cex_cross_spot,XRP:buy Bitget / sell Gate,XRP,buy Bitget / sell Gate,Bitget<->Gate,-1.392176,-31.392176,NO,740.14,"{""buy_ask"":1.4366,""buy_venue"":""Bitget"",""extra_buffer_bps"":10.0,""note"":""Discovery snapshot only; assumes capital pre-positioned on both venues. Rebalancing, withdrawal, latency and deeper-book impact are not yet validated."",""sell_bid"":1.4364,""sell_venue"":""Gate"",""source"":""wide_cex_hunter"",""taker_fee_bps_per_leg"":10.0,""total_friction_bps"":30.0}"
2026-09-08T17:04:52+00:00,cex_cross_spot,XRP:buy Gate / sell Bitget,XRP,buy Gate / sell Bitget,Bitget<->Gate,-0.696088,-30.696088,NO,515.60,"{""buy_ask"":1.4366,""buy_venue"":""Gate"",""extra_buffer_bps"":10.0,""note"":""Discovery snapshot only; assumes capital pre-positioned on both venues. Rebalancing, withdrawal, latency and deeper-book impact are not yet validated."",""sell_bid"":1.4365,""sell_venue"":""Bitget"",""source"":""wide_cex_hunter"",""taker_fee_bps_per_leg"":10.0,""total_friction_bps"":30.0}"
2026-09-08T17:04:52+00:00,cex_cross_spot,DOGE:buy Bitget / sell Gate,DOGE,buy Bitget / sell Gate,Bitget<->Gate,-2.204343,-32.204343,NO,154.47,"{""buy_ask"":0.09073,""buy_venue"":""Bitget"",""extra_buffer_bps"":10.0,""note"":""Discovery snapshot only; assumes capital pre-positioned on both venues. Rebalancing, withdrawal, latency and deeper-book impact are not yet validated."",""sell_bid"":0.09071,""sell_venue"":""Gate"",""source"":""wide_cex_hunter"",""taker_fee_bps_per_leg"":10.0,""total_friction_bps"":30.0}"
2026-09-08T17:04:52+00:00,cex_cross_spot,DOGE:buy Gate / sell Bitget,DOGE,buy Gate / sell Bitget,Bitget<->Gate,0.000000,-30.000000,NO,37.47,"{""buy_ask"":0.09072,""buy_venue"":""Gate"",""extra_buffer_bps"":10.0,""note"":""Discovery snapshot only; assumes capital pre-positioned on both venues. Rebalancing, withdrawal, latency and deeper-book impact are not yet validated."",""sell_bid"":0.09072,""sell_venue"":""Bitget"",""source"":""wide_cex_hunter"",""taker_fee_bps_per_leg"":10.0,""total_friction_bps"":30.0}"
2026-09-08T17:04:52+00:00,cex_cross_spot,ADA:buy Bitget / sell Gate,ADA,buy Bitget / sell Gate,Bitget<->Gate,-7.057786,-37.057786,NO,1.36,"{""buy_ask"":0.2267,""buy_venue"":""Bitget"",""extra_buffer_bps"":10.0,""note"":""Discovery snapshot only; assumes capital pre-positioned on both venues. Rebalancing, withdrawal, latency and deeper-book impact are not yet validated."",""sell_bid"":0.22654,""sell_venue"":""Gate"",""source"":""wide_cex_hunter"",""taker_fee_bps_per_leg"":10.0,""total_friction_bps"":30.0}"
2026-09-08T17:04:52+00:00,cex_cross_spot,ADA:buy Gate / sell Bitget,ADA,buy Gate / sell Bitget,Bitget<->Gate,-3.971932,-33.971932,NO,111.48,"{""buy_ask"":0.22659,""buy_venue"":""Gate"",""extra_buffer_bps"":10.0,""note"":""Discovery snapshot only; assumes capital pre-positioned on both venues. Rebalancing, withdrawal, latency and deeper-book impact are not yet validated."",""sell_bid"":0.2265,""sell_venue"":""Bitget"",""source"":""wide_cex_hunter"",""taker_fee_bps_per_leg"":10.0,""total_friction_bps"":30.0}"
2026-09-08T17:04:52+00:00,cex_cross_spot,LINK:buy Bitget / sell Gate,LINK,buy Bitget / sell Gate,Bitget<->Gate,-3.134551,-33.134551,NO,249.02,"{""buy_ask"":12.761,""buy_venue"":""Bitget"",""extra_buffer_bps"":10.0,""note"":""Discovery snapshot only; assumes capital pre-positioned on both venues. Rebalancing, withdrawal, latency and deeper-book impact are not yet validated."",""sell_bid"":12.757,""sell_venue"":""Gate"",""source"":""wide_cex_hunter"",""taker_fee_bps_per_leg"":10.0,""total_friction_bps"":30.0}"
2026-09-08T17:04:52+00:00,cex_cross_spot,LINK:buy Gate / sell Bitget,LINK,buy Gate / sell Bitget,Bitget<->Gate,-1.567398,-31.567398,NO,79.69,"{""buy_ask"":12.76,""buy_venue"":""Gate"",""extra_buffer_bps"":10.0,""note"":""Discovery snapshot only; assumes capital pre-positioned on both venues. Rebalancing, withdrawal, latency and deeper-book impact are not yet validated."",""sell_bid"":12.758,""sell_venue"":""Bitget"",""source"":""wide_cex_hunter"",""taker_fee_bps_per_leg"":10.0,""total_friction_bps"":30.0}"
2026-09-08T17:04:52+00:00,cex_cross_spot,LTC:buy Bitget / sell Gate,LTC,buy Bitget / sell Gate,Bitget<->Gate,-3.667706,-33.667706,NO,93.87,"{""buy_ask"":54.53,""buy_venue"":""Bitget"",""extra_buffer_bps"":10.0,""note"":""Discovery snapshot only; assumes capital pre-positioned on both venues. Rebalancing, withdrawal, latency and deeper-book impact are not yet validated."",""sell_bid"":54.51,""sell_venue"":""Gate"",""source"":""wide_cex_hunter"",""taker_fee_bps_per_leg"":10.0,""total_friction_bps"":30.0}"
2026-09-08T17:04:52+00:00,cex_cross_spot,LTC:buy Gate / sell Bitget,LTC,buy Gate / sell Bitget,Bitget<->Gate,-1.834189,-31.834189,NO,604.84,"{""buy_ask"":54.52,""buy_venue"":""Gate"",""extra_buffer_bps"":10.0,""note"":""Discovery snapshot only; assumes capital pre-positioned on both venues. Rebalancing, withdrawal, latency and deeper-book impact are not yet validated."",""sell_bid"":54.51,""sell_venue"":""Bitget"",""source"":""wide_cex_hunter"",""taker_fee_bps_per_leg"":10.0,""total_friction_bps"":30.0}"
2026-09-08T17:04:52+00:00,cex_cross_spot,BCH:buy Bitget / sell Gate,BCH,buy Bitget / sell Gate,Bitget<->Gate,-3.462870,-33.462870,NO,32.46,"{""buy_ask"":259.9,""buy_venue"":""Bitget"",""extra_buffer_bps"":10.0,""note"":""Discovery snapshot only; assumes capital pre-positioned on both venues. Rebalancing, withdrawal, latency and deeper-book impact are not yet validated."",""sell_bid"":259.81,""sell_venue"":""Gate"",""source"":""wide_cex_hunter"",""taker_fee_bps_per_leg"":10.0,""total_friction_bps"":30.0}"
2026-09-08T17:04:52+00:00,cex_cross_spot,BCH:buy Gate / sell Bitget,BCH,buy Gate / sell Bitget,Bitget<->Gate,-7.307973,-37.307973,NO,3.90,"{""buy_ask"":259.99,""buy_venue"":""Gate"",""extra_buffer_bps"":10.0,""note"":""Discovery snapshot only; assumes capital pre-positioned on both venues. Rebalancing, withdrawal, latency and deeper-book impact are not yet validated."",""sell_bid"":259.8,""sell_venue"":""Bitget"",""source"":""wide_cex_hunter"",""taker_fee_bps_per_leg"":10.0,""total_friction_bps"":30.0}"
2026-09-08T17:04:52+00:00,cex_cross_spot,AVAX:buy Bitget / sell Gate,AVAX,buy Bitget / sell Gate,Bitget<->Gate,-1.244400,-31.244400,NO,154.14,"{""buy_ask"":8.036,""buy_venue"":""Bitget"",""extra_buffer_bps"":10.0,""note"":""Discovery snapshot only; assumes capital pre-positioned on both venues. Rebalancing, withdrawal, latency and deeper-book impact are not yet validated."",""sell_bid"":8.035,""sell_venue"":""Gate"",""source"":""wide_cex_hunter"",""taker_fee_bps_per_leg"":10.0,""total_friction_bps"":30.0}"
2026-09-08T17:04:52+00:00,cex_cross_spot,AVAX:buy Gate / sell Bitget,AVAX,buy Gate / sell Bitget,Bitget<->Gate,-1.244400,-31.244400,NO,151.33,"{""buy_ask"":8.036,""buy_venue"":""Gate"",""extra_buffer_bps"":10.0,""note"":""Discovery snapshot only; assumes capital pre-positioned on both venues. Rebalancing, withdrawal, latency and deeper-book impact are not yet validated."",""sell_bid"":8.035,""sell_venue"":""Bitget"",""source"":""wide_cex_hunter"",""taker_fee_bps_per_leg"":10.0,""total_friction_bps"":30.0}"
2026-09-08T17:04:52+00:00,cex_cross_spot,DOT:buy Bitget / sell Gate,DOT,buy Bitget / sell Gate,Bitget<->Gate,-13.355593,-43.355593,NO,117.85,"{""buy_ask"":1.198,""buy_venue"":""Bitget"",""extra_buffer_bps"":10.0,""note"":""Discovery snapshot only; assumes capital pre-positioned on both venues. Rebalancing, withdrawal, latency and deeper-book impact are not yet validated."",""sell_bid"":1.1964,""sell_venue"":""Gate"",""source"":""wide_cex_hunter"",""taker_fee_bps_per_leg"":10.0,""total_friction_bps"":30.0}"
2026-09-08T17:04:52+00:00,cex_cross_spot,DOT:buy Gate / sell Bitget,DOT,buy Gate / sell Bitget,Bitget<->Gate,-4.175365,-34.175365,NO,1.20,"{""buy_ask"":1.1975,""buy_venue"":""Gate"",""extra_buffer_bps"":10.0,""note"":""Discovery snapshot only; assumes capital pre-positioned on both venues. Rebalancing, withdrawal, latency and deeper-book impact are not yet validated."",""sell_bid"":1.197,""sell_venue"":""Bitget"",""source"":""wide_cex_hunter"",""taker_fee_bps_per_leg"":10.0,""total_friction_bps"":30.0}"
2026-09-08T17:04:52+00:00,cex_cross_spot,TRX:buy Bitget / sell Gate,TRX,buy Bitget / sell Gate,Bitget<->Gate,-3.826568,-33.826568,NO,1264.79,"{""buy_ask"":0.33973,""buy_venue"":""Bitget"",""extra_buffer_bps"":10.0,""note"":""Discovery snapshot only; assumes capital pre-positioned on both venues. Rebalancing, withdrawal, latency and deeper-book impact are not yet validated."",""sell_bid"":0.3396,""sell_venue"":""Gate"",""source"":""wide_cex_hunter"",""taker_fee_bps_per_leg"":10.0,""total_friction_bps"":30.0}"
2026-09-08T17:04:52+00:00,cex_cross_spot,TRX:buy Gate / sell Bitget,TRX,buy Gate / sell Bitget,Bitget<->Gate,0.588755,-29.411245,NO,1119.01,"{""buy_ask"":0.3397,""buy_venue"":""Gate"",""extra_buffer_bps"":10.0,""note"":""Discovery snapshot only; assumes capital pre-positioned on both venues. Rebalancing, withdrawal, latency and deeper-book impact are not yet validated."",""sell_bid"":0.33972,""sell_venue"":""Bitget"",""source"":""wide_cex_hunter"",""taker_fee_bps_per_leg"":10.0,""total_friction_bps"":30.0}"
2026-09-08T17:04:52+00:00,cex_cross_spot,SUI:buy Bitget / sell Gate,SUI,buy Bitget / sell Gate,Bitget<->Gate,0.000000,-30.000000,NO,90.24,"{""buy_ask"":0.8287,""buy_venue"":""Bitget"",""extra_buffer_bps"":10.0,""note"":""Discovery snapshot only; assumes capital pre-positioned on both venues. Rebalancing, withdrawal, latency and deeper-book impact are not yet validated."",""sell_bid"":0.8287,""sell_venue"":""Gate"",""source"":""wide_cex_hunter"",""taker_fee_bps_per_leg"":10.0,""total_friction_bps"":30.0}"
2026-09-08T17:04:52+00:00,cex_cross_spot,SUI:buy Gate / sell Bitget,SUI,buy Gate / sell Bitget,Bitget<->Gate,-2.413127,-32.413127,NO,100.18,"{""buy_ask"":0.8288,""buy_venue"":""Gate"",""extra_buffer_bps"":10.0,""note"":""Discovery snapshot only; assumes capital pre-positioned on both venues. Rebalancing, withdrawal, latency and deeper-book impact are not yet validated."",""sell_bid"":0.8286,""sell_venue"":""Bitget"",""source"":""wide_cex_hunter"",""taker_fee_bps_per_leg"":10.0,""total_friction_bps"":30.0}"
2026-09-08T17:04:52+00:00,cex_cross_spot,APT:buy Bitget / sell Gate,APT,buy Bitget / sell Gate,Bitget<->Gate,-1.523926,-31.523926,NO,25.85,"{""buy_ask"":0.6562,""buy_venue"":""Bitget"",""extra_buffer_bps"":10.0,""note"":""Discovery snapshot only; assumes capital pre-positioned on both venues. Rebalancing, withdrawal, latency and deeper-book impact are not yet validated."",""sell_bid"":0.6561,""sell_venue"":""Gate"",""source"":""wide_cex_hunter"",""taker_fee_bps_per_leg"":10.0,""total_friction_bps"":30.0}"
2026-09-08T17:04:52+00:00,cex_cross_spot,APT:buy Gate / sell Bitget,APT,buy Gate / sell Bitget,Bitget<->Gate,-9.137984,-39.137984,NO,72.88,"{""buy_ask"":0.6566,""buy_venue"":""Gate"",""extra_buffer_bps"":10.0,""note"":""Discovery snapshot only; assumes capital pre-positioned on both venues. Rebalancing, withdrawal, latency and deeper-book impact are not yet validated."",""sell_bid"":0.656,""sell_venue"":""Bitget"",""source"":""wide_cex_hunter"",""taker_fee_bps_per_leg"":10.0,""total_friction_bps"":30.0}"
2026-09-08T17:04:52+00:00,cex_cross_spot,NEAR:buy Bitget / sell Gate,NEAR,buy Bitget / sell Gate,Bitget<->Gate,-4.205214,-34.205214,NO,718.00,"{""buy_ask"":2.378,""buy_venue"":""Bitget"",""extra_buffer_bps"":10.0,""note"":""Discovery snapshot only; assumes capital pre-positioned on both venues. Rebalancing, withdrawal, latency and deeper-book impact are not yet validated."",""sell_bid"":2.377,""sell_venue"":""Gate"",""source"":""wide_cex_hunter"",""taker_fee_bps_per_leg"":10.0,""total_friction_bps"":30.0}"
2026-09-08T17:04:52+00:00,cex_cross_spot,NEAR:buy Gate / sell Bitget,NEAR,buy Gate / sell Bitget,Bitget<->Gate,-12.610340,-42.610340,NO,223.03,"{""buy_ask"":2.379,""buy_venue"":""Gate"",""extra_buffer_bps"":10.0,""note"":""Discovery snapshot only; assumes capital pre-positioned on both venues. Rebalancing, withdrawal, latency and deeper-book impact are not yet validated."",""sell_bid"":2.376,""sell_venue"":""Bitget"",""source"":""wide_cex_hunter"",""taker_fee_bps_per_leg"":10.0,""total_friction_bps"":30.0}"
2026-09-08T19:07:27+00:00,cex_cross_spot,BTC:buy Bitget / sell Gate,BTC,buy Bitget / sell Gate,Bitget<->Gate,-0.902655,-30.902655,NO,24892.69,"{""buy_ask"":78435.28,""buy_venue"":""Bitget"",""extra_buffer_bps"":10.0,""note"":""Discovery snapshot only; assumes capital pre-positioned on both venues. Rebalancing, withdrawal, latency and deeper-book impact are not yet validated."",""sell_bid"":78428.2,""sell_venue"":""Gate"",""source"":""wide_cex_hunter"",""taker_fee_bps_per_leg"":10.0,""total_friction_bps"":30.0}"
2026-09-08T19:07:27+00:00,cex_cross_spot,BTC:buy Gate / sell Bitget,BTC,buy Gate / sell Bitget,Bitget<->Gate,0.888710,-29.111290,NO,3466.84,"{""buy_ask"":78428.3,""buy_venue"":""Gate"",""extra_buffer_bps"":10.0,""note"":""Discovery snapshot only; assumes capital pre-positioned on both venues. Rebalancing, withdrawal, latency and deeper-book impact are not yet validated."",""sell_bid"":78435.27,""sell_venue"":""Bitget"",""source"":""wide_cex_hunter"",""taker_fee_bps_per_leg"":10.0,""total_friction_bps"":30.0}"
2026-09-08T19:07:27+00:00,cex_cross_spot,ETH:buy Bitget / sell Gate,ETH,buy Bitget / sell Gate,Bitget<->Gate,0.201089,-29.798911,NO,9652.63,"{""buy_ask"":2486.46,""buy_venue"":""Bitget"",""extra_buffer_bps"":10.0,""note"":""Discovery snapshot only; assumes capital pre-positioned on both venues. Rebalancing, withdrawal, latency and deeper-book impact are not yet validated."",""sell_bid"":2486.51,""sell_venue"":""Gate"",""source"":""wide_cex_hunter"",""taker_fee_bps_per_leg"":10.0,""total_friction_bps"":30.0}"
2026-09-08T19:07:27+00:00,cex_cross_spot,ETH:buy Gate / sell Bitget,ETH,buy Gate / sell Bitget,Bitget<->Gate,-0.281518,-30.281518,NO,5825.92,"{""buy_ask"":2486.52,""buy_venue"":""Gate"",""extra_buffer_bps"":10.0,""note"":""Discovery snapshot only; assumes capital pre-positioned on both venues. Rebalancing, withdrawal, latency and deeper-book impact are not yet validated."",""sell_bid"":2486.45,""sell_venue"":""Bitget"",""source"":""wide_cex_hunter"",""taker_fee_bps_per_leg"":10.0,""total_friction_bps"":30.0}"
2026-09-08T19:07:27+00:00,cex_cross_spot,SOL:buy Bitget / sell Gate,SOL,buy Bitget / sell Gate,Bitget<->Gate,0.000000,-30.000000,NO,375.06,"{""buy_ask"":103.46,""buy_venue"":""Bitget"",""extra_buffer_bps"":10.0,""note"":""Discovery snapshot only; assumes capital pre-positioned on both venues. Rebalancing, withdrawal, latency and deeper-book impact are not yet validated."",""sell_bid"":103.46,""sell_venue"":""Gate"",""source"":""wide_cex_hunter"",""taker_fee_bps_per_leg"":10.0,""total_friction_bps"":30.0}"
2026-09-08T19:07:27+00:00,cex_cross_spot,SOL:buy Gate / sell Bitget,SOL,buy Gate / sell Bitget,Bitget<->Gate,-1.932927,-31.932927,NO,8184.81,"{""buy_ask"":103.47,""buy_venue"":""Gate"",""extra_buffer_bps"":10.0,""note"":""Discovery snapshot only; assumes capital pre-positioned on both venues. Rebalancing, withdrawal, latency and deeper-book impact are not yet validated."",""sell_bid"":103.45,""sell_venue"":""Bitget"",""source"":""wide_cex_hunter"",""taker_fee_bps_per_leg"":10.0,""total_friction_bps"":30.0}"
2026-09-08T19:07:27+00:00,cex_cross_spot,XRP:buy Bitget / sell Gate,XRP,buy Bitget / sell Gate,Bitget<->Gate,-4.885198,-34.885198,NO,823.60,"{""buy_ask"":1.4329,""buy_venue"":""Bitget"",""extra_buffer_bps"":10.0,""note"":""Discovery snapshot only; assumes capital pre-positioned on both venues. Rebalancing, withdrawal, latency and deeper-book impact are not yet validated."",""sell_bid"":1.4322,""sell_venue"":""Gate"",""source"":""wide_cex_hunter"",""taker_fee_bps_per_leg"":10.0,""total_friction_bps"":30.0}"
2026-09-08T19:07:27+00:00,cex_cross_spot,XRP:buy Gate / sell Bitget,XRP,buy Gate / sell Bitget,Bitget<->Gate,2.792516,-27.207484,NO,144.67,"{""buy_ask"":1.4324,""buy_venue"":""Gate"",""extra_buffer_bps"":10.0,""note"":""Discovery snapshot only; assumes capital pre-positioned on both venues. Rebalancing, withdrawal, latency and deeper-book impact are not yet validated."",""sell_bid"":1.4328,""sell_venue"":""Bitget"",""source"":""wide_cex_hunter"",""taker_fee_bps_per_leg"":10.0,""total_friction_bps"":30.0}"
2026-09-08T19:07:27+00:00,cex_cross_spot,DOGE:buy Bitget / sell Gate,DOGE,buy Bitget / sell Gate,Bitget<->Gate,-1.114579,-31.114579,NO,1.05,"{""buy_ask"":0.08972,""buy_venue"":""Bitget"",""extra_buffer_bps"":10.0,""note"":""Discovery snapshot only; assumes capital pre-positioned on both venues. Rebalancing, withdrawal, latency and deeper-book impact are not yet validated."",""sell_bid"":0.08971,""sell_venue"":""Gate"",""source"":""wide_cex_hunter"",""taker_fee_bps_per_leg"":10.0,""total_friction_bps"":30.0}"
2026-09-08T19:07:27+00:00,cex_cross_spot,DOGE:buy Gate / sell Bitget,DOGE,buy Gate / sell Bitget,Bitget<->Gate,-1.114579,-31.114579,NO,280.24,"{""buy_ask"":0.08972,""buy_venue"":""Gate"",""extra_buffer_bps"":10.0,""note"":""Discovery snapshot only; assumes capital pre-positioned on both venues. Rebalancing, withdrawal, latency and deeper-book impact are not yet validated."",""sell_bid"":0.08971,""sell_venue"":""Bitget"",""source"":""wide_cex_hunter"",""taker_fee_bps_per_leg"":10.0,""total_friction_bps"":30.0}"
2026-09-08T19:07:27+00:00,cex_cross_spot,ADA:buy Bitget / sell Gate,ADA,buy Bitget / sell Gate,Bitget<->Gate,-4.510600,-34.510600,NO,109.03,"{""buy_ask"":0.2217,""buy_venue"":""Bitget"",""extra_buffer_bps"":10.0,""note"":""Discovery snapshot only; assumes capital pre-positioned on both venues. Rebalancing, withdrawal, latency and deeper-book impact are not yet validated."",""sell_bid"":0.2216,""sell_venue"":""Gate"",""source"":""wide_cex_hunter"",""taker_fee_bps_per_leg"":10.0,""total_friction_bps"":30.0}"
2026-09-08T19:07:27+00:00,cex_cross_spot,ADA:buy Gate / sell Bitget,ADA,buy Gate / sell Bitget,Bitget<->Gate,-3.157847,-33.157847,NO,109.06,"{""buy_ask"":0.22167,""buy_venue"":""Gate"",""extra_buffer_bps"":10.0,""note"":""Discovery snapshot only; assumes capital pre-positioned on both venues. Rebalancing, withdrawal, latency and deeper-book impact are not yet validated."",""sell_bid"":0.2216,""sell_venue"":""Bitget"",""source"":""wide_cex_hunter"",""taker_fee_bps_per_leg"":10.0,""total_friction_bps"":30.0}"
2026-09-08T19:07:27+00:00,cex_cross_spot,LINK:buy Bitget / sell Gate,LINK,buy Bitget / sell Gate,Bitget<->Gate,-3.166060,-33.166060,NO,206.25,"{""buy_ask"":12.634,""buy_venue"":""Bitget"",""extra_buffer_bps"":10.0,""note"":""Discovery snapshot only; assumes capital pre-positioned on both venues. Rebalancing, withdrawal, latency and deeper-book impact are not yet validated."",""sell_bid"":12.63,""sell_venue"":""Gate"",""source"":""wide_cex_hunter"",""taker_fee_bps_per_leg"":10.0,""total_friction_bps"":30.0}"
2026-09-08T19:07:27+00:00,cex_cross_spot,LINK:buy Gate / sell Bitget,LINK,buy Gate / sell Bitget,Bitget<->Gate,-0.791640,-30.791640,NO,72.17,"{""buy_ask"":12.632,""buy_venue"":""Gate"",""extra_buffer_bps"":10.0,""note"":""Discovery snapshot only; assumes capital pre-positioned on both venues. Rebalancing, withdrawal, latency and deeper-book impact are not yet validated."",""sell_bid"":12.631,""sell_venue"":""Bitget"",""source"":""wide_cex_hunter"",""taker_fee_bps_per_leg"":10.0,""total_friction_bps"":30.0}"
2026-09-08T19:07:27+00:00,cex_cross_spot,LTC:buy Bitget / sell Gate,LTC,buy Bitget / sell Gate,Bitget<->Gate,-5.550416,-35.550416,NO,210.35,"{""buy_ask"":54.05,""buy_venue"":""Bitget"",""extra_buffer_bps"":10.0,""note"":""Discovery snapshot only; assumes capital pre-positioned on both venues. Rebalancing, withdrawal, latency and deeper-book impact are not yet validated."",""sell_bid"":54.02,""sell_venue"":""Gate"",""source"":""wide_cex_hunter"",""taker_fee_bps_per_leg"":10.0,""total_friction_bps"":30.0}"
2026-09-08T19:07:27+00:00,cex_cross_spot,LTC:buy Gate / sell Bitget,LTC,buy Gate / sell Bitget,Bitget<->Gate,0.000000,-30.000000,NO,106.01,"{""buy_ask"":54.03,""buy_venue"":""Gate"",""extra_buffer_bps"":10.0,""note"":""Discovery snapshot only; assumes capital pre-positioned on both venues. Rebalancing, withdrawal, latency and deeper-book impact are not yet validated."",""sell_bid"":54.03,""sell_venue"":""Bitget"",""source"":""wide_cex_hunter"",""taker_fee_bps_per_leg"":10.0,""total_friction_bps"":30.0}"
2026-09-08T19:07:27+00:00,cex_cross_spot,BCH:buy Bitget / sell Gate,BCH,buy Bitget / sell Gate,Bitget<->Gate,-8.553655,-38.553655,NO,294.76,"{""buy_ask"":257.2,""buy_venue"":""Bitget"",""extra_buffer_bps"":10.0,""note"":""Discovery snapshot only; assumes capital pre-positioned on both venues. Rebalancing, withdrawal, latency and deeper-book impact are not yet validated."",""sell_bid"":256.98,""sell_venue"":""Gate"",""source"":""wide_cex_hunter"",""taker_fee_bps_per_leg"":10.0,""total_friction_bps"":30.0}"
2026-09-08T19:07:27+00:00,cex_cross_spot,BCH:buy Gate / sell Bitget,BCH,buy Gate / sell Bitget,Bitget<->Gate,-10.883085,-40.883085,NO,167.23,"{""buy_ask"":257.28,""buy_venue"":""Gate"",""extra_buffer_bps"":10.0,""note"":""Discovery snapshot only; assumes capital pre-positioned on both venues. Rebalancing, withdrawal, latency and deeper-book impact are not yet validated."",""sell_bid"":257.0,""sell_venue"":""Bitget"",""source"":""wide_cex_hunter"",""taker_fee_bps_per_leg"":10.0,""total_friction_bps"":30.0}"
2026-09-08T19:07:27+00:00,cex_cross_spot,AVAX:buy Bitget / sell Gate,AVAX,buy Bitget / sell Gate,Bitget<->Gate,-3.755633,-33.755633,NO,407.53,"{""buy_ask"":7.988,""buy_venue"":""Bitget"",""extra_buffer_bps"":10.0,""note"":""Discovery snapshot only; assumes capital pre-positioned on both venues. Rebalancing, withdrawal, latency and deeper-book impact are not yet validated."",""sell_bid"":7.985,""sell_venue"":""Gate"",""source"":""wide_cex_hunter"",""taker_fee_bps_per_leg"":10.0,""total_friction_bps"":30.0}"
2026-09-08T19:07:27+00:00,cex_cross_spot,AVAX:buy Gate / sell Bitget,AVAX,buy Gate / sell Bitget,Bitget<->Gate,0.000000,-30.000000,NO,112.31,"{""buy_ask"":7.987,""buy_venue"":""Gate"",""extra_buffer_bps"":10.0,""note"":""Discovery snapshot only; assumes capital pre-positioned on both venues. Rebalancing, withdrawal, latency and deeper-book impact are not yet validated."",""sell_bid"":7.987,""sell_venue"":""Bitget"",""source"":""wide_cex_hunter"",""taker_fee_bps_per_leg"":10.0,""total_friction_bps"":30.0}"
2026-09-08T19:07:27+00:00,cex_cross_spot,DOT:buy Bitget / sell Gate,DOT,buy Bitget / sell Gate,Bitget<->Gate,-5.789909,-35.789909,NO,1.63,"{""buy_ask"":1.209,""buy_venue"":""Bitget"",""extra_buffer_bps"":10.0,""note"":""Discovery snapshot only; assumes capital pre-positioned on both venues. Rebalancing, withdrawal, latency and deeper-book impact are not yet validated."",""sell_bid"":1.2083,""sell_venue"":""Gate"",""source"":""wide_cex_hunter"",""taker_fee_bps_per_leg"":10.0,""total_friction_bps"":30.0}"
2026-09-08T19:07:27+00:00,cex_cross_spot,DOT:buy Gate / sell Bitget,DOT,buy Gate / sell Bitget,Bitget<->Gate,-8.271299,-38.271299,NO,141.21,"{""buy_ask"":1.209,""buy_venue"":""Gate"",""extra_buffer_bps"":10.0,""note"":""Discovery snapshot only; assumes capital pre-positioned on both venues. Rebalancing, withdrawal, latency and deeper-book impact are not yet validated."",""sell_bid"":1.208,""sell_venue"":""Bitget"",""source"":""wide_cex_hunter"",""taker_fee_bps_per_leg"":10.0,""total_friction_bps"":30.0}"
2026-09-08T19:07:27+00:00,cex_cross_spot,TRX:buy Bitget / sell Gate,TRX,buy Bitget / sell Gate,Bitget<->Gate,-2.360718,-32.360718,NO,55.96,"{""buy_ask"":0.33888,""buy_venue"":""Bitget"",""extra_buffer_bps"":10.0,""note"":""Discovery snapshot only; assumes capital pre-positioned on both venues. Rebalancing, withdrawal, latency and deeper-book impact are not yet validated."",""sell_bid"":0.3388,""sell_venue"":""Gate"",""source"":""wide_cex_hunter"",""taker_fee_bps_per_leg"":10.0,""total_friction_bps"":30.0}"
2026-09-08T19:07:27+00:00,cex_cross_spot,TRX:buy Gate / sell Bitget,TRX,buy Gate / sell Bitget,Bitget<->Gate,-0.885217,-30.885217,NO,1190.66,"{""buy_ask"":0.3389,""buy_venue"":""Gate"",""extra_buffer_bps"":10.0,""note"":""Discovery snapshot only; assumes capital pre-positioned on both venues. Rebalancing, withdrawal, latency and deeper-book impact are not yet validated."",""sell_bid"":0.33887,""sell_venue"":""Bitget"",""source"":""wide_cex_hunter"",""taker_fee_bps_per_leg"":10.0,""total_friction_bps"":30.0}"
2026-09-08T19:07:27+00:00,cex_cross_spot,SUI:buy Bitget / sell Gate,SUI,buy Bitget / sell Gate,Bitget<->Gate,-4.927322,-34.927322,NO,6.19,"{""buy_ask"":0.8118,""buy_venue"":""Bitget"",""extra_buffer_bps"":10.0,""note"":""Discovery snapshot only; assumes capital pre-positioned on both venues. Rebalancing, withdrawal, latency and deeper-book impact are not yet validated."",""sell_bid"":0.8114,""sell_venue"":""Gate"",""source"":""wide_cex_hunter"",""taker_fee_bps_per_leg"":10.0,""total_friction_bps"":30.0}"
2026-09-08T19:07:27+00:00,cex_cross_spot,SUI:buy Gate / sell Bitget,SUI,buy Gate / sell Bitget,Bitget<->Gate,2.464572,-27.535428,NO,416.84,"{""buy_ask"":0.8115,""buy_venue"":""Gate"",""extra_buffer_bps"":10.0,""note"":""Discovery snapshot only; assumes capital pre-positioned on both venues. Rebalancing, withdrawal, latency and deeper-book impact are not yet validated."",""sell_bid"":0.8117,""sell_venue"":""Bitget"",""source"":""wide_cex_hunter"",""taker_fee_bps_per_leg"":10.0,""total_friction_bps"":30.0}"
2026-09-08T19:07:27+00:00,cex_cross_spot,APT:buy Bitget / sell Gate,APT,buy Bitget / sell Gate,Bitget<->Gate,-4.601227,-34.601227,NO,80.03,"{""buy_ask"":0.652,""buy_venue"":""Bitget"",""extra_buffer_bps"":10.0,""note"":""Discovery snapshot only; assumes capital pre-positioned on both venues. Rebalancing, withdrawal, latency and deeper-book impact are not yet validated."",""sell_bid"":0.6517,""sell_venue"":""Gate"",""source"":""wide_cex_hunter"",""taker_fee_bps_per_leg"":10.0,""total_friction_bps"":30.0}"
2026-09-08T19:07:27+00:00,cex_cross_spot,APT:buy Gate / sell Bitget,APT,buy Gate / sell Bitget,Bitget<->Gate,-3.067485,-33.067485,NO,7.97,"{""buy_ask"":0.652,""buy_venue"":""Gate"",""extra_buffer_bps"":10.0,""note"":""Discovery snapshot only; assumes capital pre-positioned on both venues. Rebalancing, withdrawal, latency and deeper-book impact are not yet validated."",""sell_bid"":0.6518,""sell_venue"":""Bitget"",""source"":""wide_cex_hunter"",""taker_fee_bps_per_leg"":10.0,""total_friction_bps"":30.0}"
2026-09-08T19:07:27+00:00,cex_cross_spot,NEAR:buy Bitget / sell Gate,NEAR,buy Bitget / sell Gate,Bitget<->Gate,-4.260758,-34.260758,NO,246.59,"{""buy_ask"":2.347,""buy_venue"":""Bitget"",""extra_buffer_bps"":10.0,""note"":""Discovery snapshot only; assumes capital pre-positioned on both venues. Rebalancing, withdrawal, latency and deeper-book impact are not yet validated."",""sell_bid"":2.346,""sell_venue"":""Gate"",""source"":""wide_cex_hunter"",""taker_fee_bps_per_leg"":10.0,""total_friction_bps"":30.0}"
2026-09-08T19:07:27+00:00,cex_cross_spot,NEAR:buy Gate / sell Bitget,NEAR,buy Gate / sell Bitget,Bitget<->Gate,-8.521517,-38.521517,NO,581.70,"{""buy_ask"":2.347,""buy_venue"":""Gate"",""extra_buffer_bps"":10.0,""note"":""Discovery snapshot only; assumes capital pre-positioned on both venues. Rebalancing, withdrawal, latency and deeper-book impact are not yet validated."",""sell_bid"":2.345,""sell_venue"":""Bitget"",""source"":""wide_cex_hunter"",""taker_fee_bps_per_leg"":10.0,""total_friction_bps"":30.0}"
2026-09-08T19:45:02+00:00,cex_cross_spot,BTC:buy Bitget / sell Gate,BTC,buy Bitget / sell Gate,Bitget<->Gate,0.309876,-29.690124,NO,1605.62,"{""buy_ask"":78418.47,""buy_venue"":""Bitget"",""extra_buffer_bps"":10.0,""note"":""Discovery snapshot only; assumes capital pre-positioned on both venues. Rebalancing, withdrawal, latency and deeper-book impact are not yet validated."",""sell_bid"":78420.9,""sell_venue"":""Gate"",""source"":""wide_cex_hunter"",""taker_fee_bps_per_leg"":10.0,""total_friction_bps"":30.0}"
2026-09-08T19:45:02+00:00,cex_cross_spot,BTC:buy Gate / sell Bitget,BTC,buy Gate / sell Bitget,Bitget<->Gate,-0.323893,-30.323893,NO,5678.31,"{""buy_ask"":78421.0,""buy_venue"":""Gate"",""extra_buffer_bps"":10.0,""note"":""Discovery snapshot only; assumes capital pre-positioned on both venues. Rebalancing, withdrawal, latency and deeper-book impact are not yet validated."",""sell_bid"":78418.46,""sell_venue"":""Bitget"",""source"":""wide_cex_hunter"",""taker_fee_bps_per_leg"":10.0,""total_friction_bps"":30.0}"
2026-09-08T19:45:02+00:00,cex_cross_spot,ETH:buy Bitget / sell Gate,ETH,buy Bitget / sell Gate,Bitget<->Gate,0.846088,-29.153912,NO,28.30,"{""buy_ask"":2482.01,""buy_venue"":""Bitget"",""extra_buffer_bps"":10.0,""note"":""Discovery snapshot only; assumes capital pre-positioned on both venues. Rebalancing, withdrawal, latency and deeper-book impact are not yet validated."",""sell_bid"":2482.22,""sell_venue"":""Gate"",""source"":""wide_cex_hunter"",""taker_fee_bps_per_leg"":10.0,""total_friction_bps"":30.0}"
2026-09-08T19:45:02+00:00,cex_cross_spot,ETH:buy Gate / sell Bitget,ETH,buy Gate / sell Bitget,Bitget<->Gate,-0.926586,-30.926586,NO,3361.19,"{""buy_ask"":2482.23,""buy_venue"":""Gate"",""extra_buffer_bps"":10.0,""note"":""Discovery snapshot only; assumes capital pre-positioned on both venues. Rebalancing, withdrawal, latency and deeper-book impact are not yet validated."",""sell_bid"":2482.0,""sell_venue"":""Bitget"",""source"":""wide_cex_hunter"",""taker_fee_bps_per_leg"":10.0,""total_friction_bps"":30.0}"
2026-09-08T19:45:02+00:00,cex_cross_spot,SOL:buy Bitget / sell Gate,SOL,buy Bitget / sell Gate,Bitget<->Gate,0.000000,-30.000000,NO,264.66,"{""buy_ask"":103.14,""buy_venue"":""Bitget"",""extra_buffer_bps"":10.0,""note"":""Discovery snapshot only; assumes capital pre-positioned on both venues. Rebalancing, withdrawal, latency and deeper-book impact are not yet validated."",""sell_bid"":103.14,""sell_venue"":""Gate"",""source"":""wide_cex_hunter"",""taker_fee_bps_per_leg"":10.0,""total_friction_bps"":30.0}"
2026-09-08T19:45:02+00:00,cex_cross_spot,SOL:buy Gate / sell Bitget,SOL,buy Gate / sell Bitget,Bitget<->Gate,-1.938924,-31.938924,NO,5.33,"{""buy_ask"":103.15,""buy_venue"":""Gate"",""extra_buffer_bps"":10.0,""note"":""Discovery snapshot only; assumes capital pre-positioned on both venues. Rebalancing, withdrawal, latency and deeper-book impact are not yet validated."",""sell_bid"":103.13,""sell_venue"":""Bitget"",""source"":""wide_cex_hunter"",""taker_fee_bps_per_leg"":10.0,""total_friction_bps"":30.0}"
2026-09-08T19:45:02+00:00,cex_cross_spot,XRP:buy Bitget / sell Gate,XRP,buy Bitget / sell Gate,Bitget<->Gate,-1.404494,-31.404494,NO,667.30,"{""buy_ask"":1.424,""buy_venue"":""Bitget"",""extra_buffer_bps"":10.0,""note"":""Discovery snapshot only; assumes capital pre-positioned on both venues. Rebalancing, withdrawal, latency and deeper-book impact are not yet validated."",""sell_bid"":1.4238,""sell_venue"":""Gate"",""source"":""wide_cex_hunter"",""taker_fee_bps_per_leg"":10.0,""total_friction_bps"":30.0}"
2026-09-08T19:45:02+00:00,cex_cross_spot,XRP:buy Gate / sell Bitget,XRP,buy Gate / sell Bitget,Bitget<->Gate,0.000000,-30.000000,NO,1.05,"{""buy_ask"":1.4239,""buy_venue"":""Gate"",""extra_buffer_bps"":10.0,""note"":""Discovery snapshot only; assumes capital pre-positioned on both venues. Rebalancing, withdrawal, latency and deeper-book impact are not yet validated."",""sell_bid"":1.4239,""sell_venue"":""Bitget"",""source"":""wide_cex_hunter"",""taker_fee_bps_per_leg"":10.0,""total_friction_bps"":30.0}"
2026-09-08T19:45:02+00:00,cex_cross_spot,DOGE:buy Bitget / sell Gate,DOGE,buy Bitget / sell Gate,Bitget<->Gate,-1.114703,-31.114703,NO,419.18,"{""buy_ask"":0.08971,""buy_venue"":""Bitget"",""extra_buffer_bps"":10.0,""note"":""Discovery snapshot only; assumes capital pre-positioned on both venues. Rebalancing, withdrawal, latency and deeper-book impact are not yet validated."",""sell_bid"":0.0897,""sell_venue"":""Gate"",""source"":""wide_cex_hunter"",""taker_fee_bps_per_leg"":10.0,""total_friction_bps"":30.0}"
2026-09-08T19:45:02+00:00,cex_cross_spot,DOGE:buy Gate / sell Bitget,DOGE,buy Gate / sell Bitget,Bitget<->Gate,-1.114703,-31.114703,NO,218.16,"{""buy_ask"":0.08971,""buy_venue"":""Gate"",""extra_buffer_bps"":10.0,""note"":""Discovery snapshot only; assumes capital pre-positioned on both venues. Rebalancing, withdrawal, latency and deeper-book impact are not yet validated."",""sell_bid"":0.0897,""sell_venue"":""Bitget"",""source"":""wide_cex_hunter"",""taker_fee_bps_per_leg"":10.0,""total_friction_bps"":30.0}"
2026-09-08T19:45:02+00:00,cex_cross_spot,ADA:buy Bitget / sell Gate,ADA,buy Bitget / sell Gate,Bitget<->Gate,-2.264493,-32.264493,NO,110.15,"{""buy_ask"":0.2208,""buy_venue"":""Bitget"",""extra_buffer_bps"":10.0,""note"":""Discovery snapshot only; assumes capital pre-positioned on both venues. Rebalancing, withdrawal, latency and deeper-book impact are not yet validated."",""sell_bid"":0.22075,""sell_venue"":""Gate"",""source"":""wide_cex_hunter"",""taker_fee_bps_per_leg"":10.0,""total_friction_bps"":30.0}"
2026-09-08T19:45:02+00:00,cex_cross_spot,ADA:buy Gate / sell Bitget,ADA,buy Gate / sell Bitget,Bitget<->Gate,-3.170721,-33.170721,NO,220.33,"{""buy_ask"":0.22077,""buy_venue"":""Gate"",""extra_buffer_bps"":10.0,""note"":""Discovery snapshot only; assumes capital pre-positioned on both venues. Rebalancing, withdrawal, latency and deeper-book impact are not yet validated."",""sell_bid"":0.2207,""sell_venue"":""Bitget"",""source"":""wide_cex_hunter"",""taker_fee_bps_per_leg"":10.0,""total_friction_bps"":30.0}"
2026-09-08T19:45:02+00:00,cex_cross_spot,LINK:buy Bitget / sell Gate,LINK,buy Bitget / sell Gate,Bitget<->Gate,-0.795039,-30.795039,NO,75.43,"{""buy_ask"":12.578,""buy_venue"":""Bitget"",""extra_buffer_bps"":10.0,""note"":""Discovery snapshot only; assumes capital pre-positioned on both venues. Rebalancing, withdrawal, latency and deeper-book impact are not yet validated."",""sell_bid"":12.577,""sell_venue"":""Gate"",""source"":""wide_cex_hunter"",""taker_fee_bps_per_leg"":10.0,""total_friction_bps"":30.0}"
2026-09-08T19:45:02+00:00,cex_cross_spot,LINK:buy Gate / sell Bitget,LINK,buy Gate / sell Bitget,Bitget<->Gate,-2.384738,-32.384738,NO,188.66,"{""buy_ask"":12.58,""buy_venue"":""Gate"",""extra_buffer_bps"":10.0,""note"":""Discovery snapshot only; assumes capital pre-positioned on both venues. Rebalancing, withdrawal, latency and deeper-book impact are not yet validated."",""sell_bid"":12.577,""sell_venue"":""Bitget"",""source"":""wide_cex_hunter"",""taker_fee_bps_per_leg"":10.0,""total_friction_bps"":30.0}"
2026-09-08T19:45:02+00:00,cex_cross_spot,LTC:buy Bitget / sell Gate,LTC,buy Bitget / sell Gate,Bitget<->Gate,-7.367839,-37.367839,NO,290.94,"{""buy_ask"":54.29,""buy_venue"":""Bitget"",""extra_buffer_bps"":10.0,""note"":""Discovery snapshot only; assumes capital pre-positioned on both venues. Rebalancing, withdrawal, latency and deeper-book impact are not yet validated."",""sell_bid"":54.25,""sell_venue"":""Gate"",""source"":""wide_cex_hunter"",""taker_fee_bps_per_leg"":10.0,""total_friction_bps"":30.0}"
2026-09-08T19:45:02+00:00,cex_cross_spot,LTC:buy Gate / sell Bitget,LTC,buy Gate / sell Bitget,Bitget<->Gate,0.000000,-30.000000,NO,268.75,"{""buy_ask"":54.27,""buy_venue"":""Gate"",""extra_buffer_bps"":10.0,""note"":""Discovery snapshot only; assumes capital pre-positioned on both venues. Rebalancing, withdrawal, latency and deeper-book impact are not yet validated."",""sell_bid"":54.27,""sell_venue"":""Bitget"",""source"":""wide_cex_hunter"",""taker_fee_bps_per_leg"":10.0,""total_friction_bps"":30.0}"
2026-09-08T19:45:02+00:00,cex_cross_spot,BCH:buy Bitget / sell Gate,BCH,buy Bitget / sell Gate,Bitget<->Gate,-10.903427,-40.903427,NO,128.52,"{""buy_ask"":256.8,""buy_venue"":""Bitget"",""extra_buffer_bps"":10.0,""note"":""Discovery snapshot only; assumes capital pre-positioned on both venues. Rebalancing, withdrawal, latency and deeper-book impact are not yet validated."",""sell_bid"":256.52,""sell_venue"":""Gate"",""source"":""wide_cex_hunter"",""taker_fee_bps_per_leg"":10.0,""total_friction_bps"":30.0}"
2026-09-08T19:45:02+00:00,cex_cross_spot,BCH:buy Gate / sell Bitget,BCH,buy Gate / sell Bitget,Bitget<->Gate,-4.674353,-34.674353,NO,158.91,"{""buy_ask"":256.72,""buy_venue"":""Gate"",""extra_buffer_bps"":10.0,""note"":""Discovery snapshot only; assumes capital pre-positioned on both venues. Rebalancing, withdrawal, latency and deeper-book impact are not yet validated."",""sell_bid"":256.6,""sell_venue"":""Bitget"",""source"":""wide_cex_hunter"",""taker_fee_bps_per_leg"":10.0,""total_friction_bps"":30.0}"
2026-09-08T19:45:02+00:00,cex_cross_spot,AVAX:buy Bitget / sell Gate,AVAX,buy Bitget / sell Gate,Bitget<->Gate,-3.755163,-33.755163,NO,337.57,"{""buy_ask"":7.989,""buy_venue"":""Bitget"",""extra_buffer_bps"":10.0,""note"":""Discovery snapshot only; assumes capital pre-positioned on both venues. Rebalancing, withdrawal, latency and deeper-book impact are not yet validated."",""sell_bid"":7.986,""sell_venue"":""Gate"",""source"":""wide_cex_hunter"",""taker_fee_bps_per_leg"":10.0,""total_friction_bps"":30.0}"
2026-09-08T19:45:02+00:00,cex_cross_spot,AVAX:buy Gate / sell Bitget,AVAX,buy Gate / sell Bitget,Bitget<->Gate,-2.503129,-32.503129,NO,112.36,"{""buy_ask"":7.99,""buy_venue"":""Gate"",""extra_buffer_bps"":10.0,""note"":""Discovery snapshot only; assumes capital pre-positioned on both venues. Rebalancing, withdrawal, latency and deeper-book impact are not yet validated."",""sell_bid"":7.988,""sell_venue"":""Bitget"",""source"":""wide_cex_hunter"",""taker_fee_bps_per_leg"":10.0,""total_friction_bps"":30.0}"
2026-09-08T19:45:02+00:00,cex_cross_spot,DOT:buy Bitget / sell Gate,DOT,buy Bitget / sell Gate,Bitget<->Gate,-10.483871,-40.483871,NO,61.93,"{""buy_ask"":1.24,""buy_venue"":""Bitget"",""extra_buffer_bps"":10.0,""note"":""Discovery snapshot only; assumes capital pre-positioned on both venues. Rebalancing, withdrawal, latency and deeper-book impact are not yet validated."",""sell_bid"":1.2387,""sell_venue"":""Gate"",""source"":""wide_cex_hunter"",""taker_fee_bps_per_leg"":10.0,""total_friction_bps"":30.0}"
2026-09-08T19:45:02+00:00,cex_cross_spot,DOT:buy Gate / sell Bitget,DOT,buy Gate / sell Bitget,Bitget<->Gate,-1.613944,-31.613944,NO,3.47,"{""buy_ask"":1.2392,""buy_venue"":""Gate"",""extra_buffer_bps"":10.0,""note"":""Discovery snapshot only; assumes capital pre-positioned on both venues. Rebalancing, withdrawal, latency and deeper-book impact are not yet validated."",""sell_bid"":1.239,""sell_venue"":""Bitget"",""source"":""wide_cex_hunter"",""taker_fee_bps_per_leg"":10.0,""total_friction_bps"":30.0}"
2026-09-08T19:45:02+00:00,cex_cross_spot,TRX:buy Bitget / sell Gate,TRX,buy Bitget / sell Gate,Bitget<->Gate,-0.886184,-30.886184,NO,54.63,"{""buy_ask"":0.33853,""buy_venue"":""Bitget"",""extra_buffer_bps"":10.0,""note"":""Discovery snapshot only; assumes capital pre-positioned on both venues. Rebalancing, withdrawal, latency and deeper-book impact are not yet validated."",""sell_bid"":0.3385,""sell_venue"":""Gate"",""source"":""wide_cex_hunter"",""taker_fee_bps_per_leg"":10.0,""total_friction_bps"":30.0}"
2026-09-08T19:45:02+00:00,cex_cross_spot,TRX:buy Gate / sell Bitget,TRX,buy Gate / sell Bitget,Bitget<->Gate,-2.362670,-32.362670,NO,657.89,"{""buy_ask"":0.3386,""buy_venue"":""Gate"",""extra_buffer_bps"":10.0,""note"":""Discovery snapshot only; assumes capital pre-positioned on both venues. Rebalancing, withdrawal, latency and deeper-book impact are not yet validated."",""sell_bid"":0.33852,""sell_venue"":""Bitget"",""source"":""wide_cex_hunter"",""taker_fee_bps_per_leg"":10.0,""total_friction_bps"":30.0}"
2026-09-08T19:45:02+00:00,cex_cross_spot,SUI:buy Bitget / sell Gate,SUI,buy Bitget / sell Gate,Bitget<->Gate,-1.231224,-31.231224,NO,140.21,"{""buy_ask"":0.8122,""buy_venue"":""Bitget"",""extra_buffer_bps"":10.0,""note"":""Discovery snapshot only; assumes capital pre-positioned on both venues. Rebalancing, withdrawal, latency and deeper-book impact are not yet validated."",""sell_bid"":0.8121,""sell_venue"":""Gate"",""source"":""wide_cex_hunter"",""taker_fee_bps_per_leg"":10.0,""total_friction_bps"":30.0}"
2026-09-08T19:45:02+00:00,cex_cross_spot,SUI:buy Gate / sell Bitget,SUI,buy Gate / sell Bitget,Bitget<->Gate,-1.231224,-31.231224,NO,37.43,"{""buy_ask"":0.8122,""buy_venue"":""Gate"",""extra_buffer_bps"":10.0,""note"":""Discovery snapshot only; assumes capital pre-positioned on both venues. Rebalancing, withdrawal, latency and deeper-book impact are not yet validated."",""sell_bid"":0.8121,""sell_venue"":""Bitget"",""source"":""wide_cex_hunter"",""taker_fee_bps_per_leg"":10.0,""total_friction_bps"":30.0}"
2026-09-08T19:45:02+00:00,cex_cross_spot,APT:buy Bitget / sell Gate,APT,buy Bitget / sell Gate,Bitget<->Gate,-4.583652,-34.583652,NO,72.71,"{""buy_ask"":0.6545,""buy_venue"":""Bitget"",""extra_buffer_bps"":10.0,""note"":""Discovery snapshot only; assumes capital pre-positioned on both venues. Rebalancing, withdrawal, latency and deeper-book impact are not yet validated."",""sell_bid"":0.6542,""sell_venue"":""Gate"",""source"":""wide_cex_hunter"",""taker_fee_bps_per_leg"":10.0,""total_friction_bps"":30.0}"
2026-09-08T19:45:02+00:00,cex_cross_spot,APT:buy Gate / sell Bitget,APT,buy Gate / sell Bitget,Bitget<->Gate,-3.055768,-33.055768,NO,72.69,"{""buy_ask"":0.6545,""buy_venue"":""Gate"",""extra_buffer_bps"":10.0,""note"":""Discovery snapshot only; assumes capital pre-positioned on both venues. Rebalancing, withdrawal, latency and deeper-book impact are not yet validated."",""sell_bid"":0.6543,""sell_venue"":""Bitget"",""source"":""wide_cex_hunter"",""taker_fee_bps_per_leg"":10.0,""total_friction_bps"":30.0}"
2026-09-08T19:45:02+00:00,cex_cross_spot,NEAR:buy Bitget / sell Gate,NEAR,buy Bitget / sell Gate,Bitget<->Gate,0.000000,-30.000000,NO,53.70,"{""buy_ask"":2.353,""buy_venue"":""Bitget"",""extra_buffer_bps"":10.0,""note"":""Discovery snapshot only; assumes capital pre-positioned on both venues. Rebalancing, withdrawal, latency and deeper-book impact are not yet validated."",""sell_bid"":2.353,""sell_venue"":""Gate"",""source"":""wide_cex_hunter"",""taker_fee_bps_per_leg"":10.0,""total_friction_bps"":30.0}"
2026-09-08T19:45:02+00:00,cex_cross_spot,NEAR:buy Gate / sell Bitget,NEAR,buy Gate / sell Bitget,Bitget<->Gate,-12.744265,-42.744265,NO,630.80,"{""buy_ask"":2.354,""buy_venue"":""Gate"",""extra_buffer_bps"":10.0,""note"":""Discovery snapshot only; assumes capital pre-positioned on both venues. Rebalancing, withdrawal, latency and deeper-book impact are not yet validated."",""sell_bid"":2.351,""sell_venue"":""Bitget"",""source"":""wide_cex_hunter"",""taker_fee_bps_per_leg"":10.0,""total_friction_bps"":30.0}"
2026-09-08T19:55:55+00:00,cex_cross_spot,BTC:buy Bitget / sell Gate,BTC,buy Bitget / sell Gate,Bitget<->Gate,0.243814,-29.756186,NO,16305.85,"{""buy_ask"":78338.49,""buy_venue"":""Bitget"",""extra_buffer_bps"":10.0,""note"":""Discovery snapshot only; assumes capital pre-positioned on both venues. Rebalancing, withdrawal, latency and deeper-book impact are not yet validated."",""sell_bid"":78340.4,""sell_venue"":""Gate"",""source"":""wide_cex_hunter"",""taker_fee_bps_per_leg"":10.0,""total_friction_bps"":30.0}"
2026-09-08T19:55:55+00:00,cex_cross_spot,BTC:buy Gate / sell Bitget,BTC,buy Gate / sell Bitget,Bitget<->Gate,-0.257849,-30.257849,NO,669.03,"{""buy_ask"":78340.5,""buy_venue"":""Gate"",""extra_buffer_bps"":10.0,""note"":""Discovery snapshot only; assumes capital pre-positioned on both venues. Rebalancing, withdrawal, latency and deeper-book impact are not yet validated."",""sell_bid"":78338.48,""sell_venue"":""Bitget"",""source"":""wide_cex_hunter"",""taker_fee_bps_per_leg"":10.0,""total_friction_bps"":30.0}"
2026-09-08T19:55:55+00:00,cex_cross_spot,ETH:buy Bitget / sell Gate,ETH,buy Bitget / sell Gate,Bitget<->Gate,0.161441,-29.838559,NO,184.09,"{""buy_ask"":2477.69,""buy_venue"":""Bitget"",""extra_buffer_bps"":10.0,""note"":""Discovery snapshot only; assumes capital pre-positioned on both venues. Rebalancing, withdrawal, latency and deeper-book impact are not yet validated."",""sell_bid"":2477.73,""sell_venue"":""Gate"",""source"":""wide_cex_hunter"",""taker_fee_bps_per_leg"":10.0,""total_friction_bps"":30.0}"
2026-09-08T19:55:55+00:00,cex_cross_spot,ETH:buy Gate / sell Bitget,ETH,buy Gate / sell Bitget,Bitget<->Gate,-0.242156,-30.242156,NO,310.96,"{""buy_ask"":2477.74,""buy_venue"":""Gate"",""extra_buffer_bps"":10.0,""note"":""Discovery snapshot only; assumes capital pre-positioned on both venues. Rebalancing, withdrawal, latency and deeper-book impact are not yet validated."",""sell_bid"":2477.68,""sell_venue"":""Bitget"",""source"":""wide_cex_hunter"",""taker_fee_bps_per_leg"":10.0,""total_friction_bps"":30.0}"
2026-09-08T19:55:55+00:00,cex_cross_spot,SOL:buy Bitget / sell Gate,SOL,buy Bitget / sell Gate,Bitget<->Gate,-1.942879,-31.942879,NO,2322.49,"{""buy_ask"":102.94,""buy_venue"":""Bitget"",""extra_buffer_bps"":10.0,""note"":""Discovery snapshot only; assumes capital pre-positioned on both venues. Rebalancing, withdrawal, latency and deeper-book impact are not yet validated."",""sell_bid"":102.92,""sell_venue"":""Gate"",""source"":""wide_cex_hunter"",""taker_fee_bps_per_leg"":10.0,""total_friction_bps"":30.0}"
2026-09-08T19:55:55+00:00,cex_cross_spot,SOL:buy Gate / sell Bitget,SOL,buy Gate / sell Bitget,Bitget<->Gate,0.000000,-30.000000,NO,2433.91,"{""buy_ask"":102.93,""buy_venue"":""Gate"",""extra_buffer_bps"":10.0,""note"":""Discovery snapshot only; assumes capital pre-positioned on both venues. Rebalancing, withdrawal, latency and deeper-book impact are not yet validated."",""sell_bid"":102.93,""sell_venue"":""Bitget"",""source"":""wide_cex_hunter"",""taker_fee_bps_per_leg"":10.0,""total_friction_bps"":30.0}"
2026-09-08T19:55:55+00:00,cex_cross_spot,XRP:buy Bitget / sell Gate,XRP,buy Bitget / sell Gate,Bitget<->Gate,-1.410338,-31.410338,NO,429.72,"{""buy_ask"":1.4181,""buy_venue"":""Bitget"",""extra_buffer_bps"":10.0,""note"":""Discovery snapshot only; assumes capital pre-positioned on both venues. Rebalancing, withdrawal, latency and deeper-book impact are not yet validated."",""sell_bid"":1.4179,""sell_venue"":""Gate"",""source"":""wide_cex_hunter"",""taker_fee_bps_per_leg"":10.0,""total_friction_bps"":30.0}"
2026-09-08T19:55:55+00:00,cex_cross_spot,XRP:buy Gate / sell Bitget,XRP,buy Gate / sell Bitget,Bitget<->Gate,-0.705169,-30.705169,NO,419.94,"{""buy_ask"":1.4181,""buy_venue"":""Gate"",""extra_buffer_bps"":10.0,""note"":""Discovery snapshot only; assumes capital pre-positioned on both venues. Rebalancing, withdrawal, latency and deeper-book impact are not yet validated."",""sell_bid"":1.418,""sell_venue"":""Bitget"",""source"":""wide_cex_hunter"",""taker_fee_bps_per_leg"":10.0,""total_friction_bps"":30.0}"
2026-09-08T19:55:55+00:00,cex_cross_spot,DOGE:buy Bitget / sell Gate,DOGE,buy Bitget / sell Gate,Bitget<->Gate,2.238138,-27.761862,NO,239.70,"{""buy_ask"":0.08936,""buy_venue"":""Bitget"",""extra_buffer_bps"":10.0,""note"":""Discovery snapshot only; assumes capital pre-positioned on both venues. Rebalancing, withdrawal, latency and deeper-book impact are not yet validated."",""sell_bid"":0.08938,""sell_venue"":""Gate"",""source"":""wide_cex_hunter"",""taker_fee_bps_per_leg"":10.0,""total_friction_bps"":30.0}"
2026-09-08T19:55:55+00:00,cex_cross_spot,DOGE:buy Gate / sell Bitget,DOGE,buy Gate / sell Bitget,Bitget<->Gate,-4.474773,-34.474773,NO,78.08,"{""buy_ask"":0.08939,""buy_venue"":""Gate"",""extra_buffer_bps"":10.0,""note"":""Discovery snapshot only; assumes capital pre-positioned on both venues. Rebalancing, withdrawal, latency and deeper-book impact are not yet validated."",""sell_bid"":0.08935,""sell_venue"":""Bitget"",""source"":""wide_cex_hunter"",""taker_fee_bps_per_leg"":10.0,""total_friction_bps"":30.0}"
2026-09-08T19:55:55+00:00,cex_cross_spot,ADA:buy Bitget / sell Gate,ADA,buy Bitget / sell Gate,Bitget<->Gate,-7.262823,-37.262823,NO,230.05,"{""buy_ask"":0.2203,""buy_venue"":""Bitget"",""extra_buffer_bps"":10.0,""note"":""Discovery snapshot only; assumes capital pre-positioned on both venues. Rebalancing, withdrawal, latency and deeper-book impact are not yet validated."",""sell_bid"":0.22014,""sell_venue"":""Gate"",""source"":""wide_cex_hunter"",""taker_fee_bps_per_leg"":10.0,""total_friction_bps"":30.0}"
2026-09-08T19:55:55+00:00,cex_cross_spot,ADA:buy Gate / sell Bitget,ADA,buy Gate / sell Bitget,Bitget<->Gate,0.454153,-29.545847,NO,49.32,"{""buy_ask"":0.22019,""buy_venue"":""Gate"",""extra_buffer_bps"":10.0,""note"":""Discovery snapshot only; assumes capital pre-positioned on both venues. Rebalancing, withdrawal, latency and deeper-book impact are not yet validated."",""sell_bid"":0.2202,""sell_venue"":""Bitget"",""source"":""wide_cex_hunter"",""taker_fee_bps_per_leg"":10.0,""total_friction_bps"":30.0}"
2026-09-08T19:55:55+00:00,cex_cross_spot,LINK:buy Bitget / sell Gate,LINK,buy Bitget / sell Gate,Bitget<->Gate,-2.390438,-32.390438,NO,126.47,"{""buy_ask"":12.55,""buy_venue"":""Bitget"",""extra_buffer_bps"":10.0,""note"":""Discovery snapshot only; assumes capital pre-positioned on both venues. Rebalancing, withdrawal, latency and deeper-book impact are not yet validated."",""sell_bid"":12.547,""sell_venue"":""Gate"",""source"":""wide_cex_hunter"",""taker_fee_bps_per_leg"":10.0,""total_friction_bps"":30.0}"
2026-09-08T19:55:55+00:00,cex_cross_spot,LINK:buy Gate / sell Bitget,LINK,buy Gate / sell Bitget,Bitget<->Gate,-1.593752,-31.593752,NO,93.10,"{""buy_ask"":12.549,""buy_venue"":""Gate"",""extra_buffer_bps"":10.0,""note"":""Discovery snapshot only; assumes capital pre-positioned on both venues. Rebalancing, withdrawal, latency and deeper-book impact are not yet validated."",""sell_bid"":12.547,""sell_venue"":""Bitget"",""source"":""wide_cex_hunter"",""taker_fee_bps_per_leg"":10.0,""total_friction_bps"":30.0}"
2026-09-08T19:55:55+00:00,cex_cross_spot,LTC:buy Bitget / sell Gate,LTC,buy Bitget / sell Gate,Bitget<->Gate,-3.694126,-33.694126,NO,221.57,"{""buy_ask"":54.14,""buy_venue"":""Bitget"",""extra_buffer_bps"":10.0,""note"":""Discovery snapshot only; assumes capital pre-positioned on both venues. Rebalancing, withdrawal, latency and deeper-book impact are not yet validated."",""sell_bid"":54.12,""sell_venue"":""Gate"",""source"":""wide_cex_hunter"",""taker_fee_bps_per_leg"":10.0,""total_friction_bps"":30.0}"
2026-09-08T19:55:55+00:00,cex_cross_spot,LTC:buy Gate / sell Bitget,LTC,buy Gate / sell Bitget,Bitget<->Gate,-3.694126,-33.694126,NO,500.15,"{""buy_ask"":54.14,""buy_venue"":""Gate"",""extra_buffer_bps"":10.0,""note"":""Discovery snapshot only; assumes capital pre-positioned on both venues. Rebalancing, withdrawal, latency and deeper-book impact are not yet validated."",""sell_bid"":54.12,""sell_venue"":""Bitget"",""source"":""wide_cex_hunter"",""taker_fee_bps_per_leg"":10.0,""total_friction_bps"":30.0}"
2026-09-08T19:55:55+00:00,cex_cross_spot,BCH:buy Bitget / sell Gate,BCH,buy Bitget / sell Gate,Bitget<->Gate,-9.382330,-39.382330,NO,76.67,"{""buy_ask"":255.8,""buy_venue"":""Bitget"",""extra_buffer_bps"":10.0,""note"":""Discovery snapshot only; assumes capital pre-positioned on both venues. Rebalancing, withdrawal, latency and deeper-book impact are not yet validated."",""sell_bid"":255.56,""sell_venue"":""Gate"",""source"":""wide_cex_hunter"",""taker_fee_bps_per_leg"":10.0,""total_friction_bps"":30.0}"
2026-09-08T19:55:55+00:00,cex_cross_spot,BCH:buy Gate / sell Bitget,BCH,buy Gate / sell Bitget,Bitget<->Gate,-6.646597,-36.646597,NO,124.56,"{""buy_ask"":255.77,""buy_venue"":""Gate"",""extra_buffer_bps"":10.0,""note"":""Discovery snapshot only; assumes capital pre-positioned on both venues. Rebalancing, withdrawal, latency and deeper-book impact are not yet validated."",""sell_bid"":255.6,""sell_venue"":""Bitget"",""source"":""wide_cex_hunter"",""taker_fee_bps_per_leg"":10.0,""total_friction_bps"":30.0}"
2026-09-08T19:55:55+00:00,cex_cross_spot,AVAX:buy Bitget / sell Gate,AVAX,buy Bitget / sell Gate,Bitget<->Gate,-3.764588,-33.764588,NO,381.73,"{""buy_ask"":7.969,""buy_venue"":""Bitget"",""extra_buffer_bps"":10.0,""note"":""Discovery snapshot only; assumes capital pre-positioned on both venues. Rebalancing, withdrawal, latency and deeper-book impact are not yet validated."",""sell_bid"":7.966,""sell_venue"":""Gate"",""source"":""wide_cex_hunter"",""taker_fee_bps_per_leg"":10.0,""total_friction_bps"":30.0}"
2026-09-08T19:55:55+00:00,cex_cross_spot,AVAX:buy Gate / sell Bitget,AVAX,buy Gate / sell Bitget,Bitget<->Gate,0.000000,-30.000000,NO,112.05,"{""buy_ask"":7.968,""buy_venue"":""Gate"",""extra_buffer_bps"":10.0,""note"":""Discovery snapshot only; assumes capital pre-positioned on both venues. Rebalancing, withdrawal, latency and deeper-book impact are not yet validated."",""sell_bid"":7.968,""sell_venue"":""Bitget"",""source"":""wide_cex_hunter"",""taker_fee_bps_per_leg"":10.0,""total_friction_bps"":30.0}"
2026-09-08T19:55:55+00:00,cex_cross_spot,DOT:buy Bitget / sell Gate,DOT,buy Bitget / sell Gate,Bitget<->Gate,-7.263923,-37.263923,NO,4.95,"{""buy_ask"":1.239,""buy_venue"":""Bitget"",""extra_buffer_bps"":10.0,""note"":""Discovery snapshot only; assumes capital pre-positioned on both venues. Rebalancing, withdrawal, latency and deeper-book impact are not yet validated."",""sell_bid"":1.2381,""sell_venue"":""Gate"",""source"":""wide_cex_hunter"",""taker_fee_bps_per_leg"":10.0,""total_friction_bps"":30.0}"
2026-09-08T19:55:55+00:00,cex_cross_spot,DOT:buy Gate / sell Bitget,DOT,buy Gate / sell Bitget,Bitget<->Gate,-12.111425,-42.111425,NO,191.97,"{""buy_ask"":1.2385,""buy_venue"":""Gate"",""extra_buffer_bps"":10.0,""note"":""Discovery snapshot only; assumes capital pre-positioned on both venues. Rebalancing, withdrawal, latency and deeper-book impact are not yet validated."",""sell_bid"":1.237,""sell_venue"":""Bitget"",""source"":""wide_cex_hunter"",""taker_fee_bps_per_leg"":10.0,""total_friction_bps"":30.0}"
2026-09-08T19:55:55+00:00,cex_cross_spot,TRX:buy Bitget / sell Gate,TRX,buy Bitget / sell Gate,Bitget<->Gate,-2.955083,-32.955083,NO,12.12,"{""buy_ask"":0.3384,""buy_venue"":""Bitget"",""extra_buffer_bps"":10.0,""note"":""Discovery snapshot only; assumes capital pre-positioned on both venues. Rebalancing, withdrawal, latency and deeper-book impact are not yet validated."",""sell_bid"":0.3383,""sell_venue"":""Gate"",""source"":""wide_cex_hunter"",""taker_fee_bps_per_leg"":10.0,""total_friction_bps"":30.0}"
2026-09-08T19:55:55+00:00,cex_cross_spot,TRX:buy Gate / sell Bitget,TRX,buy Gate / sell Bitget,Bitget<->Gate,-0.295508,-30.295508,NO,2121.20,"{""buy_ask"":0.3384,""buy_venue"":""Gate"",""extra_buffer_bps"":10.0,""note"":""Discovery snapshot only; assumes capital pre-positioned on both venues. Rebalancing, withdrawal, latency and deeper-book impact are not yet validated."",""sell_bid"":0.33839,""sell_venue"":""Bitget"",""source"":""wide_cex_hunter"",""taker_fee_bps_per_leg"":10.0,""total_friction_bps"":30.0}"
2026-09-08T19:55:55+00:00,cex_cross_spot,SUI:buy Bitget / sell Gate,SUI,buy Bitget / sell Gate,Bitget<->Gate,-2.469746,-32.469746,NO,729.79,"{""buy_ask"":0.8098,""buy_venue"":""Bitget"",""extra_buffer_bps"":10.0,""note"":""Discovery snapshot only; assumes capital pre-positioned on both venues. Rebalancing, withdrawal, latency and deeper-book impact are not yet validated."",""sell_bid"":0.8096,""sell_venue"":""Gate"",""source"":""wide_cex_hunter"",""taker_fee_bps_per_leg"":10.0,""total_friction_bps"":30.0}"
2026-09-08T19:55:55+00:00,cex_cross_spot,SUI:buy Gate / sell Bitget,SUI,buy Gate / sell Bitget,Bitget<->Gate,-2.469746,-32.469746,NO,102.49,"{""buy_ask"":0.8098,""buy_venue"":""Gate"",""extra_buffer_bps"":10.0,""note"":""Discovery snapshot only; assumes capital pre-positioned on both venues. Rebalancing, withdrawal, latency and deeper-book impact are not yet validated."",""sell_bid"":0.8096,""sell_venue"":""Bitget"",""source"":""wide_cex_hunter"",""taker_fee_bps_per_leg"":10.0,""total_friction_bps"":30.0}"
2026-09-08T19:55:55+00:00,cex_cross_spot,APT:buy Bitget / sell Gate,APT,buy Bitget / sell Gate,Bitget<->Gate,-3.063256,-33.063256,NO,72.53,"{""buy_ask"":0.6529,""buy_venue"":""Bitget"",""extra_buffer_bps"":10.0,""note"":""Discovery snapshot only; assumes capital pre-positioned on both venues. Rebalancing, withdrawal, latency and deeper-book impact are not yet validated."",""sell_bid"":0.6527,""sell_venue"":""Gate"",""source"":""wide_cex_hunter"",""taker_fee_bps_per_leg"":10.0,""total_friction_bps"":30.0}"
2026-09-08T19:55:55+00:00,cex_cross_spot,APT:buy Gate / sell Bitget,APT,buy Gate / sell Bitget,Bitget<->Gate,-7.654623,-37.654623,NO,72.51,"{""buy_ask"":0.6532,""buy_venue"":""Gate"",""extra_buffer_bps"":10.0,""note"":""Discovery snapshot only; assumes capital pre-positioned on both venues. Rebalancing, withdrawal, latency and deeper-book impact are not yet validated."",""sell_bid"":0.6527,""sell_venue"":""Bitget"",""source"":""wide_cex_hunter"",""taker_fee_bps_per_leg"":10.0,""total_friction_bps"":30.0}"
2026-09-08T19:55:55+00:00,cex_cross_spot,NEAR:buy Bitget / sell Gate,NEAR,buy Bitget / sell Gate,Bitget<->Gate,0.000000,-30.000000,NO,105.14,"{""buy_ask"":2.325,""buy_venue"":""Bitget"",""extra_buffer_bps"":10.0,""note"":""Discovery snapshot only; assumes capital pre-positioned on both venues. Rebalancing, withdrawal, latency and deeper-book impact are not yet validated."",""sell_bid"":2.325,""sell_venue"":""Gate"",""source"":""wide_cex_hunter"",""taker_fee_bps_per_leg"":10.0,""total_friction_bps"":30.0}"
2026-09-08T19:55:55+00:00,cex_cross_spot,NEAR:buy Gate / sell Bitget,NEAR,buy Gate / sell Bitget,Bitget<->Gate,-8.598452,-38.598452,NO,813.29,"{""buy_ask"":2.326,""buy_venue"":""Gate"",""extra_buffer_bps"":10.0,""note"":""Discovery snapshot only; assumes capital pre-positioned on both venues. Rebalancing, withdrawal, latency and deeper-book impact are not yet validated."",""sell_bid"":2.324,""sell_venue"":""Bitget"",""source"":""wide_cex_hunter"",""taker_fee_bps_per_leg"":10.0,""total_friction_bps"":30.0}"
2026-09-08T21:57:30+00:00,cex_cross_spot,BTC:buy Bitget / sell Gate,BTC,buy Bitget / sell Gate,Bitget<->Gate,0.138942,-29.861058,NO,15274.59,"{""buy_ask"":78450.01,""buy_venue"":""Bitget"",""extra_buffer_bps"":10.0,""note"":""Discovery snapshot only; assumes capital pre-positioned on both venues. Rebalancing, withdrawal, latency and deeper-book impact are not yet validated."",""sell_bid"":78451.1,""sell_venue"":""Gate"",""source"":""wide_cex_hunter"",""taker_fee_bps_per_leg"":10.0,""total_friction_bps"":30.0}"
2026-09-08T21:57:30+00:00,cex_cross_spot,BTC:buy Gate / sell Bitget,BTC,buy Gate / sell Bitget,Bitget<->Gate,-0.152961,-30.152961,NO,4179.41,"{""buy_ask"":78451.2,""buy_venue"":""Gate"",""extra_buffer_bps"":10.0,""note"":""Discovery snapshot only; assumes capital pre-positioned on both venues. Rebalancing, withdrawal, latency and deeper-book impact are not yet validated."",""sell_bid"":78450.0,""sell_venue"":""Bitget"",""source"":""wide_cex_hunter"",""taker_fee_bps_per_leg"":10.0,""total_friction_bps"":30.0}"
2026-09-08T21:57:30+00:00,cex_cross_spot,ETH:buy Bitget / sell Gate,ETH,buy Bitget / sell Gate,Bitget<->Gate,-0.161296,-30.161296,NO,9178.74,"{""buy_ask"":2479.91,""buy_venue"":""Bitget"",""extra_buffer_bps"":10.0,""note"":""Discovery snapshot only; assumes capital pre-positioned on both venues. Rebalancing, withdrawal, latency and deeper-book impact are not yet validated."",""sell_bid"":2479.87,""sell_venue"":""Gate"",""source"":""wide_cex_hunter"",""taker_fee_bps_per_leg"":10.0,""total_friction_bps"":30.0}"
2026-09-08T21:57:30+00:00,cex_cross_spot,ETH:buy Gate / sell Bitget,ETH,buy Gate / sell Bitget,Bitget<->Gate,0.080649,-29.919351,NO,3536.31,"{""buy_ask"":2479.88,""buy_venue"":""Gate"",""extra_buffer_bps"":10.0,""note"":""Discovery snapshot only; assumes capital pre-positioned on both venues. Rebalancing, withdrawal, latency and deeper-book impact are not yet validated."",""sell_bid"":2479.9,""sell_venue"":""Bitget"",""source"":""wide_cex_hunter"",""taker_fee_bps_per_leg"":10.0,""total_friction_bps"":30.0}"
2026-09-08T21:57:30+00:00,cex_cross_spot,SOL:buy Bitget / sell Gate,SOL,buy Bitget / sell Gate,Bitget<->Gate,-1.943068,-31.943068,NO,1213.00,"{""buy_ask"":102.93,""buy_venue"":""Bitget"",""extra_buffer_bps"":10.0,""note"":""Discovery snapshot only; assumes capital pre-positioned on both venues. Rebalancing, withdrawal, latency and deeper-book impact are not yet validated."",""sell_bid"":102.91,""sell_venue"":""Gate"",""source"":""wide_cex_hunter"",""taker_fee_bps_per_leg"":10.0,""total_friction_bps"":30.0}"
2026-09-08T21:57:30+00:00,cex_cross_spot,SOL:buy Gate / sell Bitget,SOL,buy Gate / sell Bitget,Bitget<->Gate,0.000000,-30.000000,NO,8.03,"{""buy_ask"":102.92,""buy_venue"":""Gate"",""extra_buffer_bps"":10.0,""note"":""Discovery snapshot only; assumes capital pre-positioned on both venues. Rebalancing, withdrawal, latency and deeper-book impact are not yet validated."",""sell_bid"":102.92,""sell_venue"":""Bitget"",""source"":""wide_cex_hunter"",""taker_fee_bps_per_leg"":10.0,""total_friction_bps"":30.0}"
2026-09-08T21:57:30+00:00,cex_cross_spot,XRP:buy Bitget / sell Gate,XRP,buy Bitget / sell Gate,Bitget<->Gate,-2.118046,-32.118046,NO,1153.27,"{""buy_ask"":1.4164,""buy_venue"":""Bitget"",""extra_buffer_bps"":10.0,""note"":""Discovery snapshot only; assumes capital pre-positioned on both venues. Rebalancing, withdrawal, latency and deeper-book impact are not yet validated."",""sell_bid"":1.4161,""sell_venue"":""Gate"",""source"":""wide_cex_hunter"",""taker_fee_bps_per_leg"":10.0,""total_friction_bps"":30.0}"
2026-09-08T21:57:30+00:00,cex_cross_spot,XRP:buy Gate / sell Bitget,XRP,buy Gate / sell Bitget,Bitget<->Gate,0.000000,-30.000000,NO,568.64,"{""buy_ask"":1.4163,""buy_venue"":""Gate"",""extra_buffer_bps"":10.0,""note"":""Discovery snapshot only; assumes capital pre-positioned on both venues. Rebalancing, withdrawal, latency and deeper-book impact are not yet validated."",""sell_bid"":1.4163,""sell_venue"":""Bitget"",""source"":""wide_cex_hunter"",""taker_fee_bps_per_leg"":10.0,""total_friction_bps"":30.0}"
2026-09-08T21:57:30+00:00,cex_cross_spot,DOGE:buy Bitget / sell Gate,DOGE,buy Bitget / sell Gate,Bitget<->Gate,0.000000,-30.000000,NO,149.82,"{""buy_ask"":0.08944,""buy_venue"":""Bitget"",""extra_buffer_bps"":10.0,""note"":""Discovery snapshot only; assumes capital pre-positioned on both venues. Rebalancing, withdrawal, latency and deeper-book impact are not yet validated."",""sell_bid"":0.08944,""sell_venue"":""Gate"",""source"":""wide_cex_hunter"",""taker_fee_bps_per_leg"":10.0,""total_friction_bps"":30.0}"
2026-09-08T21:57:30+00:00,cex_cross_spot,DOGE:buy Gate / sell Bitget,DOGE,buy Gate / sell Bitget,Bitget<->Gate,-3.353454,-33.353454,NO,491.61,"{""buy_ask"":0.08946,""buy_venue"":""Gate"",""extra_buffer_bps"":10.0,""note"":""Discovery snapshot only; assumes capital pre-positioned on both venues. Rebalancing, withdrawal, latency and deeper-book impact are not yet validated."",""sell_bid"":0.08943,""sell_venue"":""Bitget"",""source"":""wide_cex_hunter"",""taker_fee_bps_per_leg"":10.0,""total_friction_bps"":30.0}"
2026-09-08T21:57:30+00:00,cex_cross_spot,ADA:buy Bitget / sell Gate,ADA,buy Bitget / sell Gate,Bitget<->Gate,-3.652968,-33.652968,NO,240.37,"{""buy_ask"":0.219,""buy_venue"":""Bitget"",""extra_buffer_bps"":10.0,""note"":""Discovery snapshot only; assumes capital pre-positioned on both venues. Rebalancing, withdrawal, latency and deeper-book impact are not yet validated."",""sell_bid"":0.21892,""sell_venue"":""Gate"",""source"":""wide_cex_hunter"",""taker_fee_bps_per_leg"":10.0,""total_friction_bps"":30.0}"
2026-09-08T21:57:30+00:00,cex_cross_spot,ADA:buy Gate / sell Bitget,ADA,buy Gate / sell Bitget,Bitget<->Gate,-3.196785,-33.196785,NO,228.17,"{""buy_ask"":0.21897,""buy_venue"":""Gate"",""extra_buffer_bps"":10.0,""note"":""Discovery snapshot only; assumes capital pre-positioned on both venues. Rebalancing, withdrawal, latency and deeper-book impact are not yet validated."",""sell_bid"":0.2189,""sell_venue"":""Bitget"",""source"":""wide_cex_hunter"",""taker_fee_bps_per_leg"":10.0,""total_friction_bps"":30.0}"
2026-09-08T21:57:30+00:00,cex_cross_spot,LINK:buy Bitget / sell Gate,LINK,buy Bitget / sell Gate,Bitget<->Gate,-3.213368,-33.213368,NO,112.62,"{""buy_ask"":12.448,""buy_venue"":""Bitget"",""extra_buffer_bps"":10.0,""note"":""Discovery snapshot only; assumes capital pre-positioned on both venues. Rebalancing, withdrawal, latency and deeper-book impact are not yet validated."",""sell_bid"":12.444,""sell_venue"":""Gate"",""source"":""wide_cex_hunter"",""taker_fee_bps_per_leg"":10.0,""total_friction_bps"":30.0}"
2026-09-08T21:57:30+00:00,cex_cross_spot,LINK:buy Gate / sell Bitget,LINK,buy Gate / sell Bitget,Bitget<->Gate,0.000000,-30.000000,NO,12.45,"{""buy_ask"":12.446,""buy_venue"":""Gate"",""extra_buffer_bps"":10.0,""note"":""Discovery snapshot only; assumes capital pre-positioned on both venues. Rebalancing, withdrawal, latency and deeper-book impact are not yet validated."",""sell_bid"":12.446,""sell_venue"":""Bitget"",""source"":""wide_cex_hunter"",""taker_fee_bps_per_leg"":10.0,""total_friction_bps"":30.0}"
2026-09-08T21:57:30+00:00,cex_cross_spot,LTC:buy Bitget / sell Gate,LTC,buy Bitget / sell Gate,Bitget<->Gate,-5.548363,-35.548363,NO,4.00,"{""buy_ask"":54.07,""buy_venue"":""Bitget"",""extra_buffer_bps"":10.0,""note"":""Discovery snapshot only; assumes capital pre-positioned on both venues. Rebalancing, withdrawal, latency and deeper-book impact are not yet validated."",""sell_bid"":54.04,""sell_venue"":""Gate"",""source"":""wide_cex_hunter"",""taker_fee_bps_per_leg"":10.0,""total_friction_bps"":30.0}"
2026-09-08T21:57:30+00:00,cex_cross_spot,LTC:buy Gate / sell Bitget,LTC,buy Gate / sell Bitget,Bitget<->Gate,0.000000,-30.000000,NO,131.61,"{""buy_ask"":54.05,""buy_venue"":""Gate"",""extra_buffer_bps"":10.0,""note"":""Discovery snapshot only; assumes capital pre-positioned on both venues. Rebalancing, withdrawal, latency and deeper-book impact are not yet validated."",""sell_bid"":54.05,""sell_venue"":""Bitget"",""source"":""wide_cex_hunter"",""taker_fee_bps_per_leg"":10.0,""total_friction_bps"":30.0}"
2026-09-08T21:57:30+00:00,cex_cross_spot,BCH:buy Bitget / sell Gate,BCH,buy Bitget / sell Gate,Bitget<->Gate,-8.966862,-38.966862,NO,384.40,"{""buy_ask"":256.5,""buy_venue"":""Bitget"",""extra_buffer_bps"":10.0,""note"":""Discovery snapshot only; assumes capital pre-positioned on both venues. Rebalancing, withdrawal, latency and deeper-book impact are not yet validated."",""sell_bid"":256.27,""sell_venue"":""Gate"",""source"":""wide_cex_hunter"",""taker_fee_bps_per_leg"":10.0,""total_friction_bps"":30.0}"
2026-09-08T21:57:30+00:00,cex_cross_spot,BCH:buy Gate / sell Bitget,BCH,buy Gate / sell Bitget,Bitget<->Gate,-7.018091,-37.018091,NO,139.53,"{""buy_ask"":256.48,""buy_venue"":""Gate"",""extra_buffer_bps"":10.0,""note"":""Discovery snapshot only; assumes capital pre-positioned on both venues. Rebalancing, withdrawal, latency and deeper-book impact are not yet validated."",""sell_bid"":256.3,""sell_venue"":""Bitget"",""source"":""wide_cex_hunter"",""taker_fee_bps_per_leg"":10.0,""total_friction_bps"":30.0}"
2026-09-08T21:57:30+00:00,cex_cross_spot,AVAX:buy Bitget / sell Gate,AVAX,buy Bitget / sell Gate,Bitget<->Gate,-2.516990,-32.516990,NO,165.24,"{""buy_ask"":7.946,""buy_venue"":""Bitget"",""extra_buffer_bps"":10.0,""note"":""Discovery snapshot only; assumes capital pre-positioned on both venues. Rebalancing, withdrawal, latency and deeper-book impact are not yet validated."",""sell_bid"":7.944,""sell_venue"":""Gate"",""source"":""wide_cex_hunter"",""taker_fee_bps_per_leg"":10.0,""total_friction_bps"":30.0}"
2026-09-08T21:57:30+00:00,cex_cross_spot,AVAX:buy Gate / sell Bitget,AVAX,buy Gate / sell Bitget,Bitget<->Gate,-3.774534,-33.774534,NO,170.44,"{""buy_ask"":7.948,""buy_venue"":""Gate"",""extra_buffer_bps"":10.0,""note"":""Discovery snapshot only; assumes capital pre-positioned on both venues. Rebalancing, withdrawal, latency and deeper-book impact are not yet validated."",""sell_bid"":7.945,""sell_venue"":""Bitget"",""source"":""wide_cex_hunter"",""taker_fee_bps_per_leg"":10.0,""total_friction_bps"":30.0}"
2026-09-08T21:57:30+00:00,cex_cross_spot,DOT:buy Bitget / sell Gate,DOT,buy Bitget / sell Gate,Bitget<->Gate,-2.419355,-32.419355,NO,735.33,"{""buy_ask"":1.24,""buy_venue"":""Bitget"",""extra_buffer_bps"":10.0,""note"":""Discovery snapshot only; assumes capital pre-positioned on both venues. Rebalancing, withdrawal, latency and deeper-book impact are not yet validated."",""sell_bid"":1.2397,""sell_venue"":""Gate"",""source"":""wide_cex_hunter"",""taker_fee_bps_per_leg"":10.0,""total_friction_bps"":30.0}"
2026-09-08T21:57:30+00:00,cex_cross_spot,DOT:buy Gate / sell Bitget,DOT,buy Gate / sell Bitget,Bitget<->Gate,-9.675859,-39.675859,NO,4.96,"{""buy_ask"":1.2402,""buy_venue"":""Gate"",""extra_buffer_bps"":10.0,""note"":""Discovery snapshot only; assumes capital pre-positioned on both venues. Rebalancing, withdrawal, latency and deeper-book impact are not yet validated."",""sell_bid"":1.239,""sell_venue"":""Bitget"",""source"":""wide_cex_hunter"",""taker_fee_bps_per_leg"":10.0,""total_friction_bps"":30.0}"
2026-09-08T21:57:30+00:00,cex_cross_spot,TRX:buy Bitget / sell Gate,TRX,buy Bitget / sell Gate,Bitget<->Gate,0.295779,-29.704221,NO,60.46,"{""buy_ask"":0.33809,""buy_venue"":""Bitget"",""extra_buffer_bps"":10.0,""note"":""Discovery snapshot only; assumes capital pre-positioned on both venues. Rebalancing, withdrawal, latency and deeper-book impact are not yet validated."",""sell_bid"":0.3381,""sell_venue"":""Gate"",""source"":""wide_cex_hunter"",""taker_fee_bps_per_leg"":10.0,""total_friction_bps"":30.0}"
2026-09-08T21:57:30+00:00,cex_cross_spot,TRX:buy Gate / sell Bitget,TRX,buy Gate / sell Bitget,Bitget<->Gate,-3.548196,-33.548196,NO,1019.15,"{""buy_ask"":0.3382,""buy_venue"":""Gate"",""extra_buffer_bps"":10.0,""note"":""Discovery snapshot only; assumes capital pre-positioned on both venues. Rebalancing, withdrawal, latency and deeper-book impact are not yet validated."",""sell_bid"":0.33808,""sell_venue"":""Bitget"",""source"":""wide_cex_hunter"",""taker_fee_bps_per_leg"":10.0,""total_friction_bps"":30.0}"
2026-09-08T21:57:30+00:00,cex_cross_spot,SUI:buy Bitget / sell Gate,SUI,buy Bitget / sell Gate,Bitget<->Gate,-4.944987,-34.944987,NO,377.81,"{""buy_ask"":0.8089,""buy_venue"":""Bitget"",""extra_buffer_bps"":10.0,""note"":""Discovery snapshot only; assumes capital pre-positioned on both venues. Rebalancing, withdrawal, latency and deeper-book impact are not yet validated."",""sell_bid"":0.8085,""sell_venue"":""Gate"",""source"":""wide_cex_hunter"",""taker_fee_bps_per_leg"":10.0,""total_friction_bps"":30.0}"
2026-09-08T21:57:30+00:00,cex_cross_spot,SUI:buy Gate / sell Bitget,SUI,buy Gate / sell Bitget,Bitget<->Gate,-1.236400,-31.236400,NO,150.53,"{""buy_ask"":0.8088,""buy_venue"":""Gate"",""extra_buffer_bps"":10.0,""note"":""Discovery snapshot only; assumes capital pre-positioned on both venues. Rebalancing, withdrawal, latency and deeper-book impact are not yet validated."",""sell_bid"":0.8087,""sell_venue"":""Bitget"",""source"":""wide_cex_hunter"",""taker_fee_bps_per_leg"":10.0,""total_friction_bps"":30.0}"
2026-09-08T21:57:30+00:00,cex_cross_spot,APT:buy Bitget / sell Gate,APT,buy Bitget / sell Gate,Bitget<->Gate,-7.712479,-37.712479,NO,28.50,"{""buy_ask"":0.6483,""buy_venue"":""Bitget"",""extra_buffer_bps"":10.0,""note"":""Discovery snapshot only; assumes capital pre-positioned on both venues. Rebalancing, withdrawal, latency and deeper-book impact are not yet validated."",""sell_bid"":0.6478,""sell_venue"":""Gate"",""source"":""wide_cex_hunter"",""taker_fee_bps_per_leg"":10.0,""total_friction_bps"":30.0}"
2026-09-08T21:57:30+00:00,cex_cross_spot,APT:buy Gate / sell Bitget,APT,buy Gate / sell Bitget,Bitget<->Gate,-6.170935,-36.170935,NO,44.74,"{""buy_ask"":0.6482,""buy_venue"":""Gate"",""extra_buffer_bps"":10.0,""note"":""Discovery snapshot only; assumes capital pre-positioned on both venues. Rebalancing, withdrawal, latency and deeper-book impact are not yet validated."",""sell_bid"":0.6478,""sell_venue"":""Bitget"",""source"":""wide_cex_hunter"",""taker_fee_bps_per_leg"":10.0,""total_friction_bps"":30.0}"
2026-09-08T21:57:30+00:00,cex_cross_spot,NEAR:buy Bitget / sell Gate,NEAR,buy Bitget / sell Gate,Bitget<->Gate,-4.359198,-34.359198,NO,51.96,"{""buy_ask"":2.294,""buy_venue"":""Bitget"",""extra_buffer_bps"":10.0,""note"":""Discovery snapshot only; assumes capital pre-positioned on both venues. Rebalancing, withdrawal, latency and deeper-book impact are not yet validated."",""sell_bid"":2.293,""sell_venue"":""Gate"",""source"":""wide_cex_hunter"",""taker_fee_bps_per_leg"":10.0,""total_friction_bps"":30.0}"
2026-09-08T21:57:30+00:00,cex_cross_spot,NEAR:buy Gate / sell Bitget,NEAR,buy Gate / sell Bitget,Bitget<->Gate,-8.718396,-38.718396,NO,620.64,"{""buy_ask"":2.294,""buy_venue"":""Gate"",""extra_buffer_bps"":10.0,""note"":""Discovery snapshot only; assumes capital pre-positioned on both venues. Rebalancing, withdrawal, latency and deeper-book impact are not yet validated."",""sell_bid"":2.292,""sell_venue"":""Bitget"",""source"":""wide_cex_hunter"",""taker_fee_bps_per_leg"":10.0,""total_friction_bps"":30.0}"
2026-09-08T22:12:16+00:00,cex_cross_spot,BTC:buy Bitget / sell Gate,BTC,buy Bitget / sell Gate,Bitget<->Gate,-0.612856,-30.612856,NO,2719.26,"{""buy_ask"":78485.01,""buy_venue"":""Bitget"",""extra_buffer_bps"":10.0,""note"":""Discovery snapshot only; assumes capital pre-positioned on both venues. Rebalancing, withdrawal, latency and deeper-book impact are not yet validated."",""sell_bid"":78480.2,""sell_venue"":""Gate"",""source"":""wide_cex_hunter"",""taker_fee_bps_per_leg"":10.0,""total_friction_bps"":30.0}"
2026-09-08T22:12:16+00:00,cex_cross_spot,BTC:buy Gate / sell Bitget,BTC,buy Gate / sell Bitget,Bitget<->Gate,0.598876,-29.401124,NO,18185.22,"{""buy_ask"":78480.3,""buy_venue"":""Gate"",""extra_buffer_bps"":10.0,""note"":""Discovery snapshot only; assumes capital pre-positioned on both venues. Rebalancing, withdrawal, latency and deeper-book impact are not yet validated."",""sell_bid"":78485.0,""sell_venue"":""Bitget"",""source"":""wide_cex_hunter"",""taker_fee_bps_per_leg"":10.0,""total_friction_bps"":30.0}"
2026-09-08T22:12:16+00:00,cex_cross_spot,ETH:buy Bitget / sell Gate,ETH,buy Bitget / sell Gate,Bitget<->Gate,-0.040275,-30.040275,NO,410.17,"{""buy_ask"":2482.9,""buy_venue"":""Bitget"",""extra_buffer_bps"":10.0,""note"":""Discovery snapshot only; assumes capital pre-positioned on both venues. Rebalancing, withdrawal, latency and deeper-book impact are not yet validated."",""sell_bid"":2482.89,""sell_venue"":""Gate"",""source"":""wide_cex_hunter"",""taker_fee_bps_per_leg"":10.0,""total_friction_bps"":30.0}"
2026-09-08T22:12:16+00:00,cex_cross_spot,ETH:buy Gate / sell Bitget,ETH,buy Gate / sell Bitget,Bitget<->Gate,-0.040275,-30.040275,NO,14834.09,"{""buy_ask"":2482.9,""buy_venue"":""Gate"",""extra_buffer_bps"":10.0,""note"":""Discovery snapshot only; assumes capital pre-positioned on both venues. Rebalancing, withdrawal, latency and deeper-book impact are not yet validated."",""sell_bid"":2482.89,""sell_venue"":""Bitget"",""source"":""wide_cex_hunter"",""taker_fee_bps_per_leg"":10.0,""total_friction_bps"":30.0}"
2026-09-08T22:12:16+00:00,cex_cross_spot,SOL:buy Bitget / sell Gate,SOL,buy Bitget / sell Gate,Bitget<->Gate,0.000000,-30.000000,NO,526.91,"{""buy_ask"":103.27,""buy_venue"":""Bitget"",""extra_buffer_bps"":10.0,""note"":""Discovery snapshot only; assumes capital pre-positioned on both venues. Rebalancing, withdrawal, latency and deeper-book impact are not yet validated."",""sell_bid"":103.27,""sell_venue"":""Gate"",""source"":""wide_cex_hunter"",""taker_fee_bps_per_leg"":10.0,""total_friction_bps"":30.0}"
2026-09-08T22:12:16+00:00,cex_cross_spot,SOL:buy Gate / sell Bitget,SOL,buy Gate / sell Bitget,Bitget<->Gate,-1.936483,-31.936483,NO,291.56,"{""buy_ask"":103.28,""buy_venue"":""Gate"",""extra_buffer_bps"":10.0,""note"":""Discovery snapshot only; assumes capital pre-positioned on both venues. Rebalancing, withdrawal, latency and deeper-book impact are not yet validated."",""sell_bid"":103.26,""sell_venue"":""Bitget"",""source"":""wide_cex_hunter"",""taker_fee_bps_per_leg"":10.0,""total_friction_bps"":30.0}"
2026-09-08T22:12:16+00:00,cex_cross_spot,XRP:buy Bitget / sell Gate,XRP,buy Bitget / sell Gate,Bitget<->Gate,-2.111932,-32.111932,NO,1879.92,"{""buy_ask"":1.4205,""buy_venue"":""Bitget"",""extra_buffer_bps"":10.0,""note"":""Discovery snapshot only; assumes capital pre-positioned on both venues. Rebalancing, withdrawal, latency and deeper-book impact are not yet validated."",""sell_bid"":1.4202,""sell_venue"":""Gate"",""source"":""wide_cex_hunter"",""taker_fee_bps_per_leg"":10.0,""total_friction_bps"":30.0}"
2026-09-08T22:12:16+00:00,cex_cross_spot,XRP:buy Gate / sell Bitget,XRP,buy Gate / sell Bitget,Bitget<->Gate,0.704077,-29.295923,NO,460.46,"{""buy_ask"":1.4203,""buy_venue"":""Gate"",""extra_buffer_bps"":10.0,""note"":""Discovery snapshot only; assumes capital pre-positioned on both venues. Rebalancing, withdrawal, latency and deeper-book impact are not yet validated."",""sell_bid"":1.4204,""sell_venue"":""Bitget"",""source"":""wide_cex_hunter"",""taker_fee_bps_per_leg"":10.0,""total_friction_bps"":30.0}"
2026-09-08T22:12:16+00:00,cex_cross_spot,DOGE:buy Bitget / sell Gate,DOGE,buy Bitget / sell Gate,Bitget<->Gate,-2.229903,-32.229903,NO,181.88,"{""buy_ask"":0.08969,""buy_venue"":""Bitget"",""extra_buffer_bps"":10.0,""note"":""Discovery snapshot only; assumes capital pre-positioned on both venues. Rebalancing, withdrawal, latency and deeper-book impact are not yet validated."",""sell_bid"":0.08967,""sell_venue"":""Gate"",""source"":""wide_cex_hunter"",""taker_fee_bps_per_leg"":10.0,""total_friction_bps"":30.0}"
2026-09-08T22:12:16+00:00,cex_cross_spot,DOGE:buy Gate / sell Bitget,DOGE,buy Gate / sell Bitget,Bitget<->Gate,-2.229654,-32.229654,NO,385.71,"{""buy_ask"":0.0897,""buy_venue"":""Gate"",""extra_buffer_bps"":10.0,""note"":""Discovery snapshot only; assumes capital pre-positioned on both venues. Rebalancing, withdrawal, latency and deeper-book impact are not yet validated."",""sell_bid"":0.08968,""sell_venue"":""Bitget"",""source"":""wide_cex_hunter"",""taker_fee_bps_per_leg"":10.0,""total_friction_bps"":30.0}"
2026-09-08T22:12:16+00:00,cex_cross_spot,ADA:buy Bitget / sell Gate,ADA,buy Bitget / sell Gate,Bitget<->Gate,-5.006827,-35.006827,NO,279.76,"{""buy_ask"":0.2197,""buy_venue"":""Bitget"",""extra_buffer_bps"":10.0,""note"":""Discovery snapshot only; assumes capital pre-positioned on both venues. Rebalancing, withdrawal, latency and deeper-book impact are not yet validated."",""sell_bid"":0.21959,""sell_venue"":""Gate"",""source"":""wide_cex_hunter"",""taker_fee_bps_per_leg"":10.0,""total_friction_bps"":30.0}"
2026-09-08T22:12:16+00:00,cex_cross_spot,ADA:buy Gate / sell Bitget,ADA,buy Gate / sell Bitget,Bitget<->Gate,-4.096682,-34.096682,NO,239.46,"{""buy_ask"":0.21969,""buy_venue"":""Gate"",""extra_buffer_bps"":10.0,""note"":""Discovery snapshot only; assumes capital pre-positioned on both venues. Rebalancing, withdrawal, latency and deeper-book impact are not yet validated."",""sell_bid"":0.2196,""sell_venue"":""Bitget"",""source"":""wide_cex_hunter"",""taker_fee_bps_per_leg"":10.0,""total_friction_bps"":30.0}"
2026-09-08T22:12:16+00:00,cex_cross_spot,LINK:buy Bitget / sell Gate,LINK,buy Bitget / sell Gate,Bitget<->Gate,-4.796163,-34.796163,NO,500.25,"{""buy_ask"":12.51,""buy_venue"":""Bitget"",""extra_buffer_bps"":10.0,""note"":""Discovery snapshot only; assumes capital pre-positioned on both venues. Rebalancing, withdrawal, latency and deeper-book impact are not yet validated."",""sell_bid"":12.504,""sell_venue"":""Gate"",""source"":""wide_cex_hunter"",""taker_fee_bps_per_leg"":10.0,""total_friction_bps"":30.0}"
2026-09-08T22:12:16+00:00,cex_cross_spot,LINK:buy Gate / sell Bitget,LINK,buy Gate / sell Bitget,Bitget<->Gate,-0.799424,-30.799424,NO,150.61,"{""buy_ask"":12.509,""buy_venue"":""Gate"",""extra_buffer_bps"":10.0,""note"":""Discovery snapshot only; assumes capital pre-positioned on both venues. Rebalancing, withdrawal, latency and deeper-book impact are not yet validated."",""sell_bid"":12.508,""sell_venue"":""Bitget"",""source"":""wide_cex_hunter"",""taker_fee_bps_per_leg"":10.0,""total_friction_bps"":30.0}"
2026-09-08T22:12:16+00:00,cex_cross_spot,LTC:buy Bitget / sell Gate,LTC,buy Bitget / sell Gate,Bitget<->Gate,-3.691399,-33.691399,NO,636.70,"{""buy_ask"":54.18,""buy_venue"":""Bitget"",""extra_buffer_bps"":10.0,""note"":""Discovery snapshot only; assumes capital pre-positioned on both venues. Rebalancing, withdrawal, latency and deeper-book impact are not yet validated."",""sell_bid"":54.16,""sell_venue"":""Gate"",""source"":""wide_cex_hunter"",""taker_fee_bps_per_leg"":10.0,""total_friction_bps"":30.0}"
2026-09-08T22:12:16+00:00,cex_cross_spot,LTC:buy Gate / sell Bitget,LTC,buy Gate / sell Bitget,Bitget<->Gate,-1.846040,-31.846040,NO,218.36,"{""buy_ask"":54.17,""buy_venue"":""Gate"",""extra_buffer_bps"":10.0,""note"":""Discovery snapshot only; assumes capital pre-positioned on both venues. Rebalancing, withdrawal, latency and deeper-book impact are not yet validated."",""sell_bid"":54.16,""sell_venue"":""Bitget"",""source"":""wide_cex_hunter"",""taker_fee_bps_per_leg"":10.0,""total_friction_bps"":30.0}"
2026-09-08T22:12:16+00:00,cex_cross_spot,BCH:buy Bitget / sell Gate,BCH,buy Bitget / sell Gate,Bitget<->Gate,-11.262136,-41.262136,NO,731.51,"{""buy_ask"":257.5,""buy_venue"":""Bitget"",""extra_buffer_bps"":10.0,""note"":""Discovery snapshot only; assumes capital pre-positioned on both venues. Rebalancing, withdrawal, latency and deeper-book impact are not yet validated."",""sell_bid"":257.21,""sell_venue"":""Gate"",""source"":""wide_cex_hunter"",""taker_fee_bps_per_leg"":10.0,""total_friction_bps"":30.0}"
2026-09-08T22:12:16+00:00,cex_cross_spot,BCH:buy Gate / sell Bitget,BCH,buy Gate / sell Bitget,Bitget<->Gate,-4.273338,-34.273338,NO,4.38,"{""buy_ask"":257.41,""buy_venue"":""Gate"",""extra_buffer_bps"":10.0,""note"":""Discovery snapshot only; assumes capital pre-positioned on both venues. Rebalancing, withdrawal, latency and deeper-book impact are not yet validated."",""sell_bid"":257.3,""sell_venue"":""Bitget"",""source"":""wide_cex_hunter"",""taker_fee_bps_per_leg"":10.0,""total_friction_bps"":30.0}"
2026-09-08T22:12:16+00:00,cex_cross_spot,AVAX:buy Bitget / sell Gate,AVAX,buy Bitget / sell Gate,Bitget<->Gate,-1.256281,-31.256281,NO,165.55,"{""buy_ask"":7.96,""buy_venue"":""Bitget"",""extra_buffer_bps"":10.0,""note"":""Discovery snapshot only; assumes capital pre-positioned on both venues. Rebalancing, withdrawal, latency and deeper-book impact are not yet validated."",""sell_bid"":7.959,""sell_venue"":""Gate"",""source"":""wide_cex_hunter"",""taker_fee_bps_per_leg"":10.0,""total_friction_bps"":30.0}"
2026-09-08T22:12:16+00:00,cex_cross_spot,AVAX:buy Gate / sell Bitget,AVAX,buy Gate / sell Bitget,Bitget<->Gate,-3.767898,-33.767898,NO,293.71,"{""buy_ask"":7.962,""buy_venue"":""Gate"",""extra_buffer_bps"":10.0,""note"":""Discovery snapshot only; assumes capital pre-positioned on both venues. Rebalancing, withdrawal, latency and deeper-book impact are not yet validated."",""sell_bid"":7.959,""sell_venue"":""Bitget"",""source"":""wide_cex_hunter"",""taker_fee_bps_per_leg"":10.0,""total_friction_bps"":30.0}"
2026-09-08T22:12:16+00:00,cex_cross_spot,DOT:buy Bitget / sell Gate,DOT,buy Bitget / sell Gate,Bitget<->Gate,-9.638554,-39.638554,NO,65.80,"{""buy_ask"":1.245,""buy_venue"":""Bitget"",""extra_buffer_bps"":10.0,""note"":""Discovery snapshot only; assumes capital pre-positioned on both venues. Rebalancing, withdrawal, latency and deeper-book impact are not yet validated."",""sell_bid"":1.2438,""sell_venue"":""Gate"",""source"":""wide_cex_hunter"",""taker_fee_bps_per_leg"":10.0,""total_friction_bps"":30.0}"
2026-09-08T22:12:16+00:00,cex_cross_spot,DOT:buy Gate / sell Bitget,DOT,buy Gate / sell Bitget,Bitget<->Gate,-15.262270,-45.262270,NO,57.89,"{""buy_ask"":1.2449,""buy_venue"":""Gate"",""extra_buffer_bps"":10.0,""note"":""Discovery snapshot only; assumes capital pre-positioned on both venues. Rebalancing, withdrawal, latency and deeper-book impact are not yet validated."",""sell_bid"":1.243,""sell_venue"":""Bitget"",""source"":""wide_cex_hunter"",""taker_fee_bps_per_leg"":10.0,""total_friction_bps"":30.0}"
2026-09-08T22:12:16+00:00,cex_cross_spot,TRX:buy Bitget / sell Gate,TRX,buy Bitget / sell Gate,Bitget<->Gate,-2.661226,-32.661226,NO,1403.61,"{""buy_ask"":0.33819,""buy_venue"":""Bitget"",""extra_buffer_bps"":10.0,""note"":""Discovery snapshot only; assumes capital pre-positioned on both venues. Rebalancing, withdrawal, latency and deeper-book impact are not yet validated."",""sell_bid"":0.3381,""sell_venue"":""Gate"",""source"":""wide_cex_hunter"",""taker_fee_bps_per_leg"":10.0,""total_friction_bps"":30.0}"
2026-09-08T22:12:16+00:00,cex_cross_spot,TRX:buy Gate / sell Bitget,TRX,buy Gate / sell Bitget,Bitget<->Gate,-0.591366,-30.591366,NO,1313.64,"{""buy_ask"":0.3382,""buy_venue"":""Gate"",""extra_buffer_bps"":10.0,""note"":""Discovery snapshot only; assumes capital pre-positioned on both venues. Rebalancing, withdrawal, latency and deeper-book impact are not yet validated."",""sell_bid"":0.33818,""sell_venue"":""Bitget"",""source"":""wide_cex_hunter"",""taker_fee_bps_per_leg"":10.0,""total_friction_bps"":30.0}"
2026-09-08T22:12:16+00:00,cex_cross_spot,SUI:buy Bitget / sell Gate,SUI,buy Bitget / sell Gate,Bitget<->Gate,-1.231679,-31.231679,NO,14.91,"{""buy_ask"":0.8119,""buy_venue"":""Bitget"",""extra_buffer_bps"":10.0,""note"":""Discovery snapshot only; assumes capital pre-positioned on both venues. Rebalancing, withdrawal, latency and deeper-book impact are not yet validated."",""sell_bid"":0.8118,""sell_venue"":""Gate"",""source"":""wide_cex_hunter"",""taker_fee_bps_per_leg"":10.0,""total_friction_bps"":30.0}"
2026-09-08T22:12:16+00:00,cex_cross_spot,SUI:buy Gate / sell Bitget,SUI,buy Gate / sell Bitget,Bitget<->Gate,-2.463054,-32.463054,NO,106.19,"{""buy_ask"":0.812,""buy_venue"":""Gate"",""extra_buffer_bps"":10.0,""note"":""Discovery snapshot only; assumes capital pre-positioned on both venues. Rebalancing, withdrawal, latency and deeper-book impact are not yet validated."",""sell_bid"":0.8118,""sell_venue"":""Bitget"",""source"":""wide_cex_hunter"",""taker_fee_bps_per_leg"":10.0,""total_friction_bps"":30.0}"
2026-09-08T22:12:16+00:00,cex_cross_spot,APT:buy Bitget / sell Gate,APT,buy Bitget / sell Gate,Bitget<->Gate,-10.746085,-40.746085,NO,129.53,"{""buy_ask"":0.6514,""buy_venue"":""Bitget"",""extra_buffer_bps"":10.0,""note"":""Discovery snapshot only; assumes capital pre-positioned on both venues. Rebalancing, withdrawal, latency and deeper-book impact are not yet validated."",""sell_bid"":0.6507,""sell_venue"":""Gate"",""source"":""wide_cex_hunter"",""taker_fee_bps_per_leg"":10.0,""total_friction_bps"":30.0}"
2026-09-08T22:12:16+00:00,cex_cross_spot,APT:buy Gate / sell Bitget,APT,buy Gate / sell Bitget,Bitget<->Gate,-7.675775,-37.675775,NO,45.00,"{""buy_ask"":0.6514,""buy_venue"":""Gate"",""extra_buffer_bps"":10.0,""note"":""Discovery snapshot only; assumes capital pre-positioned on both venues. Rebalancing, withdrawal, latency and deeper-book impact are not yet validated."",""sell_bid"":0.6509,""sell_venue"":""Bitget"",""source"":""wide_cex_hunter"",""taker_fee_bps_per_leg"":10.0,""total_friction_bps"":30.0}"
2026-09-08T22:12:16+00:00,cex_cross_spot,NEAR:buy Bitget / sell Gate,NEAR,buy Bitget / sell Gate,Bitget<->Gate,0.000000,-30.000000,NO,52.14,"{""buy_ask"":2.301,""buy_venue"":""Bitget"",""extra_buffer_bps"":10.0,""note"":""Discovery snapshot only; assumes capital pre-positioned on both venues. Rebalancing, withdrawal, latency and deeper-book impact are not yet validated."",""sell_bid"":2.301,""sell_venue"":""Gate"",""source"":""wide_cex_hunter"",""taker_fee_bps_per_leg"":10.0,""total_friction_bps"":30.0}"
2026-09-08T22:12:16+00:00,cex_cross_spot,NEAR:buy Gate / sell Bitget,NEAR,buy Gate / sell Bitget,Bitget<->Gate,-13.032146,-43.032146,NO,532.68,"{""buy_ask"":2.302,""buy_venue"":""Gate"",""extra_buffer_bps"":10.0,""note"":""Discovery snapshot only; assumes capital pre-positioned on both venues. Rebalancing, withdrawal, latency and deeper-book impact are not yet validated."",""sell_bid"":2.299,""sell_venue"":""Bitget"",""source"":""wide_cex_hunter"",""taker_fee_bps_per_leg"":10.0,""total_friction_bps"":30.0}"
2026-09-08T22:27:10+00:00,cex_cross_spot,BTC:buy Bitget / sell Gate,BTC,buy Bitget / sell Gate,Bitget<->Gate,0.315828,-29.684172,NO,169.38,"{""buy_ask"":78523.72,""buy_venue"":""Bitget"",""extra_buffer_bps"":10.0,""note"":""Discovery snapshot only; assumes capital pre-positioned on both venues. Rebalancing, withdrawal, latency and deeper-book impact are not yet validated."",""sell_bid"":78526.2,""sell_venue"":""Gate"",""source"":""wide_cex_hunter"",""taker_fee_bps_per_leg"":10.0,""total_friction_bps"":30.0}"
2026-09-08T22:27:10+00:00,cex_cross_spot,BTC:buy Gate / sell Bitget,BTC,buy Gate / sell Bitget,Bitget<->Gate,-0.329826,-30.329826,NO,3104.46,"{""buy_ask"":78526.3,""buy_venue"":""Gate"",""extra_buffer_bps"":10.0,""note"":""Discovery snapshot only; assumes capital pre-positioned on both venues. Rebalancing, withdrawal, latency and deeper-book impact are not yet validated."",""sell_bid"":78523.71,""sell_venue"":""Bitget"",""source"":""wide_cex_hunter"",""taker_fee_bps_per_leg"":10.0,""total_friction_bps"":30.0}"
2026-09-08T22:27:10+00:00,cex_cross_spot,ETH:buy Bitget / sell Gate,ETH,buy Bitget / sell Gate,Bitget<->Gate,-1.046463,-31.046463,NO,19637.96,"{""buy_ask"":2484.56,""buy_venue"":""Bitget"",""extra_buffer_bps"":10.0,""note"":""Discovery snapshot only; assumes capital pre-positioned on both venues. Rebalancing, withdrawal, latency and deeper-book impact are not yet validated."",""sell_bid"":2484.3,""sell_venue"":""Gate"",""source"":""wide_cex_hunter"",""taker_fee_bps_per_leg"":10.0,""total_friction_bps"":30.0}"
2026-09-08T22:27:10+00:00,cex_cross_spot,ETH:buy Gate / sell Bitget,ETH,buy Gate / sell Bitget,Bitget<->Gate,0.966063,-29.033937,NO,44.97,"{""buy_ask"":2484.31,""buy_venue"":""Gate"",""extra_buffer_bps"":10.0,""note"":""Discovery snapshot only; assumes capital pre-positioned on both venues. Rebalancing, withdrawal, latency and deeper-book impact are not yet validated."",""sell_bid"":2484.55,""sell_venue"":""Bitget"",""source"":""wide_cex_hunter"",""taker_fee_bps_per_leg"":10.0,""total_friction_bps"":30.0}"
2026-09-08T22:27:10+00:00,cex_cross_spot,SOL:buy Bitget / sell Gate,SOL,buy Bitget / sell Gate,Bitget<->Gate,0.000000,-30.000000,NO,1863.79,"{""buy_ask"":103.32,""buy_venue"":""Bitget"",""extra_buffer_bps"":10.0,""note"":""Discovery snapshot only; assumes capital pre-positioned on both venues. Rebalancing, withdrawal, latency and deeper-book impact are not yet validated."",""sell_bid"":103.32,""sell_venue"":""Gate"",""source"":""wide_cex_hunter"",""taker_fee_bps_per_leg"":10.0,""total_friction_bps"":30.0}"
2026-09-08T22:27:10+00:00,cex_cross_spot,SOL:buy Gate / sell Bitget,SOL,buy Gate / sell Bitget,Bitget<->Gate,-1.935546,-31.935546,NO,9350.69,"{""buy_ask"":103.33,""buy_venue"":""Gate"",""extra_buffer_bps"":10.0,""note"":""Discovery snapshot only; assumes capital pre-positioned on both venues. Rebalancing, withdrawal, latency and deeper-book impact are not yet validated."",""sell_bid"":103.31,""sell_venue"":""Bitget"",""source"":""wide_cex_hunter"",""taker_fee_bps_per_leg"":10.0,""total_friction_bps"":30.0}"
2026-09-08T22:27:10+00:00,cex_cross_spot,XRP:buy Bitget / sell Gate,XRP,buy Bitget / sell Gate,Bitget<->Gate,-1.409046,-31.409046,NO,1103.43,"{""buy_ask"":1.4194,""buy_venue"":""Bitget"",""extra_buffer_bps"":10.0,""note"":""Discovery snapshot only; assumes capital pre-positioned on both venues. Rebalancing, withdrawal, latency and deeper-book impact are not yet validated."",""sell_bid"":1.4192,""sell_venue"":""Gate"",""source"":""wide_cex_hunter"",""taker_fee_bps_per_leg"":10.0,""total_friction_bps"":30.0}"
2026-09-08T22:27:10+00:00,cex_cross_spot,XRP:buy Gate / sell Bitget,XRP,buy Gate / sell Bitget,Bitget<->Gate,0.000000,-30.000000,NO,158.11,"{""buy_ask"":1.4193,""buy_venue"":""Gate"",""extra_buffer_bps"":10.0,""note"":""Discovery snapshot only; assumes capital pre-positioned on both venues. Rebalancing, withdrawal, latency and deeper-book impact are not yet validated."",""sell_bid"":1.4193,""sell_venue"":""Bitget"",""source"":""wide_cex_hunter"",""taker_fee_bps_per_leg"":10.0,""total_friction_bps"":30.0}"
2026-09-08T22:27:10+00:00,cex_cross_spot,DOGE:buy Bitget / sell Gate,DOGE,buy Bitget / sell Gate,Bitget<->Gate,-2.223705,-32.223705,NO,643.14,"{""buy_ask"":0.08994,""buy_venue"":""Bitget"",""extra_buffer_bps"":10.0,""note"":""Discovery snapshot only; assumes capital pre-positioned on both venues. Rebalancing, withdrawal, latency and deeper-book impact are not yet validated."",""sell_bid"":0.08992,""sell_venue"":""Gate"",""source"":""wide_cex_hunter"",""taker_fee_bps_per_leg"":10.0,""total_friction_bps"":30.0}"
2026-09-08T22:27:10+00:00,cex_cross_spot,DOGE:buy Gate / sell Bitget,DOGE,buy Gate / sell Bitget,Bitget<->Gate,-1.111852,-31.111852,NO,12.50,"{""buy_ask"":0.08994,""buy_venue"":""Gate"",""extra_buffer_bps"":10.0,""note"":""Discovery snapshot only; assumes capital pre-positioned on both venues. Rebalancing, withdrawal, latency and deeper-book impact are not yet validated."",""sell_bid"":0.08993,""sell_venue"":""Bitget"",""source"":""wide_cex_hunter"",""taker_fee_bps_per_leg"":10.0,""total_friction_bps"":30.0}"
2026-09-08T22:27:10+00:00,cex_cross_spot,ADA:buy Bitget / sell Gate,ADA,buy Bitget / sell Gate,Bitget<->Gate,-0.454545,-30.454545,NO,96.60,"{""buy_ask"":0.22,""buy_venue"":""Bitget"",""extra_buffer_bps"":10.0,""note"":""Discovery snapshot only; assumes capital pre-positioned on both venues. Rebalancing, withdrawal, latency and deeper-book impact are not yet validated."",""sell_bid"":0.21999,""sell_venue"":""Gate"",""source"":""wide_cex_hunter"",""taker_fee_bps_per_leg"":10.0,""total_friction_bps"":30.0}"
2026-09-08T22:27:10+00:00,cex_cross_spot,ADA:buy Gate / sell Bitget,ADA,buy Gate / sell Bitget,Bitget<->Gate,-5.454050,-35.454050,NO,48.40,"{""buy_ask"":0.22002,""buy_venue"":""Gate"",""extra_buffer_bps"":10.0,""note"":""Discovery snapshot only; assumes capital pre-positioned on both venues. Rebalancing, withdrawal, latency and deeper-book impact are not yet validated."",""sell_bid"":0.2199,""sell_venue"":""Bitget"",""source"":""wide_cex_hunter"",""taker_fee_bps_per_leg"":10.0,""total_friction_bps"":30.0}"
2026-09-08T22:27:10+00:00,cex_cross_spot,LINK:buy Bitget / sell Gate,LINK,buy Bitget / sell Gate,Bitget<->Gate,-3.197186,-33.197186,NO,79.44,"{""buy_ask"":12.511,""buy_venue"":""Bitget"",""extra_buffer_bps"":10.0,""note"":""Discovery snapshot only; assumes capital pre-positioned on both venues. Rebalancing, withdrawal, latency and deeper-book impact are not yet validated."",""sell_bid"":12.507,""sell_venue"":""Gate"",""source"":""wide_cex_hunter"",""taker_fee_bps_per_leg"":10.0,""total_friction_bps"":30.0}"
2026-09-08T22:27:10+00:00,cex_cross_spot,LINK:buy Gate / sell Bitget,LINK,buy Gate / sell Bitget,Bitget<->Gate,-0.799361,-30.799361,NO,71.18,"{""buy_ask"":12.51,""buy_venue"":""Gate"",""extra_buffer_bps"":10.0,""note"":""Discovery snapshot only; assumes capital pre-positioned on both venues. Rebalancing, withdrawal, latency and deeper-book impact are not yet validated."",""sell_bid"":12.509,""sell_venue"":""Bitget"",""source"":""wide_cex_hunter"",""taker_fee_bps_per_leg"":10.0,""total_friction_bps"":30.0}"
2026-09-08T22:27:10+00:00,cex_cross_spot,LTC:buy Bitget / sell Gate,LTC,buy Bitget / sell Gate,Bitget<->Gate,-1.842299,-31.842299,NO,86.13,"{""buy_ask"":54.28,""buy_venue"":""Bitget"",""extra_buffer_bps"":10.0,""note"":""Discovery snapshot only; assumes capital pre-positioned on both venues. Rebalancing, withdrawal, latency and deeper-book impact are not yet validated."",""sell_bid"":54.27,""sell_venue"":""Gate"",""source"":""wide_cex_hunter"",""taker_fee_bps_per_leg"":10.0,""total_friction_bps"":30.0}"
2026-09-08T22:27:10+00:00,cex_cross_spot,LTC:buy Gate / sell Bitget,LTC,buy Gate / sell Bitget,Bitget<->Gate,-3.684598,-33.684598,NO,186.13,"{""buy_ask"":54.28,""buy_venue"":""Gate"",""extra_buffer_bps"":10.0,""note"":""Discovery snapshot only; assumes capital pre-positioned on both venues. Rebalancing, withdrawal, latency and deeper-book impact are not yet validated."",""sell_bid"":54.26,""sell_venue"":""Bitget"",""source"":""wide_cex_hunter"",""taker_fee_bps_per_leg"":10.0,""total_friction_bps"":30.0}"
2026-09-08T22:27:10+00:00,cex_cross_spot,BCH:buy Bitget / sell Gate,BCH,buy Bitget / sell Gate,Bitget<->Gate,-5.813953,-35.813953,NO,54.15,"{""buy_ask"":258.0,""buy_venue"":""Bitget"",""extra_buffer_bps"":10.0,""note"":""Discovery snapshot only; assumes capital pre-positioned on both venues. Rebalancing, withdrawal, latency and deeper-book impact are not yet validated."",""sell_bid"":257.85,""sell_venue"":""Gate"",""source"":""wide_cex_hunter"",""taker_fee_bps_per_leg"":10.0,""total_friction_bps"":30.0}"
2026-09-08T22:27:10+00:00,cex_cross_spot,BCH:buy Gate / sell Bitget,BCH,buy Gate / sell Bitget,Bitget<->Gate,-4.650802,-34.650802,NO,91.60,"{""buy_ask"":258.02,""buy_venue"":""Gate"",""extra_buffer_bps"":10.0,""note"":""Discovery snapshot only; assumes capital pre-positioned on both venues. Rebalancing, withdrawal, latency and deeper-book impact are not yet validated."",""sell_bid"":257.9,""sell_venue"":""Bitget"",""source"":""wide_cex_hunter"",""taker_fee_bps_per_leg"":10.0,""total_friction_bps"":30.0}"
2026-09-08T22:27:10+00:00,cex_cross_spot,AVAX:buy Bitget / sell Gate,AVAX,buy Bitget / sell Gate,Bitget<->Gate,-1.253447,-31.253447,NO,108.81,"{""buy_ask"":7.978,""buy_venue"":""Bitget"",""extra_buffer_bps"":10.0,""note"":""Discovery snapshot only; assumes capital pre-positioned on both venues. Rebalancing, withdrawal, latency and deeper-book impact are not yet validated."",""sell_bid"":7.977,""sell_venue"":""Gate"",""source"":""wide_cex_hunter"",""taker_fee_bps_per_leg"":10.0,""total_friction_bps"":30.0}"
2026-09-08T22:27:10+00:00,cex_cross_spot,AVAX:buy Gate / sell Bitget,AVAX,buy Gate / sell Bitget,Bitget<->Gate,-2.506580,-32.506580,NO,108.83,"{""buy_ask"":7.979,""buy_venue"":""Gate"",""extra_buffer_bps"":10.0,""note"":""Discovery snapshot only; assumes capital pre-positioned on both venues. Rebalancing, withdrawal, latency and deeper-book impact are not yet validated."",""sell_bid"":7.977,""sell_venue"":""Bitget"",""source"":""wide_cex_hunter"",""taker_fee_bps_per_leg"":10.0,""total_friction_bps"":30.0}"
2026-09-08T22:27:10+00:00,cex_cross_spot,DOT:buy Bitget / sell Gate,DOT,buy Bitget / sell Gate,Bitget<->Gate,0.000000,-30.000000,NO,194.41,"{""buy_ask"":1.251,""buy_venue"":""Bitget"",""extra_buffer_bps"":10.0,""note"":""Discovery snapshot only; assumes capital pre-positioned on both venues. Rebalancing, withdrawal, latency and deeper-book impact are not yet validated."",""sell_bid"":1.251,""sell_venue"":""Gate"",""source"":""wide_cex_hunter"",""taker_fee_bps_per_leg"":10.0,""total_friction_bps"":30.0}"
2026-09-08T22:27:10+00:00,cex_cross_spot,DOT:buy Gate / sell Bitget,DOT,buy Gate / sell Bitget,Bitget<->Gate,-8.792263,-38.792263,NO,5.00,"{""buy_ask"":1.2511,""buy_venue"":""Gate"",""extra_buffer_bps"":10.0,""note"":""Discovery snapshot only; assumes capital pre-positioned on both venues. Rebalancing, withdrawal, latency and deeper-book impact are not yet validated."",""sell_bid"":1.25,""sell_venue"":""Bitget"",""source"":""wide_cex_hunter"",""taker_fee_bps_per_leg"":10.0,""total_friction_bps"":30.0}"
2026-09-08T22:27:10+00:00,cex_cross_spot,TRX:buy Bitget / sell Gate,TRX,buy Bitget / sell Gate,Bitget<->Gate,-1.180847,-31.180847,NO,799.87,"{""buy_ask"":0.33874,""buy_venue"":""Bitget"",""extra_buffer_bps"":10.0,""note"":""Discovery snapshot only; assumes capital pre-positioned on both venues. Rebalancing, withdrawal, latency and deeper-book impact are not yet validated."",""sell_bid"":0.3387,""sell_venue"":""Gate"",""source"":""wide_cex_hunter"",""taker_fee_bps_per_leg"":10.0,""total_friction_bps"":30.0}"
2026-09-08T22:27:10+00:00,cex_cross_spot,TRX:buy Gate / sell Bitget,TRX,buy Gate / sell Bitget,Bitget<->Gate,-2.066116,-32.066116,NO,1064.23,"{""buy_ask"":0.3388,""buy_venue"":""Gate"",""extra_buffer_bps"":10.0,""note"":""Discovery snapshot only; assumes capital pre-positioned on both venues. Rebalancing, withdrawal, latency and deeper-book impact are not yet validated."",""sell_bid"":0.33873,""sell_venue"":""Bitget"",""source"":""wide_cex_hunter"",""taker_fee_bps_per_leg"":10.0,""total_friction_bps"":30.0}"
2026-09-08T22:27:10+00:00,cex_cross_spot,SUI:buy Bitget / sell Gate,SUI,buy Bitget / sell Gate,Bitget<->Gate,-1.230921,-31.230921,NO,159.00,"{""buy_ask"":0.8124,""buy_venue"":""Bitget"",""extra_buffer_bps"":10.0,""note"":""Discovery snapshot only; assumes capital pre-positioned on both venues. Rebalancing, withdrawal, latency and deeper-book impact are not yet validated."",""sell_bid"":0.8123,""sell_venue"":""Gate"",""source"":""wide_cex_hunter"",""taker_fee_bps_per_leg"":10.0,""total_friction_bps"":30.0}"
2026-09-08T22:27:10+00:00,cex_cross_spot,SUI:buy Gate / sell Bitget,SUI,buy Gate / sell Bitget,Bitget<->Gate,-1.230921,-31.230921,NO,100.00,"{""buy_ask"":0.8124,""buy_venue"":""Gate"",""extra_buffer_bps"":10.0,""note"":""Discovery snapshot only; assumes capital pre-positioned on both venues. Rebalancing, withdrawal, latency and deeper-book impact are not yet validated."",""sell_bid"":0.8123,""sell_venue"":""Bitget"",""source"":""wide_cex_hunter"",""taker_fee_bps_per_leg"":10.0,""total_friction_bps"":30.0}"
2026-09-08T22:27:10+00:00,cex_cross_spot,APT:buy Bitget / sell Gate,APT,buy Bitget / sell Gate,Bitget<->Gate,-3.067955,-33.067955,NO,65.16,"{""buy_ask"":0.6519,""buy_venue"":""Bitget"",""extra_buffer_bps"":10.0,""note"":""Discovery snapshot only; assumes capital pre-positioned on both venues. Rebalancing, withdrawal, latency and deeper-book impact are not yet validated."",""sell_bid"":0.6517,""sell_venue"":""Gate"",""source"":""wide_cex_hunter"",""taker_fee_bps_per_leg"":10.0,""total_friction_bps"":30.0}"
2026-09-08T22:27:10+00:00,cex_cross_spot,APT:buy Gate / sell Bitget,APT,buy Gate / sell Bitget,Bitget<->Gate,-4.601227,-34.601227,NO,61.52,"{""buy_ask"":0.652,""buy_venue"":""Gate"",""extra_buffer_bps"":10.0,""note"":""Discovery snapshot only; assumes capital pre-positioned on both venues. Rebalancing, withdrawal, latency and deeper-book impact are not yet validated."",""sell_bid"":0.6517,""sell_venue"":""Bitget"",""source"":""wide_cex_hunter"",""taker_fee_bps_per_leg"":10.0,""total_friction_bps"":30.0}"
2026-09-08T22:27:10+00:00,cex_cross_spot,NEAR:buy Bitget / sell Gate,NEAR,buy Bitget / sell Gate,Bitget<->Gate,-4.355401,-34.355401,NO,504.95,"{""buy_ask"":2.296,""buy_venue"":""Bitget"",""extra_buffer_bps"":10.0,""note"":""Discovery snapshot only; assumes capital pre-positioned on both venues. Rebalancing, withdrawal, latency and deeper-book impact are not yet validated."",""sell_bid"":2.295,""sell_venue"":""Gate"",""source"":""wide_cex_hunter"",""taker_fee_bps_per_leg"":10.0,""total_friction_bps"":30.0}"
2026-09-08T22:27:10+00:00,cex_cross_spot,NEAR:buy Gate / sell Bitget,NEAR,buy Gate / sell Bitget,Bitget<->Gate,-8.710801,-38.710801,NO,86.97,"{""buy_ask"":2.296,""buy_venue"":""Gate"",""extra_buffer_bps"":10.0,""note"":""Discovery snapshot only; assumes capital pre-positioned on both venues. Rebalancing, withdrawal, latency and deeper-book impact are not yet validated."",""sell_bid"":2.294,""sell_venue"":""Bitget"",""source"":""wide_cex_hunter"",""taker_fee_bps_per_leg"":10.0,""total_friction_bps"":30.0}"
2026-09-08T23:52:13+00:00,cex_cross_spot,BTC:buy Bitget / sell Gate,BTC,buy Bitget / sell Gate,Bitget<->Gate,-0.455160,-30.455160,NO,21842.55,"{""buy_ask"":78433.97,""buy_venue"":""Bitget"",""extra_buffer_bps"":10.0,""note"":""Discovery snapshot only; assumes capital pre-positioned on both venues. Rebalancing, withdrawal, latency and deeper-book impact are not yet validated."",""sell_bid"":78430.4,""sell_venue"":""Gate"",""source"":""wide_cex_hunter"",""taker_fee_bps_per_leg"":10.0,""total_friction_bps"":30.0}"
2026-09-08T23:52:13+00:00,cex_cross_spot,BTC:buy Gate / sell Bitget,BTC,buy Gate / sell Bitget,Bitget<->Gate,0.441155,-29.558845,NO,5109.97,"{""buy_ask"":78430.5,""buy_venue"":""Gate"",""extra_buffer_bps"":10.0,""note"":""Discovery snapshot only; assumes capital pre-positioned on both venues. Rebalancing, withdrawal, latency and deeper-book impact are not yet validated."",""sell_bid"":78433.96,""sell_venue"":""Bitget"",""source"":""wide_cex_hunter"",""taker_fee_bps_per_leg"":10.0,""total_friction_bps"":30.0}"
2026-09-08T23:52:13+00:00,cex_cross_spot,ETH:buy Bitget / sell Gate,ETH,buy Bitget / sell Gate,Bitget<->Gate,0.362195,-29.637805,NO,2037.65,"{""buy_ask"":2484.85,""buy_venue"":""Bitget"",""extra_buffer_bps"":10.0,""note"":""Discovery snapshot only; assumes capital pre-positioned on both venues. Rebalancing, withdrawal, latency and deeper-book impact are not yet validated."",""sell_bid"":2484.94,""sell_venue"":""Gate"",""source"":""wide_cex_hunter"",""taker_fee_bps_per_leg"":10.0,""total_friction_bps"":30.0}"
2026-09-08T23:52:13+00:00,cex_cross_spot,ETH:buy Gate / sell Bitget,ETH,buy Gate / sell Bitget,Bitget<->Gate,-0.442665,-30.442665,NO,10912.66,"{""buy_ask"":2484.95,""buy_venue"":""Gate"",""extra_buffer_bps"":10.0,""note"":""Discovery snapshot only; assumes capital pre-positioned on both venues. Rebalancing, withdrawal, latency and deeper-book impact are not yet validated."",""sell_bid"":2484.84,""sell_venue"":""Bitget"",""source"":""wide_cex_hunter"",""taker_fee_bps_per_leg"":10.0,""total_friction_bps"":30.0}"
2026-09-08T23:52:13+00:00,cex_cross_spot,SOL:buy Bitget / sell Gate,SOL,buy Bitget / sell Gate,Bitget<->Gate,0.967305,-29.032695,NO,199.52,"{""buy_ask"":103.38,""buy_venue"":""Bitget"",""extra_buffer_bps"":10.0,""note"":""Discovery snapshot only; assumes capital pre-positioned on both venues. Rebalancing, withdrawal, latency and deeper-book impact are not yet validated."",""sell_bid"":103.39,""sell_venue"":""Gate"",""source"":""wide_cex_hunter"",""taker_fee_bps_per_leg"":10.0,""total_friction_bps"":30.0}"
2026-09-08T23:52:13+00:00,cex_cross_spot,SOL:buy Gate / sell Bitget,SOL,buy Gate / sell Bitget,Bitget<->Gate,-2.901354,-32.901354,NO,363.66,"{""buy_ask"":103.4,""buy_venue"":""Gate"",""extra_buffer_bps"":10.0,""note"":""Discovery snapshot only; assumes capital pre-positioned on both venues. Rebalancing, withdrawal, latency and deeper-book impact are not yet validated."",""sell_bid"":103.37,""sell_venue"":""Bitget"",""source"":""wide_cex_hunter"",""taker_fee_bps_per_leg"":10.0,""total_friction_bps"":30.0}"
2026-09-08T23:52:13+00:00,cex_cross_spot,XRP:buy Bitget / sell Gate,XRP,buy Bitget / sell Gate,Bitget<->Gate,-1.411831,-31.411831,NO,147.95,"{""buy_ask"":1.4166,""buy_venue"":""Bitget"",""extra_buffer_bps"":10.0,""note"":""Discovery snapshot only; assumes capital pre-positioned on both venues. Rebalancing, withdrawal, latency and deeper-book impact are not yet validated."",""sell_bid"":1.4164,""sell_venue"":""Gate"",""source"":""wide_cex_hunter"",""taker_fee_bps_per_leg"":10.0,""total_friction_bps"":30.0}"
2026-09-08T23:52:13+00:00,cex_cross_spot,XRP:buy Gate / sell Bitget,XRP,buy Gate / sell Bitget,Bitget<->Gate,0.000000,-30.000000,NO,150.01,"{""buy_ask"":1.4165,""buy_venue"":""Gate"",""extra_buffer_bps"":10.0,""note"":""Discovery snapshot only; assumes capital pre-positioned on both venues. Rebalancing, withdrawal, latency and deeper-book impact are not yet validated."",""sell_bid"":1.4165,""sell_venue"":""Bitget"",""source"":""wide_cex_hunter"",""taker_fee_bps_per_leg"":10.0,""total_friction_bps"":30.0}"
2026-09-08T23:52:13+00:00,cex_cross_spot,DOGE:buy Bitget / sell Gate,DOGE,buy Bitget / sell Gate,Bitget<->Gate,-1.110248,-31.110248,NO,12.50,"{""buy_ask"":0.09007,""buy_venue"":""Bitget"",""extra_buffer_bps"":10.0,""note"":""Discovery snapshot only; assumes capital pre-positioned on both venues. Rebalancing, withdrawal, latency and deeper-book impact are not yet validated."",""sell_bid"":0.09006,""sell_venue"":""Gate"",""source"":""wide_cex_hunter"",""taker_fee_bps_per_leg"":10.0,""total_friction_bps"":30.0}"
2026-09-08T23:52:13+00:00,cex_cross_spot,DOGE:buy Gate / sell Bitget,DOGE,buy Gate / sell Bitget,Bitget<->Gate,-2.220249,-32.220249,NO,670.56,"{""buy_ask"":0.09008,""buy_venue"":""Gate"",""extra_buffer_bps"":10.0,""note"":""Discovery snapshot only; assumes capital pre-positioned on both venues. Rebalancing, withdrawal, latency and deeper-book impact are not yet validated."",""sell_bid"":0.09006,""sell_venue"":""Bitget"",""source"":""wide_cex_hunter"",""taker_fee_bps_per_leg"":10.0,""total_friction_bps"":30.0}"
2026-09-08T23:52:13+00:00,cex_cross_spot,ADA:buy Bitget / sell Gate,ADA,buy Bitget / sell Gate,Bitget<->Gate,-3.642987,-33.642987,NO,104.93,"{""buy_ask"":0.2196,""buy_venue"":""Bitget"",""extra_buffer_bps"":10.0,""note"":""Discovery snapshot only; assumes capital pre-positioned on both venues. Rebalancing, withdrawal, latency and deeper-book impact are not yet validated."",""sell_bid"":0.21952,""sell_venue"":""Gate"",""source"":""wide_cex_hunter"",""taker_fee_bps_per_leg"":10.0,""total_friction_bps"":30.0}"
2026-09-08T23:52:13+00:00,cex_cross_spot,ADA:buy Gate / sell Bitget,ADA,buy Gate / sell Bitget,Bitget<->Gate,-3.188049,-33.188049,NO,196.08,"{""buy_ask"":0.21957,""buy_venue"":""Gate"",""extra_buffer_bps"":10.0,""note"":""Discovery snapshot only; assumes capital pre-positioned on both venues. Rebalancing, withdrawal, latency and deeper-book impact are not yet validated."",""sell_bid"":0.2195,""sell_venue"":""Bitget"",""source"":""wide_cex_hunter"",""taker_fee_bps_per_leg"":10.0,""total_friction_bps"":30.0}"
2026-09-08T23:52:13+00:00,cex_cross_spot,LINK:buy Bitget / sell Gate,LINK,buy Bitget / sell Gate,Bitget<->Gate,-3.191065,-33.191065,NO,232.70,"{""buy_ask"":12.535,""buy_venue"":""Bitget"",""extra_buffer_bps"":10.0,""note"":""Discovery snapshot only; assumes capital pre-positioned on both venues. Rebalancing, withdrawal, latency and deeper-book impact are not yet validated."",""sell_bid"":12.531,""sell_venue"":""Gate"",""source"":""wide_cex_hunter"",""taker_fee_bps_per_leg"":10.0,""total_friction_bps"":30.0}"
2026-09-08T23:52:13+00:00,cex_cross_spot,LINK:buy Gate / sell Bitget,LINK,buy Gate / sell Bitget,Bitget<->Gate,-2.393490,-32.393490,NO,221.35,"{""buy_ask"":12.534,""buy_venue"":""Gate"",""extra_buffer_bps"":10.0,""note"":""Discovery snapshot only; assumes capital pre-positioned on both venues. Rebalancing, withdrawal, latency and deeper-book impact are not yet validated."",""sell_bid"":12.531,""sell_venue"":""Bitget"",""source"":""wide_cex_hunter"",""taker_fee_bps_per_leg"":10.0,""total_friction_bps"":30.0}"
2026-09-08T23:52:13+00:00,cex_cross_spot,LTC:buy Bitget / sell Gate,LTC,buy Bitget / sell Gate,Bitget<->Gate,-5.521811,-35.521811,NO,24.43,"{""buy_ask"":54.33,""buy_venue"":""Bitget"",""extra_buffer_bps"":10.0,""note"":""Discovery snapshot only; assumes capital pre-positioned on both venues. Rebalancing, withdrawal, latency and deeper-book impact are not yet validated."",""sell_bid"":54.3,""sell_venue"":""Gate"",""source"":""wide_cex_hunter"",""taker_fee_bps_per_leg"":10.0,""total_friction_bps"":30.0}"
2026-09-08T23:52:13+00:00,cex_cross_spot,LTC:buy Gate / sell Bitget,LTC,buy Gate / sell Bitget,Bitget<->Gate,1.841282,-28.158718,NO,250.37,"{""buy_ask"":54.31,""buy_venue"":""Gate"",""extra_buffer_bps"":10.0,""note"":""Discovery snapshot only; assumes capital pre-positioned on both venues. Rebalancing, withdrawal, latency and deeper-book impact are not yet validated."",""sell_bid"":54.32,""sell_venue"":""Bitget"",""source"":""wide_cex_hunter"",""taker_fee_bps_per_leg"":10.0,""total_friction_bps"":30.0}"
2026-09-08T23:52:13+00:00,cex_cross_spot,BCH:buy Bitget / sell Gate,BCH,buy Bitget / sell Gate,Bitget<->Gate,-10.058027,-40.058027,NO,210.47,"{""buy_ask"":258.5,""buy_venue"":""Bitget"",""extra_buffer_bps"":10.0,""note"":""Discovery snapshot only; assumes capital pre-positioned on both venues. Rebalancing, withdrawal, latency and deeper-book impact are not yet validated."",""sell_bid"":258.24,""sell_venue"":""Gate"",""source"":""wide_cex_hunter"",""taker_fee_bps_per_leg"":10.0,""total_friction_bps"":30.0}"
2026-09-08T23:52:13+00:00,cex_cross_spot,BCH:buy Gate / sell Bitget,BCH,buy Gate / sell Bitget,Bitget<->Gate,-3.869969,-33.869969,NO,4.13,"{""buy_ask"":258.4,""buy_venue"":""Gate"",""extra_buffer_bps"":10.0,""note"":""Discovery snapshot only; assumes capital pre-positioned on both venues. Rebalancing, withdrawal, latency and deeper-book impact are not yet validated."",""sell_bid"":258.3,""sell_venue"":""Bitget"",""source"":""wide_cex_hunter"",""taker_fee_bps_per_leg"":10.0,""total_friction_bps"":30.0}"
2026-09-08T23:52:13+00:00,cex_cross_spot,AVAX:buy Bitget / sell Gate,AVAX,buy Bitget / sell Gate,Bitget<->Gate,-2.498126,-32.498126,NO,117.05,"{""buy_ask"":8.006,""buy_venue"":""Bitget"",""extra_buffer_bps"":10.0,""note"":""Discovery snapshot only; assumes capital pre-positioned on both venues. Rebalancing, withdrawal, latency and deeper-book impact are not yet validated."",""sell_bid"":8.004,""sell_venue"":""Gate"",""source"":""wide_cex_hunter"",""taker_fee_bps_per_leg"":10.0,""total_friction_bps"":30.0}"
2026-09-08T23:52:13+00:00,cex_cross_spot,AVAX:buy Gate / sell Bitget,AVAX,buy Gate / sell Bitget,Bitget<->Gate,-2.497814,-32.497814,NO,237.33,"{""buy_ask"":8.007,""buy_venue"":""Gate"",""extra_buffer_bps"":10.0,""note"":""Discovery snapshot only; assumes capital pre-positioned on both venues. Rebalancing, withdrawal, latency and deeper-book impact are not yet validated."",""sell_bid"":8.005,""sell_venue"":""Bitget"",""source"":""wide_cex_hunter"",""taker_fee_bps_per_leg"":10.0,""total_friction_bps"":30.0}"
2026-09-08T23:52:13+00:00,cex_cross_spot,DOT:buy Bitget / sell Gate,DOT,buy Bitget / sell Gate,Bitget<->Gate,-1.598721,-31.598721,NO,4.88,"{""buy_ask"":1.251,""buy_venue"":""Bitget"",""extra_buffer_bps"":10.0,""note"":""Discovery snapshot only; assumes capital pre-positioned on both venues. Rebalancing, withdrawal, latency and deeper-book impact are not yet validated."",""sell_bid"":1.2508,""sell_venue"":""Gate"",""source"":""wide_cex_hunter"",""taker_fee_bps_per_leg"":10.0,""total_friction_bps"":30.0}"
2026-09-08T23:52:13+00:00,cex_cross_spot,DOT:buy Gate / sell Bitget,DOT,buy Gate / sell Bitget,Bitget<->Gate,-7.194820,-37.194820,NO,44.53,"{""buy_ask"":1.2509,""buy_venue"":""Gate"",""extra_buffer_bps"":10.0,""note"":""Discovery snapshot only; assumes capital pre-positioned on both venues. Rebalancing, withdrawal, latency and deeper-book impact are not yet validated."",""sell_bid"":1.25,""sell_venue"":""Bitget"",""source"":""wide_cex_hunter"",""taker_fee_bps_per_leg"":10.0,""total_friction_bps"":30.0}"
2026-09-08T23:52:13+00:00,cex_cross_spot,TRX:buy Bitget / sell Gate,TRX,buy Bitget / sell Gate,Bitget<->Gate,-2.655729,-32.655729,NO,1314.75,"{""buy_ask"":0.33889,""buy_venue"":""Bitget"",""extra_buffer_bps"":10.0,""note"":""Discovery snapshot only; assumes capital pre-positioned on both venues. Rebalancing, withdrawal, latency and deeper-book impact are not yet validated."",""sell_bid"":0.3388,""sell_venue"":""Gate"",""source"":""wide_cex_hunter"",""taker_fee_bps_per_leg"":10.0,""total_friction_bps"":30.0}"
2026-09-08T23:52:13+00:00,cex_cross_spot,TRX:buy Gate / sell Bitget,TRX,buy Gate / sell Bitget,Bitget<->Gate,-0.590145,-30.590145,NO,1440.03,"{""buy_ask"":0.3389,""buy_venue"":""Gate"",""extra_buffer_bps"":10.0,""note"":""Discovery snapshot only; assumes capital pre-positioned on both venues. Rebalancing, withdrawal, latency and deeper-book impact are not yet validated."",""sell_bid"":0.33888,""sell_venue"":""Bitget"",""source"":""wide_cex_hunter"",""taker_fee_bps_per_leg"":10.0,""total_friction_bps"":30.0}"
2026-09-08T23:52:13+00:00,cex_cross_spot,SUI:buy Bitget / sell Gate,SUI,buy Bitget / sell Gate,Bitget<->Gate,0.000000,-30.000000,NO,1.70,"{""buy_ask"":0.8116,""buy_venue"":""Bitget"",""extra_buffer_bps"":10.0,""note"":""Discovery snapshot only; assumes capital pre-positioned on both venues. Rebalancing, withdrawal, latency and deeper-book impact are not yet validated."",""sell_bid"":0.8116,""sell_venue"":""Gate"",""source"":""wide_cex_hunter"",""taker_fee_bps_per_leg"":10.0,""total_friction_bps"":30.0}"
2026-09-08T23:52:13+00:00,cex_cross_spot,SUI:buy Gate / sell Bitget,SUI,buy Gate / sell Bitget,Bitget<->Gate,-2.463965,-32.463965,NO,106.15,"{""buy_ask"":0.8117,""buy_venue"":""Gate"",""extra_buffer_bps"":10.0,""note"":""Discovery snapshot only; assumes capital pre-positioned on both venues. Rebalancing, withdrawal, latency and deeper-book impact are not yet validated."",""sell_bid"":0.8115,""sell_venue"":""Bitget"",""source"":""wide_cex_hunter"",""taker_fee_bps_per_leg"":10.0,""total_friction_bps"":30.0}"
2026-09-08T23:52:13+00:00,cex_cross_spot,APT:buy Bitget / sell Gate,APT,buy Bitget / sell Gate,Bitget<->Gate,-3.079292,-33.079292,NO,70.33,"{""buy_ask"":0.6495,""buy_venue"":""Bitget"",""extra_buffer_bps"":10.0,""note"":""Discovery snapshot only; assumes capital pre-positioned on both venues. Rebalancing, withdrawal, latency and deeper-book impact are not yet validated."",""sell_bid"":0.6493,""sell_venue"":""Gate"",""source"":""wide_cex_hunter"",""taker_fee_bps_per_leg"":10.0,""total_friction_bps"":30.0}"
2026-09-08T23:52:13+00:00,cex_cross_spot,APT:buy Gate / sell Bitget,APT,buy Gate / sell Bitget,Bitget<->Gate,-7.695860,-37.695860,NO,51.98,"{""buy_ask"":0.6497,""buy_venue"":""Gate"",""extra_buffer_bps"":10.0,""note"":""Discovery snapshot only; assumes capital pre-positioned on both venues. Rebalancing, withdrawal, latency and deeper-book impact are not yet validated."",""sell_bid"":0.6492,""sell_venue"":""Bitget"",""source"":""wide_cex_hunter"",""taker_fee_bps_per_leg"":10.0,""total_friction_bps"":30.0}"
2026-09-08T23:52:13+00:00,cex_cross_spot,NEAR:buy Bitget / sell Gate,NEAR,buy Bitget / sell Gate,Bitget<->Gate,-8.639309,-38.639309,NO,80.05,"{""buy_ask"":2.315,""buy_venue"":""Bitget"",""extra_buffer_bps"":10.0,""note"":""Discovery snapshot only; assumes capital pre-positioned on both venues. Rebalancing, withdrawal, latency and deeper-book impact are not yet validated."",""sell_bid"":2.313,""sell_venue"":""Gate"",""source"":""wide_cex_hunter"",""taker_fee_bps_per_leg"":10.0,""total_friction_bps"":30.0}"
2026-09-08T23:52:13+00:00,cex_cross_spot,NEAR:buy Gate / sell Bitget,NEAR,buy Gate / sell Bitget,Bitget<->Gate,-4.321521,-34.321521,NO,242.88,"{""buy_ask"":2.314,""buy_venue"":""Gate"",""extra_buffer_bps"":10.0,""note"":""Discovery snapshot only; assumes capital pre-positioned on both venues. Rebalancing, withdrawal, latency and deeper-book impact are not yet validated."",""sell_bid"":2.313,""sell_venue"":""Bitget"",""source"":""wide_cex_hunter"",""taker_fee_bps_per_leg"":10.0,""total_friction_bps"":30.0}"
2026-09-09T00:22:40+00:00,cex_cross_spot,BTC:buy Bitget / sell Gate,BTC,buy Bitget / sell Gate,Bitget<->Gate,-0.497076,-30.497076,NO,2771.37,"{""buy_ask"":78660.01,""buy_venue"":""Bitget"",""extra_buffer_bps"":10.0,""note"":""Discovery snapshot only; assumes capital pre-positioned on both venues. Rebalancing, withdrawal, latency and deeper-book impact are not yet validated."",""sell_bid"":78656.1,""sell_venue"":""Gate"",""source"":""wide_cex_hunter"",""taker_fee_bps_per_leg"":10.0,""total_friction_bps"":30.0}"
2026-09-09T00:22:40+00:00,cex_cross_spot,BTC:buy Gate / sell Bitget,BTC,buy Gate / sell Bitget,Bitget<->Gate,0.483115,-29.516885,NO,11974.07,"{""buy_ask"":78656.2,""buy_venue"":""Gate"",""extra_buffer_bps"":10.0,""note"":""Discovery snapshot only; assumes capital pre-positioned on both venues. Rebalancing, withdrawal, latency and deeper-book impact are not yet validated."",""sell_bid"":78660.0,""sell_venue"":""Bitget"",""source"":""wide_cex_hunter"",""taker_fee_bps_per_leg"":10.0,""total_friction_bps"":30.0}"
2026-09-09T00:22:40+00:00,cex_cross_spot,ETH:buy Bitget / sell Gate,ETH,buy Bitget / sell Gate,Bitget<->Gate,0.080247,-29.919753,NO,9.97,"{""buy_ask"":2492.31,""buy_venue"":""Bitget"",""extra_buffer_bps"":10.0,""note"":""Discovery snapshot only; assumes capital pre-positioned on both venues. Rebalancing, withdrawal, latency and deeper-book impact are not yet validated."",""sell_bid"":2492.33,""sell_venue"":""Gate"",""source"":""wide_cex_hunter"",""taker_fee_bps_per_leg"":10.0,""total_friction_bps"":30.0}"
2026-09-09T00:22:40+00:00,cex_cross_spot,ETH:buy Gate / sell Bitget,ETH,buy Gate / sell Bitget,Bitget<->Gate,-0.160492,-30.160492,NO,15.70,"{""buy_ask"":2492.34,""buy_venue"":""Gate"",""extra_buffer_bps"":10.0,""note"":""Discovery snapshot only; assumes capital pre-positioned on both venues. Rebalancing, withdrawal, latency and deeper-book impact are not yet validated."",""sell_bid"":2492.3,""sell_venue"":""Bitget"",""source"":""wide_cex_hunter"",""taker_fee_bps_per_leg"":10.0,""total_friction_bps"":30.0}"
2026-09-09T00:22:40+00:00,cex_cross_spot,SOL:buy Bitget / sell Gate,SOL,buy Bitget / sell Gate,Bitget<->Gate,-1.928268,-31.928268,NO,1.76,"{""buy_ask"":103.72,""buy_venue"":""Bitget"",""extra_buffer_bps"":10.0,""note"":""Discovery snapshot only; assumes capital pre-positioned on both venues. Rebalancing, withdrawal, latency and deeper-book impact are not yet validated."",""sell_bid"":103.7,""sell_venue"":""Gate"",""source"":""wide_cex_hunter"",""taker_fee_bps_per_leg"":10.0,""total_friction_bps"":30.0}"
2026-09-09T00:22:40+00:00,cex_cross_spot,SOL:buy Gate / sell Bitget,SOL,buy Gate / sell Bitget,Bitget<->Gate,0.000000,-30.000000,NO,183.70,"{""buy_ask"":103.71,""buy_venue"":""Gate"",""extra_buffer_bps"":10.0,""note"":""Discovery snapshot only; assumes capital pre-positioned on both venues. Rebalancing, withdrawal, latency and deeper-book impact are not yet validated."",""sell_bid"":103.71,""sell_venue"":""Bitget"",""source"":""wide_cex_hunter"",""taker_fee_bps_per_leg"":10.0,""total_friction_bps"":30.0}"
2026-09-09T00:22:40+00:00,cex_cross_spot,XRP:buy Bitget / sell Gate,XRP,buy Bitget / sell Gate,Bitget<->Gate,-2.111189,-32.111189,NO,1308.89,"{""buy_ask"":1.421,""buy_venue"":""Bitget"",""extra_buffer_bps"":10.0,""note"":""Discovery snapshot only; assumes capital pre-positioned on both venues. Rebalancing, withdrawal, latency and deeper-book impact are not yet validated."",""sell_bid"":1.4207,""sell_venue"":""Gate"",""source"":""wide_cex_hunter"",""taker_fee_bps_per_leg"":10.0,""total_friction_bps"":30.0}"
2026-09-09T00:22:40+00:00,cex_cross_spot,XRP:buy Gate / sell Bitget,XRP,buy Gate / sell Bitget,Bitget<->Gate,0.703829,-29.296171,NO,150.74,"{""buy_ask"":1.4208,""buy_venue"":""Gate"",""extra_buffer_bps"":10.0,""note"":""Discovery snapshot only; assumes capital pre-positioned on both venues. Rebalancing, withdrawal, latency and deeper-book impact are not yet validated."",""sell_bid"":1.4209,""sell_venue"":""Bitget"",""source"":""wide_cex_hunter"",""taker_fee_bps_per_leg"":10.0,""total_friction_bps"":30.0}"
2026-09-09T00:22:40+00:00,cex_cross_spot,DOGE:buy Bitget / sell Gate,DOGE,buy Bitget / sell Gate,Bitget<->Gate,-1.104118,-31.104118,NO,191.02,"{""buy_ask"":0.09057,""buy_venue"":""Bitget"",""extra_buffer_bps"":10.0,""note"":""Discovery snapshot only; assumes capital pre-positioned on both venues. Rebalancing, withdrawal, latency and deeper-book impact are not yet validated."",""sell_bid"":0.09056,""sell_venue"":""Gate"",""source"":""wide_cex_hunter"",""taker_fee_bps_per_leg"":10.0,""total_friction_bps"":30.0}"
2026-09-09T00:22:40+00:00,cex_cross_spot,DOGE:buy Gate / sell Bitget,DOGE,buy Gate / sell Bitget,Bitget<->Gate,-1.104118,-31.104118,NO,20.00,"{""buy_ask"":0.09057,""buy_venue"":""Gate"",""extra_buffer_bps"":10.0,""note"":""Discovery snapshot only; assumes capital pre-positioned on both venues. Rebalancing, withdrawal, latency and deeper-book impact are not yet validated."",""sell_bid"":0.09056,""sell_venue"":""Bitget"",""source"":""wide_cex_hunter"",""taker_fee_bps_per_leg"":10.0,""total_friction_bps"":30.0}"
2026-09-09T00:22:40+00:00,cex_cross_spot,ADA:buy Bitget / sell Gate,ADA,buy Bitget / sell Gate,Bitget<->Gate,-4.087193,-34.087193,NO,105.21,"{""buy_ask"":0.2202,""buy_venue"":""Bitget"",""extra_buffer_bps"":10.0,""note"":""Discovery snapshot only; assumes capital pre-positioned on both venues. Rebalancing, withdrawal, latency and deeper-book impact are not yet validated."",""sell_bid"":0.22011,""sell_venue"":""Gate"",""source"":""wide_cex_hunter"",""taker_fee_bps_per_leg"":10.0,""total_friction_bps"":30.0}"
2026-09-09T00:22:40+00:00,cex_cross_spot,ADA:buy Gate / sell Bitget,ADA,buy Gate / sell Bitget,Bitget<->Gate,-3.179361,-33.179361,NO,215.33,"{""buy_ask"":0.22017,""buy_venue"":""Gate"",""extra_buffer_bps"":10.0,""note"":""Discovery snapshot only; assumes capital pre-positioned on both venues. Rebalancing, withdrawal, latency and deeper-book impact are not yet validated."",""sell_bid"":0.2201,""sell_venue"":""Bitget"",""source"":""wide_cex_hunter"",""taker_fee_bps_per_leg"":10.0,""total_friction_bps"":30.0}"
2026-09-09T00:22:40+00:00,cex_cross_spot,LINK:buy Bitget / sell Gate,LINK,buy Bitget / sell Gate,Bitget<->Gate,0.798531,-29.201469,NO,56.98,"{""buy_ask"":12.523,""buy_venue"":""Bitget"",""extra_buffer_bps"":10.0,""note"":""Discovery snapshot only; assumes capital pre-positioned on both venues. Rebalancing, withdrawal, latency and deeper-book impact are not yet validated."",""sell_bid"":12.524,""sell_venue"":""Gate"",""source"":""wide_cex_hunter"",""taker_fee_bps_per_leg"":10.0,""total_friction_bps"":30.0}"
2026-09-09T00:22:40+00:00,cex_cross_spot,LINK:buy Gate / sell Bitget,LINK,buy Gate / sell Bitget,Bitget<->Gate,-3.992016,-33.992016,NO,79.37,"{""buy_ask"":12.525,""buy_venue"":""Gate"",""extra_buffer_bps"":10.0,""note"":""Discovery snapshot only; assumes capital pre-positioned on both venues. Rebalancing, withdrawal, latency and deeper-book impact are not yet validated."",""sell_bid"":12.52,""sell_venue"":""Bitget"",""source"":""wide_cex_hunter"",""taker_fee_bps_per_leg"":10.0,""total_friction_bps"":30.0}"
2026-09-09T00:22:40+00:00,cex_cross_spot,LTC:buy Bitget / sell Gate,LTC,buy Bitget / sell Gate,Bitget<->Gate,-1.839250,-31.839250,NO,68.77,"{""buy_ask"":54.37,""buy_venue"":""Bitget"",""extra_buffer_bps"":10.0,""note"":""Discovery snapshot only; assumes capital pre-positioned on both venues. Rebalancing, withdrawal, latency and deeper-book impact are not yet validated."",""sell_bid"":54.36,""sell_venue"":""Gate"",""source"":""wide_cex_hunter"",""taker_fee_bps_per_leg"":10.0,""total_friction_bps"":30.0}"
2026-09-09T00:22:40+00:00,cex_cross_spot,LTC:buy Gate / sell Bitget,LTC,buy Gate / sell Bitget,Bitget<->Gate,-3.678499,-33.678499,NO,790.92,"{""buy_ask"":54.37,""buy_venue"":""Gate"",""extra_buffer_bps"":10.0,""note"":""Discovery snapshot only; assumes capital pre-positioned on both venues. Rebalancing, withdrawal, latency and deeper-book impact are not yet validated."",""sell_bid"":54.35,""sell_venue"":""Bitget"",""source"":""wide_cex_hunter"",""taker_fee_bps_per_leg"":10.0,""total_friction_bps"":30.0}"
2026-09-09T00:22:40+00:00,cex_cross_spot,BCH:buy Bitget / sell Gate,BCH,buy Bitget / sell Gate,Bitget<->Gate,-7.722008,-37.722008,NO,117.75,"{""buy_ask"":259.0,""buy_venue"":""Bitget"",""extra_buffer_bps"":10.0,""note"":""Discovery snapshot only; assumes capital pre-positioned on both venues. Rebalancing, withdrawal, latency and deeper-book impact are not yet validated."",""sell_bid"":258.8,""sell_venue"":""Gate"",""source"":""wide_cex_hunter"",""taker_fee_bps_per_leg"":10.0,""total_friction_bps"":30.0}"
2026-09-09T00:22:40+00:00,cex_cross_spot,BCH:buy Gate / sell Bitget,BCH,buy Gate / sell Bitget,Bitget<->Gate,-4.246940,-34.246940,NO,104.26,"{""buy_ask"":259.01,""buy_venue"":""Gate"",""extra_buffer_bps"":10.0,""note"":""Discovery snapshot only; assumes capital pre-positioned on both venues. Rebalancing, withdrawal, latency and deeper-book impact are not yet validated."",""sell_bid"":258.9,""sell_venue"":""Bitget"",""source"":""wide_cex_hunter"",""taker_fee_bps_per_leg"":10.0,""total_friction_bps"":30.0}"
2026-09-09T00:22:40+00:00,cex_cross_spot,AVAX:buy Bitget / sell Gate,AVAX,buy Bitget / sell Gate,Bitget<->Gate,-1.248907,-31.248907,NO,109.20,"{""buy_ask"":8.007,""buy_venue"":""Bitget"",""extra_buffer_bps"":10.0,""note"":""Discovery snapshot only; assumes capital pre-positioned on both venues. Rebalancing, withdrawal, latency and deeper-book impact are not yet validated."",""sell_bid"":8.006,""sell_venue"":""Gate"",""source"":""wide_cex_hunter"",""taker_fee_bps_per_leg"":10.0,""total_friction_bps"":30.0}"
2026-09-09T00:22:40+00:00,cex_cross_spot,AVAX:buy Gate / sell Bitget,AVAX,buy Gate / sell Bitget,Bitget<->Gate,-3.745786,-33.745786,NO,268.01,"{""buy_ask"":8.009,""buy_venue"":""Gate"",""extra_buffer_bps"":10.0,""note"":""Discovery snapshot only; assumes capital pre-positioned on both venues. Rebalancing, withdrawal, latency and deeper-book impact are not yet validated."",""sell_bid"":8.006,""sell_venue"":""Bitget"",""source"":""wide_cex_hunter"",""taker_fee_bps_per_leg"":10.0,""total_friction_bps"":30.0}"
2026-09-09T00:22:40+00:00,cex_cross_spot,DOT:buy Bitget / sell Gate,DOT,buy Bitget / sell Gate,Bitget<->Gate,-4.105090,-34.105090,NO,679.73,"{""buy_ask"":1.218,""buy_venue"":""Bitget"",""extra_buffer_bps"":10.0,""note"":""Discovery snapshot only; assumes capital pre-positioned on both venues. Rebalancing, withdrawal, latency and deeper-book impact are not yet validated."",""sell_bid"":1.2175,""sell_venue"":""Gate"",""source"":""wide_cex_hunter"",""taker_fee_bps_per_leg"":10.0,""total_friction_bps"":30.0}"
2026-09-09T00:22:40+00:00,cex_cross_spot,DOT:buy Gate / sell Bitget,DOT,buy Gate / sell Bitget,Bitget<->Gate,-22.973416,-52.973416,NO,110.91,"{""buy_ask"":1.2188,""buy_venue"":""Gate"",""extra_buffer_bps"":10.0,""note"":""Discovery snapshot only; assumes capital pre-positioned on both venues. Rebalancing, withdrawal, latency and deeper-book impact are not yet validated."",""sell_bid"":1.216,""sell_venue"":""Bitget"",""source"":""wide_cex_hunter"",""taker_fee_bps_per_leg"":10.0,""total_friction_bps"":30.0}"
2026-09-09T00:22:40+00:00,cex_cross_spot,TRX:buy Bitget / sell Gate,TRX,buy Bitget / sell Gate,Bitget<->Gate,-2.654163,-32.654163,NO,586.58,"{""buy_ask"":0.33909,""buy_venue"":""Bitget"",""extra_buffer_bps"":10.0,""note"":""Discovery snapshot only; assumes capital pre-positioned on both venues. Rebalancing, withdrawal, latency and deeper-book impact are not yet validated."",""sell_bid"":0.339,""sell_venue"":""Gate"",""source"":""wide_cex_hunter"",""taker_fee_bps_per_leg"":10.0,""total_friction_bps"":30.0}"
2026-09-09T00:22:40+00:00,cex_cross_spot,TRX:buy Gate / sell Bitget,TRX,buy Gate / sell Bitget,Bitget<->Gate,-0.589797,-30.589797,NO,468.82,"{""buy_ask"":0.3391,""buy_venue"":""Gate"",""extra_buffer_bps"":10.0,""note"":""Discovery snapshot only; assumes capital pre-positioned on both venues. Rebalancing, withdrawal, latency and deeper-book impact are not yet validated."",""sell_bid"":0.33908,""sell_venue"":""Bitget"",""source"":""wide_cex_hunter"",""taker_fee_bps_per_leg"":10.0,""total_friction_bps"":30.0}"
2026-09-09T00:22:40+00:00,cex_cross_spot,SUI:buy Bitget / sell Gate,SUI,buy Bitget / sell Gate,Bitget<->Gate,-4.881621,-34.881621,NO,126.76,"{""buy_ask"":0.8194,""buy_venue"":""Bitget"",""extra_buffer_bps"":10.0,""note"":""Discovery snapshot only; assumes capital pre-positioned on both venues. Rebalancing, withdrawal, latency and deeper-book impact are not yet validated."",""sell_bid"":0.819,""sell_venue"":""Gate"",""source"":""wide_cex_hunter"",""taker_fee_bps_per_leg"":10.0,""total_friction_bps"":30.0}"
2026-09-09T00:22:40+00:00,cex_cross_spot,SUI:buy Gate / sell Bitget,SUI,buy Gate / sell Bitget,Bitget<->Gate,1.220703,-28.779297,NO,1.99,"{""buy_ask"":0.8192,""buy_venue"":""Gate"",""extra_buffer_bps"":10.0,""note"":""Discovery snapshot only; assumes capital pre-positioned on both venues. Rebalancing, withdrawal, latency and deeper-book impact are not yet validated."",""sell_bid"":0.8193,""sell_venue"":""Bitget"",""source"":""wide_cex_hunter"",""taker_fee_bps_per_leg"":10.0,""total_friction_bps"":30.0}"
2026-09-09T00:22:40+00:00,cex_cross_spot,APT:buy Bitget / sell Gate,APT,buy Bitget / sell Gate,Bitget<->Gate,-1.530222,-31.530222,NO,50.96,"{""buy_ask"":0.6535,""buy_venue"":""Bitget"",""extra_buffer_bps"":10.0,""note"":""Discovery snapshot only; assumes capital pre-positioned on both venues. Rebalancing, withdrawal, latency and deeper-book impact are not yet validated."",""sell_bid"":0.6534,""sell_venue"":""Gate"",""source"":""wide_cex_hunter"",""taker_fee_bps_per_leg"":10.0,""total_friction_bps"":30.0}"
2026-09-09T00:22:40+00:00,cex_cross_spot,APT:buy Gate / sell Bitget,APT,buy Gate / sell Bitget,Bitget<->Gate,-4.589261,-34.589261,NO,9.73,"{""buy_ask"":0.6537,""buy_venue"":""Gate"",""extra_buffer_bps"":10.0,""note"":""Discovery snapshot only; assumes capital pre-positioned on both venues. Rebalancing, withdrawal, latency and deeper-book impact are not yet validated."",""sell_bid"":0.6534,""sell_venue"":""Bitget"",""source"":""wide_cex_hunter"",""taker_fee_bps_per_leg"":10.0,""total_friction_bps"":30.0}"
2026-09-09T00:22:40+00:00,cex_cross_spot,NEAR:buy Bitget / sell Gate,NEAR,buy Bitget / sell Gate,Bitget<->Gate,-4.268032,-34.268032,NO,240.94,"{""buy_ask"":2.343,""buy_venue"":""Bitget"",""extra_buffer_bps"":10.0,""note"":""Discovery snapshot only; assumes capital pre-positioned on both venues. Rebalancing, withdrawal, latency and deeper-book impact are not yet validated."",""sell_bid"":2.342,""sell_venue"":""Gate"",""source"":""wide_cex_hunter"",""taker_fee_bps_per_leg"":10.0,""total_friction_bps"":30.0}"
2026-09-09T00:22:40+00:00,cex_cross_spot,NEAR:buy Gate / sell Bitget,NEAR,buy Gate / sell Bitget,Bitget<->Gate,-4.268032,-34.268032,NO,244.84,"{""buy_ask"":2.343,""buy_venue"":""Gate"",""extra_buffer_bps"":10.0,""note"":""Discovery snapshot only; assumes capital pre-positioned on both venues. Rebalancing, withdrawal, latency and deeper-book impact are not yet validated."",""sell_bid"":2.342,""sell_venue"":""Bitget"",""source"":""wide_cex_hunter"",""taker_fee_bps_per_leg"":10.0,""total_friction_bps"":30.0}"
2026-09-09T00:30:20+00:00,cex_cross_spot,BTC:buy Bitget / sell Gate,BTC,buy Bitget / sell Gate,Bitget<->Gate,0.417129,-29.582871,NO,999.97,"{""buy_ask"":78632.82,""buy_venue"":""Bitget"",""extra_buffer_bps"":10.0,""note"":""Discovery snapshot only; assumes capital pre-positioned on both venues. Rebalancing, withdrawal, latency and deeper-book impact are not yet validated."",""sell_bid"":78636.1,""sell_venue"":""Gate"",""source"":""wide_cex_hunter"",""taker_fee_bps_per_leg"":10.0,""total_friction_bps"":30.0}"
2026-09-09T00:30:20+00:00,cex_cross_spot,BTC:buy Gate / sell Bitget,BTC,buy Gate / sell Bitget,Bitget<->Gate,-0.431099,-30.431099,NO,11898.44,"{""buy_ask"":78636.2,""buy_venue"":""Gate"",""extra_buffer_bps"":10.0,""note"":""Discovery snapshot only; assumes capital pre-positioned on both venues. Rebalancing, withdrawal, latency and deeper-book impact are not yet validated."",""sell_bid"":78632.81,""sell_venue"":""Bitget"",""source"":""wide_cex_hunter"",""taker_fee_bps_per_leg"":10.0,""total_friction_bps"":30.0}"
2026-09-09T00:30:20+00:00,cex_cross_spot,ETH:buy Bitget / sell Gate,ETH,buy Bitget / sell Gate,Bitget<->Gate,-0.882949,-30.882949,NO,14300.31,"{""buy_ask"":2491.65,""buy_venue"":""Bitget"",""extra_buffer_bps"":10.0,""note"":""Discovery snapshot only; assumes capital pre-positioned on both venues. Rebalancing, withdrawal, latency and deeper-book impact are not yet validated."",""sell_bid"":2491.43,""sell_venue"":""Gate"",""source"":""wide_cex_hunter"",""taker_fee_bps_per_leg"":10.0,""total_friction_bps"":30.0}"
2026-09-09T00:30:20+00:00,cex_cross_spot,ETH:buy Gate / sell Bitget,ETH,buy Gate / sell Bitget,Bitget<->Gate,0.802749,-29.197251,NO,1534.73,"{""buy_ask"":2491.44,""buy_venue"":""Gate"",""extra_buffer_bps"":10.0,""note"":""Discovery snapshot only; assumes capital pre-positioned on both venues. Rebalancing, withdrawal, latency and deeper-book impact are not yet validated."",""sell_bid"":2491.64,""sell_venue"":""Bitget"",""source"":""wide_cex_hunter"",""taker_fee_bps_per_leg"":10.0,""total_friction_bps"":30.0}"
2026-09-09T00:30:20+00:00,cex_cross_spot,SOL:buy Bitget / sell Gate,SOL,buy Bitget / sell Gate,Bitget<->Gate,0.000000,-30.000000,NO,1770.55,"{""buy_ask"":103.65,""buy_venue"":""Bitget"",""extra_buffer_bps"":10.0,""note"":""Discovery snapshot only; assumes capital pre-positioned on both venues. Rebalancing, withdrawal, latency and deeper-book impact are not yet validated."",""sell_bid"":103.65,""sell_venue"":""Gate"",""source"":""wide_cex_hunter"",""taker_fee_bps_per_leg"":10.0,""total_friction_bps"":30.0}"
2026-09-09T00:30:20+00:00,cex_cross_spot,SOL:buy Gate / sell Bitget,SOL,buy Gate / sell Bitget,Bitget<->Gate,-1.929385,-31.929385,NO,1329.23,"{""buy_ask"":103.66,""buy_venue"":""Gate"",""extra_buffer_bps"":10.0,""note"":""Discovery snapshot only; assumes capital pre-positioned on both venues. Rebalancing, withdrawal, latency and deeper-book impact are not yet validated."",""sell_bid"":103.64,""sell_venue"":""Bitget"",""source"":""wide_cex_hunter"",""taker_fee_bps_per_leg"":10.0,""total_friction_bps"":30.0}"
2026-09-09T00:30:20+00:00,cex_cross_spot,XRP:buy Bitget / sell Gate,XRP,buy Bitget / sell Gate,Bitget<->Gate,1.408054,-28.591946,NO,3.42,"{""buy_ask"":1.4204,""buy_venue"":""Bitget"",""extra_buffer_bps"":10.0,""note"":""Discovery snapshot only; assumes capital pre-positioned on both venues. Rebalancing, withdrawal, latency and deeper-book impact are not yet validated."",""sell_bid"":1.4206,""sell_venue"":""Gate"",""source"":""wide_cex_hunter"",""taker_fee_bps_per_leg"":10.0,""total_friction_bps"":30.0}"
2026-09-09T00:30:20+00:00,cex_cross_spot,XRP:buy Gate / sell Bitget,XRP,buy Gate / sell Bitget,Bitget<->Gate,-4.222676,-34.222676,NO,1240.30,"{""buy_ask"":1.4209,""buy_venue"":""Gate"",""extra_buffer_bps"":10.0,""note"":""Discovery snapshot only; assumes capital pre-positioned on both venues. Rebalancing, withdrawal, latency and deeper-book impact are not yet validated."",""sell_bid"":1.4203,""sell_venue"":""Bitget"",""source"":""wide_cex_hunter"",""taker_fee_bps_per_leg"":10.0,""total_friction_bps"":30.0}"
2026-09-09T00:30:20+00:00,cex_cross_spot,DOGE:buy Bitget / sell Gate,DOGE,buy Bitget / sell Gate,Bitget<->Gate,-2.206045,-32.206045,NO,647.64,"{""buy_ask"":0.09066,""buy_venue"":""Bitget"",""extra_buffer_bps"":10.0,""note"":""Discovery snapshot only; assumes capital pre-positioned on both venues. Rebalancing, withdrawal, latency and deeper-book impact are not yet validated."",""sell_bid"":0.09064,""sell_venue"":""Gate"",""source"":""wide_cex_hunter"",""taker_fee_bps_per_leg"":10.0,""total_friction_bps"":30.0}"
2026-09-09T00:30:20+00:00,cex_cross_spot,DOGE:buy Gate / sell Bitget,DOGE,buy Gate / sell Bitget,Bitget<->Gate,0.000000,-30.000000,NO,551.08,"{""buy_ask"":0.09065,""buy_venue"":""Gate"",""extra_buffer_bps"":10.0,""note"":""Discovery snapshot only; assumes capital pre-positioned on both venues. Rebalancing, withdrawal, latency and deeper-book impact are not yet validated."",""sell_bid"":0.09065,""sell_venue"":""Bitget"",""source"":""wide_cex_hunter"",""taker_fee_bps_per_leg"":10.0,""total_friction_bps"":30.0}"
2026-09-09T00:30:20+00:00,cex_cross_spot,ADA:buy Bitget / sell Gate,ADA,buy Bitget / sell Gate,Bitget<->Gate,-5.893019,-35.893019,NO,280.00,"{""buy_ask"":0.2206,""buy_venue"":""Bitget"",""extra_buffer_bps"":10.0,""note"":""Discovery snapshot only; assumes capital pre-positioned on both venues. Rebalancing, withdrawal, latency and deeper-book impact are not yet validated."",""sell_bid"":0.22047,""sell_venue"":""Gate"",""source"":""wide_cex_hunter"",""taker_fee_bps_per_leg"":10.0,""total_friction_bps"":30.0}"
2026-09-09T00:30:20+00:00,cex_cross_spot,ADA:buy Gate / sell Bitget,ADA,buy Gate / sell Bitget,Bitget<->Gate,-5.441683,-35.441683,NO,105.41,"{""buy_ask"":0.22052,""buy_venue"":""Gate"",""extra_buffer_bps"":10.0,""note"":""Discovery snapshot only; assumes capital pre-positioned on both venues. Rebalancing, withdrawal, latency and deeper-book impact are not yet validated."",""sell_bid"":0.2204,""sell_venue"":""Bitget"",""source"":""wide_cex_hunter"",""taker_fee_bps_per_leg"":10.0,""total_friction_bps"":30.0}"
2026-09-09T00:30:20+00:00,cex_cross_spot,LINK:buy Bitget / sell Gate,LINK,buy Bitget / sell Gate,Bitget<->Gate,-1.600256,-31.600256,NO,49.98,"{""buy_ask"":12.498,""buy_venue"":""Bitget"",""extra_buffer_bps"":10.0,""note"":""Discovery snapshot only; assumes capital pre-positioned on both venues. Rebalancing, withdrawal, latency and deeper-book impact are not yet validated."",""sell_bid"":12.496,""sell_venue"":""Gate"",""source"":""wide_cex_hunter"",""taker_fee_bps_per_leg"":10.0,""total_friction_bps"":30.0}"
2026-09-09T00:30:20+00:00,cex_cross_spot,LINK:buy Gate / sell Bitget,LINK,buy Gate / sell Bitget,Bitget<->Gate,0.000000,-30.000000,NO,62.52,"{""buy_ask"":12.497,""buy_venue"":""Gate"",""extra_buffer_bps"":10.0,""note"":""Discovery snapshot only; assumes capital pre-positioned on both venues. Rebalancing, withdrawal, latency and deeper-book impact are not yet validated."",""sell_bid"":12.497,""sell_venue"":""Bitget"",""source"":""wide_cex_hunter"",""taker_fee_bps_per_leg"":10.0,""total_friction_bps"":30.0}"
2026-09-09T00:30:20+00:00,cex_cross_spot,LTC:buy Bitget / sell Gate,LTC,buy Bitget / sell Gate,Bitget<->Gate,-3.681885,-33.681885,NO,234.25,"{""buy_ask"":54.32,""buy_venue"":""Bitget"",""extra_buffer_bps"":10.0,""note"":""Discovery snapshot only; assumes capital pre-positioned on both venues. Rebalancing, withdrawal, latency and deeper-book impact are not yet validated."",""sell_bid"":54.3,""sell_venue"":""Gate"",""source"":""wide_cex_hunter"",""taker_fee_bps_per_leg"":10.0,""total_friction_bps"":30.0}"
2026-09-09T00:30:20+00:00,cex_cross_spot,LTC:buy Gate / sell Bitget,LTC,buy Gate / sell Bitget,Bitget<->Gate,-3.681885,-33.681885,NO,195.33,"{""buy_ask"":54.32,""buy_venue"":""Gate"",""extra_buffer_bps"":10.0,""note"":""Discovery snapshot only; assumes capital pre-positioned on both venues. Rebalancing, withdrawal, latency and deeper-book impact are not yet validated."",""sell_bid"":54.3,""sell_venue"":""Bitget"",""source"":""wide_cex_hunter"",""taker_fee_bps_per_leg"":10.0,""total_friction_bps"":30.0}"
2026-09-09T00:30:20+00:00,cex_cross_spot,BCH:buy Bitget / sell Gate,BCH,buy Bitget / sell Gate,Bitget<->Gate,-9.252120,-39.252120,NO,462.15,"{""buy_ask"":259.4,""buy_venue"":""Bitget"",""extra_buffer_bps"":10.0,""note"":""Discovery snapshot only; assumes capital pre-positioned on both venues. Rebalancing, withdrawal, latency and deeper-book impact are not yet validated."",""sell_bid"":259.16,""sell_venue"":""Gate"",""source"":""wide_cex_hunter"",""taker_fee_bps_per_leg"":10.0,""total_friction_bps"":30.0}"
2026-09-09T00:30:20+00:00,cex_cross_spot,BCH:buy Gate / sell Bitget,BCH,buy Gate / sell Bitget,Bitget<->Gate,-6.169031,-36.169031,NO,118.01,"{""buy_ask"":259.36,""buy_venue"":""Gate"",""extra_buffer_bps"":10.0,""note"":""Discovery snapshot only; assumes capital pre-positioned on both venues. Rebalancing, withdrawal, latency and deeper-book impact are not yet validated."",""sell_bid"":259.2,""sell_venue"":""Bitget"",""source"":""wide_cex_hunter"",""taker_fee_bps_per_leg"":10.0,""total_friction_bps"":30.0}"
2026-09-09T00:30:20+00:00,cex_cross_spot,AVAX:buy Bitget / sell Gate,AVAX,buy Bitget / sell Gate,Bitget<->Gate,-5.001250,-35.001250,NO,109.04,"{""buy_ask"":7.998,""buy_venue"":""Bitget"",""extra_buffer_bps"":10.0,""note"":""Discovery snapshot only; assumes capital pre-positioned on both venues. Rebalancing, withdrawal, latency and deeper-book impact are not yet validated."",""sell_bid"":7.994,""sell_venue"":""Gate"",""source"":""wide_cex_hunter"",""taker_fee_bps_per_leg"":10.0,""total_friction_bps"":30.0}"
2026-09-09T00:30:20+00:00,cex_cross_spot,AVAX:buy Gate / sell Bitget,AVAX,buy Gate / sell Bitget,Bitget<->Gate,-3.750938,-33.750938,NO,109.09,"{""buy_ask"":7.998,""buy_venue"":""Gate"",""extra_buffer_bps"":10.0,""note"":""Discovery snapshot only; assumes capital pre-positioned on both venues. Rebalancing, withdrawal, latency and deeper-book impact are not yet validated."",""sell_bid"":7.995,""sell_venue"":""Bitget"",""source"":""wide_cex_hunter"",""taker_fee_bps_per_leg"":10.0,""total_friction_bps"":30.0}"
2026-09-09T00:30:20+00:00,cex_cross_spot,DOT:buy Bitget / sell Gate,DOT,buy Bitget / sell Gate,Bitget<->Gate,0.818331,-29.181669,NO,371.89,"{""buy_ask"":1.222,""buy_venue"":""Bitget"",""extra_buffer_bps"":10.0,""note"":""Discovery snapshot only; assumes capital pre-positioned on both venues. Rebalancing, withdrawal, latency and deeper-book impact are not yet validated."",""sell_bid"":1.2221,""sell_venue"":""Gate"",""source"":""wide_cex_hunter"",""taker_fee_bps_per_leg"":10.0,""total_friction_bps"":30.0}"
2026-09-09T00:30:20+00:00,cex_cross_spot,DOT:buy Gate / sell Bitget,DOT,buy Gate / sell Bitget,Bitget<->Gate,-24.529845,-54.529845,NO,4.40,"{""buy_ask"":1.223,""buy_venue"":""Gate"",""extra_buffer_bps"":10.0,""note"":""Discovery snapshot only; assumes capital pre-positioned on both venues. Rebalancing, withdrawal, latency and deeper-book impact are not yet validated."",""sell_bid"":1.22,""sell_venue"":""Bitget"",""source"":""wide_cex_hunter"",""taker_fee_bps_per_leg"":10.0,""total_friction_bps"":30.0}"
2026-09-09T00:30:20+00:00,cex_cross_spot,TRX:buy Bitget / sell Gate,TRX,buy Bitget / sell Gate,Bitget<->Gate,-5.894489,-35.894489,NO,1304.82,"{""buy_ask"":0.3393,""buy_venue"":""Bitget"",""extra_buffer_bps"":10.0,""note"":""Discovery snapshot only; assumes capital pre-positioned on both venues. Rebalancing, withdrawal, latency and deeper-book impact are not yet validated."",""sell_bid"":0.3391,""sell_venue"":""Gate"",""source"":""wide_cex_hunter"",""taker_fee_bps_per_leg"":10.0,""total_friction_bps"":30.0}"
2026-09-09T00:30:20+00:00,cex_cross_spot,TRX:buy Gate / sell Bitget,TRX,buy Gate / sell Bitget,Bitget<->Gate,2.653302,-27.346698,NO,623.42,"{""buy_ask"":0.3392,""buy_venue"":""Gate"",""extra_buffer_bps"":10.0,""note"":""Discovery snapshot only; assumes capital pre-positioned on both venues. Rebalancing, withdrawal, latency and deeper-book impact are not yet validated."",""sell_bid"":0.33929,""sell_venue"":""Bitget"",""source"":""wide_cex_hunter"",""taker_fee_bps_per_leg"":10.0,""total_friction_bps"":30.0}"
2026-09-09T00:30:20+00:00,cex_cross_spot,SUI:buy Bitget / sell Gate,SUI,buy Bitget / sell Gate,Bitget<->Gate,-3.663004,-33.663004,NO,102.88,"{""buy_ask"":0.819,""buy_venue"":""Bitget"",""extra_buffer_bps"":10.0,""note"":""Discovery snapshot only; assumes capital pre-positioned on both venues. Rebalancing, withdrawal, latency and deeper-book impact are not yet validated."",""sell_bid"":0.8187,""sell_venue"":""Gate"",""source"":""wide_cex_hunter"",""taker_fee_bps_per_leg"":10.0,""total_friction_bps"":30.0}"
2026-09-09T00:30:20+00:00,cex_cross_spot,SUI:buy Gate / sell Bitget,SUI,buy Gate / sell Bitget,Bitget<->Gate,0.000000,-30.000000,NO,227.44,"{""buy_ask"":0.8189,""buy_venue"":""Gate"",""extra_buffer_bps"":10.0,""note"":""Discovery snapshot only; assumes capital pre-positioned on both venues. Rebalancing, withdrawal, latency and deeper-book impact are not yet validated."",""sell_bid"":0.8189,""sell_venue"":""Bitget"",""source"":""wide_cex_hunter"",""taker_fee_bps_per_leg"":10.0,""total_friction_bps"":30.0}"
2026-09-09T00:30:20+00:00,cex_cross_spot,APT:buy Bitget / sell Gate,APT,buy Bitget / sell Gate,Bitget<->Gate,-7.598784,-37.598784,NO,52.25,"{""buy_ask"":0.658,""buy_venue"":""Bitget"",""extra_buffer_bps"":10.0,""note"":""Discovery snapshot only; assumes capital pre-positioned on both venues. Rebalancing, withdrawal, latency and deeper-book impact are not yet validated."",""sell_bid"":0.6575,""sell_venue"":""Gate"",""source"":""wide_cex_hunter"",""taker_fee_bps_per_leg"":10.0,""total_friction_bps"":30.0}"
2026-09-09T00:30:20+00:00,cex_cross_spot,APT:buy Gate / sell Bitget,APT,buy Gate / sell Bitget,Bitget<->Gate,-3.039976,-33.039976,NO,51.16,"{""buy_ask"":0.6579,""buy_venue"":""Gate"",""extra_buffer_bps"":10.0,""note"":""Discovery snapshot only; assumes capital pre-positioned on both venues. Rebalancing, withdrawal, latency and deeper-book impact are not yet validated."",""sell_bid"":0.6577,""sell_venue"":""Bitget"",""source"":""wide_cex_hunter"",""taker_fee_bps_per_leg"":10.0,""total_friction_bps"":30.0}"
2026-09-09T00:30:20+00:00,cex_cross_spot,NEAR:buy Bitget / sell Gate,NEAR,buy Bitget / sell Gate,Bitget<->Gate,-4.260758,-34.260758,NO,191.60,"{""buy_ask"":2.347,""buy_venue"":""Bitget"",""extra_buffer_bps"":10.0,""note"":""Discovery snapshot only; assumes capital pre-positioned on both venues. Rebalancing, withdrawal, latency and deeper-book impact are not yet validated."",""sell_bid"":2.346,""sell_venue"":""Gate"",""source"":""wide_cex_hunter"",""taker_fee_bps_per_leg"":10.0,""total_friction_bps"":30.0}"
2026-09-09T00:30:20+00:00,cex_cross_spot,NEAR:buy Gate / sell Bitget,NEAR,buy Gate / sell Bitget,Bitget<->Gate,-8.521517,-38.521517,NO,1403.95,"{""buy_ask"":2.347,""buy_venue"":""Gate"",""extra_buffer_bps"":10.0,""note"":""Discovery snapshot only; assumes capital pre-positioned on both venues. Rebalancing, withdrawal, latency and deeper-book impact are not yet validated."",""sell_bid"":2.345,""sell_venue"":""Bitget"",""source"":""wide_cex_hunter"",""taker_fee_bps_per_leg"":10.0,""total_friction_bps"":30.0}"
2026-09-09T01:48:29+00:00,cex_cross_spot,BTC:buy Bitget / sell Gate,BTC,buy Bitget / sell Gate,Bitget<->Gate,0.082422,-29.917578,NO,17287.62,"{""buy_ask"":78862.25,""buy_venue"":""Bitget"",""extra_buffer_bps"":10.0,""note"":""Discovery snapshot only; assumes capital pre-positioned on both venues. Rebalancing, withdrawal, latency and deeper-book impact are not yet validated."",""sell_bid"":78862.9,""sell_venue"":""Gate"",""source"":""wide_cex_hunter"",""taker_fee_bps_per_leg"":10.0,""total_friction_bps"":30.0}"
2026-09-09T01:48:29+00:00,cex_cross_spot,BTC:buy Gate / sell Bitget,BTC,buy Gate / sell Bitget,Bitget<->Gate,-0.096370,-30.096370,NO,104.10,"{""buy_ask"":78863.0,""buy_venue"":""Gate"",""extra_buffer_bps"":10.0,""note"":""Discovery snapshot only; assumes capital pre-positioned on both venues. Rebalancing, withdrawal, latency and deeper-book impact are not yet validated."",""sell_bid"":78862.24,""sell_venue"":""Bitget"",""source"":""wide_cex_hunter"",""taker_fee_bps_per_leg"":10.0,""total_friction_bps"":30.0}"
2026-09-09T01:48:29+00:00,cex_cross_spot,ETH:buy Bitget / sell Gate,ETH,buy Bitget / sell Gate,Bitget<->Gate,-0.240249,-30.240249,NO,49.95,"{""buy_ask"":2497.41,""buy_venue"":""Bitget"",""extra_buffer_bps"":10.0,""note"":""Discovery snapshot only; assumes capital pre-positioned on both venues. Rebalancing, withdrawal, latency and deeper-book impact are not yet validated."",""sell_bid"":2497.35,""sell_venue"":""Gate"",""source"":""wide_cex_hunter"",""taker_fee_bps_per_leg"":10.0,""total_friction_bps"":30.0}"
2026-09-09T01:48:29+00:00,cex_cross_spot,ETH:buy Gate / sell Bitget,ETH,buy Gate / sell Bitget,Bitget<->Gate,0.160169,-29.839831,NO,18.23,"{""buy_ask"":2497.36,""buy_venue"":""Gate"",""extra_buffer_bps"":10.0,""note"":""Discovery snapshot only; assumes capital pre-positioned on both venues. Rebalancing, withdrawal, latency and deeper-book impact are not yet validated."",""sell_bid"":2497.4,""sell_venue"":""Bitget"",""source"":""wide_cex_hunter"",""taker_fee_bps_per_leg"":10.0,""total_friction_bps"":30.0}"
2026-09-09T01:48:29+00:00,cex_cross_spot,SOL:buy Bitget / sell Gate,SOL,buy Bitget / sell Gate,Bitget<->Gate,-0.963670,-30.963670,NO,782.66,"{""buy_ask"":103.77,""buy_venue"":""Bitget"",""extra_buffer_bps"":10.0,""note"":""Discovery snapshot only; assumes capital pre-positioned on both venues. Rebalancing, withdrawal, latency and deeper-book impact are not yet validated."",""sell_bid"":103.76,""sell_venue"":""Gate"",""source"":""wide_cex_hunter"",""taker_fee_bps_per_leg"":10.0,""total_friction_bps"":30.0}"
2026-09-09T01:48:29+00:00,cex_cross_spot,SOL:buy Gate / sell Bitget,SOL,buy Gate / sell Bitget,Bitget<->Gate,-0.963670,-30.963670,NO,894.22,"{""buy_ask"":103.77,""buy_venue"":""Gate"",""extra_buffer_bps"":10.0,""note"":""Discovery snapshot only; assumes capital pre-positioned on both venues. Rebalancing, withdrawal, latency and deeper-book impact are not yet validated."",""sell_bid"":103.76,""sell_venue"":""Bitget"",""source"":""wide_cex_hunter"",""taker_fee_bps_per_leg"":10.0,""total_friction_bps"":30.0}"
2026-09-09T01:48:29+00:00,cex_cross_spot,XRP:buy Bitget / sell Gate,XRP,buy Bitget / sell Gate,Bitget<->Gate,-1.411034,-31.411034,NO,107.14,"{""buy_ask"":1.4174,""buy_venue"":""Bitget"",""extra_buffer_bps"":10.0,""note"":""Discovery snapshot only; assumes capital pre-positioned on both venues. Rebalancing, withdrawal, latency and deeper-book impact are not yet validated."",""sell_bid"":1.4172,""sell_venue"":""Gate"",""source"":""wide_cex_hunter"",""taker_fee_bps_per_leg"":10.0,""total_friction_bps"":30.0}"
2026-09-09T01:48:29+00:00,cex_cross_spot,XRP:buy Gate / sell Bitget,XRP,buy Gate / sell Bitget,Bitget<->Gate,0.000000,-30.000000,NO,5.38,"{""buy_ask"":1.4173,""buy_venue"":""Gate"",""extra_buffer_bps"":10.0,""note"":""Discovery snapshot only; assumes capital pre-positioned on both venues. Rebalancing, withdrawal, latency and deeper-book impact are not yet validated."",""sell_bid"":1.4173,""sell_venue"":""Bitget"",""source"":""wide_cex_hunter"",""taker_fee_bps_per_leg"":10.0,""total_friction_bps"":30.0}"
2026-09-09T01:48:29+00:00,cex_cross_spot,DOGE:buy Bitget / sell Gate,DOGE,buy Bitget / sell Gate,Bitget<->Gate,0.000000,-30.000000,NO,456.49,"{""buy_ask"":0.09029,""buy_venue"":""Bitget"",""extra_buffer_bps"":10.0,""note"":""Discovery snapshot only; assumes capital pre-positioned on both venues. Rebalancing, withdrawal, latency and deeper-book impact are not yet validated."",""sell_bid"":0.09029,""sell_venue"":""Gate"",""source"":""wide_cex_hunter"",""taker_fee_bps_per_leg"":10.0,""total_friction_bps"":30.0}"
2026-09-09T01:48:29+00:00,cex_cross_spot,DOGE:buy Gate / sell Bitget,DOGE,buy Gate / sell Bitget,Bitget<->Gate,-3.321891,-33.321891,NO,300.77,"{""buy_ask"":0.09031,""buy_venue"":""Gate"",""extra_buffer_bps"":10.0,""note"":""Discovery snapshot only; assumes capital pre-positioned on both venues. Rebalancing, withdrawal, latency and deeper-book impact are not yet validated."",""sell_bid"":0.09028,""sell_venue"":""Bitget"",""source"":""wide_cex_hunter"",""taker_fee_bps_per_leg"":10.0,""total_friction_bps"":30.0}"
2026-09-09T01:48:29+00:00,cex_cross_spot,ADA:buy Bitget / sell Gate,ADA,buy Bitget / sell Gate,Bitget<->Gate,-3.187614,-33.187614,NO,54.49,"{""buy_ask"":0.2196,""buy_venue"":""Bitget"",""extra_buffer_bps"":10.0,""note"":""Discovery snapshot only; assumes capital pre-positioned on both venues. Rebalancing, withdrawal, latency and deeper-book impact are not yet validated."",""sell_bid"":0.21953,""sell_venue"":""Gate"",""source"":""wide_cex_hunter"",""taker_fee_bps_per_leg"":10.0,""total_friction_bps"":30.0}"
2026-09-09T01:48:29+00:00,cex_cross_spot,ADA:buy Gate / sell Bitget,ADA,buy Gate / sell Bitget,Bitget<->Gate,-4.553734,-34.553734,NO,280.65,"{""buy_ask"":0.2196,""buy_venue"":""Gate"",""extra_buffer_bps"":10.0,""note"":""Discovery snapshot only; assumes capital pre-positioned on both venues. Rebalancing, withdrawal, latency and deeper-book impact are not yet validated."",""sell_bid"":0.2195,""sell_venue"":""Bitget"",""source"":""wide_cex_hunter"",""taker_fee_bps_per_leg"":10.0,""total_friction_bps"":30.0}"
2026-09-09T01:48:29+00:00,cex_cross_spot,LINK:buy Bitget / sell Gate,LINK,buy Bitget / sell Gate,Bitget<->Gate,-1.599105,-31.599105,NO,110.79,"{""buy_ask"":12.507,""buy_venue"":""Bitget"",""extra_buffer_bps"":10.0,""note"":""Discovery snapshot only; assumes capital pre-positioned on both venues. Rebalancing, withdrawal, latency and deeper-book impact are not yet validated."",""sell_bid"":12.505,""sell_venue"":""Gate"",""source"":""wide_cex_hunter"",""taker_fee_bps_per_leg"":10.0,""total_friction_bps"":30.0}"
2026-09-09T01:48:29+00:00,cex_cross_spot,LINK:buy Gate / sell Bitget,LINK,buy Gate / sell Bitget,Bitget<->Gate,-0.799552,-30.799552,NO,78.42,"{""buy_ask"":12.507,""buy_venue"":""Gate"",""extra_buffer_bps"":10.0,""note"":""Discovery snapshot only; assumes capital pre-positioned on both venues. Rebalancing, withdrawal, latency and deeper-book impact are not yet validated."",""sell_bid"":12.506,""sell_venue"":""Bitget"",""source"":""wide_cex_hunter"",""taker_fee_bps_per_leg"":10.0,""total_friction_bps"":30.0}"
2026-09-09T01:48:29+00:00,cex_cross_spot,LTC:buy Bitget / sell Gate,LTC,buy Bitget / sell Gate,Bitget<->Gate,-1.841282,-31.841282,NO,253.47,"{""buy_ask"":54.31,""buy_venue"":""Bitget"",""extra_buffer_bps"":10.0,""note"":""Discovery snapshot only; assumes capital pre-positioned on both venues. Rebalancing, withdrawal, latency and deeper-book impact are not yet validated."",""sell_bid"":54.3,""sell_venue"":""Gate"",""source"":""wide_cex_hunter"",""taker_fee_bps_per_leg"":10.0,""total_friction_bps"":30.0}"
2026-09-09T01:48:29+00:00,cex_cross_spot,LTC:buy Gate / sell Bitget,LTC,buy Gate / sell Bitget,Bitget<->Gate,-3.682563,-33.682563,NO,251.89,"{""buy_ask"":54.31,""buy_venue"":""Gate"",""extra_buffer_bps"":10.0,""note"":""Discovery snapshot only; assumes capital pre-positioned on both venues. Rebalancing, withdrawal, latency and deeper-book impact are not yet validated."",""sell_bid"":54.29,""sell_venue"":""Bitget"",""source"":""wide_cex_hunter"",""taker_fee_bps_per_leg"":10.0,""total_friction_bps"":30.0}"
2026-09-09T01:48:29+00:00,cex_cross_spot,BCH:buy Bitget / sell Gate,BCH,buy Bitget / sell Gate,Bitget<->Gate,-8.897485,-38.897485,NO,26.39,"{""buy_ask"":258.5,""buy_venue"":""Bitget"",""extra_buffer_bps"":10.0,""note"":""Discovery snapshot only; assumes capital pre-positioned on both venues. Rebalancing, withdrawal, latency and deeper-book impact are not yet validated."",""sell_bid"":258.27,""sell_venue"":""Gate"",""source"":""wide_cex_hunter"",""taker_fee_bps_per_leg"":10.0,""total_friction_bps"":30.0}"
2026-09-09T01:48:29+00:00,cex_cross_spot,BCH:buy Gate / sell Bitget,BCH,buy Gate / sell Bitget,Bitget<->Gate,-2.708245,-32.708245,NO,5.69,"{""buy_ask"":258.47,""buy_venue"":""Gate"",""extra_buffer_bps"":10.0,""note"":""Discovery snapshot only; assumes capital pre-positioned on both venues. Rebalancing, withdrawal, latency and deeper-book impact are not yet validated."",""sell_bid"":258.4,""sell_venue"":""Bitget"",""source"":""wide_cex_hunter"",""taker_fee_bps_per_leg"":10.0,""total_friction_bps"":30.0}"
2026-09-09T01:48:29+00:00,cex_cross_spot,AVAX:buy Bitget / sell Gate,AVAX,buy Bitget / sell Gate,Bitget<->Gate,-2.508781,-32.508781,NO,176.07,"{""buy_ask"":7.972,""buy_venue"":""Bitget"",""extra_buffer_bps"":10.0,""note"":""Discovery snapshot only; assumes capital pre-positioned on both venues. Rebalancing, withdrawal, latency and deeper-book impact are not yet validated."",""sell_bid"":7.97,""sell_venue"":""Gate"",""source"":""wide_cex_hunter"",""taker_fee_bps_per_leg"":10.0,""total_friction_bps"":30.0}"
2026-09-09T01:48:29+00:00,cex_cross_spot,AVAX:buy Gate / sell Bitget,AVAX,buy Gate / sell Bitget,Bitget<->Gate,-2.508466,-32.508466,NO,236.32,"{""buy_ask"":7.973,""buy_venue"":""Gate"",""extra_buffer_bps"":10.0,""note"":""Discovery snapshot only; assumes capital pre-positioned on both venues. Rebalancing, withdrawal, latency and deeper-book impact are not yet validated."",""sell_bid"":7.971,""sell_venue"":""Bitget"",""source"":""wide_cex_hunter"",""taker_fee_bps_per_leg"":10.0,""total_friction_bps"":30.0}"
2026-09-09T01:48:29+00:00,cex_cross_spot,DOT:buy Bitget / sell Gate,DOT,buy Bitget / sell Gate,Bitget<->Gate,-1.675042,-31.675042,NO,157.58,"{""buy_ask"":1.194,""buy_venue"":""Bitget"",""extra_buffer_bps"":10.0,""note"":""Discovery snapshot only; assumes capital pre-positioned on both venues. Rebalancing, withdrawal, latency and deeper-book impact are not yet validated."",""sell_bid"":1.1938,""sell_venue"":""Gate"",""source"":""wide_cex_hunter"",""taker_fee_bps_per_leg"":10.0,""total_friction_bps"":30.0}"
2026-09-09T01:48:29+00:00,cex_cross_spot,DOT:buy Gate / sell Bitget,DOT,buy Gate / sell Bitget,Bitget<->Gate,-9.211959,-39.211959,NO,4.42,"{""buy_ask"":1.1941,""buy_venue"":""Gate"",""extra_buffer_bps"":10.0,""note"":""Discovery snapshot only; assumes capital pre-positioned on both venues. Rebalancing, withdrawal, latency and deeper-book impact are not yet validated."",""sell_bid"":1.193,""sell_venue"":""Bitget"",""source"":""wide_cex_hunter"",""taker_fee_bps_per_leg"":10.0,""total_friction_bps"":30.0}"
2026-09-09T01:48:29+00:00,cex_cross_spot,TRX:buy Bitget / sell Gate,TRX,buy Bitget / sell Gate,Bitget<->Gate,-1.473839,-31.473839,NO,275.32,"{""buy_ask"":0.33925,""buy_venue"":""Bitget"",""extra_buffer_bps"":10.0,""note"":""Discovery snapshot only; assumes capital pre-positioned on both venues. Rebalancing, withdrawal, latency and deeper-book impact are not yet validated."",""sell_bid"":0.3392,""sell_venue"":""Gate"",""source"":""wide_cex_hunter"",""taker_fee_bps_per_leg"":10.0,""total_friction_bps"":30.0}"
2026-09-09T01:48:29+00:00,cex_cross_spot,TRX:buy Gate / sell Bitget,TRX,buy Gate / sell Bitget,Bitget<->Gate,-1.768347,-31.768347,NO,1417.78,"{""buy_ask"":0.3393,""buy_venue"":""Gate"",""extra_buffer_bps"":10.0,""note"":""Discovery snapshot only; assumes capital pre-positioned on both venues. Rebalancing, withdrawal, latency and deeper-book impact are not yet validated."",""sell_bid"":0.33924,""sell_venue"":""Bitget"",""source"":""wide_cex_hunter"",""taker_fee_bps_per_leg"":10.0,""total_friction_bps"":30.0}"
2026-09-09T01:48:29+00:00,cex_cross_spot,SUI:buy Bitget / sell Gate,SUI,buy Bitget / sell Gate,Bitget<->Gate,0.000000,-30.000000,NO,5.69,"{""buy_ask"":0.817,""buy_venue"":""Bitget"",""extra_buffer_bps"":10.0,""note"":""Discovery snapshot only; assumes capital pre-positioned on both venues. Rebalancing, withdrawal, latency and deeper-book impact are not yet validated."",""sell_bid"":0.817,""sell_venue"":""Gate"",""source"":""wide_cex_hunter"",""taker_fee_bps_per_leg"":10.0,""total_friction_bps"":30.0}"
2026-09-09T01:48:29+00:00,cex_cross_spot,SUI:buy Gate / sell Bitget,SUI,buy Gate / sell Bitget,Bitget<->Gate,-2.447681,-32.447681,NO,165.03,"{""buy_ask"":0.8171,""buy_venue"":""Gate"",""extra_buffer_bps"":10.0,""note"":""Discovery snapshot only; assumes capital pre-positioned on both venues. Rebalancing, withdrawal, latency and deeper-book impact are not yet validated."",""sell_bid"":0.8169,""sell_venue"":""Bitget"",""source"":""wide_cex_hunter"",""taker_fee_bps_per_leg"":10.0,""total_friction_bps"":30.0}"
2026-09-09T01:48:29+00:00,cex_cross_spot,APT:buy Bitget / sell Gate,APT,buy Bitget / sell Gate,Bitget<->Gate,1.534919,-28.465081,NO,56.58,"{""buy_ask"":0.6515,""buy_venue"":""Bitget"",""extra_buffer_bps"":10.0,""note"":""Discovery snapshot only; assumes capital pre-positioned on both venues. Rebalancing, withdrawal, latency and deeper-book impact are not yet validated."",""sell_bid"":0.6516,""sell_venue"":""Gate"",""source"":""wide_cex_hunter"",""taker_fee_bps_per_leg"":10.0,""total_friction_bps"":30.0}"
2026-09-09T01:48:29+00:00,cex_cross_spot,APT:buy Gate / sell Bitget,APT,buy Gate / sell Bitget,Bitget<->Gate,-12.269939,-42.269939,NO,52.16,"{""buy_ask"":0.652,""buy_venue"":""Gate"",""extra_buffer_bps"":10.0,""note"":""Discovery snapshot only; assumes capital pre-positioned on both venues. Rebalancing, withdrawal, latency and deeper-book impact are not yet validated."",""sell_bid"":0.6512,""sell_venue"":""Bitget"",""source"":""wide_cex_hunter"",""taker_fee_bps_per_leg"":10.0,""total_friction_bps"":30.0}"
2026-09-09T01:48:29+00:00,cex_cross_spot,NEAR:buy Bitget / sell Gate,NEAR,buy Bitget / sell Gate,Bitget<->Gate,0.000000,-30.000000,NO,270.63,"{""buy_ask"":2.323,""buy_venue"":""Bitget"",""extra_buffer_bps"":10.0,""note"":""Discovery snapshot only; assumes capital pre-positioned on both venues. Rebalancing, withdrawal, latency and deeper-book impact are not yet validated."",""sell_bid"":2.323,""sell_venue"":""Gate"",""source"":""wide_cex_hunter"",""taker_fee_bps_per_leg"":10.0,""total_friction_bps"":30.0}"
2026-09-09T01:48:29+00:00,cex_cross_spot,NEAR:buy Gate / sell Bitget,NEAR,buy Gate / sell Bitget,Bitget<->Gate,-8.605852,-38.605852,NO,1183.94,"{""buy_ask"":2.324,""buy_venue"":""Gate"",""extra_buffer_bps"":10.0,""note"":""Discovery snapshot only; assumes capital pre-positioned on both venues. Rebalancing, withdrawal, latency and deeper-book impact are not yet validated."",""sell_bid"":2.322,""sell_venue"":""Bitget"",""source"":""wide_cex_hunter"",""taker_fee_bps_per_leg"":10.0,""total_friction_bps"":30.0}"
2026-09-09T04:12:55+00:00,cex_cross_spot,BTC:buy Bitget / sell Gate,BTC,buy Bitget / sell Gate,Bitget<->Gate,0.195408,-29.804592,NO,500.20,"{""buy_ask"":78809.56,""buy_venue"":""Bitget"",""extra_buffer_bps"":10.0,""note"":""Discovery snapshot only; assumes capital pre-positioned on both venues. Rebalancing, withdrawal, latency and deeper-book impact are not yet validated."",""sell_bid"":78811.1,""sell_venue"":""Gate"",""source"":""wide_cex_hunter"",""taker_fee_bps_per_leg"":10.0,""total_friction_bps"":30.0}"
2026-09-09T04:12:55+00:00,cex_cross_spot,BTC:buy Gate / sell Bitget,BTC,buy Gate / sell Bitget,Bitget<->Gate,-0.209361,-30.209361,NO,16557.45,"{""buy_ask"":78811.2,""buy_venue"":""Gate"",""extra_buffer_bps"":10.0,""note"":""Discovery snapshot only; assumes capital pre-positioned on both venues. Rebalancing, withdrawal, latency and deeper-book impact are not yet validated."",""sell_bid"":78809.55,""sell_venue"":""Bitget"",""source"":""wide_cex_hunter"",""taker_fee_bps_per_leg"":10.0,""total_friction_bps"":30.0}"
2026-09-09T04:12:55+00:00,cex_cross_spot,ETH:buy Bitget / sell Gate,ETH,buy Bitget / sell Gate,Bitget<->Gate,0.761255,-29.238745,NO,20.72,"{""buy_ask"":2495.88,""buy_venue"":""Bitget"",""extra_buffer_bps"":10.0,""note"":""Discovery snapshot only; assumes capital pre-positioned on both venues. Rebalancing, withdrawal, latency and deeper-book impact are not yet validated."",""sell_bid"":2496.07,""sell_venue"":""Gate"",""source"":""wide_cex_hunter"",""taker_fee_bps_per_leg"":10.0,""total_friction_bps"":30.0}"
2026-09-09T04:12:55+00:00,cex_cross_spot,ETH:buy Gate / sell Bitget,ETH,buy Gate / sell Bitget,Bitget<->Gate,-0.841319,-30.841319,NO,512.45,"{""buy_ask"":2496.08,""buy_venue"":""Gate"",""extra_buffer_bps"":10.0,""note"":""Discovery snapshot only; assumes capital pre-positioned on both venues. Rebalancing, withdrawal, latency and deeper-book impact are not yet validated."",""sell_bid"":2495.87,""sell_venue"":""Bitget"",""source"":""wide_cex_hunter"",""taker_fee_bps_per_leg"":10.0,""total_friction_bps"":30.0}"
2026-09-09T04:12:55+00:00,cex_cross_spot,SOL:buy Bitget / sell Gate,SOL,buy Bitget / sell Gate,Bitget<->Gate,-0.964972,-30.964972,NO,165.07,"{""buy_ask"":103.63,""buy_venue"":""Bitget"",""extra_buffer_bps"":10.0,""note"":""Discovery snapshot only; assumes capital pre-positioned on both venues. Rebalancing, withdrawal, latency and deeper-book impact are not yet validated."",""sell_bid"":103.62,""sell_venue"":""Gate"",""source"":""wide_cex_hunter"",""taker_fee_bps_per_leg"":10.0,""total_friction_bps"":30.0}"
2026-09-09T04:12:55+00:00,cex_cross_spot,SOL:buy Gate / sell Bitget,SOL,buy Gate / sell Bitget,Bitget<->Gate,-0.964972,-30.964972,NO,950.81,"{""buy_ask"":103.63,""buy_venue"":""Gate"",""extra_buffer_bps"":10.0,""note"":""Discovery snapshot only; assumes capital pre-positioned on both venues. Rebalancing, withdrawal, latency and deeper-book impact are not yet validated."",""sell_bid"":103.62,""sell_venue"":""Bitget"",""source"":""wide_cex_hunter"",""taker_fee_bps_per_leg"":10.0,""total_friction_bps"":30.0}"
2026-09-09T04:12:55+00:00,cex_cross_spot,XRP:buy Bitget / sell Gate,XRP,buy Bitget / sell Gate,Bitget<->Gate,-1.406668,-31.406668,NO,426.48,"{""buy_ask"":1.4218,""buy_venue"":""Bitget"",""extra_buffer_bps"":10.0,""note"":""Discovery snapshot only; assumes capital pre-positioned on both venues. Rebalancing, withdrawal, latency and deeper-book impact are not yet validated."",""sell_bid"":1.4216,""sell_venue"":""Gate"",""source"":""wide_cex_hunter"",""taker_fee_bps_per_leg"":10.0,""total_friction_bps"":30.0}"
2026-09-09T04:12:55+00:00,cex_cross_spot,XRP:buy Gate / sell Bitget,XRP,buy Gate / sell Bitget,Bitget<->Gate,-0.703334,-30.703334,NO,170.63,"{""buy_ask"":1.4218,""buy_venue"":""Gate"",""extra_buffer_bps"":10.0,""note"":""Discovery snapshot only; assumes capital pre-positioned on both venues. Rebalancing, withdrawal, latency and deeper-book impact are not yet validated."",""sell_bid"":1.4217,""sell_venue"":""Bitget"",""source"":""wide_cex_hunter"",""taker_fee_bps_per_leg"":10.0,""total_friction_bps"":30.0}"
2026-09-09T04:12:55+00:00,cex_cross_spot,DOGE:buy Bitget / sell Gate,DOGE,buy Bitget / sell Gate,Bitget<->Gate,-2.220988,-32.220988,NO,189.91,"{""buy_ask"":0.09005,""buy_venue"":""Bitget"",""extra_buffer_bps"":10.0,""note"":""Discovery snapshot only; assumes capital pre-positioned on both venues. Rebalancing, withdrawal, latency and deeper-book impact are not yet validated."",""sell_bid"":0.09003,""sell_venue"":""Gate"",""source"":""wide_cex_hunter"",""taker_fee_bps_per_leg"":10.0,""total_friction_bps"":30.0}"
2026-09-09T04:12:55+00:00,cex_cross_spot,DOGE:buy Gate / sell Bitget,DOGE,buy Gate / sell Bitget,Bitget<->Gate,-1.110494,-31.110494,NO,161.36,"{""buy_ask"":0.09005,""buy_venue"":""Gate"",""extra_buffer_bps"":10.0,""note"":""Discovery snapshot only; assumes capital pre-positioned on both venues. Rebalancing, withdrawal, latency and deeper-book impact are not yet validated."",""sell_bid"":0.09004,""sell_venue"":""Bitget"",""source"":""wide_cex_hunter"",""taker_fee_bps_per_leg"":10.0,""total_friction_bps"":30.0}"
2026-09-09T04:12:55+00:00,cex_cross_spot,ADA:buy Bitget / sell Gate,ADA,buy Bitget / sell Gate,Bitget<->Gate,-3.213958,-33.213958,NO,111.99,"{""buy_ask"":0.2178,""buy_venue"":""Bitget"",""extra_buffer_bps"":10.0,""note"":""Discovery snapshot only; assumes capital pre-positioned on both venues. Rebalancing, withdrawal, latency and deeper-book impact are not yet validated."",""sell_bid"":0.21773,""sell_venue"":""Gate"",""source"":""wide_cex_hunter"",""taker_fee_bps_per_leg"":10.0,""total_friction_bps"":30.0}"
2026-09-09T04:12:55+00:00,cex_cross_spot,ADA:buy Gate / sell Bitget,ADA,buy Gate / sell Bitget,Bitget<->Gate,-4.132421,-34.132421,NO,104.10,"{""buy_ask"":0.21779,""buy_venue"":""Gate"",""extra_buffer_bps"":10.0,""note"":""Discovery snapshot only; assumes capital pre-positioned on both venues. Rebalancing, withdrawal, latency and deeper-book impact are not yet validated."",""sell_bid"":0.2177,""sell_venue"":""Bitget"",""source"":""wide_cex_hunter"",""taker_fee_bps_per_leg"":10.0,""total_friction_bps"":30.0}"
2026-09-09T04:12:55+00:00,cex_cross_spot,LINK:buy Bitget / sell Gate,LINK,buy Bitget / sell Gate,Bitget<->Gate,-0.802504,-30.802504,NO,72.92,"{""buy_ask"":12.461,""buy_venue"":""Bitget"",""extra_buffer_bps"":10.0,""note"":""Discovery snapshot only; assumes capital pre-positioned on both venues. Rebalancing, withdrawal, latency and deeper-book impact are not yet validated."",""sell_bid"":12.46,""sell_venue"":""Gate"",""source"":""wide_cex_hunter"",""taker_fee_bps_per_leg"":10.0,""total_friction_bps"":30.0}"
2026-09-09T04:12:55+00:00,cex_cross_spot,LINK:buy Gate / sell Bitget,LINK,buy Gate / sell Bitget,Bitget<->Gate,-4.012197,-34.012197,NO,262.70,"{""buy_ask"":12.462,""buy_venue"":""Gate"",""extra_buffer_bps"":10.0,""note"":""Discovery snapshot only; assumes capital pre-positioned on both venues. Rebalancing, withdrawal, latency and deeper-book impact are not yet validated."",""sell_bid"":12.457,""sell_venue"":""Bitget"",""source"":""wide_cex_hunter"",""taker_fee_bps_per_leg"":10.0,""total_friction_bps"":30.0}"
2026-09-09T04:12:55+00:00,cex_cross_spot,LTC:buy Bitget / sell Gate,LTC,buy Bitget / sell Gate,Bitget<->Gate,-3.715400,-33.715400,NO,146.85,"{""buy_ask"":53.83,""buy_venue"":""Bitget"",""extra_buffer_bps"":10.0,""note"":""Discovery snapshot only; assumes capital pre-positioned on both venues. Rebalancing, withdrawal, latency and deeper-book impact are not yet validated."",""sell_bid"":53.81,""sell_venue"":""Gate"",""source"":""wide_cex_hunter"",""taker_fee_bps_per_leg"":10.0,""total_friction_bps"":30.0}"
2026-09-09T04:12:55+00:00,cex_cross_spot,LTC:buy Gate / sell Bitget,LTC,buy Gate / sell Bitget,Bitget<->Gate,-1.858045,-31.858045,NO,203.01,"{""buy_ask"":53.82,""buy_venue"":""Gate"",""extra_buffer_bps"":10.0,""note"":""Discovery snapshot only; assumes capital pre-positioned on both venues. Rebalancing, withdrawal, latency and deeper-book impact are not yet validated."",""sell_bid"":53.81,""sell_venue"":""Bitget"",""source"":""wide_cex_hunter"",""taker_fee_bps_per_leg"":10.0,""total_friction_bps"":30.0}"
2026-09-09T04:12:55+00:00,cex_cross_spot,BCH:buy Bitget / sell Gate,BCH,buy Bitget / sell Gate,Bitget<->Gate,-6.553585,-36.553585,NO,97.56,"{""buy_ask"":259.4,""buy_venue"":""Bitget"",""extra_buffer_bps"":10.0,""note"":""Discovery snapshot only; assumes capital pre-positioned on both venues. Rebalancing, withdrawal, latency and deeper-book impact are not yet validated."",""sell_bid"":259.23,""sell_venue"":""Gate"",""source"":""wide_cex_hunter"",""taker_fee_bps_per_leg"":10.0,""total_friction_bps"":30.0}"
2026-09-09T04:12:55+00:00,cex_cross_spot,BCH:buy Gate / sell Bitget,BCH,buy Gate / sell Bitget,Bitget<->Gate,-4.625703,-34.625703,NO,103.51,"{""buy_ask"":259.42,""buy_venue"":""Gate"",""extra_buffer_bps"":10.0,""note"":""Discovery snapshot only; assumes capital pre-positioned on both venues. Rebalancing, withdrawal, latency and deeper-book impact are not yet validated."",""sell_bid"":259.3,""sell_venue"":""Bitget"",""source"":""wide_cex_hunter"",""taker_fee_bps_per_leg"":10.0,""total_friction_bps"":30.0}"
2026-09-09T04:12:55+00:00,cex_cross_spot,AVAX:buy Bitget / sell Gate,AVAX,buy Bitget / sell Gate,Bitget<->Gate,-3.760341,-33.760341,NO,543.98,"{""buy_ask"":7.978,""buy_venue"":""Bitget"",""extra_buffer_bps"":10.0,""note"":""Discovery snapshot only; assumes capital pre-positioned on both venues. Rebalancing, withdrawal, latency and deeper-book impact are not yet validated."",""sell_bid"":7.975,""sell_venue"":""Gate"",""source"":""wide_cex_hunter"",""taker_fee_bps_per_leg"":10.0,""total_friction_bps"":30.0}"
2026-09-09T04:12:55+00:00,cex_cross_spot,AVAX:buy Gate / sell Bitget,AVAX,buy Gate / sell Bitget,Bitget<->Gate,-1.253604,-31.253604,NO,10.50,"{""buy_ask"":7.977,""buy_venue"":""Gate"",""extra_buffer_bps"":10.0,""note"":""Discovery snapshot only; assumes capital pre-positioned on both venues. Rebalancing, withdrawal, latency and deeper-book impact are not yet validated."",""sell_bid"":7.976,""sell_venue"":""Bitget"",""source"":""wide_cex_hunter"",""taker_fee_bps_per_leg"":10.0,""total_friction_bps"":30.0}"
2026-09-09T04:12:55+00:00,cex_cross_spot,DOT:buy Bitget / sell Gate,DOT,buy Bitget / sell Gate,Bitget<->Gate,-6.633499,-36.633499,NO,131.49,"{""buy_ask"":1.206,""buy_venue"":""Bitget"",""extra_buffer_bps"":10.0,""note"":""Discovery snapshot only; assumes capital pre-positioned on both venues. Rebalancing, withdrawal, latency and deeper-book impact are not yet validated."",""sell_bid"":1.2052,""sell_venue"":""Gate"",""source"":""wide_cex_hunter"",""taker_fee_bps_per_leg"":10.0,""total_friction_bps"":30.0}"
2026-09-09T04:12:55+00:00,cex_cross_spot,DOT:buy Gate / sell Bitget,DOT,buy Gate / sell Bitget,Bitget<->Gate,-15.755867,-45.755867,NO,4.94,"{""buy_ask"":1.2059,""buy_venue"":""Gate"",""extra_buffer_bps"":10.0,""note"":""Discovery snapshot only; assumes capital pre-positioned on both venues. Rebalancing, withdrawal, latency and deeper-book impact are not yet validated."",""sell_bid"":1.204,""sell_venue"":""Bitget"",""source"":""wide_cex_hunter"",""taker_fee_bps_per_leg"":10.0,""total_friction_bps"":30.0}"
2026-09-09T04:12:55+00:00,cex_cross_spot,TRX:buy Bitget / sell Gate,TRX,buy Bitget / sell Gate,Bitget<->Gate,-2.361414,-32.361414,NO,913.18,"{""buy_ask"":0.33878,""buy_venue"":""Bitget"",""extra_buffer_bps"":10.0,""note"":""Discovery snapshot only; assumes capital pre-positioned on both venues. Rebalancing, withdrawal, latency and deeper-book impact are not yet validated."",""sell_bid"":0.3387,""sell_venue"":""Gate"",""source"":""wide_cex_hunter"",""taker_fee_bps_per_leg"":10.0,""total_friction_bps"":30.0}"
2026-09-09T04:12:55+00:00,cex_cross_spot,TRX:buy Gate / sell Bitget,TRX,buy Gate / sell Bitget,Bitget<->Gate,-0.885478,-30.885478,NO,731.98,"{""buy_ask"":0.3388,""buy_venue"":""Gate"",""extra_buffer_bps"":10.0,""note"":""Discovery snapshot only; assumes capital pre-positioned on both venues. Rebalancing, withdrawal, latency and deeper-book impact are not yet validated."",""sell_bid"":0.33877,""sell_venue"":""Bitget"",""source"":""wide_cex_hunter"",""taker_fee_bps_per_leg"":10.0,""total_friction_bps"":30.0}"
2026-09-09T04:12:55+00:00,cex_cross_spot,SUI:buy Bitget / sell Gate,SUI,buy Bitget / sell Gate,Bitget<->Gate,1.233502,-28.766498,NO,52.67,"{""buy_ask"":0.8107,""buy_venue"":""Bitget"",""extra_buffer_bps"":10.0,""note"":""Discovery snapshot only; assumes capital pre-positioned on both venues. Rebalancing, withdrawal, latency and deeper-book impact are not yet validated."",""sell_bid"":0.8108,""sell_venue"":""Gate"",""source"":""wide_cex_hunter"",""taker_fee_bps_per_leg"":10.0,""total_friction_bps"":30.0}"
2026-09-09T04:12:55+00:00,cex_cross_spot,SUI:buy Gate / sell Bitget,SUI,buy Gate / sell Bitget,Bitget<->Gate,-3.699593,-33.699593,NO,106.05,"{""buy_ask"":0.8109,""buy_venue"":""Gate"",""extra_buffer_bps"":10.0,""note"":""Discovery snapshot only; assumes capital pre-positioned on both venues. Rebalancing, withdrawal, latency and deeper-book impact are not yet validated."",""sell_bid"":0.8106,""sell_venue"":""Bitget"",""source"":""wide_cex_hunter"",""taker_fee_bps_per_leg"":10.0,""total_friction_bps"":30.0}"
2026-09-09T04:12:55+00:00,cex_cross_spot,APT:buy Bitget / sell Gate,APT,buy Bitget / sell Gate,Bitget<->Gate,-1.545356,-31.545356,NO,56.85,"{""buy_ask"":0.6471,""buy_venue"":""Bitget"",""extra_buffer_bps"":10.0,""note"":""Discovery snapshot only; assumes capital pre-positioned on both venues. Rebalancing, withdrawal, latency and deeper-book impact are not yet validated."",""sell_bid"":0.647,""sell_venue"":""Gate"",""source"":""wide_cex_hunter"",""taker_fee_bps_per_leg"":10.0,""total_friction_bps"":30.0}"
2026-09-09T04:12:55+00:00,cex_cross_spot,APT:buy Gate / sell Bitget,APT,buy Gate / sell Bitget,Bitget<->Gate,-7.722008,-37.722008,NO,59.03,"{""buy_ask"":0.6475,""buy_venue"":""Gate"",""extra_buffer_bps"":10.0,""note"":""Discovery snapshot only; assumes capital pre-positioned on both venues. Rebalancing, withdrawal, latency and deeper-book impact are not yet validated."",""sell_bid"":0.647,""sell_venue"":""Bitget"",""source"":""wide_cex_hunter"",""taker_fee_bps_per_leg"":10.0,""total_friction_bps"":30.0}"
2026-09-09T04:12:55+00:00,cex_cross_spot,NEAR:buy Bitget / sell Gate,NEAR,buy Bitget / sell Gate,Bitget<->Gate,-4.359198,-34.359198,NO,101.97,"{""buy_ask"":2.294,""buy_venue"":""Bitget"",""extra_buffer_bps"":10.0,""note"":""Discovery snapshot only; assumes capital pre-positioned on both venues. Rebalancing, withdrawal, latency and deeper-book impact are not yet validated."",""sell_bid"":2.293,""sell_venue"":""Gate"",""source"":""wide_cex_hunter"",""taker_fee_bps_per_leg"":10.0,""total_friction_bps"":30.0}"
2026-09-09T04:12:55+00:00,cex_cross_spot,NEAR:buy Gate / sell Bitget,NEAR,buy Gate / sell Bitget,Bitget<->Gate,-8.718396,-38.718396,NO,229.65,"{""buy_ask"":2.294,""buy_venue"":""Gate"",""extra_buffer_bps"":10.0,""note"":""Discovery snapshot only; assumes capital pre-positioned on both venues. Rebalancing, withdrawal, latency and deeper-book impact are not yet validated."",""sell_bid"":2.292,""sell_venue"":""Bitget"",""source"":""wide_cex_hunter"",""taker_fee_bps_per_leg"":10.0,""total_friction_bps"":30.0}"
