timestamp_utc,pool,chain,project,symbol,tvl_usd,apy,apy_base,apy_reward,score,candidate
2026-09-05T23:48:03+00:00,d8c4eff5-c8a9-46fc-a888-057c4c668e72,Ethereum,sky-lending,SUSDS,4652338397.0,3.6,3.6,0.0,77.55,YES
2026-09-05T23:48:03+00:00,ba68527f-8ec2-4c55-827a-8f4673ae047c,Base,morpho-blue,STEAKUSDC,427645047.0,4.23727,4.23727,0.0,64.9,NO
2026-09-05T23:48:03+00:00,e0672197-9f3e-4414-bca5-e6b4c90aa469,Base,morpho-blue,GTUSDCP,418411349.0,4.23559,4.23559,0.0,64.81,NO
2026-09-05T23:48:03+00:00,3637ce7b-529b-49c1-964c-710a50b2939c,Arbitrum,sky-lending,SUSDS,362477925.0,3.6,3.6,0.0,62.77,NO
2026-09-05T23:48:03+00:00,9d499222-a01a-45bb-bbc9-f01c7923693b,Arbitrum,spark-savings,USDS,362477925.0,3.6,3.6,0.0,62.77,NO
2026-09-05T23:48:03+00:00,8276be38-acc6-4005-ab0d-62680f49f4df,Base,morpho-blue,SIRLOINUSDC,380938922.0,5.60481,2.83328,2.77154,62.57,NO
2026-09-05T23:48:03+00:00,699f25fe-09f4-4f82-8f58-baa5b0af8fa4,Ethereum,morpho-blue,SENPYUSDMAIN,386421516.0,6.40641,3.47202,2.93439,62.51,NO
2026-09-05T23:48:03+00:00,a5fab52f-73fa-4f44-9c09-9af1eb20996c,Base,morpho-blue,SPARKUSDC,305870696.0,3.80416,3.80416,0.0,62.21,NO
2026-09-05T23:48:03+00:00,2e53bb82-f13f-4157-a3bf-b1a91b94b6a4,Ethereum,morpho-blue,SENRLUSDV2,349470816.0,6.15337,2.61454,3.53884,62.06,NO
2026-09-05T23:48:03+00:00,9f71f0fd-cfac-54b1-865e-37338f481708,Ethereum,sky-lending,STUSDS,210529799.0,5.3,5.3,0.0,62.02,NO
2026-09-05T23:48:03+00:00,c5c74dd1-995c-4445-9d84-3e710bad7d52,Ethereum,spark-savings,USDC,309830633.0,3.6,3.6,0.0,61.86,NO
2026-09-05T23:48:03+00:00,f569e486-da2a-41ef-8bfe-1a4db0d1d268,Ethereum,morpho-blue,SENPYUSDPRIMEV2,198183740.0,6.40469,3.93454,2.47015,61.14,NO
2026-09-05T23:48:03+00:00,a5d67f7e-5b51-4a9d-969d-caf051a7f5a4,Ethereum,spark-savings,USDT,352712302.0,3.25,3.25,0.0,60.81,NO
2026-09-05T23:48:03+00:00,19d024ed-9c70-4323-9a81-fe873ea5f0e0,Ethereum,aave-v3,SGHO,161734120.0,4.5,4.5,0.0,59.24,NO
2026-09-05T23:48:03+00:00,4e8cc592-c8d5-4824-8155-128ba521e903,Ethereum,fluid-lending,USDT,132649057.0,5.0,5.0,0.0,59.04,NO
2026-09-05T23:48:03+00:00,2f5341f4-6c2e-4c65-b2e0-10cd5228ff62,Ethereum,morpho-blue,STEAKCUSDC,39505855.0,7.19954,7.19954,0.0,57.75,NO
2026-09-05T23:48:03+00:00,4438dabc-7f0c-430b-8136-2722711ae663,Ethereum,fluid-lending,USDC,149152662.0,4.45,4.45,0.0,57.25,NO
2026-09-05T23:48:03+00:00,aa70268e-4b52-42bf-a116-608b370f9501,Ethereum,aave-v3,USDC,151177905.0,3.59494,3.59494,0.0,56.83,NO
2026-09-05T23:48:03+00:00,df7ccfd1-2642-4d79-851a-a5b07d9b8a97,Base,morpho-blue,GTUSDCP,96569911.0,4.23731,4.23731,0.0,56.28,NO
2026-09-05T23:48:03+00:00,81ae8812-f04f-4f6e-9d71-ee5778f3a178,Base,morpho-blue,STEAKUSDC,136055602.0,3.16031,3.16031,0.0,56.07,NO
2026-09-05T23:48:03+00:00,931ea9be-5f4d-428e-beaf-205fc5b4e2b5,Ethereum,morpho-blue,STEAKUSDC,94586212.0,4.20089,4.20089,0.0,55.79,NO
2026-09-05T23:48:03+00:00,d3b28212-a46b-4db8-8bb7-2c946b3cbe76,Ethereum,morpho-blue,STEAKEURCV,139153849.0,3.0,3.0,0.0,55.65,NO
2026-09-05T23:48:03+00:00,488f06db-5a36-450e-9ba9-b4321be39c7c,Ethereum,fluid-lite,USDC,46043056.0,6.51,0.0,0.0,55.44,NO
2026-09-05T23:48:03+00:00,71b34441-5a46-431b-a9b3-8c081cd0d74c,Ethereum,morpho-blue,GTUSDCP,87960706.0,4.2047,4.2047,0.0,55.36,NO
2026-09-05T23:48:03+00:00,0ed981dc-b49d-426d-ade5-6014728b1ef9,Ethereum,sparklend,USDS,242496423.0,2.3184,2.3184,0.0,55.34,NO
2026-09-05T23:48:03+00:00,c8a24fee-ec00-4f38-86c0-9f6daebc4225,Ethereum,sky-lending,SDAI,204257440.0,1.25,1.25,0.0,55.07,NO
2026-09-05T23:48:03+00:00,f981a304-bb6c-45b8-b0c5-fd2f515ad23a,Ethereum,aave-v3,USDT,174922395.0,3.76592,3.76592,0.0,54.66,NO
2026-09-05T23:48:03+00:00,2d3b68a8-33d3-47e0-a4c0-0bafef4b01d5,Base,morpho-blue,USDE,341820960.0,4.75,0.0,4.75,54.18,NO
2026-09-05T23:48:03+00:00,b55f43a8-f444-4cd8-a3a4-0a4e786ba566,Ethereum,morpho-blue,STEAKUSDC,68860933.0,3.98984,3.98984,0.0,53.77,NO
2026-09-05T23:48:03+00:00,d73fcfed-a2ca-5314-a94b-a841982df77f,Ethereum,morpho-blue,PENDLEUSDC,58310004.0,6.16224,4.84844,1.3138,53.32,NO
2026-09-05T23:51:25+00:00,d8c4eff5-c8a9-46fc-a888-057c4c668e72,Ethereum,sky-lending,SUSDS,4652338397.0,3.6,3.6,0.0,77.55,YES
2026-09-05T23:51:25+00:00,ba68527f-8ec2-4c55-827a-8f4673ae047c,Base,morpho-blue,STEAKUSDC,427645047.0,4.23727,4.23727,0.0,64.9,NO
2026-09-05T23:51:25+00:00,e0672197-9f3e-4414-bca5-e6b4c90aa469,Base,morpho-blue,GTUSDCP,418411349.0,4.23559,4.23559,0.0,64.81,NO
2026-09-05T23:51:25+00:00,3637ce7b-529b-49c1-964c-710a50b2939c,Arbitrum,sky-lending,SUSDS,362477925.0,3.6,3.6,0.0,62.77,NO
2026-09-05T23:51:25+00:00,9d499222-a01a-45bb-bbc9-f01c7923693b,Arbitrum,spark-savings,USDS,362477925.0,3.6,3.6,0.0,62.77,NO
2026-09-05T23:51:25+00:00,8276be38-acc6-4005-ab0d-62680f49f4df,Base,morpho-blue,SIRLOINUSDC,380938922.0,5.60481,2.83328,2.77154,62.57,NO
2026-09-05T23:51:25+00:00,699f25fe-09f4-4f82-8f58-baa5b0af8fa4,Ethereum,morpho-blue,SENPYUSDMAIN,386421516.0,6.40641,3.47202,2.93439,62.51,NO
2026-09-05T23:51:25+00:00,a5fab52f-73fa-4f44-9c09-9af1eb20996c,Base,morpho-blue,SPARKUSDC,305870696.0,3.80416,3.80416,0.0,62.21,NO
2026-09-05T23:51:25+00:00,2e53bb82-f13f-4157-a3bf-b1a91b94b6a4,Ethereum,morpho-blue,SENRLUSDV2,349470816.0,6.15337,2.61454,3.53884,62.06,NO
2026-09-05T23:51:25+00:00,9f71f0fd-cfac-54b1-865e-37338f481708,Ethereum,sky-lending,STUSDS,210529799.0,5.3,5.3,0.0,62.02,NO
2026-09-05T23:51:25+00:00,c5c74dd1-995c-4445-9d84-3e710bad7d52,Ethereum,spark-savings,USDC,309830633.0,3.6,3.6,0.0,61.86,NO
2026-09-05T23:51:25+00:00,f569e486-da2a-41ef-8bfe-1a4db0d1d268,Ethereum,morpho-blue,SENPYUSDPRIMEV2,198183740.0,6.40469,3.93454,2.47015,61.14,NO
2026-09-05T23:51:25+00:00,a5d67f7e-5b51-4a9d-969d-caf051a7f5a4,Ethereum,spark-savings,USDT,352712302.0,3.25,3.25,0.0,60.81,NO
2026-09-05T23:51:25+00:00,19d024ed-9c70-4323-9a81-fe873ea5f0e0,Ethereum,aave-v3,SGHO,161734120.0,4.5,4.5,0.0,59.24,NO
2026-09-05T23:51:25+00:00,4e8cc592-c8d5-4824-8155-128ba521e903,Ethereum,fluid-lending,USDT,132649057.0,5.0,5.0,0.0,59.04,NO
2026-09-05T23:51:25+00:00,2f5341f4-6c2e-4c65-b2e0-10cd5228ff62,Ethereum,morpho-blue,STEAKCUSDC,39505855.0,7.19954,7.19954,0.0,57.75,NO
2026-09-05T23:51:25+00:00,4438dabc-7f0c-430b-8136-2722711ae663,Ethereum,fluid-lending,USDC,149152662.0,4.45,4.45,0.0,57.25,NO
2026-09-05T23:51:25+00:00,aa70268e-4b52-42bf-a116-608b370f9501,Ethereum,aave-v3,USDC,151177905.0,3.59494,3.59494,0.0,56.83,NO
2026-09-05T23:51:25+00:00,df7ccfd1-2642-4d79-851a-a5b07d9b8a97,Base,morpho-blue,GTUSDCP,96569911.0,4.23731,4.23731,0.0,56.28,NO
2026-09-05T23:51:25+00:00,81ae8812-f04f-4f6e-9d71-ee5778f3a178,Base,morpho-blue,STEAKUSDC,136055602.0,3.16031,3.16031,0.0,56.07,NO
2026-09-05T23:51:25+00:00,931ea9be-5f4d-428e-beaf-205fc5b4e2b5,Ethereum,morpho-blue,STEAKUSDC,94586212.0,4.20089,4.20089,0.0,55.79,NO
2026-09-05T23:51:25+00:00,d3b28212-a46b-4db8-8bb7-2c946b3cbe76,Ethereum,morpho-blue,STEAKEURCV,139153849.0,3.0,3.0,0.0,55.65,NO
2026-09-05T23:51:25+00:00,488f06db-5a36-450e-9ba9-b4321be39c7c,Ethereum,fluid-lite,USDC,46043056.0,6.51,0.0,0.0,55.44,NO
2026-09-05T23:51:25+00:00,71b34441-5a46-431b-a9b3-8c081cd0d74c,Ethereum,morpho-blue,GTUSDCP,87960706.0,4.2047,4.2047,0.0,55.36,NO
2026-09-05T23:51:25+00:00,0ed981dc-b49d-426d-ade5-6014728b1ef9,Ethereum,sparklend,USDS,242496423.0,2.3184,2.3184,0.0,55.34,NO
2026-09-05T23:51:25+00:00,c8a24fee-ec00-4f38-86c0-9f6daebc4225,Ethereum,sky-lending,SDAI,204257440.0,1.25,1.25,0.0,55.07,NO
2026-09-05T23:51:25+00:00,f981a304-bb6c-45b8-b0c5-fd2f515ad23a,Ethereum,aave-v3,USDT,174922395.0,3.76592,3.76592,0.0,54.66,NO
2026-09-05T23:51:25+00:00,2d3b68a8-33d3-47e0-a4c0-0bafef4b01d5,Base,morpho-blue,USDE,341820960.0,4.75,0.0,4.75,54.18,NO
2026-09-05T23:51:25+00:00,b55f43a8-f444-4cd8-a3a4-0a4e786ba566,Ethereum,morpho-blue,STEAKUSDC,68860933.0,3.98984,3.98984,0.0,53.77,NO
2026-09-05T23:51:25+00:00,d73fcfed-a2ca-5314-a94b-a841982df77f,Ethereum,morpho-blue,PENDLEUSDC,58310004.0,6.16224,4.84844,1.3138,53.32,NO
2026-09-05T23:56:24+00:00,d8c4eff5-c8a9-46fc-a888-057c4c668e72,Ethereum,sky-lending,SUSDS,4652338397.0,3.6,3.6,0.0,77.55,YES
2026-09-05T23:56:24+00:00,ba68527f-8ec2-4c55-827a-8f4673ae047c,Base,morpho-blue,STEAKUSDC,427645047.0,4.23727,4.23727,0.0,64.9,NO
2026-09-05T23:56:24+00:00,e0672197-9f3e-4414-bca5-e6b4c90aa469,Base,morpho-blue,GTUSDCP,418411349.0,4.23559,4.23559,0.0,64.81,NO
2026-09-05T23:56:24+00:00,3637ce7b-529b-49c1-964c-710a50b2939c,Arbitrum,sky-lending,SUSDS,362477925.0,3.6,3.6,0.0,62.77,NO
2026-09-05T23:56:24+00:00,9d499222-a01a-45bb-bbc9-f01c7923693b,Arbitrum,spark-savings,USDS,362477925.0,3.6,3.6,0.0,62.77,NO
2026-09-05T23:56:24+00:00,8276be38-acc6-4005-ab0d-62680f49f4df,Base,morpho-blue,SIRLOINUSDC,380938922.0,5.60481,2.83328,2.77154,62.57,NO
2026-09-05T23:56:24+00:00,699f25fe-09f4-4f82-8f58-baa5b0af8fa4,Ethereum,morpho-blue,SENPYUSDMAIN,386421516.0,6.40641,3.47202,2.93439,62.51,NO
2026-09-05T23:56:24+00:00,a5fab52f-73fa-4f44-9c09-9af1eb20996c,Base,morpho-blue,SPARKUSDC,305870696.0,3.80416,3.80416,0.0,62.21,NO
2026-09-05T23:56:24+00:00,2e53bb82-f13f-4157-a3bf-b1a91b94b6a4,Ethereum,morpho-blue,SENRLUSDV2,349470816.0,6.15337,2.61454,3.53884,62.06,NO
2026-09-05T23:56:24+00:00,9f71f0fd-cfac-54b1-865e-37338f481708,Ethereum,sky-lending,STUSDS,210529799.0,5.3,5.3,0.0,62.02,NO
2026-09-05T23:56:24+00:00,c5c74dd1-995c-4445-9d84-3e710bad7d52,Ethereum,spark-savings,USDC,309830633.0,3.6,3.6,0.0,61.86,NO
2026-09-05T23:56:24+00:00,f569e486-da2a-41ef-8bfe-1a4db0d1d268,Ethereum,morpho-blue,SENPYUSDPRIMEV2,198183740.0,6.40469,3.93454,2.47015,61.14,NO
2026-09-05T23:56:24+00:00,a5d67f7e-5b51-4a9d-969d-caf051a7f5a4,Ethereum,spark-savings,USDT,352712302.0,3.25,3.25,0.0,60.81,NO
2026-09-05T23:56:24+00:00,19d024ed-9c70-4323-9a81-fe873ea5f0e0,Ethereum,aave-v3,SGHO,161734120.0,4.5,4.5,0.0,59.24,NO
2026-09-05T23:56:24+00:00,4e8cc592-c8d5-4824-8155-128ba521e903,Ethereum,fluid-lending,USDT,132649057.0,5.0,5.0,0.0,59.04,NO
2026-09-05T23:56:24+00:00,2f5341f4-6c2e-4c65-b2e0-10cd5228ff62,Ethereum,morpho-blue,STEAKCUSDC,39505855.0,7.19954,7.19954,0.0,57.75,NO
2026-09-05T23:56:24+00:00,4438dabc-7f0c-430b-8136-2722711ae663,Ethereum,fluid-lending,USDC,149152662.0,4.45,4.45,0.0,57.25,NO
2026-09-05T23:56:24+00:00,aa70268e-4b52-42bf-a116-608b370f9501,Ethereum,aave-v3,USDC,151177905.0,3.59494,3.59494,0.0,56.83,NO
2026-09-05T23:56:24+00:00,df7ccfd1-2642-4d79-851a-a5b07d9b8a97,Base,morpho-blue,GTUSDCP,96569911.0,4.23731,4.23731,0.0,56.28,NO
2026-09-05T23:56:24+00:00,81ae8812-f04f-4f6e-9d71-ee5778f3a178,Base,morpho-blue,STEAKUSDC,136055602.0,3.16031,3.16031,0.0,56.07,NO
2026-09-05T23:56:24+00:00,931ea9be-5f4d-428e-beaf-205fc5b4e2b5,Ethereum,morpho-blue,STEAKUSDC,94586212.0,4.20089,4.20089,0.0,55.79,NO
2026-09-05T23:56:24+00:00,d3b28212-a46b-4db8-8bb7-2c946b3cbe76,Ethereum,morpho-blue,STEAKEURCV,139153849.0,3.0,3.0,0.0,55.65,NO
2026-09-05T23:56:24+00:00,488f06db-5a36-450e-9ba9-b4321be39c7c,Ethereum,fluid-lite,USDC,46043056.0,6.51,0.0,0.0,55.44,NO
2026-09-05T23:56:24+00:00,71b34441-5a46-431b-a9b3-8c081cd0d74c,Ethereum,morpho-blue,GTUSDCP,87960706.0,4.2047,4.2047,0.0,55.36,NO
2026-09-05T23:56:24+00:00,0ed981dc-b49d-426d-ade5-6014728b1ef9,Ethereum,sparklend,USDS,242496423.0,2.3184,2.3184,0.0,55.34,NO
2026-09-05T23:56:24+00:00,c8a24fee-ec00-4f38-86c0-9f6daebc4225,Ethereum,sky-lending,SDAI,204257440.0,1.25,1.25,0.0,55.07,NO
2026-09-05T23:56:24+00:00,f981a304-bb6c-45b8-b0c5-fd2f515ad23a,Ethereum,aave-v3,USDT,174922395.0,3.76592,3.76592,0.0,54.66,NO
2026-09-05T23:56:24+00:00,2d3b68a8-33d3-47e0-a4c0-0bafef4b01d5,Base,morpho-blue,USDE,341820960.0,4.75,0.0,4.75,54.18,NO
2026-09-05T23:56:24+00:00,b55f43a8-f444-4cd8-a3a4-0a4e786ba566,Ethereum,morpho-blue,STEAKUSDC,68860933.0,3.98984,3.98984,0.0,53.77,NO
2026-09-05T23:56:24+00:00,d73fcfed-a2ca-5314-a94b-a841982df77f,Ethereum,morpho-blue,PENDLEUSDC,58310004.0,6.16224,4.84844,1.3138,53.32,NO
2026-09-06T06:53:05+00:00,d8c4eff5-c8a9-46fc-a888-057c4c668e72,Ethereum,sky-lending,SUSDS,4662405629.0,3.6,3.6,0.0,77.56,YES
2026-09-06T06:53:05+00:00,ba68527f-8ec2-4c55-827a-8f4673ae047c,Base,morpho-blue,STEAKUSDC,427274445.0,4.2329,4.2329,0.0,64.9,NO
2026-09-06T06:53:05+00:00,e0672197-9f3e-4414-bca5-e6b4c90aa469,Base,morpho-blue,GTUSDCP,418553487.0,4.23294,4.23294,0.0,64.84,NO
2026-09-06T06:53:05+00:00,699f25fe-09f4-4f82-8f58-baa5b0af8fa4,Ethereum,morpho-blue,SENPYUSDMAIN,386366544.0,6.08601,3.14977,2.93624,62.96,NO
2026-09-06T06:53:05+00:00,3637ce7b-529b-49c1-964c-710a50b2939c,Arbitrum,sky-lending,SUSDS,362472903.0,3.6,3.6,0.0,62.77,NO
2026-09-06T06:53:05+00:00,9d499222-a01a-45bb-bbc9-f01c7923693b,Arbitrum,spark-savings,USDS,362472903.0,3.6,3.6,0.0,62.77,NO
2026-09-06T06:53:05+00:00,8276be38-acc6-4005-ab0d-62680f49f4df,Base,morpho-blue,SIRLOINUSDC,375993900.0,5.6089,2.82088,2.78801,62.5,NO
2026-09-06T06:53:05+00:00,2e53bb82-f13f-4157-a3bf-b1a91b94b6a4,Ethereum,morpho-blue,SENRLUSDV2,349458780.0,6.17831,2.63684,3.54148,62.23,NO
2026-09-06T06:53:05+00:00,a5fab52f-73fa-4f44-9c09-9af1eb20996c,Base,morpho-blue,SPARKUSDC,305882056.0,3.80191,3.80191,0.0,62.21,NO
2026-09-06T06:53:05+00:00,9f71f0fd-cfac-54b1-865e-37338f481708,Ethereum,sky-lending,STUSDS,210016396.0,5.3,5.3,0.0,62.03,NO
2026-09-06T06:53:05+00:00,c5c74dd1-995c-4445-9d84-3e710bad7d52,Ethereum,spark-savings,USDC,309975861.0,3.6,3.6,0.0,61.87,NO
2026-09-06T06:53:05+00:00,a5d67f7e-5b51-4a9d-969d-caf051a7f5a4,Ethereum,spark-savings,USDT,356740222.0,3.25,3.25,0.0,60.92,NO
2026-09-06T06:53:05+00:00,f569e486-da2a-41ef-8bfe-1a4db0d1d268,Ethereum,morpho-blue,SENPYUSDPRIMEV2,198222667.0,6.72721,4.2328,2.49442,60.65,NO
2026-09-06T06:53:05+00:00,19d024ed-9c70-4323-9a81-fe873ea5f0e0,Ethereum,aave-v3,SGHO,161786665.0,4.5,4.5,0.0,59.25,NO
2026-09-06T06:53:05+00:00,4e8cc592-c8d5-4824-8155-128ba521e903,Ethereum,fluid-lending,USDT,132673772.0,5.06,5.06,0.0,58.88,NO
2026-09-06T06:53:05+00:00,2f5341f4-6c2e-4c65-b2e0-10cd5228ff62,Ethereum,morpho-blue,STEAKCUSDC,39507857.0,7.19947,7.19947,0.0,57.78,NO
2026-09-06T06:53:05+00:00,4438dabc-7f0c-430b-8136-2722711ae663,Ethereum,fluid-lending,USDC,148919939.0,4.45,4.45,0.0,57.28,NO
2026-09-06T06:53:05+00:00,aa70268e-4b52-42bf-a116-608b370f9501,Ethereum,aave-v3,USDC,148894277.0,3.60236,3.60236,0.0,56.8,NO
2026-09-06T06:53:05+00:00,df7ccfd1-2642-4d79-851a-a5b07d9b8a97,Base,morpho-blue,GTUSDCP,96584494.0,4.23283,4.23283,0.0,56.29,NO
2026-09-06T06:53:05+00:00,81ae8812-f04f-4f6e-9d71-ee5778f3a178,Base,morpho-blue,STEAKUSDC,135997254.0,3.15826,3.15826,0.0,56.09,NO
2026-09-06T06:53:05+00:00,d3b28212-a46b-4db8-8bb7-2c946b3cbe76,Ethereum,morpho-blue,STEAKEURCV,138894557.0,3.0,3.0,0.0,55.67,NO
2026-09-06T06:53:05+00:00,931ea9be-5f4d-428e-beaf-205fc5b4e2b5,Ethereum,morpho-blue,STEAKUSDC,94614236.0,4.24988,4.24988,0.0,55.64,NO
2026-09-06T06:53:05+00:00,488f06db-5a36-450e-9ba9-b4321be39c7c,Ethereum,fluid-lite,USDC,46043869.0,6.51,0.0,0.0,55.47,NO
2026-09-06T06:53:05+00:00,f981a304-bb6c-45b8-b0c5-fd2f515ad23a,Ethereum,aave-v3,USDT,176951606.0,3.67767,3.67767,0.0,55.33,NO
2026-09-06T06:53:05+00:00,0ed981dc-b49d-426d-ade5-6014728b1ef9,Ethereum,sparklend,USDS,240335474.0,2.3184,2.3184,0.0,55.32,NO
2026-09-06T06:53:05+00:00,71b34441-5a46-431b-a9b3-8c081cd0d74c,Ethereum,morpho-blue,GTUSDCP,87966218.0,4.25937,4.25937,0.0,55.19,NO
2026-09-06T06:53:05+00:00,c8a24fee-ec00-4f38-86c0-9f6daebc4225,Ethereum,sky-lending,SDAI,204351701.0,1.25,1.25,0.0,55.08,NO
2026-09-06T06:53:05+00:00,2d3b68a8-33d3-47e0-a4c0-0bafef4b01d5,Base,morpho-blue,USDE,342161269.0,4.75,0.0,4.75,54.2,NO
2026-09-06T06:53:05+00:00,d73fcfed-a2ca-5314-a94b-a841982df77f,Ethereum,morpho-blue,PENDLEUSDC,58717844.0,6.2215,4.90606,1.31544,53.74,NO
2026-09-06T06:53:05+00:00,b55f43a8-f444-4cd8-a3a4-0a4e786ba566,Ethereum,morpho-blue,STEAKUSDC,68850489.0,4.05095,4.05095,0.0,53.55,NO
2026-09-06T10:12:02+00:00,d8c4eff5-c8a9-46fc-a888-057c4c668e72,Ethereum,sky-lending,SUSDS,4658562641.0,3.6,3.6,0.0,77.56,YES
2026-09-06T10:12:02+00:00,ba68527f-8ec2-4c55-827a-8f4673ae047c,Base,morpho-blue,STEAKUSDC,427244666.0,4.23384,4.23384,0.0,64.92,NO
2026-09-06T10:12:02+00:00,e0672197-9f3e-4414-bca5-e6b4c90aa469,Base,morpho-blue,GTUSDCP,418600734.0,4.23409,4.23409,0.0,64.87,NO
2026-09-06T10:12:02+00:00,699f25fe-09f4-4f82-8f58-baa5b0af8fa4,Ethereum,morpho-blue,SENPYUSDMAIN,386350622.0,6.00669,3.06772,2.93897,63.06,NO
2026-09-06T10:12:02+00:00,9d499222-a01a-45bb-bbc9-f01c7923693b,Arbitrum,spark-savings,USDS,362452196.0,3.6,3.6,0.0,62.78,NO
2026-09-06T10:12:02+00:00,3637ce7b-529b-49c1-964c-710a50b2939c,Arbitrum,sky-lending,SUSDS,362452196.0,3.6,3.6,0.0,62.77,NO
2026-09-06T10:12:02+00:00,8276be38-acc6-4005-ab0d-62680f49f4df,Base,morpho-blue,SIRLOINUSDC,376481723.0,5.60906,2.82266,2.78641,62.52,NO
2026-09-06T10:12:02+00:00,2e53bb82-f13f-4157-a3bf-b1a91b94b6a4,Ethereum,morpho-blue,SENRLUSDV2,349473355.0,6.18845,2.64573,3.54273,62.31,NO
2026-09-06T10:12:02+00:00,a5fab52f-73fa-4f44-9c09-9af1eb20996c,Base,morpho-blue,SPARKUSDC,305893795.0,3.80307,3.80307,0.0,62.23,NO
2026-09-06T10:12:02+00:00,9f71f0fd-cfac-54b1-865e-37338f481708,Ethereum,sky-lending,STUSDS,209945843.0,5.3,5.3,0.0,62.04,NO
2026-09-06T10:12:02+00:00,c5c74dd1-995c-4445-9d84-3e710bad7d52,Ethereum,spark-savings,USDC,309966369.0,3.6,3.6,0.0,61.87,NO
2026-09-06T10:12:02+00:00,a5d67f7e-5b51-4a9d-969d-caf051a7f5a4,Ethereum,spark-savings,USDT,356738597.0,3.25,3.25,0.0,60.94,NO
2026-09-06T10:12:02+00:00,f569e486-da2a-41ef-8bfe-1a4db0d1d268,Ethereum,morpho-blue,SENPYUSDPRIMEV2,198215298.0,6.8675,4.3934,2.47411,60.47,NO
2026-09-06T10:12:02+00:00,19d024ed-9c70-4323-9a81-fe873ea5f0e0,Ethereum,aave-v3,SGHO,161776021.0,4.5,4.5,0.0,59.26,NO
2026-09-06T10:12:02+00:00,4e8cc592-c8d5-4824-8155-128ba521e903,Ethereum,fluid-lending,USDT,136622627.0,4.58,4.58,0.0,58.78,NO
2026-09-06T10:12:02+00:00,2f5341f4-6c2e-4c65-b2e0-10cd5228ff62,Ethereum,morpho-blue,STEAKCUSDC,39508451.0,7.19942,7.19942,0.0,57.8,NO
2026-09-06T10:12:02+00:00,4438dabc-7f0c-430b-8136-2722711ae663,Ethereum,fluid-lending,USDC,148566006.0,4.48,4.48,0.0,57.5,NO
2026-09-06T10:12:02+00:00,aa70268e-4b52-42bf-a116-608b370f9501,Ethereum,aave-v3,USDC,148764691.0,3.60269,3.60269,0.0,56.79,NO
2026-09-06T10:12:02+00:00,df7ccfd1-2642-4d79-851a-a5b07d9b8a97,Base,morpho-blue,GTUSDCP,95845696.0,4.23371,4.23371,0.0,56.26,NO
2026-09-06T10:12:02+00:00,81ae8812-f04f-4f6e-9d71-ee5778f3a178,Base,morpho-blue,STEAKUSDC,135996698.0,3.1591,3.1591,0.0,56.12,NO
2026-09-06T10:12:02+00:00,d3b28212-a46b-4db8-8bb7-2c946b3cbe76,Ethereum,morpho-blue,STEAKEURCV,138884245.0,3.0,3.0,0.0,55.69,NO
2026-09-06T10:12:02+00:00,931ea9be-5f4d-428e-beaf-205fc5b4e2b5,Ethereum,morpho-blue,STEAKUSDC,94589038.0,4.26581,4.26581,0.0,55.6,NO
2026-09-06T10:12:02+00:00,488f06db-5a36-450e-9ba9-b4321be39c7c,Ethereum,fluid-lite,USDC,46055284.0,6.51,0.0,0.0,55.49,NO
2026-09-06T10:12:02+00:00,0ed981dc-b49d-426d-ade5-6014728b1ef9,Ethereum,sparklend,USDS,242932017.0,2.31841,2.31841,0.0,55.4,NO
2026-09-06T10:12:02+00:00,71b34441-5a46-431b-a9b3-8c081cd0d74c,Ethereum,morpho-blue,GTUSDCP,88029798.0,4.28053,4.28053,0.0,55.13,NO
2026-09-06T10:12:02+00:00,c8a24fee-ec00-4f38-86c0-9f6daebc4225,Ethereum,sky-lending,SDAI,204352759.0,1.25,1.25,0.0,55.08,NO
2026-09-06T10:12:02+00:00,f981a304-bb6c-45b8-b0c5-fd2f515ad23a,Ethereum,aave-v3,USDT,173299456.0,3.85701,3.85701,0.0,54.22,NO
2026-09-06T10:12:02+00:00,2d3b68a8-33d3-47e0-a4c0-0bafef4b01d5,Base,morpho-blue,USDE,342150376.0,4.75,0.0,4.75,54.2,NO
2026-09-06T10:12:02+00:00,d73fcfed-a2ca-5314-a94b-a841982df77f,Ethereum,morpho-blue,PENDLEUSDC,58718333.0,6.23918,4.86307,1.37611,53.76,NO
2026-09-06T10:12:02+00:00,b55f43a8-f444-4cd8-a3a4-0a4e786ba566,Ethereum,morpho-blue,STEAKUSDC,68285569.0,4.06548,4.06548,0.0,53.46,NO
2026-09-06T10:50:59+00:00,d8c4eff5-c8a9-46fc-a888-057c4c668e72,Ethereum,sky-lending,SUSDS,4659165616.0,3.6,3.6,0.0,77.56,YES
2026-09-06T10:50:59+00:00,ba68527f-8ec2-4c55-827a-8f4673ae047c,Base,morpho-blue,STEAKUSDC,427247993.0,4.23436,4.23436,0.0,64.93,NO
2026-09-06T10:50:59+00:00,e0672197-9f3e-4414-bca5-e6b4c90aa469,Base,morpho-blue,GTUSDCP,418611735.0,4.23519,4.23519,0.0,64.88,NO
2026-09-06T10:50:59+00:00,699f25fe-09f4-4f82-8f58-baa5b0af8fa4,Ethereum,morpho-blue,SENPYUSDMAIN,386373839.0,5.97998,3.04469,2.93529,63.1,NO
2026-09-06T10:50:59+00:00,9d499222-a01a-45bb-bbc9-f01c7923693b,Arbitrum,spark-savings,USDS,362473528.0,3.6,3.6,0.0,62.78,NO
2026-09-06T10:50:59+00:00,3637ce7b-529b-49c1-964c-710a50b2939c,Arbitrum,sky-lending,SUSDS,362473528.0,3.6,3.6,0.0,62.78,NO
2026-09-06T10:50:59+00:00,8276be38-acc6-4005-ab0d-62680f49f4df,Base,morpho-blue,SIRLOINUSDC,376307178.0,5.60986,2.82271,2.78715,62.52,NO
2026-09-06T10:50:59+00:00,2e53bb82-f13f-4157-a3bf-b1a91b94b6a4,Ethereum,morpho-blue,SENRLUSDV2,349507924.0,6.19149,2.65119,3.54029,62.33,NO
2026-09-06T10:50:59+00:00,a5fab52f-73fa-4f44-9c09-9af1eb20996c,Base,morpho-blue,SPARKUSDC,305901794.0,3.8038,3.8038,0.0,62.24,NO
2026-09-06T10:50:59+00:00,9f71f0fd-cfac-54b1-865e-37338f481708,Ethereum,sky-lending,STUSDS,209972429.0,5.3,5.3,0.0,62.05,NO
2026-09-06T10:50:59+00:00,c5c74dd1-995c-4445-9d84-3e710bad7d52,Ethereum,spark-savings,USDC,309993812.0,3.6,3.6,0.0,61.87,NO
2026-09-06T10:50:59+00:00,a5d67f7e-5b51-4a9d-969d-caf051a7f5a4,Ethereum,spark-savings,USDT,356751308.0,3.25,3.25,0.0,60.94,NO
2026-09-06T10:50:59+00:00,f569e486-da2a-41ef-8bfe-1a4db0d1d268,Ethereum,morpho-blue,SENPYUSDPRIMEV2,198227146.0,6.91417,4.44358,2.47058,60.41,NO
2026-09-06T10:50:59+00:00,19d024ed-9c70-4323-9a81-fe873ea5f0e0,Ethereum,aave-v3,SGHO,161837998.0,4.5,4.5,0.0,59.27,NO
2026-09-06T10:50:59+00:00,4e8cc592-c8d5-4824-8155-128ba521e903,Ethereum,fluid-lending,USDT,136504806.0,4.59,4.59,0.0,58.85,NO
2026-09-06T10:50:59+00:00,2f5341f4-6c2e-4c65-b2e0-10cd5228ff62,Ethereum,morpho-blue,STEAKCUSDC,38907195.0,7.19937,7.19937,0.0,57.72,NO
2026-09-06T10:50:59+00:00,4438dabc-7f0c-430b-8136-2722711ae663,Ethereum,fluid-lending,USDC,148349931.0,4.48,4.48,0.0,57.49,NO
2026-09-06T10:50:59+00:00,aa70268e-4b52-42bf-a116-608b370f9501,Ethereum,aave-v3,USDC,148761467.0,3.60271,3.60271,0.0,56.79,NO
2026-09-06T10:50:59+00:00,df7ccfd1-2642-4d79-851a-a5b07d9b8a97,Base,morpho-blue,GTUSDCP,95886052.0,4.23423,4.23423,0.0,56.28,NO
2026-09-06T10:50:59+00:00,81ae8812-f04f-4f6e-9d71-ee5778f3a178,Base,morpho-blue,STEAKUSDC,136000517.0,3.15989,3.15989,0.0,56.14,NO
2026-09-06T10:50:59+00:00,d3b28212-a46b-4db8-8bb7-2c946b3cbe76,Ethereum,morpho-blue,STEAKEURCV,138943227.0,3.0,3.0,0.0,55.7,NO
2026-09-06T10:50:59+00:00,931ea9be-5f4d-428e-beaf-205fc5b4e2b5,Ethereum,morpho-blue,STEAKUSDC,94592260.0,4.27427,4.27427,0.0,55.57,NO
2026-09-06T10:50:59+00:00,488f06db-5a36-450e-9ba9-b4321be39c7c,Ethereum,fluid-lite,USDC,46027781.0,6.51,0.0,0.0,55.49,NO
2026-09-06T10:50:59+00:00,0ed981dc-b49d-426d-ade5-6014728b1ef9,Ethereum,sparklend,USDS,243083175.0,2.31841,2.31841,0.0,55.41,NO
2026-09-06T10:50:59+00:00,71b34441-5a46-431b-a9b3-8c081cd0d74c,Ethereum,morpho-blue,GTUSDCP,88032102.0,4.28487,4.28487,0.0,55.12,NO
2026-09-06T10:50:59+00:00,c8a24fee-ec00-4f38-86c0-9f6daebc4225,Ethereum,sky-lending,SDAI,204352759.0,1.25,1.25,0.0,55.08,NO
2026-09-06T10:50:59+00:00,2d3b68a8-33d3-47e0-a4c0-0bafef4b01d5,Base,morpho-blue,USDE,342158458.0,4.75,0.0,4.75,54.21,NO
2026-09-06T10:50:59+00:00,f981a304-bb6c-45b8-b0c5-fd2f515ad23a,Ethereum,aave-v3,USDT,173123684.0,3.8661,3.8661,0.0,54.18,NO
2026-09-06T10:50:59+00:00,d73fcfed-a2ca-5314-a94b-a841982df77f,Ethereum,morpho-blue,PENDLEUSDC,58669222.0,6.24889,4.86294,1.38595,53.8,NO
2026-09-06T10:50:59+00:00,b55f43a8-f444-4cd8-a3a4-0a4e786ba566,Ethereum,morpho-blue,STEAKUSDC,68287341.0,4.07208,4.07208,0.0,53.43,NO
2026-09-06T10:54:34+00:00,d8c4eff5-c8a9-46fc-a888-057c4c668e72,Ethereum,sky-lending,SUSDS,4659165616.0,3.6,3.6,0.0,77.56,YES
2026-09-06T10:54:34+00:00,ba68527f-8ec2-4c55-827a-8f4673ae047c,Base,morpho-blue,STEAKUSDC,427247993.0,4.23436,4.23436,0.0,64.93,NO
2026-09-06T10:54:34+00:00,e0672197-9f3e-4414-bca5-e6b4c90aa469,Base,morpho-blue,GTUSDCP,418611735.0,4.23519,4.23519,0.0,64.88,NO
2026-09-06T10:54:34+00:00,699f25fe-09f4-4f82-8f58-baa5b0af8fa4,Ethereum,morpho-blue,SENPYUSDMAIN,386373839.0,5.97998,3.04469,2.93529,63.1,NO
2026-09-06T10:54:34+00:00,9d499222-a01a-45bb-bbc9-f01c7923693b,Arbitrum,spark-savings,USDS,362473528.0,3.6,3.6,0.0,62.78,NO
2026-09-06T10:54:34+00:00,3637ce7b-529b-49c1-964c-710a50b2939c,Arbitrum,sky-lending,SUSDS,362473528.0,3.6,3.6,0.0,62.78,NO
2026-09-06T10:54:34+00:00,8276be38-acc6-4005-ab0d-62680f49f4df,Base,morpho-blue,SIRLOINUSDC,376307178.0,5.60986,2.82271,2.78715,62.52,NO
2026-09-06T10:54:34+00:00,2e53bb82-f13f-4157-a3bf-b1a91b94b6a4,Ethereum,morpho-blue,SENRLUSDV2,349507924.0,6.19149,2.65119,3.54029,62.33,NO
2026-09-06T10:54:34+00:00,a5fab52f-73fa-4f44-9c09-9af1eb20996c,Base,morpho-blue,SPARKUSDC,305901794.0,3.8038,3.8038,0.0,62.24,NO
2026-09-06T10:54:34+00:00,9f71f0fd-cfac-54b1-865e-37338f481708,Ethereum,sky-lending,STUSDS,209972429.0,5.3,5.3,0.0,62.05,NO
2026-09-06T10:54:34+00:00,c5c74dd1-995c-4445-9d84-3e710bad7d52,Ethereum,spark-savings,USDC,309993812.0,3.6,3.6,0.0,61.87,NO
2026-09-06T10:54:34+00:00,a5d67f7e-5b51-4a9d-969d-caf051a7f5a4,Ethereum,spark-savings,USDT,356751308.0,3.25,3.25,0.0,60.94,NO
2026-09-06T10:54:34+00:00,f569e486-da2a-41ef-8bfe-1a4db0d1d268,Ethereum,morpho-blue,SENPYUSDPRIMEV2,198227146.0,6.91417,4.44358,2.47058,60.41,NO
2026-09-06T10:54:34+00:00,19d024ed-9c70-4323-9a81-fe873ea5f0e0,Ethereum,aave-v3,SGHO,161837998.0,4.5,4.5,0.0,59.27,NO
2026-09-06T10:54:34+00:00,4e8cc592-c8d5-4824-8155-128ba521e903,Ethereum,fluid-lending,USDT,136504806.0,4.59,4.59,0.0,58.85,NO
2026-09-06T10:54:34+00:00,2f5341f4-6c2e-4c65-b2e0-10cd5228ff62,Ethereum,morpho-blue,STEAKCUSDC,38907195.0,7.19937,7.19937,0.0,57.72,NO
2026-09-06T10:54:34+00:00,4438dabc-7f0c-430b-8136-2722711ae663,Ethereum,fluid-lending,USDC,148349931.0,4.48,4.48,0.0,57.49,NO
2026-09-06T10:54:34+00:00,aa70268e-4b52-42bf-a116-608b370f9501,Ethereum,aave-v3,USDC,148761467.0,3.60271,3.60271,0.0,56.79,NO
2026-09-06T10:54:34+00:00,df7ccfd1-2642-4d79-851a-a5b07d9b8a97,Base,morpho-blue,GTUSDCP,95886052.0,4.23423,4.23423,0.0,56.28,NO
2026-09-06T10:54:34+00:00,81ae8812-f04f-4f6e-9d71-ee5778f3a178,Base,morpho-blue,STEAKUSDC,136000517.0,3.15989,3.15989,0.0,56.14,NO
2026-09-06T10:54:34+00:00,d3b28212-a46b-4db8-8bb7-2c946b3cbe76,Ethereum,morpho-blue,STEAKEURCV,138943227.0,3.0,3.0,0.0,55.7,NO
2026-09-06T10:54:34+00:00,931ea9be-5f4d-428e-beaf-205fc5b4e2b5,Ethereum,morpho-blue,STEAKUSDC,94592260.0,4.27427,4.27427,0.0,55.57,NO
2026-09-06T10:54:34+00:00,488f06db-5a36-450e-9ba9-b4321be39c7c,Ethereum,fluid-lite,USDC,46027781.0,6.51,0.0,0.0,55.49,NO
2026-09-06T10:54:34+00:00,0ed981dc-b49d-426d-ade5-6014728b1ef9,Ethereum,sparklend,USDS,243083175.0,2.31841,2.31841,0.0,55.41,NO
2026-09-06T10:54:34+00:00,71b34441-5a46-431b-a9b3-8c081cd0d74c,Ethereum,morpho-blue,GTUSDCP,88032102.0,4.28487,4.28487,0.0,55.12,NO
2026-09-06T10:54:34+00:00,c8a24fee-ec00-4f38-86c0-9f6daebc4225,Ethereum,sky-lending,SDAI,204352759.0,1.25,1.25,0.0,55.08,NO
2026-09-06T10:54:34+00:00,2d3b68a8-33d3-47e0-a4c0-0bafef4b01d5,Base,morpho-blue,USDE,342158458.0,4.75,0.0,4.75,54.21,NO
2026-09-06T10:54:34+00:00,f981a304-bb6c-45b8-b0c5-fd2f515ad23a,Ethereum,aave-v3,USDT,173123684.0,3.8661,3.8661,0.0,54.18,NO
2026-09-06T10:54:34+00:00,d73fcfed-a2ca-5314-a94b-a841982df77f,Ethereum,morpho-blue,PENDLEUSDC,58669222.0,6.24889,4.86294,1.38595,53.8,NO
2026-09-06T10:54:34+00:00,b55f43a8-f444-4cd8-a3a4-0a4e786ba566,Ethereum,morpho-blue,STEAKUSDC,68287341.0,4.07208,4.07208,0.0,53.43,NO
2026-09-06T11:26:34+00:00,d8c4eff5-c8a9-46fc-a888-057c4c668e72,Ethereum,sky-lending,SUSDS,4659079818.0,3.6,3.6,0.0,77.56,YES
2026-09-06T11:26:34+00:00,ba68527f-8ec2-4c55-827a-8f4673ae047c,Base,morpho-blue,STEAKUSDC,427068547.0,4.23516,4.23516,0.0,64.94,NO
2026-09-06T11:26:34+00:00,e0672197-9f3e-4414-bca5-e6b4c90aa469,Base,morpho-blue,GTUSDCP,418642157.0,4.2362,4.2362,0.0,64.9,NO
2026-09-06T11:26:34+00:00,699f25fe-09f4-4f82-8f58-baa5b0af8fa4,Ethereum,morpho-blue,SENPYUSDMAIN,386354162.0,5.95723,3.02208,2.93515,63.13,NO
2026-09-06T11:26:34+00:00,3637ce7b-529b-49c1-964c-710a50b2939c,Arbitrum,sky-lending,SUSDS,362450175.0,3.6,3.6,0.0,62.78,NO
2026-09-06T11:26:34+00:00,9d499222-a01a-45bb-bbc9-f01c7923693b,Arbitrum,spark-savings,USDS,362450175.0,3.6,3.6,0.0,62.78,NO
2026-09-06T11:26:34+00:00,8276be38-acc6-4005-ab0d-62680f49f4df,Base,morpho-blue,SIRLOINUSDC,376326989.0,5.61018,2.82318,2.787,62.53,NO
2026-09-06T11:26:34+00:00,2e53bb82-f13f-4157-a3bf-b1a91b94b6a4,Ethereum,morpho-blue,SENRLUSDV2,349339713.0,6.19182,2.65229,3.53953,62.34,NO
2026-09-06T11:26:34+00:00,a5fab52f-73fa-4f44-9c09-9af1eb20996c,Base,morpho-blue,SPARKUSDC,305915536.0,3.80499,3.80499,0.0,62.26,NO
2026-09-06T11:26:34+00:00,9f71f0fd-cfac-54b1-865e-37338f481708,Ethereum,sky-lending,STUSDS,209969191.0,5.3,5.3,0.0,62.05,NO
2026-09-06T11:26:34+00:00,c5c74dd1-995c-4445-9d84-3e710bad7d52,Ethereum,spark-savings,USDC,309992916.0,3.6,3.6,0.0,61.87,NO
2026-09-06T11:26:34+00:00,a5d67f7e-5b51-4a9d-969d-caf051a7f5a4,Ethereum,spark-savings,USDT,356749932.0,3.25,3.25,0.0,60.95,NO
2026-09-06T11:26:34+00:00,f569e486-da2a-41ef-8bfe-1a4db0d1d268,Ethereum,morpho-blue,SENPYUSDPRIMEV2,198192875.0,6.9611,4.49012,2.47098,60.34,NO
2026-09-06T11:26:34+00:00,19d024ed-9c70-4323-9a81-fe873ea5f0e0,Ethereum,aave-v3,SGHO,163255711.0,4.5,4.5,0.0,59.32,NO
2026-09-06T11:26:34+00:00,4e8cc592-c8d5-4824-8155-128ba521e903,Ethereum,fluid-lending,USDT,136199476.0,4.59,4.59,0.0,58.83,NO
2026-09-06T11:26:34+00:00,4438dabc-7f0c-430b-8136-2722711ae663,Ethereum,fluid-lending,USDC,146936972.0,4.57,4.57,0.0,58.08,NO
2026-09-06T11:26:34+00:00,2f5341f4-6c2e-4c65-b2e0-10cd5228ff62,Ethereum,morpho-blue,STEAKCUSDC,39533493.0,7.19933,7.19933,0.0,57.81,NO
2026-09-06T11:26:34+00:00,f981a304-bb6c-45b8-b0c5-fd2f515ad23a,Ethereum,aave-v3,USDT,206576878.0,3.56301,3.56301,0.0,56.96,NO
2026-09-06T11:26:34+00:00,aa70268e-4b52-42bf-a116-608b370f9501,Ethereum,aave-v3,USDC,149879344.0,3.59902,3.59902,0.0,56.8,NO
2026-09-06T11:26:34+00:00,df7ccfd1-2642-4d79-851a-a5b07d9b8a97,Base,morpho-blue,GTUSDCP,95949443.0,4.23503,4.23503,0.0,56.29,NO
2026-09-06T11:26:34+00:00,81ae8812-f04f-4f6e-9d71-ee5778f3a178,Base,morpho-blue,STEAKUSDC,136006628.0,3.16061,3.16061,0.0,56.15,NO
2026-09-06T11:26:34+00:00,d3b28212-a46b-4db8-8bb7-2c946b3cbe76,Ethereum,morpho-blue,STEAKEURCV,138956715.0,3.0,3.0,0.0,55.7,NO
2026-09-06T11:26:34+00:00,931ea9be-5f4d-428e-beaf-205fc5b4e2b5,Ethereum,morpho-blue,STEAKUSDC,93863879.0,4.27712,4.27712,0.0,55.53,NO
2026-09-06T11:26:34+00:00,488f06db-5a36-450e-9ba9-b4321be39c7c,Ethereum,fluid-lite,USDC,46024156.0,6.51,0.0,0.0,55.49,NO
2026-09-06T11:26:34+00:00,0ed981dc-b49d-426d-ade5-6014728b1ef9,Ethereum,sparklend,USDS,245164709.0,2.31846,2.31846,0.0,55.46,NO
2026-09-06T11:26:34+00:00,71b34441-5a46-431b-a9b3-8c081cd0d74c,Ethereum,morpho-blue,GTUSDCP,88044149.0,4.28839,4.28839,0.0,55.11,NO
2026-09-06T11:26:34+00:00,c8a24fee-ec00-4f38-86c0-9f6daebc4225,Ethereum,sky-lending,SDAI,204352759.0,1.25,1.25,0.0,55.08,NO
2026-09-06T11:26:34+00:00,2d3b68a8-33d3-47e0-a4c0-0bafef4b01d5,Base,morpho-blue,USDE,342146411.0,4.75,0.0,4.75,54.21,NO
2026-09-06T11:26:34+00:00,d73fcfed-a2ca-5314-a94b-a841982df77f,Ethereum,morpho-blue,PENDLEUSDC,58305588.0,6.26144,4.88351,1.37793,53.86,NO
2026-09-06T11:26:34+00:00,b55f43a8-f444-4cd8-a3a4-0a4e786ba566,Ethereum,morpho-blue,STEAKUSDC,68290378.0,4.076,4.076,0.0,53.42,NO
2026-09-06T11:36:54+00:00,d8c4eff5-c8a9-46fc-a888-057c4c668e72,Ethereum,sky-lending,SUSDS,4659079818.0,3.6,3.6,0.0,77.56,YES
2026-09-06T11:36:54+00:00,ba68527f-8ec2-4c55-827a-8f4673ae047c,Base,morpho-blue,STEAKUSDC,427068547.0,4.23516,4.23516,0.0,64.94,NO
2026-09-06T11:36:54+00:00,e0672197-9f3e-4414-bca5-e6b4c90aa469,Base,morpho-blue,GTUSDCP,418642157.0,4.2362,4.2362,0.0,64.9,NO
2026-09-06T11:36:54+00:00,699f25fe-09f4-4f82-8f58-baa5b0af8fa4,Ethereum,morpho-blue,SENPYUSDMAIN,386354162.0,5.95723,3.02208,2.93515,63.13,NO
2026-09-06T11:36:54+00:00,3637ce7b-529b-49c1-964c-710a50b2939c,Arbitrum,sky-lending,SUSDS,362450175.0,3.6,3.6,0.0,62.78,NO
2026-09-06T11:36:54+00:00,9d499222-a01a-45bb-bbc9-f01c7923693b,Arbitrum,spark-savings,USDS,362450175.0,3.6,3.6,0.0,62.78,NO
2026-09-06T11:36:54+00:00,8276be38-acc6-4005-ab0d-62680f49f4df,Base,morpho-blue,SIRLOINUSDC,376326989.0,5.61018,2.82318,2.787,62.53,NO
2026-09-06T11:36:54+00:00,2e53bb82-f13f-4157-a3bf-b1a91b94b6a4,Ethereum,morpho-blue,SENRLUSDV2,349339713.0,6.19182,2.65229,3.53953,62.34,NO
2026-09-06T11:36:54+00:00,a5fab52f-73fa-4f44-9c09-9af1eb20996c,Base,morpho-blue,SPARKUSDC,305915536.0,3.80499,3.80499,0.0,62.26,NO
2026-09-06T11:36:54+00:00,9f71f0fd-cfac-54b1-865e-37338f481708,Ethereum,sky-lending,STUSDS,209969191.0,5.3,5.3,0.0,62.05,NO
2026-09-06T11:36:54+00:00,c5c74dd1-995c-4445-9d84-3e710bad7d52,Ethereum,spark-savings,USDC,309992916.0,3.6,3.6,0.0,61.87,NO
2026-09-06T11:36:54+00:00,a5d67f7e-5b51-4a9d-969d-caf051a7f5a4,Ethereum,spark-savings,USDT,356749932.0,3.25,3.25,0.0,60.95,NO
2026-09-06T11:36:54+00:00,f569e486-da2a-41ef-8bfe-1a4db0d1d268,Ethereum,morpho-blue,SENPYUSDPRIMEV2,198192875.0,6.9611,4.49012,2.47098,60.34,NO
2026-09-06T11:36:54+00:00,19d024ed-9c70-4323-9a81-fe873ea5f0e0,Ethereum,aave-v3,SGHO,163255711.0,4.5,4.5,0.0,59.32,NO
2026-09-06T11:36:54+00:00,4e8cc592-c8d5-4824-8155-128ba521e903,Ethereum,fluid-lending,USDT,136199476.0,4.59,4.59,0.0,58.83,NO
2026-09-06T11:36:54+00:00,4438dabc-7f0c-430b-8136-2722711ae663,Ethereum,fluid-lending,USDC,146936972.0,4.57,4.57,0.0,58.08,NO
2026-09-06T11:36:54+00:00,2f5341f4-6c2e-4c65-b2e0-10cd5228ff62,Ethereum,morpho-blue,STEAKCUSDC,39533493.0,7.19933,7.19933,0.0,57.81,NO
2026-09-06T11:36:54+00:00,f981a304-bb6c-45b8-b0c5-fd2f515ad23a,Ethereum,aave-v3,USDT,206576878.0,3.56301,3.56301,0.0,56.96,NO
2026-09-06T11:36:54+00:00,aa70268e-4b52-42bf-a116-608b370f9501,Ethereum,aave-v3,USDC,149879344.0,3.59902,3.59902,0.0,56.8,NO
2026-09-06T11:36:54+00:00,df7ccfd1-2642-4d79-851a-a5b07d9b8a97,Base,morpho-blue,GTUSDCP,95949443.0,4.23503,4.23503,0.0,56.29,NO
2026-09-06T11:36:54+00:00,81ae8812-f04f-4f6e-9d71-ee5778f3a178,Base,morpho-blue,STEAKUSDC,136006628.0,3.16061,3.16061,0.0,56.15,NO
2026-09-06T11:36:54+00:00,d3b28212-a46b-4db8-8bb7-2c946b3cbe76,Ethereum,morpho-blue,STEAKEURCV,138956715.0,3.0,3.0,0.0,55.7,NO
2026-09-06T11:36:54+00:00,931ea9be-5f4d-428e-beaf-205fc5b4e2b5,Ethereum,morpho-blue,STEAKUSDC,93863879.0,4.27712,4.27712,0.0,55.53,NO
2026-09-06T11:36:54+00:00,488f06db-5a36-450e-9ba9-b4321be39c7c,Ethereum,fluid-lite,USDC,46024156.0,6.51,0.0,0.0,55.49,NO
2026-09-06T11:36:54+00:00,0ed981dc-b49d-426d-ade5-6014728b1ef9,Ethereum,sparklend,USDS,245164709.0,2.31846,2.31846,0.0,55.46,NO
2026-09-06T11:36:54+00:00,71b34441-5a46-431b-a9b3-8c081cd0d74c,Ethereum,morpho-blue,GTUSDCP,88044149.0,4.28839,4.28839,0.0,55.11,NO
2026-09-06T11:36:54+00:00,c8a24fee-ec00-4f38-86c0-9f6daebc4225,Ethereum,sky-lending,SDAI,204352759.0,1.25,1.25,0.0,55.08,NO
2026-09-06T11:36:54+00:00,2d3b68a8-33d3-47e0-a4c0-0bafef4b01d5,Base,morpho-blue,USDE,342146411.0,4.75,0.0,4.75,54.21,NO
2026-09-06T11:36:54+00:00,d73fcfed-a2ca-5314-a94b-a841982df77f,Ethereum,morpho-blue,PENDLEUSDC,58305588.0,6.26144,4.88351,1.37793,53.86,NO
2026-09-06T11:36:54+00:00,b55f43a8-f444-4cd8-a3a4-0a4e786ba566,Ethereum,morpho-blue,STEAKUSDC,68290378.0,4.076,4.076,0.0,53.42,NO
2026-09-06T11:50:43+00:00,d8c4eff5-c8a9-46fc-a888-057c4c668e72,Ethereum,sky-lending,SUSDS,4659079818.0,3.6,3.6,0.0,77.56,YES
2026-09-06T11:50:43+00:00,ba68527f-8ec2-4c55-827a-8f4673ae047c,Base,morpho-blue,STEAKUSDC,427068547.0,4.23516,4.23516,0.0,64.94,NO
2026-09-06T11:50:43+00:00,e0672197-9f3e-4414-bca5-e6b4c90aa469,Base,morpho-blue,GTUSDCP,418642157.0,4.2362,4.2362,0.0,64.9,NO
2026-09-06T11:50:43+00:00,699f25fe-09f4-4f82-8f58-baa5b0af8fa4,Ethereum,morpho-blue,SENPYUSDMAIN,386354162.0,5.95723,3.02208,2.93515,63.13,NO
2026-09-06T11:50:43+00:00,3637ce7b-529b-49c1-964c-710a50b2939c,Arbitrum,sky-lending,SUSDS,362450175.0,3.6,3.6,0.0,62.78,NO
2026-09-06T11:50:43+00:00,9d499222-a01a-45bb-bbc9-f01c7923693b,Arbitrum,spark-savings,USDS,362450175.0,3.6,3.6,0.0,62.78,NO
2026-09-06T11:50:43+00:00,8276be38-acc6-4005-ab0d-62680f49f4df,Base,morpho-blue,SIRLOINUSDC,376326989.0,5.61018,2.82318,2.787,62.53,NO
2026-09-06T11:50:43+00:00,2e53bb82-f13f-4157-a3bf-b1a91b94b6a4,Ethereum,morpho-blue,SENRLUSDV2,349339713.0,6.19182,2.65229,3.53953,62.34,NO
2026-09-06T11:50:43+00:00,a5fab52f-73fa-4f44-9c09-9af1eb20996c,Base,morpho-blue,SPARKUSDC,305915536.0,3.80499,3.80499,0.0,62.26,NO
2026-09-06T11:50:43+00:00,9f71f0fd-cfac-54b1-865e-37338f481708,Ethereum,sky-lending,STUSDS,209969191.0,5.3,5.3,0.0,62.05,NO
2026-09-06T11:50:43+00:00,c5c74dd1-995c-4445-9d84-3e710bad7d52,Ethereum,spark-savings,USDC,309992916.0,3.6,3.6,0.0,61.87,NO
2026-09-06T11:50:43+00:00,a5d67f7e-5b51-4a9d-969d-caf051a7f5a4,Ethereum,spark-savings,USDT,356749932.0,3.25,3.25,0.0,60.95,NO
2026-09-06T11:50:43+00:00,f569e486-da2a-41ef-8bfe-1a4db0d1d268,Ethereum,morpho-blue,SENPYUSDPRIMEV2,198192875.0,6.9611,4.49012,2.47098,60.34,NO
2026-09-06T11:50:43+00:00,19d024ed-9c70-4323-9a81-fe873ea5f0e0,Ethereum,aave-v3,SGHO,163255711.0,4.5,4.5,0.0,59.32,NO
2026-09-06T11:50:43+00:00,4e8cc592-c8d5-4824-8155-128ba521e903,Ethereum,fluid-lending,USDT,136199476.0,4.59,4.59,0.0,58.83,NO
2026-09-06T11:50:43+00:00,4438dabc-7f0c-430b-8136-2722711ae663,Ethereum,fluid-lending,USDC,146936972.0,4.57,4.57,0.0,58.08,NO
2026-09-06T11:50:43+00:00,2f5341f4-6c2e-4c65-b2e0-10cd5228ff62,Ethereum,morpho-blue,STEAKCUSDC,39533493.0,7.19933,7.19933,0.0,57.81,NO
2026-09-06T11:50:43+00:00,f981a304-bb6c-45b8-b0c5-fd2f515ad23a,Ethereum,aave-v3,USDT,206576878.0,3.56301,3.56301,0.0,56.96,NO
2026-09-06T11:50:43+00:00,aa70268e-4b52-42bf-a116-608b370f9501,Ethereum,aave-v3,USDC,149879344.0,3.59902,3.59902,0.0,56.8,NO
2026-09-06T11:50:43+00:00,df7ccfd1-2642-4d79-851a-a5b07d9b8a97,Base,morpho-blue,GTUSDCP,95949443.0,4.23503,4.23503,0.0,56.29,NO
2026-09-06T11:50:43+00:00,81ae8812-f04f-4f6e-9d71-ee5778f3a178,Base,morpho-blue,STEAKUSDC,136006628.0,3.16061,3.16061,0.0,56.15,NO
2026-09-06T11:50:43+00:00,d3b28212-a46b-4db8-8bb7-2c946b3cbe76,Ethereum,morpho-blue,STEAKEURCV,138956715.0,3.0,3.0,0.0,55.7,NO
2026-09-06T11:50:43+00:00,931ea9be-5f4d-428e-beaf-205fc5b4e2b5,Ethereum,morpho-blue,STEAKUSDC,93863879.0,4.27712,4.27712,0.0,55.53,NO
2026-09-06T11:50:43+00:00,488f06db-5a36-450e-9ba9-b4321be39c7c,Ethereum,fluid-lite,USDC,46024156.0,6.51,0.0,0.0,55.49,NO
2026-09-06T11:50:43+00:00,0ed981dc-b49d-426d-ade5-6014728b1ef9,Ethereum,sparklend,USDS,245164709.0,2.31846,2.31846,0.0,55.46,NO
2026-09-06T11:50:43+00:00,71b34441-5a46-431b-a9b3-8c081cd0d74c,Ethereum,morpho-blue,GTUSDCP,88044149.0,4.28839,4.28839,0.0,55.11,NO
2026-09-06T11:50:43+00:00,c8a24fee-ec00-4f38-86c0-9f6daebc4225,Ethereum,sky-lending,SDAI,204352759.0,1.25,1.25,0.0,55.08,NO
2026-09-06T11:50:43+00:00,2d3b68a8-33d3-47e0-a4c0-0bafef4b01d5,Base,morpho-blue,USDE,342146411.0,4.75,0.0,4.75,54.21,NO
2026-09-06T11:50:43+00:00,d73fcfed-a2ca-5314-a94b-a841982df77f,Ethereum,morpho-blue,PENDLEUSDC,58305588.0,6.26144,4.88351,1.37793,53.86,NO
2026-09-06T11:50:43+00:00,b55f43a8-f444-4cd8-a3a4-0a4e786ba566,Ethereum,morpho-blue,STEAKUSDC,68290378.0,4.076,4.076,0.0,53.42,NO
2026-09-06T13:37:22+00:00,d8c4eff5-c8a9-46fc-a888-057c4c668e72,Ethereum,sky-lending,SUSDS,4659105293.0,3.6,3.6,0.0,77.57,YES
2026-09-06T13:37:22+00:00,ba68527f-8ec2-4c55-827a-8f4673ae047c,Base,morpho-blue,STEAKUSDC,426996554.0,4.23849,4.23849,0.0,64.98,NO
2026-09-06T13:37:22+00:00,e0672197-9f3e-4414-bca5-e6b4c90aa469,Base,morpho-blue,GTUSDCP,418555181.0,4.24021,4.24021,0.0,64.94,NO
2026-09-06T13:37:22+00:00,699f25fe-09f4-4f82-8f58-baa5b0af8fa4,Ethereum,morpho-blue,SENPYUSDMAIN,386365419.0,5.91137,2.97265,2.93872,63.19,NO
2026-09-06T13:37:22+00:00,9d499222-a01a-45bb-bbc9-f01c7923693b,Arbitrum,spark-savings,USDS,362461306.0,3.6,3.6,0.0,62.78,NO
2026-09-06T13:37:22+00:00,3637ce7b-529b-49c1-964c-710a50b2939c,Arbitrum,sky-lending,SUSDS,362461306.0,3.6,3.6,0.0,62.78,NO
2026-09-06T13:37:22+00:00,8276be38-acc6-4005-ab0d-62680f49f4df,Base,morpho-blue,SIRLOINUSDC,376280805.0,5.6119,2.82434,2.78756,62.54,NO
2026-09-06T13:37:22+00:00,2e53bb82-f13f-4157-a3bf-b1a91b94b6a4,Ethereum,morpho-blue,SENRLUSDV2,349327099.0,6.19354,2.64813,3.54541,62.34,NO
2026-09-06T13:37:22+00:00,a5fab52f-73fa-4f44-9c09-9af1eb20996c,Base,morpho-blue,SPARKUSDC,305882313.0,3.80857,3.80857,0.0,62.3,NO
2026-09-06T13:37:22+00:00,9f71f0fd-cfac-54b1-865e-37338f481708,Ethereum,sky-lending,STUSDS,209225456.0,5.3,5.3,0.0,62.04,NO
2026-09-06T13:37:22+00:00,c5c74dd1-995c-4445-9d84-3e710bad7d52,Ethereum,spark-savings,USDC,310034480.0,3.6,3.6,0.0,61.87,NO
2026-09-06T13:37:22+00:00,a5d67f7e-5b51-4a9d-969d-caf051a7f5a4,Ethereum,spark-savings,USDT,356739603.0,3.25,3.25,0.0,60.96,NO
2026-09-06T13:37:22+00:00,f569e486-da2a-41ef-8bfe-1a4db0d1d268,Ethereum,morpho-blue,SENPYUSDPRIMEV2,198121006.0,7.0553,4.57959,2.47571,60.2,NO
2026-09-06T13:37:22+00:00,19d024ed-9c70-4323-9a81-fe873ea5f0e0,Ethereum,aave-v3,SGHO,163248782.0,4.5,4.5,0.0,59.32,NO
2026-09-06T13:37:22+00:00,4438dabc-7f0c-430b-8136-2722711ae663,Ethereum,fluid-lending,USDC,146830323.0,4.71,4.71,0.0,59.08,NO
2026-09-06T13:37:22+00:00,4e8cc592-c8d5-4824-8155-128ba521e903,Ethereum,fluid-lending,USDT,136195220.0,4.58,4.58,0.0,58.75,NO
2026-09-06T13:37:22+00:00,2f5341f4-6c2e-4c65-b2e0-10cd5228ff62,Ethereum,morpho-blue,STEAKCUSDC,39529390.0,7.19933,7.19933,0.0,57.82,NO
2026-09-06T13:37:22+00:00,f981a304-bb6c-45b8-b0c5-fd2f515ad23a,Ethereum,aave-v3,USDT,205765290.0,3.56555,3.56555,0.0,56.94,NO
2026-09-06T13:37:22+00:00,aa70268e-4b52-42bf-a116-608b370f9501,Ethereum,aave-v3,USDC,149699487.0,3.59941,3.59941,0.0,56.79,NO
2026-09-06T13:37:22+00:00,df7ccfd1-2642-4d79-851a-a5b07d9b8a97,Base,morpho-blue,GTUSDCP,96098149.0,4.23835,4.23835,0.0,56.34,NO
2026-09-06T13:37:22+00:00,81ae8812-f04f-4f6e-9d71-ee5778f3a178,Base,morpho-blue,STEAKUSDC,135952014.0,3.16354,3.16354,0.0,56.19,NO
2026-09-06T13:37:22+00:00,d3b28212-a46b-4db8-8bb7-2c946b3cbe76,Ethereum,morpho-blue,STEAKEURCV,138945172.0,3.0,3.0,0.0,55.71,NO
2026-09-06T13:37:22+00:00,931ea9be-5f4d-428e-beaf-205fc5b4e2b5,Ethereum,morpho-blue,STEAKUSDC,93850266.0,4.2809,4.2809,0.0,55.53,NO
2026-09-06T13:37:22+00:00,488f06db-5a36-450e-9ba9-b4321be39c7c,Ethereum,fluid-lite,USDC,46022508.0,6.51,0.0,0.0,55.5,NO
2026-09-06T13:37:22+00:00,0ed981dc-b49d-426d-ade5-6014728b1ef9,Ethereum,sparklend,USDS,245221673.0,2.31841,2.31841,0.0,55.48,NO
2026-09-06T13:37:22+00:00,71b34441-5a46-431b-a9b3-8c081cd0d74c,Ethereum,morpho-blue,GTUSDCP,88036565.0,4.2906,4.2906,0.0,55.12,NO
2026-09-06T13:37:22+00:00,c8a24fee-ec00-4f38-86c0-9f6daebc4225,Ethereum,sky-lending,SDAI,204354377.0,1.25,1.25,0.0,55.08,NO
2026-09-06T13:37:22+00:00,2d3b68a8-33d3-47e0-a4c0-0bafef4b01d5,Base,morpho-blue,USDE,342160057.0,4.75,0.0,4.75,54.21,NO
2026-09-06T13:37:22+00:00,d73fcfed-a2ca-5314-a94b-a841982df77f,Ethereum,morpho-blue,PENDLEUSDC,58305518.0,6.28132,4.90576,1.37556,53.99,NO
2026-09-06T13:37:22+00:00,b55f43a8-f444-4cd8-a3a4-0a4e786ba566,Ethereum,morpho-blue,STEAKUSDC,68277582.0,4.07871,4.07871,0.0,53.43,NO
2026-09-06T14:12:46+00:00,d8c4eff5-c8a9-46fc-a888-057c4c668e72,Ethereum,sky-lending,SUSDS,4659105293.0,3.6,3.6,0.0,77.57,YES
2026-09-06T14:12:46+00:00,ba68527f-8ec2-4c55-827a-8f4673ae047c,Base,morpho-blue,STEAKUSDC,426996554.0,4.23849,4.23849,0.0,64.98,NO
2026-09-06T14:12:46+00:00,e0672197-9f3e-4414-bca5-e6b4c90aa469,Base,morpho-blue,GTUSDCP,418555181.0,4.24021,4.24021,0.0,64.94,NO
2026-09-06T14:12:46+00:00,699f25fe-09f4-4f82-8f58-baa5b0af8fa4,Ethereum,morpho-blue,SENPYUSDMAIN,386365419.0,5.91137,2.97265,2.93872,63.19,NO
2026-09-06T14:12:46+00:00,9d499222-a01a-45bb-bbc9-f01c7923693b,Arbitrum,spark-savings,USDS,362461306.0,3.6,3.6,0.0,62.78,NO
2026-09-06T14:12:46+00:00,3637ce7b-529b-49c1-964c-710a50b2939c,Arbitrum,sky-lending,SUSDS,362461306.0,3.6,3.6,0.0,62.78,NO
2026-09-06T14:12:46+00:00,8276be38-acc6-4005-ab0d-62680f49f4df,Base,morpho-blue,SIRLOINUSDC,376280805.0,5.6119,2.82434,2.78756,62.54,NO
2026-09-06T14:12:46+00:00,2e53bb82-f13f-4157-a3bf-b1a91b94b6a4,Ethereum,morpho-blue,SENRLUSDV2,349327099.0,6.19354,2.64813,3.54541,62.34,NO
2026-09-06T14:12:46+00:00,a5fab52f-73fa-4f44-9c09-9af1eb20996c,Base,morpho-blue,SPARKUSDC,305882313.0,3.80857,3.80857,0.0,62.3,NO
2026-09-06T14:12:46+00:00,9f71f0fd-cfac-54b1-865e-37338f481708,Ethereum,sky-lending,STUSDS,209225456.0,5.3,5.3,0.0,62.04,NO
2026-09-06T14:12:46+00:00,c5c74dd1-995c-4445-9d84-3e710bad7d52,Ethereum,spark-savings,USDC,310034480.0,3.6,3.6,0.0,61.87,NO
2026-09-06T14:12:46+00:00,a5d67f7e-5b51-4a9d-969d-caf051a7f5a4,Ethereum,spark-savings,USDT,356739603.0,3.25,3.25,0.0,60.96,NO
2026-09-06T14:12:46+00:00,f569e486-da2a-41ef-8bfe-1a4db0d1d268,Ethereum,morpho-blue,SENPYUSDPRIMEV2,198121006.0,7.0553,4.57959,2.47571,60.2,NO
2026-09-06T14:12:46+00:00,19d024ed-9c70-4323-9a81-fe873ea5f0e0,Ethereum,aave-v3,SGHO,163248782.0,4.5,4.5,0.0,59.32,NO
2026-09-06T14:12:46+00:00,4438dabc-7f0c-430b-8136-2722711ae663,Ethereum,fluid-lending,USDC,146830323.0,4.71,4.71,0.0,59.08,NO
2026-09-06T14:12:46+00:00,4e8cc592-c8d5-4824-8155-128ba521e903,Ethereum,fluid-lending,USDT,136195220.0,4.58,4.58,0.0,58.75,NO
2026-09-06T14:12:46+00:00,2f5341f4-6c2e-4c65-b2e0-10cd5228ff62,Ethereum,morpho-blue,STEAKCUSDC,39529390.0,7.19933,7.19933,0.0,57.82,NO
2026-09-06T14:12:46+00:00,f981a304-bb6c-45b8-b0c5-fd2f515ad23a,Ethereum,aave-v3,USDT,205765290.0,3.56555,3.56555,0.0,56.94,NO
2026-09-06T14:12:46+00:00,aa70268e-4b52-42bf-a116-608b370f9501,Ethereum,aave-v3,USDC,149699487.0,3.59941,3.59941,0.0,56.79,NO
2026-09-06T14:12:46+00:00,df7ccfd1-2642-4d79-851a-a5b07d9b8a97,Base,morpho-blue,GTUSDCP,96098149.0,4.23835,4.23835,0.0,56.34,NO
2026-09-06T14:12:46+00:00,81ae8812-f04f-4f6e-9d71-ee5778f3a178,Base,morpho-blue,STEAKUSDC,135952014.0,3.16354,3.16354,0.0,56.19,NO
2026-09-06T14:12:46+00:00,d3b28212-a46b-4db8-8bb7-2c946b3cbe76,Ethereum,morpho-blue,STEAKEURCV,138945172.0,3.0,3.0,0.0,55.71,NO
2026-09-06T14:12:46+00:00,931ea9be-5f4d-428e-beaf-205fc5b4e2b5,Ethereum,morpho-blue,STEAKUSDC,93850266.0,4.2809,4.2809,0.0,55.53,NO
2026-09-06T14:12:46+00:00,488f06db-5a36-450e-9ba9-b4321be39c7c,Ethereum,fluid-lite,USDC,46022508.0,6.51,0.0,0.0,55.5,NO
2026-09-06T14:12:46+00:00,0ed981dc-b49d-426d-ade5-6014728b1ef9,Ethereum,sparklend,USDS,245221673.0,2.31841,2.31841,0.0,55.48,NO
2026-09-06T14:12:46+00:00,71b34441-5a46-431b-a9b3-8c081cd0d74c,Ethereum,morpho-blue,GTUSDCP,88036565.0,4.2906,4.2906,0.0,55.12,NO
2026-09-06T14:12:46+00:00,c8a24fee-ec00-4f38-86c0-9f6daebc4225,Ethereum,sky-lending,SDAI,204354377.0,1.25,1.25,0.0,55.08,NO
2026-09-06T14:12:46+00:00,2d3b68a8-33d3-47e0-a4c0-0bafef4b01d5,Base,morpho-blue,USDE,342160057.0,4.75,0.0,4.75,54.21,NO
2026-09-06T14:12:46+00:00,d73fcfed-a2ca-5314-a94b-a841982df77f,Ethereum,morpho-blue,PENDLEUSDC,58305518.0,6.28132,4.90576,1.37556,53.99,NO
2026-09-06T14:12:46+00:00,b55f43a8-f444-4cd8-a3a4-0a4e786ba566,Ethereum,morpho-blue,STEAKUSDC,68277582.0,4.07871,4.07871,0.0,53.43,NO
2026-09-06T14:19:49+00:00,d8c4eff5-c8a9-46fc-a888-057c4c668e72,Ethereum,sky-lending,SUSDS,4659105293.0,3.6,3.6,0.0,77.57,YES
2026-09-06T14:19:49+00:00,ba68527f-8ec2-4c55-827a-8f4673ae047c,Base,morpho-blue,STEAKUSDC,426996554.0,4.23849,4.23849,0.0,64.98,NO
2026-09-06T14:19:49+00:00,e0672197-9f3e-4414-bca5-e6b4c90aa469,Base,morpho-blue,GTUSDCP,418555181.0,4.24021,4.24021,0.0,64.94,NO
2026-09-06T14:19:49+00:00,699f25fe-09f4-4f82-8f58-baa5b0af8fa4,Ethereum,morpho-blue,SENPYUSDMAIN,386365419.0,5.91137,2.97265,2.93872,63.19,NO
2026-09-06T14:19:49+00:00,9d499222-a01a-45bb-bbc9-f01c7923693b,Arbitrum,spark-savings,USDS,362461306.0,3.6,3.6,0.0,62.78,NO
2026-09-06T14:19:49+00:00,3637ce7b-529b-49c1-964c-710a50b2939c,Arbitrum,sky-lending,SUSDS,362461306.0,3.6,3.6,0.0,62.78,NO
2026-09-06T14:19:49+00:00,8276be38-acc6-4005-ab0d-62680f49f4df,Base,morpho-blue,SIRLOINUSDC,376280805.0,5.6119,2.82434,2.78756,62.54,NO
2026-09-06T14:19:49+00:00,2e53bb82-f13f-4157-a3bf-b1a91b94b6a4,Ethereum,morpho-blue,SENRLUSDV2,349327099.0,6.19354,2.64813,3.54541,62.34,NO
2026-09-06T14:19:49+00:00,a5fab52f-73fa-4f44-9c09-9af1eb20996c,Base,morpho-blue,SPARKUSDC,305882313.0,3.80857,3.80857,0.0,62.3,NO
2026-09-06T14:19:49+00:00,9f71f0fd-cfac-54b1-865e-37338f481708,Ethereum,sky-lending,STUSDS,209225456.0,5.3,5.3,0.0,62.04,NO
2026-09-06T14:19:49+00:00,c5c74dd1-995c-4445-9d84-3e710bad7d52,Ethereum,spark-savings,USDC,310034480.0,3.6,3.6,0.0,61.87,NO
2026-09-06T14:19:49+00:00,a5d67f7e-5b51-4a9d-969d-caf051a7f5a4,Ethereum,spark-savings,USDT,356739603.0,3.25,3.25,0.0,60.96,NO
2026-09-06T14:19:49+00:00,f569e486-da2a-41ef-8bfe-1a4db0d1d268,Ethereum,morpho-blue,SENPYUSDPRIMEV2,198121006.0,7.0553,4.57959,2.47571,60.2,NO
2026-09-06T14:19:49+00:00,19d024ed-9c70-4323-9a81-fe873ea5f0e0,Ethereum,aave-v3,SGHO,163248782.0,4.5,4.5,0.0,59.32,NO
2026-09-06T14:19:49+00:00,4438dabc-7f0c-430b-8136-2722711ae663,Ethereum,fluid-lending,USDC,146830323.0,4.71,4.71,0.0,59.08,NO
2026-09-06T14:19:49+00:00,4e8cc592-c8d5-4824-8155-128ba521e903,Ethereum,fluid-lending,USDT,136195220.0,4.58,4.58,0.0,58.75,NO
2026-09-06T14:19:49+00:00,2f5341f4-6c2e-4c65-b2e0-10cd5228ff62,Ethereum,morpho-blue,STEAKCUSDC,39529390.0,7.19933,7.19933,0.0,57.82,NO
2026-09-06T14:19:49+00:00,f981a304-bb6c-45b8-b0c5-fd2f515ad23a,Ethereum,aave-v3,USDT,205765290.0,3.56555,3.56555,0.0,56.94,NO
2026-09-06T14:19:49+00:00,aa70268e-4b52-42bf-a116-608b370f9501,Ethereum,aave-v3,USDC,149699487.0,3.59941,3.59941,0.0,56.79,NO
2026-09-06T14:19:49+00:00,df7ccfd1-2642-4d79-851a-a5b07d9b8a97,Base,morpho-blue,GTUSDCP,96098149.0,4.23835,4.23835,0.0,56.34,NO
2026-09-06T14:19:49+00:00,81ae8812-f04f-4f6e-9d71-ee5778f3a178,Base,morpho-blue,STEAKUSDC,135952014.0,3.16354,3.16354,0.0,56.19,NO
2026-09-06T14:19:49+00:00,d3b28212-a46b-4db8-8bb7-2c946b3cbe76,Ethereum,morpho-blue,STEAKEURCV,138945172.0,3.0,3.0,0.0,55.71,NO
2026-09-06T14:19:49+00:00,931ea9be-5f4d-428e-beaf-205fc5b4e2b5,Ethereum,morpho-blue,STEAKUSDC,93850266.0,4.2809,4.2809,0.0,55.53,NO
2026-09-06T14:19:49+00:00,488f06db-5a36-450e-9ba9-b4321be39c7c,Ethereum,fluid-lite,USDC,46022508.0,6.51,0.0,0.0,55.5,NO
2026-09-06T14:19:49+00:00,0ed981dc-b49d-426d-ade5-6014728b1ef9,Ethereum,sparklend,USDS,245221673.0,2.31841,2.31841,0.0,55.48,NO
2026-09-06T14:19:49+00:00,71b34441-5a46-431b-a9b3-8c081cd0d74c,Ethereum,morpho-blue,GTUSDCP,88036565.0,4.2906,4.2906,0.0,55.12,NO
2026-09-06T14:19:49+00:00,c8a24fee-ec00-4f38-86c0-9f6daebc4225,Ethereum,sky-lending,SDAI,204354377.0,1.25,1.25,0.0,55.08,NO
2026-09-06T14:19:49+00:00,2d3b68a8-33d3-47e0-a4c0-0bafef4b01d5,Base,morpho-blue,USDE,342160057.0,4.75,0.0,4.75,54.21,NO
2026-09-06T14:19:49+00:00,d73fcfed-a2ca-5314-a94b-a841982df77f,Ethereum,morpho-blue,PENDLEUSDC,58305518.0,6.28132,4.90576,1.37556,53.99,NO
2026-09-06T14:19:49+00:00,b55f43a8-f444-4cd8-a3a4-0a4e786ba566,Ethereum,morpho-blue,STEAKUSDC,68277582.0,4.07871,4.07871,0.0,53.43,NO
2026-09-06T14:52:35+00:00,d8c4eff5-c8a9-46fc-a888-057c4c668e72,Ethereum,sky-lending,SUSDS,4662883127.0,3.6,3.6,0.0,77.57,YES
2026-09-06T14:52:35+00:00,ba68527f-8ec2-4c55-827a-8f4673ae047c,Base,morpho-blue,STEAKUSDC,426748817.0,4.24048,4.24048,0.0,64.99,NO
2026-09-06T14:52:35+00:00,e0672197-9f3e-4414-bca5-e6b4c90aa469,Base,morpho-blue,GTUSDCP,418572713.0,4.24227,4.24227,0.0,64.97,NO
2026-09-06T14:52:35+00:00,699f25fe-09f4-4f82-8f58-baa5b0af8fa4,Ethereum,morpho-blue,SENPYUSDMAIN,386344988.0,5.89345,2.95922,2.93423,63.22,NO
2026-09-06T14:52:35+00:00,9d499222-a01a-45bb-bbc9-f01c7923693b,Arbitrum,spark-savings,USDS,362966664.0,3.6,3.6,0.0,62.79,NO
2026-09-06T14:52:35+00:00,3637ce7b-529b-49c1-964c-710a50b2939c,Arbitrum,sky-lending,SUSDS,362966664.0,3.6,3.6,0.0,62.79,NO
2026-09-06T14:52:35+00:00,8276be38-acc6-4005-ab0d-62680f49f4df,Base,morpho-blue,SIRLOINUSDC,376346753.0,5.61108,2.82411,2.78697,62.54,NO
2026-09-06T14:52:35+00:00,a5fab52f-73fa-4f44-9c09-9af1eb20996c,Base,morpho-blue,SPARKUSDC,305895881.0,3.81042,3.81042,0.0,62.32,NO
2026-09-06T14:52:35+00:00,2e53bb82-f13f-4157-a3bf-b1a91b94b6a4,Ethereum,morpho-blue,SENRLUSDV2,349328123.0,6.1937,2.61894,3.57476,62.29,NO
2026-09-06T14:52:35+00:00,9f71f0fd-cfac-54b1-865e-37338f481708,Ethereum,sky-lending,STUSDS,209216711.0,5.3,5.3,0.0,62.04,NO
2026-09-06T14:52:35+00:00,c5c74dd1-995c-4445-9d84-3e710bad7d52,Ethereum,spark-savings,USDC,310042609.0,3.6,3.6,0.0,61.87,NO
2026-09-06T14:52:35+00:00,a5d67f7e-5b51-4a9d-969d-caf051a7f5a4,Ethereum,spark-savings,USDT,360724956.0,3.25,3.25,0.0,61.03,NO
2026-09-06T14:52:35+00:00,4438dabc-7f0c-430b-8136-2722711ae663,Ethereum,fluid-lending,USDC,146838542.0,4.87,4.87,0.0,60.22,NO
2026-09-06T14:52:35+00:00,f569e486-da2a-41ef-8bfe-1a4db0d1d268,Ethereum,morpho-blue,SENPYUSDPRIMEV2,198810567.0,7.10272,4.62189,2.48083,60.14,NO
2026-09-06T14:52:35+00:00,19d024ed-9c70-4323-9a81-fe873ea5f0e0,Ethereum,aave-v3,SGHO,163255112.0,4.5,4.5,0.0,59.32,NO
2026-09-06T14:52:35+00:00,4e8cc592-c8d5-4824-8155-128ba521e903,Ethereum,fluid-lending,USDT,136192533.0,4.51,4.51,0.0,58.24,NO
2026-09-06T14:52:35+00:00,2f5341f4-6c2e-4c65-b2e0-10cd5228ff62,Ethereum,morpho-blue,STEAKCUSDC,39417009.0,7.19933,7.19933,0.0,57.81,NO
2026-09-06T14:52:35+00:00,f981a304-bb6c-45b8-b0c5-fd2f515ad23a,Ethereum,aave-v3,USDT,205222725.0,3.56693,3.56693,0.0,56.93,NO
2026-09-06T14:52:35+00:00,aa70268e-4b52-42bf-a116-608b370f9501,Ethereum,aave-v3,USDC,151196058.0,3.59459,3.59459,0.0,56.8,NO
2026-09-06T14:52:35+00:00,df7ccfd1-2642-4d79-851a-a5b07d9b8a97,Base,morpho-blue,GTUSDCP,95920454.0,4.24035,4.24035,0.0,56.35,NO
2026-09-06T14:52:35+00:00,81ae8812-f04f-4f6e-9d71-ee5778f3a178,Base,morpho-blue,STEAKUSDC,135955629.0,3.16505,3.16505,0.0,56.22,NO
2026-09-06T14:52:35+00:00,d3b28212-a46b-4db8-8bb7-2c946b3cbe76,Ethereum,morpho-blue,STEAKEURCV,138911103.0,3.0,3.0,0.0,55.72,NO
2026-09-06T14:52:35+00:00,931ea9be-5f4d-428e-beaf-205fc5b4e2b5,Ethereum,morpho-blue,STEAKUSDC,94846684.0,4.2808,4.2808,0.0,55.59,NO
2026-09-06T14:52:35+00:00,488f06db-5a36-450e-9ba9-b4321be39c7c,Ethereum,fluid-lite,USDC,46024842.0,6.51,0.0,0.0,55.5,NO
2026-09-06T14:52:35+00:00,0ed981dc-b49d-426d-ade5-6014728b1ef9,Ethereum,sparklend,USDS,245209953.0,2.31841,2.31841,0.0,55.48,NO
2026-09-06T14:52:35+00:00,71b34441-5a46-431b-a9b3-8c081cd0d74c,Ethereum,morpho-blue,GTUSDCP,88036785.0,4.29014,4.29014,0.0,55.13,NO
2026-09-06T14:52:35+00:00,c8a24fee-ec00-4f38-86c0-9f6daebc4225,Ethereum,sky-lending,SDAI,204362800.0,1.25,1.25,0.0,55.08,NO
2026-09-06T14:52:35+00:00,2d3b68a8-33d3-47e0-a4c0-0bafef4b01d5,Base,morpho-blue,USDE,342133697.0,4.75,0.0,4.75,54.21,NO
2026-09-06T14:52:35+00:00,d73fcfed-a2ca-5314-a94b-a841982df77f,Ethereum,morpho-blue,PENDLEUSDC,58316549.0,6.28982,4.93719,1.35262,54.08,NO
2026-09-06T14:52:35+00:00,b55f43a8-f444-4cd8-a3a4-0a4e786ba566,Ethereum,morpho-blue,STEAKUSDC,68280741.0,4.07853,4.07853,0.0,53.43,NO
2026-09-06T15:15:05+00:00,d8c4eff5-c8a9-46fc-a888-057c4c668e72,Ethereum,sky-lending,SUSDS,4662883127.0,3.6,3.6,0.0,77.57,YES
2026-09-06T15:15:05+00:00,ba68527f-8ec2-4c55-827a-8f4673ae047c,Base,morpho-blue,STEAKUSDC,426748817.0,4.24048,4.24048,0.0,64.99,NO
2026-09-06T15:15:05+00:00,e0672197-9f3e-4414-bca5-e6b4c90aa469,Base,morpho-blue,GTUSDCP,418572713.0,4.24227,4.24227,0.0,64.97,NO
2026-09-06T15:15:05+00:00,699f25fe-09f4-4f82-8f58-baa5b0af8fa4,Ethereum,morpho-blue,SENPYUSDMAIN,386344988.0,5.89345,2.95922,2.93423,63.22,NO
2026-09-06T15:15:05+00:00,9d499222-a01a-45bb-bbc9-f01c7923693b,Arbitrum,spark-savings,USDS,362966664.0,3.6,3.6,0.0,62.79,NO
2026-09-06T15:15:05+00:00,3637ce7b-529b-49c1-964c-710a50b2939c,Arbitrum,sky-lending,SUSDS,362966664.0,3.6,3.6,0.0,62.79,NO
2026-09-06T15:15:05+00:00,8276be38-acc6-4005-ab0d-62680f49f4df,Base,morpho-blue,SIRLOINUSDC,376346753.0,5.61108,2.82411,2.78697,62.54,NO
2026-09-06T15:15:05+00:00,a5fab52f-73fa-4f44-9c09-9af1eb20996c,Base,morpho-blue,SPARKUSDC,305895881.0,3.81042,3.81042,0.0,62.32,NO
2026-09-06T15:15:05+00:00,2e53bb82-f13f-4157-a3bf-b1a91b94b6a4,Ethereum,morpho-blue,SENRLUSDV2,349328123.0,6.1937,2.61894,3.57476,62.29,NO
2026-09-06T15:15:05+00:00,9f71f0fd-cfac-54b1-865e-37338f481708,Ethereum,sky-lending,STUSDS,209216711.0,5.3,5.3,0.0,62.04,NO
2026-09-06T15:15:05+00:00,c5c74dd1-995c-4445-9d84-3e710bad7d52,Ethereum,spark-savings,USDC,310042609.0,3.6,3.6,0.0,61.87,NO
2026-09-06T15:15:05+00:00,a5d67f7e-5b51-4a9d-969d-caf051a7f5a4,Ethereum,spark-savings,USDT,360724956.0,3.25,3.25,0.0,61.03,NO
2026-09-06T15:15:05+00:00,4438dabc-7f0c-430b-8136-2722711ae663,Ethereum,fluid-lending,USDC,146838542.0,4.87,4.87,0.0,60.22,NO
2026-09-06T15:15:05+00:00,f569e486-da2a-41ef-8bfe-1a4db0d1d268,Ethereum,morpho-blue,SENPYUSDPRIMEV2,198810567.0,7.10272,4.62189,2.48083,60.14,NO
2026-09-06T15:15:05+00:00,19d024ed-9c70-4323-9a81-fe873ea5f0e0,Ethereum,aave-v3,SGHO,163255112.0,4.5,4.5,0.0,59.32,NO
2026-09-06T15:15:05+00:00,4e8cc592-c8d5-4824-8155-128ba521e903,Ethereum,fluid-lending,USDT,136192533.0,4.51,4.51,0.0,58.24,NO
2026-09-06T15:15:05+00:00,2f5341f4-6c2e-4c65-b2e0-10cd5228ff62,Ethereum,morpho-blue,STEAKCUSDC,39417009.0,7.19933,7.19933,0.0,57.81,NO
2026-09-06T15:15:05+00:00,f981a304-bb6c-45b8-b0c5-fd2f515ad23a,Ethereum,aave-v3,USDT,205222725.0,3.56693,3.56693,0.0,56.93,NO
2026-09-06T15:15:05+00:00,aa70268e-4b52-42bf-a116-608b370f9501,Ethereum,aave-v3,USDC,151196058.0,3.59459,3.59459,0.0,56.8,NO
2026-09-06T15:15:05+00:00,df7ccfd1-2642-4d79-851a-a5b07d9b8a97,Base,morpho-blue,GTUSDCP,95920454.0,4.24035,4.24035,0.0,56.35,NO
2026-09-06T15:15:05+00:00,81ae8812-f04f-4f6e-9d71-ee5778f3a178,Base,morpho-blue,STEAKUSDC,135955629.0,3.16505,3.16505,0.0,56.22,NO
2026-09-06T15:15:05+00:00,d3b28212-a46b-4db8-8bb7-2c946b3cbe76,Ethereum,morpho-blue,STEAKEURCV,138911103.0,3.0,3.0,0.0,55.72,NO
2026-09-06T15:15:05+00:00,931ea9be-5f4d-428e-beaf-205fc5b4e2b5,Ethereum,morpho-blue,STEAKUSDC,94846684.0,4.2808,4.2808,0.0,55.59,NO
2026-09-06T15:15:05+00:00,488f06db-5a36-450e-9ba9-b4321be39c7c,Ethereum,fluid-lite,USDC,46024842.0,6.51,0.0,0.0,55.5,NO
2026-09-06T15:15:05+00:00,0ed981dc-b49d-426d-ade5-6014728b1ef9,Ethereum,sparklend,USDS,245209953.0,2.31841,2.31841,0.0,55.48,NO
2026-09-06T15:15:05+00:00,71b34441-5a46-431b-a9b3-8c081cd0d74c,Ethereum,morpho-blue,GTUSDCP,88036785.0,4.29014,4.29014,0.0,55.13,NO
2026-09-06T15:15:05+00:00,c8a24fee-ec00-4f38-86c0-9f6daebc4225,Ethereum,sky-lending,SDAI,204362800.0,1.25,1.25,0.0,55.08,NO
2026-09-06T15:15:05+00:00,2d3b68a8-33d3-47e0-a4c0-0bafef4b01d5,Base,morpho-blue,USDE,342133697.0,4.75,0.0,4.75,54.21,NO
2026-09-06T15:15:05+00:00,d73fcfed-a2ca-5314-a94b-a841982df77f,Ethereum,morpho-blue,PENDLEUSDC,58316549.0,6.28982,4.93719,1.35262,54.08,NO
2026-09-06T15:15:05+00:00,b55f43a8-f444-4cd8-a3a4-0a4e786ba566,Ethereum,morpho-blue,STEAKUSDC,68280741.0,4.07853,4.07853,0.0,53.43,NO
2026-09-06T15:18:20+00:00,d8c4eff5-c8a9-46fc-a888-057c4c668e72,Ethereum,sky-lending,SUSDS,4662883127.0,3.6,3.6,0.0,77.57,YES
2026-09-06T15:18:20+00:00,ba68527f-8ec2-4c55-827a-8f4673ae047c,Base,morpho-blue,STEAKUSDC,426748817.0,4.24048,4.24048,0.0,64.99,NO
2026-09-06T15:18:20+00:00,e0672197-9f3e-4414-bca5-e6b4c90aa469,Base,morpho-blue,GTUSDCP,418572713.0,4.24227,4.24227,0.0,64.97,NO
2026-09-06T15:18:20+00:00,699f25fe-09f4-4f82-8f58-baa5b0af8fa4,Ethereum,morpho-blue,SENPYUSDMAIN,386344988.0,5.89345,2.95922,2.93423,63.22,NO
2026-09-06T15:18:20+00:00,9d499222-a01a-45bb-bbc9-f01c7923693b,Arbitrum,spark-savings,USDS,362966664.0,3.6,3.6,0.0,62.79,NO
2026-09-06T15:18:20+00:00,3637ce7b-529b-49c1-964c-710a50b2939c,Arbitrum,sky-lending,SUSDS,362966664.0,3.6,3.6,0.0,62.79,NO
2026-09-06T15:18:20+00:00,8276be38-acc6-4005-ab0d-62680f49f4df,Base,morpho-blue,SIRLOINUSDC,376346753.0,5.61108,2.82411,2.78697,62.54,NO
2026-09-06T15:18:20+00:00,a5fab52f-73fa-4f44-9c09-9af1eb20996c,Base,morpho-blue,SPARKUSDC,305895881.0,3.81042,3.81042,0.0,62.32,NO
2026-09-06T15:18:20+00:00,2e53bb82-f13f-4157-a3bf-b1a91b94b6a4,Ethereum,morpho-blue,SENRLUSDV2,349328123.0,6.1937,2.61894,3.57476,62.29,NO
2026-09-06T15:18:20+00:00,9f71f0fd-cfac-54b1-865e-37338f481708,Ethereum,sky-lending,STUSDS,209216711.0,5.3,5.3,0.0,62.04,NO
2026-09-06T15:18:20+00:00,c5c74dd1-995c-4445-9d84-3e710bad7d52,Ethereum,spark-savings,USDC,310042609.0,3.6,3.6,0.0,61.87,NO
2026-09-06T15:18:20+00:00,a5d67f7e-5b51-4a9d-969d-caf051a7f5a4,Ethereum,spark-savings,USDT,360724956.0,3.25,3.25,0.0,61.03,NO
2026-09-06T15:18:20+00:00,4438dabc-7f0c-430b-8136-2722711ae663,Ethereum,fluid-lending,USDC,146838542.0,4.87,4.87,0.0,60.22,NO
2026-09-06T15:18:20+00:00,f569e486-da2a-41ef-8bfe-1a4db0d1d268,Ethereum,morpho-blue,SENPYUSDPRIMEV2,198810567.0,7.10272,4.62189,2.48083,60.14,NO
2026-09-06T15:18:20+00:00,19d024ed-9c70-4323-9a81-fe873ea5f0e0,Ethereum,aave-v3,SGHO,163255112.0,4.5,4.5,0.0,59.32,NO
2026-09-06T15:18:20+00:00,4e8cc592-c8d5-4824-8155-128ba521e903,Ethereum,fluid-lending,USDT,136192533.0,4.51,4.51,0.0,58.24,NO
2026-09-06T15:18:20+00:00,2f5341f4-6c2e-4c65-b2e0-10cd5228ff62,Ethereum,morpho-blue,STEAKCUSDC,39417009.0,7.19933,7.19933,0.0,57.81,NO
2026-09-06T15:18:20+00:00,f981a304-bb6c-45b8-b0c5-fd2f515ad23a,Ethereum,aave-v3,USDT,205222725.0,3.56693,3.56693,0.0,56.93,NO
2026-09-06T15:18:20+00:00,aa70268e-4b52-42bf-a116-608b370f9501,Ethereum,aave-v3,USDC,151196058.0,3.59459,3.59459,0.0,56.8,NO
2026-09-06T15:18:20+00:00,df7ccfd1-2642-4d79-851a-a5b07d9b8a97,Base,morpho-blue,GTUSDCP,95920454.0,4.24035,4.24035,0.0,56.35,NO
2026-09-06T15:18:20+00:00,81ae8812-f04f-4f6e-9d71-ee5778f3a178,Base,morpho-blue,STEAKUSDC,135955629.0,3.16505,3.16505,0.0,56.22,NO
2026-09-06T15:18:20+00:00,d3b28212-a46b-4db8-8bb7-2c946b3cbe76,Ethereum,morpho-blue,STEAKEURCV,138911103.0,3.0,3.0,0.0,55.72,NO
2026-09-06T15:18:20+00:00,931ea9be-5f4d-428e-beaf-205fc5b4e2b5,Ethereum,morpho-blue,STEAKUSDC,94846684.0,4.2808,4.2808,0.0,55.59,NO
2026-09-06T15:18:20+00:00,488f06db-5a36-450e-9ba9-b4321be39c7c,Ethereum,fluid-lite,USDC,46024842.0,6.51,0.0,0.0,55.5,NO
2026-09-06T15:18:20+00:00,0ed981dc-b49d-426d-ade5-6014728b1ef9,Ethereum,sparklend,USDS,245209953.0,2.31841,2.31841,0.0,55.48,NO
2026-09-06T15:18:20+00:00,71b34441-5a46-431b-a9b3-8c081cd0d74c,Ethereum,morpho-blue,GTUSDCP,88036785.0,4.29014,4.29014,0.0,55.13,NO
2026-09-06T15:18:20+00:00,c8a24fee-ec00-4f38-86c0-9f6daebc4225,Ethereum,sky-lending,SDAI,204362800.0,1.25,1.25,0.0,55.08,NO
2026-09-06T15:18:20+00:00,2d3b68a8-33d3-47e0-a4c0-0bafef4b01d5,Base,morpho-blue,USDE,342133697.0,4.75,0.0,4.75,54.21,NO
2026-09-06T15:18:20+00:00,d73fcfed-a2ca-5314-a94b-a841982df77f,Ethereum,morpho-blue,PENDLEUSDC,58316549.0,6.28982,4.93719,1.35262,54.08,NO
2026-09-06T15:18:20+00:00,b55f43a8-f444-4cd8-a3a4-0a4e786ba566,Ethereum,morpho-blue,STEAKUSDC,68280741.0,4.07853,4.07853,0.0,53.43,NO
2026-09-06T15:23:38+00:00,d8c4eff5-c8a9-46fc-a888-057c4c668e72,Ethereum,sky-lending,SUSDS,4663250184.0,3.6,3.6,0.0,77.57,YES
2026-09-06T15:23:38+00:00,ba68527f-8ec2-4c55-827a-8f4673ae047c,Base,morpho-blue,STEAKUSDC,426760425.0,4.24254,4.24254,0.0,65.02,YES
2026-09-06T15:23:38+00:00,e0672197-9f3e-4414-bca5-e6b4c90aa469,Base,morpho-blue,GTUSDCP,418570042.0,4.24434,4.24434,0.0,64.99,NO
2026-09-06T15:23:38+00:00,699f25fe-09f4-4f82-8f58-baa5b0af8fa4,Ethereum,morpho-blue,SENPYUSDMAIN,386373521.0,5.87086,2.90525,2.96561,63.19,NO
2026-09-06T15:23:38+00:00,9d499222-a01a-45bb-bbc9-f01c7923693b,Arbitrum,spark-savings,USDS,362477700.0,3.6,3.6,0.0,62.78,NO
2026-09-06T15:23:38+00:00,3637ce7b-529b-49c1-964c-710a50b2939c,Arbitrum,sky-lending,SUSDS,362477700.0,3.6,3.6,0.0,62.78,NO
2026-09-06T15:23:38+00:00,8276be38-acc6-4005-ab0d-62680f49f4df,Base,morpho-blue,SIRLOINUSDC,376458114.0,5.6105,2.8245,2.786,62.54,NO
2026-09-06T15:23:38+00:00,a5fab52f-73fa-4f44-9c09-9af1eb20996c,Base,morpho-blue,SPARKUSDC,305904500.0,3.81229,3.81229,0.0,62.34,NO
2026-09-06T15:23:38+00:00,2e53bb82-f13f-4157-a3bf-b1a91b94b6a4,Ethereum,morpho-blue,SENRLUSDV2,349066156.0,6.19575,2.61842,3.57733,62.3,NO
2026-09-06T15:23:38+00:00,9f71f0fd-cfac-54b1-865e-37338f481708,Ethereum,sky-lending,STUSDS,209334310.0,5.3,5.3,0.0,62.05,NO
2026-09-06T15:23:38+00:00,c5c74dd1-995c-4445-9d84-3e710bad7d52,Ethereum,spark-savings,USDC,310040317.0,3.6,3.6,0.0,61.88,NO
2026-09-06T15:23:38+00:00,a5d67f7e-5b51-4a9d-969d-caf051a7f5a4,Ethereum,spark-savings,USDT,360731701.0,3.25,3.25,0.0,61.04,NO
2026-09-06T15:23:38+00:00,4438dabc-7f0c-430b-8136-2722711ae663,Ethereum,fluid-lending,USDC,146738894.0,4.87,4.87,0.0,60.22,NO
2026-09-06T15:23:38+00:00,f569e486-da2a-41ef-8bfe-1a4db0d1d268,Ethereum,morpho-blue,SENPYUSDPRIMEV2,198825716.0,7.14961,4.67304,2.47657,60.08,NO
2026-09-06T15:23:38+00:00,19d024ed-9c70-4323-9a81-fe873ea5f0e0,Ethereum,aave-v3,SGHO,165065235.0,4.5,4.5,0.0,59.39,NO
2026-09-06T15:23:38+00:00,4e8cc592-c8d5-4824-8155-128ba521e903,Ethereum,fluid-lending,USDT,136195880.0,4.52,4.52,0.0,58.31,NO
2026-09-06T15:23:38+00:00,2f5341f4-6c2e-4c65-b2e0-10cd5228ff62,Ethereum,morpho-blue,STEAKCUSDC,39418221.0,7.19934,7.19934,0.0,57.82,NO
2026-09-06T15:23:38+00:00,f981a304-bb6c-45b8-b0c5-fd2f515ad23a,Ethereum,aave-v3,USDT,204899095.0,3.56784,3.56784,0.0,56.93,NO
2026-09-06T15:23:38+00:00,aa70268e-4b52-42bf-a116-608b370f9501,Ethereum,aave-v3,USDC,150777087.0,3.59598,3.59598,0.0,56.79,NO
2026-09-06T15:23:38+00:00,df7ccfd1-2642-4d79-851a-a5b07d9b8a97,Base,morpho-blue,GTUSDCP,95650826.0,4.2424,4.2424,0.0,56.35,NO
2026-09-06T15:23:38+00:00,81ae8812-f04f-4f6e-9d71-ee5778f3a178,Base,morpho-blue,STEAKUSDC,135923282.0,3.16657,3.16657,0.0,56.24,NO
2026-09-06T15:23:38+00:00,d3b28212-a46b-4db8-8bb7-2c946b3cbe76,Ethereum,morpho-blue,STEAKEURCV,138880766.0,3.0,3.0,0.0,55.72,NO
2026-09-06T15:23:38+00:00,931ea9be-5f4d-428e-beaf-205fc5b4e2b5,Ethereum,morpho-blue,STEAKUSDC,94850540.0,4.27954,4.27954,0.0,55.61,NO
2026-09-06T15:23:38+00:00,488f06db-5a36-450e-9ba9-b4321be39c7c,Ethereum,fluid-lite,USDC,46025748.0,6.51,0.0,0.0,55.51,NO
2026-09-06T15:23:38+00:00,0ed981dc-b49d-426d-ade5-6014728b1ef9,Ethereum,sparklend,USDS,245257618.0,2.31841,2.31841,0.0,55.49,NO
2026-09-06T15:23:38+00:00,71b34441-5a46-431b-a9b3-8c081cd0d74c,Ethereum,morpho-blue,GTUSDCP,88039245.0,4.28938,4.28938,0.0,55.14,NO
2026-09-06T15:23:38+00:00,c8a24fee-ec00-4f38-86c0-9f6daebc4225,Ethereum,sky-lending,SDAI,204362800.0,1.25,1.25,0.0,55.08,NO
2026-09-06T15:23:38+00:00,2d3b68a8-33d3-47e0-a4c0-0bafef4b01d5,Base,morpho-blue,USDE,342144768.0,4.75,0.0,4.75,54.22,NO
2026-09-06T15:23:38+00:00,d73fcfed-a2ca-5314-a94b-a841982df77f,Ethereum,morpho-blue,PENDLEUSDC,58318183.0,6.29947,4.9656,1.33387,54.17,NO
2026-09-06T15:23:38+00:00,b55f43a8-f444-4cd8-a3a4-0a4e786ba566,Ethereum,morpho-blue,STEAKUSDC,68284925.0,4.07928,4.07928,0.0,53.44,NO
2026-09-06T15:31:49+00:00,d8c4eff5-c8a9-46fc-a888-057c4c668e72,Ethereum,sky-lending,SUSDS,4663250184.0,3.6,3.6,0.0,77.57,YES
2026-09-06T15:31:49+00:00,ba68527f-8ec2-4c55-827a-8f4673ae047c,Base,morpho-blue,STEAKUSDC,426760425.0,4.24254,4.24254,0.0,65.02,YES
2026-09-06T15:31:49+00:00,e0672197-9f3e-4414-bca5-e6b4c90aa469,Base,morpho-blue,GTUSDCP,418570042.0,4.24434,4.24434,0.0,64.99,NO
2026-09-06T15:31:49+00:00,699f25fe-09f4-4f82-8f58-baa5b0af8fa4,Ethereum,morpho-blue,SENPYUSDMAIN,386373521.0,5.87086,2.90525,2.96561,63.19,NO
2026-09-06T15:31:49+00:00,9d499222-a01a-45bb-bbc9-f01c7923693b,Arbitrum,spark-savings,USDS,362477700.0,3.6,3.6,0.0,62.78,NO
2026-09-06T15:31:49+00:00,3637ce7b-529b-49c1-964c-710a50b2939c,Arbitrum,sky-lending,SUSDS,362477700.0,3.6,3.6,0.0,62.78,NO
2026-09-06T15:31:49+00:00,8276be38-acc6-4005-ab0d-62680f49f4df,Base,morpho-blue,SIRLOINUSDC,376458114.0,5.6105,2.8245,2.786,62.54,NO
2026-09-06T15:31:49+00:00,a5fab52f-73fa-4f44-9c09-9af1eb20996c,Base,morpho-blue,SPARKUSDC,305904500.0,3.81229,3.81229,0.0,62.34,NO
2026-09-06T15:31:49+00:00,2e53bb82-f13f-4157-a3bf-b1a91b94b6a4,Ethereum,morpho-blue,SENRLUSDV2,349066156.0,6.19575,2.61842,3.57733,62.3,NO
2026-09-06T15:31:49+00:00,9f71f0fd-cfac-54b1-865e-37338f481708,Ethereum,sky-lending,STUSDS,209334310.0,5.3,5.3,0.0,62.05,NO
2026-09-06T15:31:49+00:00,c5c74dd1-995c-4445-9d84-3e710bad7d52,Ethereum,spark-savings,USDC,310040317.0,3.6,3.6,0.0,61.88,NO
2026-09-06T15:31:49+00:00,a5d67f7e-5b51-4a9d-969d-caf051a7f5a4,Ethereum,spark-savings,USDT,360731701.0,3.25,3.25,0.0,61.04,NO
2026-09-06T15:31:49+00:00,4438dabc-7f0c-430b-8136-2722711ae663,Ethereum,fluid-lending,USDC,146738894.0,4.87,4.87,0.0,60.22,NO
2026-09-06T15:31:49+00:00,f569e486-da2a-41ef-8bfe-1a4db0d1d268,Ethereum,morpho-blue,SENPYUSDPRIMEV2,198825716.0,7.14961,4.67304,2.47657,60.08,NO
2026-09-06T15:31:49+00:00,19d024ed-9c70-4323-9a81-fe873ea5f0e0,Ethereum,aave-v3,SGHO,165065235.0,4.5,4.5,0.0,59.39,NO
2026-09-06T15:31:49+00:00,4e8cc592-c8d5-4824-8155-128ba521e903,Ethereum,fluid-lending,USDT,136195880.0,4.52,4.52,0.0,58.31,NO
2026-09-06T15:31:49+00:00,2f5341f4-6c2e-4c65-b2e0-10cd5228ff62,Ethereum,morpho-blue,STEAKCUSDC,39418221.0,7.19934,7.19934,0.0,57.82,NO
2026-09-06T15:31:49+00:00,f981a304-bb6c-45b8-b0c5-fd2f515ad23a,Ethereum,aave-v3,USDT,204899095.0,3.56784,3.56784,0.0,56.93,NO
2026-09-06T15:31:49+00:00,aa70268e-4b52-42bf-a116-608b370f9501,Ethereum,aave-v3,USDC,150777087.0,3.59598,3.59598,0.0,56.79,NO
2026-09-06T15:31:49+00:00,df7ccfd1-2642-4d79-851a-a5b07d9b8a97,Base,morpho-blue,GTUSDCP,95650826.0,4.2424,4.2424,0.0,56.35,NO
2026-09-06T15:31:49+00:00,81ae8812-f04f-4f6e-9d71-ee5778f3a178,Base,morpho-blue,STEAKUSDC,135923282.0,3.16657,3.16657,0.0,56.24,NO
2026-09-06T15:31:49+00:00,d3b28212-a46b-4db8-8bb7-2c946b3cbe76,Ethereum,morpho-blue,STEAKEURCV,138880766.0,3.0,3.0,0.0,55.72,NO
2026-09-06T15:31:49+00:00,931ea9be-5f4d-428e-beaf-205fc5b4e2b5,Ethereum,morpho-blue,STEAKUSDC,94850540.0,4.27954,4.27954,0.0,55.61,NO
2026-09-06T15:31:49+00:00,488f06db-5a36-450e-9ba9-b4321be39c7c,Ethereum,fluid-lite,USDC,46025748.0,6.51,0.0,0.0,55.51,NO
2026-09-06T15:31:49+00:00,0ed981dc-b49d-426d-ade5-6014728b1ef9,Ethereum,sparklend,USDS,245257618.0,2.31841,2.31841,0.0,55.49,NO
2026-09-06T15:31:49+00:00,71b34441-5a46-431b-a9b3-8c081cd0d74c,Ethereum,morpho-blue,GTUSDCP,88039245.0,4.28938,4.28938,0.0,55.14,NO
2026-09-06T15:31:49+00:00,c8a24fee-ec00-4f38-86c0-9f6daebc4225,Ethereum,sky-lending,SDAI,204362800.0,1.25,1.25,0.0,55.08,NO
2026-09-06T15:31:49+00:00,2d3b68a8-33d3-47e0-a4c0-0bafef4b01d5,Base,morpho-blue,USDE,342144768.0,4.75,0.0,4.75,54.22,NO
2026-09-06T15:31:49+00:00,d73fcfed-a2ca-5314-a94b-a841982df77f,Ethereum,morpho-blue,PENDLEUSDC,58318183.0,6.29947,4.9656,1.33387,54.17,NO
2026-09-06T15:31:49+00:00,b55f43a8-f444-4cd8-a3a4-0a4e786ba566,Ethereum,morpho-blue,STEAKUSDC,68284925.0,4.07928,4.07928,0.0,53.44,NO
2026-09-06T17:10:04+00:00,d8c4eff5-c8a9-46fc-a888-057c4c668e72,Ethereum,sky-lending,SUSDS,4663725024.0,3.6,3.6,0.0,77.57,YES
2026-09-06T17:10:04+00:00,ba68527f-8ec2-4c55-827a-8f4673ae047c,Base,morpho-blue,STEAKUSDC,426760175.0,4.24462,4.24462,0.0,65.04,YES
2026-09-06T17:10:04+00:00,e0672197-9f3e-4414-bca5-e6b4c90aa469,Base,morpho-blue,GTUSDCP,418600377.0,4.24637,4.24637,0.0,65.02,YES
2026-09-06T17:10:04+00:00,699f25fe-09f4-4f82-8f58-baa5b0af8fa4,Ethereum,morpho-blue,SENPYUSDMAIN,386370393.0,5.85115,2.90176,2.94939,63.24,NO
2026-09-06T17:10:04+00:00,9d499222-a01a-45bb-bbc9-f01c7923693b,Arbitrum,spark-savings,USDS,362483716.0,3.6,3.6,0.0,62.78,NO
2026-09-06T17:10:04+00:00,3637ce7b-529b-49c1-964c-710a50b2939c,Arbitrum,sky-lending,SUSDS,362483716.0,3.6,3.6,0.0,62.78,NO
2026-09-06T17:10:04+00:00,8276be38-acc6-4005-ab0d-62680f49f4df,Base,morpho-blue,SIRLOINUSDC,376387449.0,5.61107,2.82514,2.78593,62.54,NO
2026-09-06T17:10:04+00:00,a5fab52f-73fa-4f44-9c09-9af1eb20996c,Base,morpho-blue,SPARKUSDC,305900210.0,3.81414,3.81414,0.0,62.36,NO
2026-09-06T17:10:04+00:00,2e53bb82-f13f-4157-a3bf-b1a91b94b6a4,Ethereum,morpho-blue,SENRLUSDV2,348932760.0,6.19783,2.63597,3.56186,62.34,NO
2026-09-06T17:10:04+00:00,9f71f0fd-cfac-54b1-865e-37338f481708,Ethereum,sky-lending,STUSDS,209357299.0,5.3,5.3,0.0,62.05,NO
2026-09-06T17:10:04+00:00,c5c74dd1-995c-4445-9d84-3e710bad7d52,Ethereum,spark-savings,USDC,310039131.0,3.6,3.6,0.0,61.88,NO
2026-09-06T17:10:04+00:00,a5d67f7e-5b51-4a9d-969d-caf051a7f5a4,Ethereum,spark-savings,USDT,360733573.0,3.25,3.25,0.0,61.04,NO
2026-09-06T17:10:04+00:00,4438dabc-7f0c-430b-8136-2722711ae663,Ethereum,fluid-lending,USDC,146715930.0,4.87,4.87,0.0,60.22,NO
2026-09-06T17:10:04+00:00,f569e486-da2a-41ef-8bfe-1a4db0d1d268,Ethereum,morpho-blue,SENPYUSDPRIMEV2,198925829.0,7.17696,4.70155,2.47541,60.04,NO
2026-09-06T17:10:04+00:00,19d024ed-9c70-4323-9a81-fe873ea5f0e0,Ethereum,aave-v3,SGHO,165069253.0,4.5,4.5,0.0,59.39,NO
2026-09-06T17:10:04+00:00,4e8cc592-c8d5-4824-8155-128ba521e903,Ethereum,fluid-lending,USDT,136195091.0,4.51,4.51,0.0,58.24,NO
2026-09-06T17:10:04+00:00,2f5341f4-6c2e-4c65-b2e0-10cd5228ff62,Ethereum,morpho-blue,STEAKCUSDC,39418127.0,7.19934,7.19934,0.0,57.82,NO
2026-09-06T17:10:04+00:00,f981a304-bb6c-45b8-b0c5-fd2f515ad23a,Ethereum,aave-v3,USDT,206062764.0,3.56423,3.56423,0.0,56.99,NO
2026-09-06T17:10:04+00:00,aa70268e-4b52-42bf-a116-608b370f9501,Ethereum,aave-v3,USDC,150059519.0,3.59835,3.59835,0.0,56.78,NO
2026-09-06T17:10:04+00:00,df7ccfd1-2642-4d79-851a-a5b07d9b8a97,Base,morpho-blue,GTUSDCP,95699227.0,4.24448,4.24448,0.0,56.38,NO
2026-09-06T17:10:04+00:00,81ae8812-f04f-4f6e-9d71-ee5778f3a178,Base,morpho-blue,STEAKUSDC,135917355.0,3.16807,3.16807,0.0,56.26,NO
2026-09-06T17:10:04+00:00,d3b28212-a46b-4db8-8bb7-2c946b3cbe76,Ethereum,morpho-blue,STEAKEURCV,138896289.0,3.0,3.0,0.0,55.73,NO
2026-09-06T17:10:04+00:00,931ea9be-5f4d-428e-beaf-205fc5b4e2b5,Ethereum,morpho-blue,STEAKUSDC,94899981.0,4.27977,4.27977,0.0,55.62,NO
2026-09-06T17:10:04+00:00,488f06db-5a36-450e-9ba9-b4321be39c7c,Ethereum,fluid-lite,USDC,46051736.0,6.51,0.0,0.0,55.52,NO
2026-09-06T17:10:04+00:00,0ed981dc-b49d-426d-ade5-6014728b1ef9,Ethereum,sparklend,USDS,245283111.0,2.31841,2.31841,0.0,55.49,NO
2026-09-06T17:10:04+00:00,71b34441-5a46-431b-a9b3-8c081cd0d74c,Ethereum,morpho-blue,GTUSDCP,87939929.0,4.29018,4.29018,0.0,55.14,NO
2026-09-06T17:10:04+00:00,c8a24fee-ec00-4f38-86c0-9f6daebc4225,Ethereum,sky-lending,SDAI,204362800.0,1.25,1.25,0.0,55.08,NO
2026-09-06T17:10:04+00:00,2d3b68a8-33d3-47e0-a4c0-0bafef4b01d5,Base,morpho-blue,USDE,342118236.0,4.75,0.0,4.75,54.22,NO
2026-09-06T17:10:04+00:00,d73fcfed-a2ca-5314-a94b-a841982df77f,Ethereum,morpho-blue,PENDLEUSDC,58252483.0,6.30548,4.97761,1.32788,54.22,NO
2026-09-06T17:10:04+00:00,b55f43a8-f444-4cd8-a3a4-0a4e786ba566,Ethereum,morpho-blue,STEAKUSDC,68284476.0,4.0795,4.0795,0.0,53.45,NO
2026-09-06T18:07:36+00:00,d8c4eff5-c8a9-46fc-a888-057c4c668e72,Ethereum,sky-lending,SUSDS,4663910398.0,3.6,3.6,0.0,77.57,YES
2026-09-06T18:07:36+00:00,ba68527f-8ec2-4c55-827a-8f4673ae047c,Base,morpho-blue,STEAKUSDC,426743205.0,4.24667,4.24667,0.0,65.06,YES
2026-09-06T18:07:36+00:00,e0672197-9f3e-4414-bca5-e6b4c90aa469,Base,morpho-blue,GTUSDCP,418601384.0,4.24842,4.24842,0.0,65.04,YES
2026-09-06T18:07:36+00:00,699f25fe-09f4-4f82-8f58-baa5b0af8fa4,Ethereum,morpho-blue,SENPYUSDMAIN,386373340.0,5.86321,2.92756,2.93565,63.25,NO
2026-09-06T18:07:36+00:00,9d499222-a01a-45bb-bbc9-f01c7923693b,Arbitrum,spark-savings,USDS,362481261.0,3.6,3.6,0.0,62.78,NO
2026-09-06T18:07:36+00:00,3637ce7b-529b-49c1-964c-710a50b2939c,Arbitrum,sky-lending,SUSDS,362481261.0,3.6,3.6,0.0,62.78,NO
2026-09-06T18:07:36+00:00,8276be38-acc6-4005-ab0d-62680f49f4df,Base,morpho-blue,SIRLOINUSDC,376540577.0,5.61163,2.82573,2.78591,62.55,NO
2026-09-06T18:07:36+00:00,a5fab52f-73fa-4f44-9c09-9af1eb20996c,Base,morpho-blue,SPARKUSDC,305894340.0,3.81597,3.81597,0.0,62.38,NO
2026-09-06T18:07:36+00:00,2e53bb82-f13f-4157-a3bf-b1a91b94b6a4,Ethereum,morpho-blue,SENRLUSDV2,348942145.0,6.19878,2.636,3.56278,62.34,NO
2026-09-06T18:07:36+00:00,9f71f0fd-cfac-54b1-865e-37338f481708,Ethereum,sky-lending,STUSDS,209304083.0,5.3,5.3,0.0,62.06,NO
2026-09-06T18:07:36+00:00,c5c74dd1-995c-4445-9d84-3e710bad7d52,Ethereum,spark-savings,USDC,310032435.0,3.6,3.6,0.0,61.88,NO
2026-09-06T18:07:36+00:00,a5d67f7e-5b51-4a9d-969d-caf051a7f5a4,Ethereum,spark-savings,USDT,360722192.0,3.25,3.25,0.0,61.05,NO
2026-09-06T18:07:36+00:00,4438dabc-7f0c-430b-8136-2722711ae663,Ethereum,fluid-lending,USDC,146573971.0,4.94,4.94,0.0,60.72,NO
2026-09-06T18:07:36+00:00,f569e486-da2a-41ef-8bfe-1a4db0d1d268,Ethereum,morpho-blue,SENPYUSDPRIMEV2,198947185.0,7.15011,4.6755,2.47461,60.08,NO
2026-09-06T18:07:36+00:00,19d024ed-9c70-4323-9a81-fe873ea5f0e0,Ethereum,aave-v3,SGHO,166804142.0,4.5,4.5,0.0,59.45,NO
2026-09-06T18:07:36+00:00,4e8cc592-c8d5-4824-8155-128ba521e903,Ethereum,fluid-lending,USDT,136095183.0,4.52,4.52,0.0,58.3,NO
2026-09-06T18:07:36+00:00,2f5341f4-6c2e-4c65-b2e0-10cd5228ff62,Ethereum,morpho-blue,STEAKCUSDC,38416403.0,7.19935,7.19935,0.0,57.68,NO
2026-09-06T18:07:36+00:00,f981a304-bb6c-45b8-b0c5-fd2f515ad23a,Ethereum,aave-v3,USDT,215106015.0,3.54275,3.54275,0.0,57.37,NO
2026-09-06T18:07:36+00:00,aa70268e-4b52-42bf-a116-608b370f9501,Ethereum,aave-v3,USDC,151816438.0,3.59275,3.59275,0.0,56.8,NO
2026-09-06T18:07:36+00:00,df7ccfd1-2642-4d79-851a-a5b07d9b8a97,Base,morpho-blue,GTUSDCP,95752570.0,4.24654,4.24654,0.0,56.4,NO
2026-09-06T18:07:36+00:00,81ae8812-f04f-4f6e-9d71-ee5778f3a178,Base,morpho-blue,STEAKUSDC,135838988.0,3.16957,3.16957,0.0,56.28,NO
2026-09-06T18:07:36+00:00,d3b28212-a46b-4db8-8bb7-2c946b3cbe76,Ethereum,morpho-blue,STEAKEURCV,138804657.0,3.0,3.0,0.0,55.73,NO
2026-09-06T18:07:36+00:00,931ea9be-5f4d-428e-beaf-205fc5b4e2b5,Ethereum,morpho-blue,STEAKUSDC,94908272.0,4.28011,4.28011,0.0,55.63,NO
2026-09-06T18:07:36+00:00,488f06db-5a36-450e-9ba9-b4321be39c7c,Ethereum,fluid-lite,USDC,46053136.0,6.51,0.0,0.0,55.52,NO
2026-09-06T18:07:36+00:00,0ed981dc-b49d-426d-ade5-6014728b1ef9,Ethereum,sparklend,USDS,245266359.0,2.31841,2.31841,0.0,55.5,NO
2026-09-06T18:07:36+00:00,71b34441-5a46-431b-a9b3-8c081cd0d74c,Ethereum,morpho-blue,GTUSDCP,87992419.0,4.29065,4.29065,0.0,55.15,NO
2026-09-06T18:07:36+00:00,c8a24fee-ec00-4f38-86c0-9f6daebc4225,Ethereum,sky-lending,SDAI,204362800.0,1.25,1.25,0.0,55.08,NO
2026-09-06T18:07:36+00:00,d73fcfed-a2ca-5314-a94b-a841982df77f,Ethereum,morpho-blue,PENDLEUSDC,58251550.0,6.31081,4.97952,1.33128,54.25,NO
2026-09-06T18:07:36+00:00,2d3b68a8-33d3-47e0-a4c0-0bafef4b01d5,Base,morpho-blue,USDE,342146072.0,4.75,0.0,4.75,54.22,NO
2026-09-06T18:07:36+00:00,ded5a855-23c1-459d-8390-ba2707fac7c5,Ethereum,morpho-blue,STEAKUSDT,88802570.0,3.06019,3.06019,0.0,53.7,NO
2026-09-06T18:25:08+00:00,d8c4eff5-c8a9-46fc-a888-057c4c668e72,Ethereum,sky-lending,SUSDS,4664593880.0,3.6,3.6,0.0,77.58,YES
2026-09-06T18:25:08+00:00,ba68527f-8ec2-4c55-827a-8f4673ae047c,Base,morpho-blue,STEAKUSDC,426271530.0,4.24872,4.24872,0.0,65.07,YES
2026-09-06T18:25:08+00:00,e0672197-9f3e-4414-bca5-e6b4c90aa469,Base,morpho-blue,GTUSDCP,418635971.0,4.25054,4.25054,0.0,65.07,YES
2026-09-06T18:25:08+00:00,699f25fe-09f4-4f82-8f58-baa5b0af8fa4,Ethereum,morpho-blue,SENPYUSDMAIN,386394039.0,5.86825,2.9292,2.93905,63.23,NO
2026-09-06T18:25:08+00:00,9d499222-a01a-45bb-bbc9-f01c7923693b,Arbitrum,spark-savings,USDS,362477984.0,3.6,3.6,0.0,62.78,NO
2026-09-06T18:25:08+00:00,3637ce7b-529b-49c1-964c-710a50b2939c,Arbitrum,sky-lending,SUSDS,362477984.0,3.6,3.6,0.0,62.78,NO
2026-09-06T18:25:08+00:00,8276be38-acc6-4005-ab0d-62680f49f4df,Base,morpho-blue,SIRLOINUSDC,376397514.0,5.61172,2.82641,2.78532,62.55,NO
2026-09-06T18:25:08+00:00,a5fab52f-73fa-4f44-9c09-9af1eb20996c,Base,morpho-blue,SPARKUSDC,305914881.0,3.81787,3.81787,0.0,62.4,NO
2026-09-06T18:25:08+00:00,2e53bb82-f13f-4157-a3bf-b1a91b94b6a4,Ethereum,morpho-blue,SENRLUSDV2,348927313.0,6.20034,2.65004,3.5503,62.38,NO
2026-09-06T18:25:08+00:00,9f71f0fd-cfac-54b1-865e-37338f481708,Ethereum,sky-lending,STUSDS,209235897.0,5.3,5.3,0.0,62.06,NO
2026-09-06T18:25:08+00:00,c5c74dd1-995c-4445-9d84-3e710bad7d52,Ethereum,spark-savings,USDC,310038336.0,3.6,3.6,0.0,61.88,NO
2026-09-06T18:25:08+00:00,a5d67f7e-5b51-4a9d-969d-caf051a7f5a4,Ethereum,spark-savings,USDT,360717803.0,3.25,3.25,0.0,61.05,NO
2026-09-06T18:25:08+00:00,4438dabc-7f0c-430b-8136-2722711ae663,Ethereum,fluid-lending,USDC,146602810.0,4.94,4.94,0.0,60.72,NO
2026-09-06T18:25:08+00:00,f569e486-da2a-41ef-8bfe-1a4db0d1d268,Ethereum,morpho-blue,SENPYUSDPRIMEV2,198957813.0,7.12409,4.65953,2.46456,60.13,NO
2026-09-06T18:25:08+00:00,19d024ed-9c70-4323-9a81-fe873ea5f0e0,Ethereum,aave-v3,SGHO,165233987.0,4.5,4.5,0.0,59.4,NO
2026-09-06T18:25:08+00:00,4e8cc592-c8d5-4824-8155-128ba521e903,Ethereum,fluid-lending,USDT,136098109.0,4.51,4.51,0.0,58.23,NO
2026-09-06T18:25:08+00:00,2f5341f4-6c2e-4c65-b2e0-10cd5228ff62,Ethereum,morpho-blue,STEAKCUSDC,38419061.0,7.19936,7.19936,0.0,57.68,NO
2026-09-06T18:25:08+00:00,f981a304-bb6c-45b8-b0c5-fd2f515ad23a,Ethereum,aave-v3,USDT,216927714.0,3.53821,3.53821,0.0,57.46,NO
2026-09-06T18:25:08+00:00,aa70268e-4b52-42bf-a116-608b370f9501,Ethereum,aave-v3,USDC,151180206.0,3.59485,3.59485,0.0,56.79,NO
2026-09-06T18:25:08+00:00,df7ccfd1-2642-4d79-851a-a5b07d9b8a97,Base,morpho-blue,GTUSDCP,95782001.0,4.24859,4.24859,0.0,56.43,NO
2026-09-06T18:25:08+00:00,81ae8812-f04f-4f6e-9d71-ee5778f3a178,Base,morpho-blue,STEAKUSDC,135804138.0,3.17113,3.17113,0.0,56.3,NO
2026-09-06T18:25:08+00:00,d3b28212-a46b-4db8-8bb7-2c946b3cbe76,Ethereum,morpho-blue,STEAKEURCV,138806128.0,3.0,3.0,0.0,55.73,NO
2026-09-06T18:25:08+00:00,488f06db-5a36-450e-9ba9-b4321be39c7c,Ethereum,fluid-lite,USDC,46072449.0,6.51,0.0,0.0,55.53,NO
2026-09-06T18:25:08+00:00,0ed981dc-b49d-426d-ade5-6014728b1ef9,Ethereum,sparklend,USDS,245301522.0,2.31841,2.31841,0.0,55.5,NO
2026-09-06T18:25:08+00:00,931ea9be-5f4d-428e-beaf-205fc5b4e2b5,Ethereum,morpho-blue,STEAKUSDC,90001160.0,4.28057,4.28057,0.0,55.32,NO
2026-09-06T18:25:08+00:00,71b34441-5a46-431b-a9b3-8c081cd0d74c,Ethereum,morpho-blue,GTUSDCP,87998232.0,4.2915,4.2915,0.0,55.15,NO
2026-09-06T18:25:08+00:00,c8a24fee-ec00-4f38-86c0-9f6daebc4225,Ethereum,sky-lending,SDAI,204362800.0,1.25,1.25,0.0,55.08,NO
2026-09-06T18:25:08+00:00,d73fcfed-a2ca-5314-a94b-a841982df77f,Ethereum,morpho-blue,PENDLEUSDC,58256912.0,6.31777,4.98012,1.33765,54.28,NO
2026-09-06T18:25:08+00:00,2d3b68a8-33d3-47e0-a4c0-0bafef4b01d5,Base,morpho-blue,USDE,342154642.0,4.75,0.0,4.75,54.22,NO
2026-09-06T18:25:08+00:00,ded5a855-23c1-459d-8390-ba2707fac7c5,Ethereum,morpho-blue,STEAKUSDT,88784027.0,3.03464,3.03464,0.0,53.86,NO
2026-09-06T18:57:51+00:00,d8c4eff5-c8a9-46fc-a888-057c4c668e72,Ethereum,sky-lending,SUSDS,4664593880.0,3.6,3.6,0.0,77.58,YES
2026-09-06T18:57:51+00:00,ba68527f-8ec2-4c55-827a-8f4673ae047c,Base,morpho-blue,STEAKUSDC,426271530.0,4.24872,4.24872,0.0,65.07,YES
2026-09-06T18:57:51+00:00,e0672197-9f3e-4414-bca5-e6b4c90aa469,Base,morpho-blue,GTUSDCP,418635971.0,4.25054,4.25054,0.0,65.07,YES
2026-09-06T18:57:51+00:00,699f25fe-09f4-4f82-8f58-baa5b0af8fa4,Ethereum,morpho-blue,SENPYUSDMAIN,386394039.0,5.86825,2.9292,2.93905,63.23,NO
2026-09-06T18:57:51+00:00,9d499222-a01a-45bb-bbc9-f01c7923693b,Arbitrum,spark-savings,USDS,362477984.0,3.6,3.6,0.0,62.78,NO
2026-09-06T18:57:51+00:00,3637ce7b-529b-49c1-964c-710a50b2939c,Arbitrum,sky-lending,SUSDS,362477984.0,3.6,3.6,0.0,62.78,NO
2026-09-06T18:57:51+00:00,8276be38-acc6-4005-ab0d-62680f49f4df,Base,morpho-blue,SIRLOINUSDC,376397514.0,5.61172,2.82641,2.78532,62.55,NO
2026-09-06T18:57:51+00:00,a5fab52f-73fa-4f44-9c09-9af1eb20996c,Base,morpho-blue,SPARKUSDC,305914881.0,3.81787,3.81787,0.0,62.4,NO
2026-09-06T18:57:51+00:00,2e53bb82-f13f-4157-a3bf-b1a91b94b6a4,Ethereum,morpho-blue,SENRLUSDV2,348927313.0,6.20034,2.65004,3.5503,62.38,NO
2026-09-06T18:57:51+00:00,9f71f0fd-cfac-54b1-865e-37338f481708,Ethereum,sky-lending,STUSDS,209235897.0,5.3,5.3,0.0,62.06,NO
2026-09-06T18:57:51+00:00,c5c74dd1-995c-4445-9d84-3e710bad7d52,Ethereum,spark-savings,USDC,310038336.0,3.6,3.6,0.0,61.88,NO
2026-09-06T18:57:51+00:00,a5d67f7e-5b51-4a9d-969d-caf051a7f5a4,Ethereum,spark-savings,USDT,360717803.0,3.25,3.25,0.0,61.05,NO
2026-09-06T18:57:51+00:00,4438dabc-7f0c-430b-8136-2722711ae663,Ethereum,fluid-lending,USDC,146602810.0,4.94,4.94,0.0,60.72,NO
2026-09-06T18:57:51+00:00,f569e486-da2a-41ef-8bfe-1a4db0d1d268,Ethereum,morpho-blue,SENPYUSDPRIMEV2,198957813.0,7.12409,4.65953,2.46456,60.13,NO
2026-09-06T18:57:51+00:00,19d024ed-9c70-4323-9a81-fe873ea5f0e0,Ethereum,aave-v3,SGHO,165233987.0,4.5,4.5,0.0,59.4,NO
2026-09-06T18:57:51+00:00,4e8cc592-c8d5-4824-8155-128ba521e903,Ethereum,fluid-lending,USDT,136098109.0,4.51,4.51,0.0,58.23,NO
2026-09-06T18:57:51+00:00,2f5341f4-6c2e-4c65-b2e0-10cd5228ff62,Ethereum,morpho-blue,STEAKCUSDC,38419061.0,7.19936,7.19936,0.0,57.68,NO
2026-09-06T18:57:51+00:00,f981a304-bb6c-45b8-b0c5-fd2f515ad23a,Ethereum,aave-v3,USDT,216927714.0,3.53821,3.53821,0.0,57.46,NO
2026-09-06T18:57:51+00:00,aa70268e-4b52-42bf-a116-608b370f9501,Ethereum,aave-v3,USDC,151180206.0,3.59485,3.59485,0.0,56.79,NO
2026-09-06T18:57:51+00:00,df7ccfd1-2642-4d79-851a-a5b07d9b8a97,Base,morpho-blue,GTUSDCP,95782001.0,4.24859,4.24859,0.0,56.43,NO
2026-09-06T18:57:51+00:00,81ae8812-f04f-4f6e-9d71-ee5778f3a178,Base,morpho-blue,STEAKUSDC,135804138.0,3.17113,3.17113,0.0,56.3,NO
2026-09-06T18:57:51+00:00,d3b28212-a46b-4db8-8bb7-2c946b3cbe76,Ethereum,morpho-blue,STEAKEURCV,138806128.0,3.0,3.0,0.0,55.73,NO
2026-09-06T18:57:51+00:00,488f06db-5a36-450e-9ba9-b4321be39c7c,Ethereum,fluid-lite,USDC,46072449.0,6.51,0.0,0.0,55.53,NO
2026-09-06T18:57:51+00:00,0ed981dc-b49d-426d-ade5-6014728b1ef9,Ethereum,sparklend,USDS,245301522.0,2.31841,2.31841,0.0,55.5,NO
2026-09-06T18:57:51+00:00,931ea9be-5f4d-428e-beaf-205fc5b4e2b5,Ethereum,morpho-blue,STEAKUSDC,90001160.0,4.28057,4.28057,0.0,55.32,NO
2026-09-06T18:57:51+00:00,71b34441-5a46-431b-a9b3-8c081cd0d74c,Ethereum,morpho-blue,GTUSDCP,87998232.0,4.2915,4.2915,0.0,55.15,NO
2026-09-06T18:57:51+00:00,c8a24fee-ec00-4f38-86c0-9f6daebc4225,Ethereum,sky-lending,SDAI,204362800.0,1.25,1.25,0.0,55.08,NO
2026-09-06T18:57:51+00:00,d73fcfed-a2ca-5314-a94b-a841982df77f,Ethereum,morpho-blue,PENDLEUSDC,58256912.0,6.31777,4.98012,1.33765,54.28,NO
2026-09-06T18:57:51+00:00,2d3b68a8-33d3-47e0-a4c0-0bafef4b01d5,Base,morpho-blue,USDE,342154642.0,4.75,0.0,4.75,54.22,NO
2026-09-06T18:57:51+00:00,ded5a855-23c1-459d-8390-ba2707fac7c5,Ethereum,morpho-blue,STEAKUSDT,88784027.0,3.03464,3.03464,0.0,53.86,NO
2026-09-06T19:10:20+00:00,d8c4eff5-c8a9-46fc-a888-057c4c668e72,Ethereum,sky-lending,SUSDS,4664593880.0,3.6,3.6,0.0,77.58,YES
2026-09-06T19:10:20+00:00,ba68527f-8ec2-4c55-827a-8f4673ae047c,Base,morpho-blue,STEAKUSDC,426271530.0,4.24872,4.24872,0.0,65.07,YES
2026-09-06T19:10:20+00:00,e0672197-9f3e-4414-bca5-e6b4c90aa469,Base,morpho-blue,GTUSDCP,418635971.0,4.25054,4.25054,0.0,65.07,YES
2026-09-06T19:10:20+00:00,699f25fe-09f4-4f82-8f58-baa5b0af8fa4,Ethereum,morpho-blue,SENPYUSDMAIN,386394039.0,5.86825,2.9292,2.93905,63.23,NO
2026-09-06T19:10:20+00:00,9d499222-a01a-45bb-bbc9-f01c7923693b,Arbitrum,spark-savings,USDS,362477984.0,3.6,3.6,0.0,62.78,NO
2026-09-06T19:10:20+00:00,3637ce7b-529b-49c1-964c-710a50b2939c,Arbitrum,sky-lending,SUSDS,362477984.0,3.6,3.6,0.0,62.78,NO
2026-09-06T19:10:20+00:00,8276be38-acc6-4005-ab0d-62680f49f4df,Base,morpho-blue,SIRLOINUSDC,376397514.0,5.61172,2.82641,2.78532,62.55,NO
2026-09-06T19:10:20+00:00,a5fab52f-73fa-4f44-9c09-9af1eb20996c,Base,morpho-blue,SPARKUSDC,305914881.0,3.81787,3.81787,0.0,62.4,NO
2026-09-06T19:10:20+00:00,2e53bb82-f13f-4157-a3bf-b1a91b94b6a4,Ethereum,morpho-blue,SENRLUSDV2,348927313.0,6.20034,2.65004,3.5503,62.38,NO
2026-09-06T19:10:20+00:00,9f71f0fd-cfac-54b1-865e-37338f481708,Ethereum,sky-lending,STUSDS,209235897.0,5.3,5.3,0.0,62.06,NO
2026-09-06T19:10:20+00:00,c5c74dd1-995c-4445-9d84-3e710bad7d52,Ethereum,spark-savings,USDC,310038336.0,3.6,3.6,0.0,61.88,NO
2026-09-06T19:10:20+00:00,a5d67f7e-5b51-4a9d-969d-caf051a7f5a4,Ethereum,spark-savings,USDT,360717803.0,3.25,3.25,0.0,61.05,NO
2026-09-06T19:10:20+00:00,4438dabc-7f0c-430b-8136-2722711ae663,Ethereum,fluid-lending,USDC,146602810.0,4.94,4.94,0.0,60.72,NO
2026-09-06T19:10:20+00:00,f569e486-da2a-41ef-8bfe-1a4db0d1d268,Ethereum,morpho-blue,SENPYUSDPRIMEV2,198957813.0,7.12409,4.65953,2.46456,60.13,NO
2026-09-06T19:10:20+00:00,19d024ed-9c70-4323-9a81-fe873ea5f0e0,Ethereum,aave-v3,SGHO,165233987.0,4.5,4.5,0.0,59.4,NO
2026-09-06T19:10:20+00:00,4e8cc592-c8d5-4824-8155-128ba521e903,Ethereum,fluid-lending,USDT,136098109.0,4.51,4.51,0.0,58.23,NO
2026-09-06T19:10:20+00:00,2f5341f4-6c2e-4c65-b2e0-10cd5228ff62,Ethereum,morpho-blue,STEAKCUSDC,38419061.0,7.19936,7.19936,0.0,57.68,NO
2026-09-06T19:10:20+00:00,f981a304-bb6c-45b8-b0c5-fd2f515ad23a,Ethereum,aave-v3,USDT,216927714.0,3.53821,3.53821,0.0,57.46,NO
2026-09-06T19:10:20+00:00,aa70268e-4b52-42bf-a116-608b370f9501,Ethereum,aave-v3,USDC,151180206.0,3.59485,3.59485,0.0,56.79,NO
2026-09-06T19:10:20+00:00,df7ccfd1-2642-4d79-851a-a5b07d9b8a97,Base,morpho-blue,GTUSDCP,95782001.0,4.24859,4.24859,0.0,56.43,NO
2026-09-06T19:10:20+00:00,81ae8812-f04f-4f6e-9d71-ee5778f3a178,Base,morpho-blue,STEAKUSDC,135804138.0,3.17113,3.17113,0.0,56.3,NO
2026-09-06T19:10:20+00:00,d3b28212-a46b-4db8-8bb7-2c946b3cbe76,Ethereum,morpho-blue,STEAKEURCV,138806128.0,3.0,3.0,0.0,55.73,NO
2026-09-06T19:10:20+00:00,488f06db-5a36-450e-9ba9-b4321be39c7c,Ethereum,fluid-lite,USDC,46072449.0,6.51,0.0,0.0,55.53,NO
2026-09-06T19:10:20+00:00,0ed981dc-b49d-426d-ade5-6014728b1ef9,Ethereum,sparklend,USDS,245301522.0,2.31841,2.31841,0.0,55.5,NO
2026-09-06T19:10:20+00:00,931ea9be-5f4d-428e-beaf-205fc5b4e2b5,Ethereum,morpho-blue,STEAKUSDC,90001160.0,4.28057,4.28057,0.0,55.32,NO
2026-09-06T19:10:20+00:00,71b34441-5a46-431b-a9b3-8c081cd0d74c,Ethereum,morpho-blue,GTUSDCP,87998232.0,4.2915,4.2915,0.0,55.15,NO
2026-09-06T19:10:20+00:00,c8a24fee-ec00-4f38-86c0-9f6daebc4225,Ethereum,sky-lending,SDAI,204362800.0,1.25,1.25,0.0,55.08,NO
2026-09-06T19:10:20+00:00,d73fcfed-a2ca-5314-a94b-a841982df77f,Ethereum,morpho-blue,PENDLEUSDC,58256912.0,6.31777,4.98012,1.33765,54.28,NO
2026-09-06T19:10:20+00:00,2d3b68a8-33d3-47e0-a4c0-0bafef4b01d5,Base,morpho-blue,USDE,342154642.0,4.75,0.0,4.75,54.22,NO
2026-09-06T19:10:20+00:00,ded5a855-23c1-459d-8390-ba2707fac7c5,Ethereum,morpho-blue,STEAKUSDT,88784027.0,3.03464,3.03464,0.0,53.86,NO
2026-09-06T20:27:36+00:00,d8c4eff5-c8a9-46fc-a888-057c4c668e72,Ethereum,sky-lending,SUSDS,4666928762.0,3.6,3.6,0.0,77.58,YES
2026-09-06T20:27:36+00:00,e0672197-9f3e-4414-bca5-e6b4c90aa469,Base,morpho-blue,GTUSDCP,418613768.0,4.25531,4.25531,0.0,65.12,YES
2026-09-06T20:27:36+00:00,ba68527f-8ec2-4c55-827a-8f4673ae047c,Base,morpho-blue,STEAKUSDC,425975646.0,4.25318,4.25318,0.0,65.11,YES
2026-09-06T20:27:36+00:00,699f25fe-09f4-4f82-8f58-baa5b0af8fa4,Ethereum,morpho-blue,SENPYUSDMAIN,386355783.0,5.86509,2.90968,2.95541,63.21,NO
2026-09-06T20:27:36+00:00,9d499222-a01a-45bb-bbc9-f01c7923693b,Arbitrum,spark-savings,USDS,362494247.0,3.6,3.6,0.0,62.78,NO
2026-09-06T20:27:36+00:00,3637ce7b-529b-49c1-964c-710a50b2939c,Arbitrum,sky-lending,SUSDS,362494247.0,3.6,3.6,0.0,62.78,NO
2026-09-06T20:27:36+00:00,8276be38-acc6-4005-ab0d-62680f49f4df,Base,morpho-blue,SIRLOINUSDC,376493723.0,5.61562,2.82909,2.78653,62.58,NO
2026-09-06T20:27:36+00:00,a5fab52f-73fa-4f44-9c09-9af1eb20996c,Base,morpho-blue,SPARKUSDC,305901723.0,3.82222,3.82222,0.0,62.45,NO
2026-09-06T20:27:36+00:00,2e53bb82-f13f-4157-a3bf-b1a91b94b6a4,Ethereum,morpho-blue,SENRLUSDV2,348952016.0,6.20117,2.63177,3.56939,62.35,NO
2026-09-06T20:27:36+00:00,9f71f0fd-cfac-54b1-865e-37338f481708,Ethereum,sky-lending,STUSDS,209336152.0,5.3,5.3,0.0,62.07,NO
2026-09-06T20:27:36+00:00,c5c74dd1-995c-4445-9d84-3e710bad7d52,Ethereum,spark-savings,USDC,310046555.0,3.6,3.6,0.0,61.88,NO
2026-09-06T20:27:36+00:00,a5d67f7e-5b51-4a9d-969d-caf051a7f5a4,Ethereum,spark-savings,USDT,360738979.0,3.25,3.25,0.0,61.07,NO
2026-09-06T20:27:36+00:00,4438dabc-7f0c-430b-8136-2722711ae663,Ethereum,fluid-lending,USDC,146638982.0,4.94,4.94,0.0,60.73,NO
2026-09-06T20:27:36+00:00,f569e486-da2a-41ef-8bfe-1a4db0d1d268,Ethereum,morpho-blue,SENPYUSDPRIMEV2,197942854.0,7.0945,4.60308,2.49142,60.11,NO
2026-09-06T20:27:36+00:00,19d024ed-9c70-4323-9a81-fe873ea5f0e0,Ethereum,aave-v3,SGHO,165215360.0,4.5,4.5,0.0,59.41,NO
2026-09-06T20:27:36+00:00,4e8cc592-c8d5-4824-8155-128ba521e903,Ethereum,fluid-lending,USDT,135920528.0,4.52,4.52,0.0,58.29,NO
2026-09-06T20:27:36+00:00,2f5341f4-6c2e-4c65-b2e0-10cd5228ff62,Ethereum,morpho-blue,STEAKCUSDC,38417404.0,7.19939,7.19939,0.0,57.7,NO
2026-09-06T20:27:36+00:00,f981a304-bb6c-45b8-b0c5-fd2f515ad23a,Ethereum,aave-v3,USDT,216934275.0,3.53823,3.53823,0.0,57.48,NO
2026-09-06T20:27:36+00:00,aa70268e-4b52-42bf-a116-608b370f9501,Ethereum,aave-v3,USDC,151332890.0,3.59429,3.59429,0.0,56.78,NO
2026-09-06T20:27:36+00:00,df7ccfd1-2642-4d79-851a-a5b07d9b8a97,Base,morpho-blue,GTUSDCP,95646604.0,4.25303,4.25303,0.0,56.46,NO
2026-09-06T20:27:36+00:00,81ae8812-f04f-4f6e-9d71-ee5778f3a178,Base,morpho-blue,STEAKUSDC,135734382.0,3.17351,3.17351,0.0,56.34,NO
2026-09-06T20:27:36+00:00,d3b28212-a46b-4db8-8bb7-2c946b3cbe76,Ethereum,morpho-blue,STEAKEURCV,138698503.0,3.0,3.0,0.0,55.74,NO
2026-09-06T20:27:36+00:00,488f06db-5a36-450e-9ba9-b4321be39c7c,Ethereum,fluid-lite,USDC,46058908.0,6.51,0.0,0.0,55.53,NO
2026-09-06T20:27:36+00:00,0ed981dc-b49d-426d-ade5-6014728b1ef9,Ethereum,sparklend,USDS,245263538.0,2.31841,2.31841,0.0,55.51,NO
2026-09-06T20:27:36+00:00,931ea9be-5f4d-428e-beaf-205fc5b4e2b5,Ethereum,morpho-blue,STEAKUSDC,90202187.0,4.28097,4.28097,0.0,55.35,NO
2026-09-06T20:27:36+00:00,71b34441-5a46-431b-a9b3-8c081cd0d74c,Ethereum,morpho-blue,GTUSDCP,88003688.0,4.29169,4.29169,0.0,55.17,NO
2026-09-06T20:27:36+00:00,c8a24fee-ec00-4f38-86c0-9f6daebc4225,Ethereum,sky-lending,SDAI,204362800.0,1.25,1.25,0.0,55.08,NO
2026-09-06T20:27:36+00:00,d73fcfed-a2ca-5314-a94b-a841982df77f,Ethereum,morpho-blue,PENDLEUSDC,58154160.0,6.3281,4.96811,1.35999,54.3,NO
2026-09-06T20:27:36+00:00,2d3b68a8-33d3-47e0-a4c0-0bafef4b01d5,Base,morpho-blue,USDE,342149536.0,4.75,0.0,4.75,54.23,NO
2026-09-06T20:27:36+00:00,ded5a855-23c1-459d-8390-ba2707fac7c5,Ethereum,morpho-blue,STEAKUSDT,88782630.0,2.98889,2.98889,0.0,53.59,NO
2026-09-06T21:13:20+00:00,d8c4eff5-c8a9-46fc-a888-057c4c668e72,Ethereum,sky-lending,SUSDS,4666928762.0,3.6,3.6,0.0,77.58,YES
2026-09-06T21:13:20+00:00,e0672197-9f3e-4414-bca5-e6b4c90aa469,Base,morpho-blue,GTUSDCP,418613768.0,4.25531,4.25531,0.0,65.12,YES
2026-09-06T21:13:20+00:00,ba68527f-8ec2-4c55-827a-8f4673ae047c,Base,morpho-blue,STEAKUSDC,425975646.0,4.25318,4.25318,0.0,65.11,YES
2026-09-06T21:13:20+00:00,699f25fe-09f4-4f82-8f58-baa5b0af8fa4,Ethereum,morpho-blue,SENPYUSDMAIN,386355783.0,5.86509,2.90968,2.95541,63.21,NO
2026-09-06T21:13:20+00:00,9d499222-a01a-45bb-bbc9-f01c7923693b,Arbitrum,spark-savings,USDS,362494247.0,3.6,3.6,0.0,62.78,NO
2026-09-06T21:13:20+00:00,3637ce7b-529b-49c1-964c-710a50b2939c,Arbitrum,sky-lending,SUSDS,362494247.0,3.6,3.6,0.0,62.78,NO
2026-09-06T21:13:20+00:00,8276be38-acc6-4005-ab0d-62680f49f4df,Base,morpho-blue,SIRLOINUSDC,376493723.0,5.61562,2.82909,2.78653,62.58,NO
2026-09-06T21:13:20+00:00,a5fab52f-73fa-4f44-9c09-9af1eb20996c,Base,morpho-blue,SPARKUSDC,305901723.0,3.82222,3.82222,0.0,62.45,NO
2026-09-06T21:13:20+00:00,2e53bb82-f13f-4157-a3bf-b1a91b94b6a4,Ethereum,morpho-blue,SENRLUSDV2,348952016.0,6.20117,2.63177,3.56939,62.35,NO
2026-09-06T21:13:20+00:00,9f71f0fd-cfac-54b1-865e-37338f481708,Ethereum,sky-lending,STUSDS,209336152.0,5.3,5.3,0.0,62.07,NO
2026-09-06T21:13:20+00:00,c5c74dd1-995c-4445-9d84-3e710bad7d52,Ethereum,spark-savings,USDC,310046555.0,3.6,3.6,0.0,61.88,NO
2026-09-06T21:13:20+00:00,a5d67f7e-5b51-4a9d-969d-caf051a7f5a4,Ethereum,spark-savings,USDT,360738979.0,3.25,3.25,0.0,61.07,NO
2026-09-06T21:13:20+00:00,4438dabc-7f0c-430b-8136-2722711ae663,Ethereum,fluid-lending,USDC,146638982.0,4.94,4.94,0.0,60.73,NO
2026-09-06T21:13:20+00:00,f569e486-da2a-41ef-8bfe-1a4db0d1d268,Ethereum,morpho-blue,SENPYUSDPRIMEV2,197942854.0,7.0945,4.60308,2.49142,60.11,NO
2026-09-06T21:13:20+00:00,19d024ed-9c70-4323-9a81-fe873ea5f0e0,Ethereum,aave-v3,SGHO,165215360.0,4.5,4.5,0.0,59.41,NO
2026-09-06T21:13:20+00:00,4e8cc592-c8d5-4824-8155-128ba521e903,Ethereum,fluid-lending,USDT,135920528.0,4.52,4.52,0.0,58.29,NO
2026-09-06T21:13:20+00:00,2f5341f4-6c2e-4c65-b2e0-10cd5228ff62,Ethereum,morpho-blue,STEAKCUSDC,38417404.0,7.19939,7.19939,0.0,57.7,NO
2026-09-06T21:13:20+00:00,f981a304-bb6c-45b8-b0c5-fd2f515ad23a,Ethereum,aave-v3,USDT,216934275.0,3.53823,3.53823,0.0,57.48,NO
2026-09-06T21:13:20+00:00,aa70268e-4b52-42bf-a116-608b370f9501,Ethereum,aave-v3,USDC,151332890.0,3.59429,3.59429,0.0,56.78,NO
2026-09-06T21:13:20+00:00,df7ccfd1-2642-4d79-851a-a5b07d9b8a97,Base,morpho-blue,GTUSDCP,95646604.0,4.25303,4.25303,0.0,56.46,NO
2026-09-06T21:13:20+00:00,81ae8812-f04f-4f6e-9d71-ee5778f3a178,Base,morpho-blue,STEAKUSDC,135734382.0,3.17351,3.17351,0.0,56.34,NO
2026-09-06T21:13:20+00:00,d3b28212-a46b-4db8-8bb7-2c946b3cbe76,Ethereum,morpho-blue,STEAKEURCV,138698503.0,3.0,3.0,0.0,55.74,NO
2026-09-06T21:13:20+00:00,488f06db-5a36-450e-9ba9-b4321be39c7c,Ethereum,fluid-lite,USDC,46058908.0,6.51,0.0,0.0,55.53,NO
2026-09-06T21:13:20+00:00,0ed981dc-b49d-426d-ade5-6014728b1ef9,Ethereum,sparklend,USDS,245263538.0,2.31841,2.31841,0.0,55.51,NO
2026-09-06T21:13:20+00:00,931ea9be-5f4d-428e-beaf-205fc5b4e2b5,Ethereum,morpho-blue,STEAKUSDC,90202187.0,4.28097,4.28097,0.0,55.35,NO
2026-09-06T21:13:20+00:00,71b34441-5a46-431b-a9b3-8c081cd0d74c,Ethereum,morpho-blue,GTUSDCP,88003688.0,4.29169,4.29169,0.0,55.17,NO
2026-09-06T21:13:20+00:00,c8a24fee-ec00-4f38-86c0-9f6daebc4225,Ethereum,sky-lending,SDAI,204362800.0,1.25,1.25,0.0,55.08,NO
2026-09-06T21:13:20+00:00,d73fcfed-a2ca-5314-a94b-a841982df77f,Ethereum,morpho-blue,PENDLEUSDC,58154160.0,6.3281,4.96811,1.35999,54.3,NO
2026-09-06T21:13:20+00:00,2d3b68a8-33d3-47e0-a4c0-0bafef4b01d5,Base,morpho-blue,USDE,342149536.0,4.75,0.0,4.75,54.23,NO
2026-09-06T21:13:20+00:00,ded5a855-23c1-459d-8390-ba2707fac7c5,Ethereum,morpho-blue,STEAKUSDT,88782630.0,2.98889,2.98889,0.0,53.59,NO
2026-09-06T21:20:42+00:00,d8c4eff5-c8a9-46fc-a888-057c4c668e72,Ethereum,sky-lending,SUSDS,4666928762.0,3.6,3.6,0.0,77.58,YES
2026-09-06T21:20:42+00:00,e0672197-9f3e-4414-bca5-e6b4c90aa469,Base,morpho-blue,GTUSDCP,418613768.0,4.25531,4.25531,0.0,65.12,YES
2026-09-06T21:20:42+00:00,ba68527f-8ec2-4c55-827a-8f4673ae047c,Base,morpho-blue,STEAKUSDC,425975646.0,4.25318,4.25318,0.0,65.11,YES
2026-09-06T21:20:42+00:00,699f25fe-09f4-4f82-8f58-baa5b0af8fa4,Ethereum,morpho-blue,SENPYUSDMAIN,386355783.0,5.86509,2.90968,2.95541,63.21,NO
2026-09-06T21:20:42+00:00,9d499222-a01a-45bb-bbc9-f01c7923693b,Arbitrum,spark-savings,USDS,362494247.0,3.6,3.6,0.0,62.78,NO
2026-09-06T21:20:42+00:00,3637ce7b-529b-49c1-964c-710a50b2939c,Arbitrum,sky-lending,SUSDS,362494247.0,3.6,3.6,0.0,62.78,NO
2026-09-06T21:20:42+00:00,8276be38-acc6-4005-ab0d-62680f49f4df,Base,morpho-blue,SIRLOINUSDC,376493723.0,5.61562,2.82909,2.78653,62.58,NO
2026-09-06T21:20:42+00:00,a5fab52f-73fa-4f44-9c09-9af1eb20996c,Base,morpho-blue,SPARKUSDC,305901723.0,3.82222,3.82222,0.0,62.45,NO
2026-09-06T21:20:42+00:00,2e53bb82-f13f-4157-a3bf-b1a91b94b6a4,Ethereum,morpho-blue,SENRLUSDV2,348952016.0,6.20117,2.63177,3.56939,62.35,NO
2026-09-06T21:20:42+00:00,9f71f0fd-cfac-54b1-865e-37338f481708,Ethereum,sky-lending,STUSDS,209336152.0,5.3,5.3,0.0,62.07,NO
2026-09-06T21:20:42+00:00,c5c74dd1-995c-4445-9d84-3e710bad7d52,Ethereum,spark-savings,USDC,310046555.0,3.6,3.6,0.0,61.88,NO
2026-09-06T21:20:42+00:00,a5d67f7e-5b51-4a9d-969d-caf051a7f5a4,Ethereum,spark-savings,USDT,360738979.0,3.25,3.25,0.0,61.07,NO
2026-09-06T21:20:42+00:00,4438dabc-7f0c-430b-8136-2722711ae663,Ethereum,fluid-lending,USDC,146638982.0,4.94,4.94,0.0,60.73,NO
2026-09-06T21:20:42+00:00,f569e486-da2a-41ef-8bfe-1a4db0d1d268,Ethereum,morpho-blue,SENPYUSDPRIMEV2,197942854.0,7.0945,4.60308,2.49142,60.11,NO
2026-09-06T21:20:42+00:00,19d024ed-9c70-4323-9a81-fe873ea5f0e0,Ethereum,aave-v3,SGHO,165215360.0,4.5,4.5,0.0,59.41,NO
2026-09-06T21:20:42+00:00,4e8cc592-c8d5-4824-8155-128ba521e903,Ethereum,fluid-lending,USDT,135920528.0,4.52,4.52,0.0,58.29,NO
2026-09-06T21:20:42+00:00,2f5341f4-6c2e-4c65-b2e0-10cd5228ff62,Ethereum,morpho-blue,STEAKCUSDC,38417404.0,7.19939,7.19939,0.0,57.7,NO
2026-09-06T21:20:42+00:00,f981a304-bb6c-45b8-b0c5-fd2f515ad23a,Ethereum,aave-v3,USDT,216934275.0,3.53823,3.53823,0.0,57.48,NO
2026-09-06T21:20:42+00:00,aa70268e-4b52-42bf-a116-608b370f9501,Ethereum,aave-v3,USDC,151332890.0,3.59429,3.59429,0.0,56.78,NO
2026-09-06T21:20:42+00:00,df7ccfd1-2642-4d79-851a-a5b07d9b8a97,Base,morpho-blue,GTUSDCP,95646604.0,4.25303,4.25303,0.0,56.46,NO
2026-09-06T21:20:42+00:00,81ae8812-f04f-4f6e-9d71-ee5778f3a178,Base,morpho-blue,STEAKUSDC,135734382.0,3.17351,3.17351,0.0,56.34,NO
2026-09-06T21:20:42+00:00,d3b28212-a46b-4db8-8bb7-2c946b3cbe76,Ethereum,morpho-blue,STEAKEURCV,138698503.0,3.0,3.0,0.0,55.74,NO
2026-09-06T21:20:42+00:00,488f06db-5a36-450e-9ba9-b4321be39c7c,Ethereum,fluid-lite,USDC,46058908.0,6.51,0.0,0.0,55.53,NO
2026-09-06T21:20:42+00:00,0ed981dc-b49d-426d-ade5-6014728b1ef9,Ethereum,sparklend,USDS,245263538.0,2.31841,2.31841,0.0,55.51,NO
2026-09-06T21:20:42+00:00,931ea9be-5f4d-428e-beaf-205fc5b4e2b5,Ethereum,morpho-blue,STEAKUSDC,90202187.0,4.28097,4.28097,0.0,55.35,NO
2026-09-06T21:20:42+00:00,71b34441-5a46-431b-a9b3-8c081cd0d74c,Ethereum,morpho-blue,GTUSDCP,88003688.0,4.29169,4.29169,0.0,55.17,NO
2026-09-06T21:20:42+00:00,c8a24fee-ec00-4f38-86c0-9f6daebc4225,Ethereum,sky-lending,SDAI,204362800.0,1.25,1.25,0.0,55.08,NO
2026-09-06T21:20:42+00:00,d73fcfed-a2ca-5314-a94b-a841982df77f,Ethereum,morpho-blue,PENDLEUSDC,58154160.0,6.3281,4.96811,1.35999,54.3,NO
2026-09-06T21:20:42+00:00,2d3b68a8-33d3-47e0-a4c0-0bafef4b01d5,Base,morpho-blue,USDE,342149536.0,4.75,0.0,4.75,54.23,NO
2026-09-06T21:20:42+00:00,ded5a855-23c1-459d-8390-ba2707fac7c5,Ethereum,morpho-blue,STEAKUSDT,88782630.0,2.98889,2.98889,0.0,53.59,NO
2026-09-06T22:24:34+00:00,d8c4eff5-c8a9-46fc-a888-057c4c668e72,Ethereum,sky-lending,SUSDS,4668083534.0,3.6,3.6,0.0,77.58,YES
2026-09-06T22:24:34+00:00,ba68527f-8ec2-4c55-827a-8f4673ae047c,Base,morpho-blue,STEAKUSDC,425990772.0,4.25808,4.25808,0.0,65.16,YES
2026-09-06T22:24:34+00:00,e0672197-9f3e-4414-bca5-e6b4c90aa469,Base,morpho-blue,GTUSDCP,418622499.0,4.25843,4.25843,0.0,65.15,YES
2026-09-06T22:24:34+00:00,699f25fe-09f4-4f82-8f58-baa5b0af8fa4,Ethereum,morpho-blue,SENPYUSDMAIN,386380450.0,5.85535,2.91567,2.93967,63.24,NO
2026-09-06T22:24:34+00:00,3637ce7b-529b-49c1-964c-710a50b2939c,Arbitrum,sky-lending,SUSDS,362455316.0,3.6,3.6,0.0,62.79,NO
2026-09-06T22:24:34+00:00,9d499222-a01a-45bb-bbc9-f01c7923693b,Arbitrum,spark-savings,USDS,362455316.0,3.6,3.6,0.0,62.79,NO
2026-09-06T22:24:34+00:00,8276be38-acc6-4005-ab0d-62680f49f4df,Base,morpho-blue,SIRLOINUSDC,376709251.0,5.61503,2.82965,2.78538,62.59,NO
2026-09-06T22:24:34+00:00,a5fab52f-73fa-4f44-9c09-9af1eb20996c,Base,morpho-blue,SPARKUSDC,305909870.0,3.82502,3.82502,0.0,62.49,NO
2026-09-06T22:24:34+00:00,2e53bb82-f13f-4157-a3bf-b1a91b94b6a4,Ethereum,morpho-blue,SENRLUSDV2,348953381.0,6.20342,2.65285,3.55057,62.4,NO
2026-09-06T22:24:34+00:00,9f71f0fd-cfac-54b1-865e-37338f481708,Ethereum,sky-lending,STUSDS,209475561.0,5.3,5.3,0.0,62.08,NO
2026-09-06T22:24:34+00:00,c5c74dd1-995c-4445-9d84-3e710bad7d52,Ethereum,spark-savings,USDC,310061595.0,3.6,3.6,0.0,61.88,NO
2026-09-06T22:24:34+00:00,a5d67f7e-5b51-4a9d-969d-caf051a7f5a4,Ethereum,spark-savings,USDT,360744452.0,3.25,3.25,0.0,61.08,NO
2026-09-06T22:24:34+00:00,4438dabc-7f0c-430b-8136-2722711ae663,Ethereum,fluid-lending,USDC,146641775.0,4.87,4.87,0.0,60.23,NO
2026-09-06T22:24:34+00:00,f569e486-da2a-41ef-8bfe-1a4db0d1d268,Ethereum,morpho-blue,SENPYUSDPRIMEV2,198363597.0,7.10559,4.63317,2.47242,60.13,NO
2026-09-06T22:24:34+00:00,19d024ed-9c70-4323-9a81-fe873ea5f0e0,Ethereum,aave-v3,SGHO,166704314.0,4.5,4.5,0.0,59.46,NO
2026-09-06T22:24:34+00:00,4e8cc592-c8d5-4824-8155-128ba521e903,Ethereum,fluid-lending,USDT,135917494.0,4.53,4.53,0.0,58.36,NO
2026-09-06T22:24:34+00:00,2f5341f4-6c2e-4c65-b2e0-10cd5228ff62,Ethereum,morpho-blue,STEAKCUSDC,38418662.0,7.19942,7.19942,0.0,57.71,NO
2026-09-06T22:24:34+00:00,f981a304-bb6c-45b8-b0c5-fd2f515ad23a,Ethereum,aave-v3,USDT,216064153.0,3.54048,3.54048,0.0,57.46,NO
2026-09-06T22:24:34+00:00,aa70268e-4b52-42bf-a116-608b370f9501,Ethereum,aave-v3,USDC,151225914.0,3.59481,3.59481,0.0,56.77,NO
2026-09-06T22:24:34+00:00,df7ccfd1-2642-4d79-851a-a5b07d9b8a97,Base,morpho-blue,GTUSDCP,95703539.0,4.25793,4.25793,0.0,56.51,NO
2026-09-06T22:24:34+00:00,81ae8812-f04f-4f6e-9d71-ee5778f3a178,Base,morpho-blue,STEAKUSDC,135733319.0,3.17698,3.17698,0.0,56.38,NO
2026-09-06T22:24:34+00:00,d3b28212-a46b-4db8-8bb7-2c946b3cbe76,Ethereum,morpho-blue,STEAKEURCV,138656282.0,3.0,3.0,0.0,55.75,NO
2026-09-06T22:24:34+00:00,488f06db-5a36-450e-9ba9-b4321be39c7c,Ethereum,fluid-lite,USDC,46060611.0,6.51,0.0,0.0,55.54,NO
2026-09-06T22:24:34+00:00,0ed981dc-b49d-426d-ade5-6014728b1ef9,Ethereum,sparklend,USDS,245297534.0,2.31841,2.31841,0.0,55.53,NO
2026-09-06T22:24:34+00:00,931ea9be-5f4d-428e-beaf-205fc5b4e2b5,Ethereum,morpho-blue,STEAKUSDC,90204572.0,4.28145,4.28145,0.0,55.36,NO
2026-09-06T22:24:34+00:00,71b34441-5a46-431b-a9b3-8c081cd0d74c,Ethereum,morpho-blue,GTUSDCP,88001556.0,4.29303,4.29303,0.0,55.18,NO
2026-09-06T22:24:34+00:00,c8a24fee-ec00-4f38-86c0-9f6daebc4225,Ethereum,sky-lending,SDAI,204228088.0,1.25,1.25,0.0,55.07,NO
2026-09-06T22:24:34+00:00,d73fcfed-a2ca-5314-a94b-a841982df77f,Ethereum,morpho-blue,PENDLEUSDC,58055708.0,6.33462,4.96106,1.37356,54.32,NO
2026-09-06T22:24:34+00:00,2d3b68a8-33d3-47e0-a4c0-0bafef4b01d5,Base,morpho-blue,USDE,342148788.0,4.75,0.0,4.75,54.23,NO
2026-09-06T22:24:34+00:00,b55f43a8-f444-4cd8-a3a4-0a4e786ba566,Ethereum,morpho-blue,STEAKUSDC,68054816.0,4.08479,4.08479,0.0,53.45,NO
2026-09-06T22:57:18+00:00,d8c4eff5-c8a9-46fc-a888-057c4c668e72,Ethereum,sky-lending,SUSDS,4668083534.0,3.6,3.6,0.0,77.58,YES
2026-09-06T22:57:18+00:00,ba68527f-8ec2-4c55-827a-8f4673ae047c,Base,morpho-blue,STEAKUSDC,425990772.0,4.25808,4.25808,0.0,65.16,YES
2026-09-06T22:57:18+00:00,e0672197-9f3e-4414-bca5-e6b4c90aa469,Base,morpho-blue,GTUSDCP,418622499.0,4.25843,4.25843,0.0,65.15,YES
2026-09-06T22:57:18+00:00,699f25fe-09f4-4f82-8f58-baa5b0af8fa4,Ethereum,morpho-blue,SENPYUSDMAIN,386380450.0,5.85535,2.91567,2.93967,63.24,NO
2026-09-06T22:57:18+00:00,3637ce7b-529b-49c1-964c-710a50b2939c,Arbitrum,sky-lending,SUSDS,362455316.0,3.6,3.6,0.0,62.79,NO
2026-09-06T22:57:18+00:00,9d499222-a01a-45bb-bbc9-f01c7923693b,Arbitrum,spark-savings,USDS,362455316.0,3.6,3.6,0.0,62.79,NO
2026-09-06T22:57:18+00:00,8276be38-acc6-4005-ab0d-62680f49f4df,Base,morpho-blue,SIRLOINUSDC,376709251.0,5.61503,2.82965,2.78538,62.59,NO
2026-09-06T22:57:18+00:00,a5fab52f-73fa-4f44-9c09-9af1eb20996c,Base,morpho-blue,SPARKUSDC,305909870.0,3.82502,3.82502,0.0,62.49,NO
2026-09-06T22:57:18+00:00,2e53bb82-f13f-4157-a3bf-b1a91b94b6a4,Ethereum,morpho-blue,SENRLUSDV2,348953381.0,6.20342,2.65285,3.55057,62.4,NO
2026-09-06T22:57:18+00:00,9f71f0fd-cfac-54b1-865e-37338f481708,Ethereum,sky-lending,STUSDS,209475561.0,5.3,5.3,0.0,62.08,NO
2026-09-06T22:57:18+00:00,c5c74dd1-995c-4445-9d84-3e710bad7d52,Ethereum,spark-savings,USDC,310061595.0,3.6,3.6,0.0,61.88,NO
2026-09-06T22:57:18+00:00,a5d67f7e-5b51-4a9d-969d-caf051a7f5a4,Ethereum,spark-savings,USDT,360744452.0,3.25,3.25,0.0,61.08,NO
2026-09-06T22:57:18+00:00,4438dabc-7f0c-430b-8136-2722711ae663,Ethereum,fluid-lending,USDC,146641775.0,4.87,4.87,0.0,60.23,NO
2026-09-06T22:57:18+00:00,f569e486-da2a-41ef-8bfe-1a4db0d1d268,Ethereum,morpho-blue,SENPYUSDPRIMEV2,198363597.0,7.10559,4.63317,2.47242,60.13,NO
2026-09-06T22:57:18+00:00,19d024ed-9c70-4323-9a81-fe873ea5f0e0,Ethereum,aave-v3,SGHO,166704314.0,4.5,4.5,0.0,59.46,NO
2026-09-06T22:57:18+00:00,4e8cc592-c8d5-4824-8155-128ba521e903,Ethereum,fluid-lending,USDT,135917494.0,4.53,4.53,0.0,58.36,NO
2026-09-06T22:57:18+00:00,2f5341f4-6c2e-4c65-b2e0-10cd5228ff62,Ethereum,morpho-blue,STEAKCUSDC,38418662.0,7.19942,7.19942,0.0,57.71,NO
2026-09-06T22:57:18+00:00,f981a304-bb6c-45b8-b0c5-fd2f515ad23a,Ethereum,aave-v3,USDT,216064153.0,3.54048,3.54048,0.0,57.46,NO
2026-09-06T22:57:18+00:00,aa70268e-4b52-42bf-a116-608b370f9501,Ethereum,aave-v3,USDC,151225914.0,3.59481,3.59481,0.0,56.77,NO
2026-09-06T22:57:18+00:00,df7ccfd1-2642-4d79-851a-a5b07d9b8a97,Base,morpho-blue,GTUSDCP,95703539.0,4.25793,4.25793,0.0,56.51,NO
2026-09-06T22:57:18+00:00,81ae8812-f04f-4f6e-9d71-ee5778f3a178,Base,morpho-blue,STEAKUSDC,135733319.0,3.17698,3.17698,0.0,56.38,NO
2026-09-06T22:57:18+00:00,d3b28212-a46b-4db8-8bb7-2c946b3cbe76,Ethereum,morpho-blue,STEAKEURCV,138656282.0,3.0,3.0,0.0,55.75,NO
2026-09-06T22:57:18+00:00,488f06db-5a36-450e-9ba9-b4321be39c7c,Ethereum,fluid-lite,USDC,46060611.0,6.51,0.0,0.0,55.54,NO
2026-09-06T22:57:18+00:00,0ed981dc-b49d-426d-ade5-6014728b1ef9,Ethereum,sparklend,USDS,245297534.0,2.31841,2.31841,0.0,55.53,NO
2026-09-06T22:57:18+00:00,931ea9be-5f4d-428e-beaf-205fc5b4e2b5,Ethereum,morpho-blue,STEAKUSDC,90204572.0,4.28145,4.28145,0.0,55.36,NO
2026-09-06T22:57:18+00:00,71b34441-5a46-431b-a9b3-8c081cd0d74c,Ethereum,morpho-blue,GTUSDCP,88001556.0,4.29303,4.29303,0.0,55.18,NO
2026-09-06T22:57:18+00:00,c8a24fee-ec00-4f38-86c0-9f6daebc4225,Ethereum,sky-lending,SDAI,204228088.0,1.25,1.25,0.0,55.07,NO
2026-09-06T22:57:18+00:00,d73fcfed-a2ca-5314-a94b-a841982df77f,Ethereum,morpho-blue,PENDLEUSDC,58055708.0,6.33462,4.96106,1.37356,54.32,NO
2026-09-06T22:57:18+00:00,2d3b68a8-33d3-47e0-a4c0-0bafef4b01d5,Base,morpho-blue,USDE,342148788.0,4.75,0.0,4.75,54.23,NO
2026-09-06T22:57:18+00:00,b55f43a8-f444-4cd8-a3a4-0a4e786ba566,Ethereum,morpho-blue,STEAKUSDC,68054816.0,4.08479,4.08479,0.0,53.45,NO
2026-09-07T00:42:13+00:00,d8c4eff5-c8a9-46fc-a888-057c4c668e72,Ethereum,sky-lending,SUSDS,4422479832.0,3.6,3.6,0.0,77.27,YES
2026-09-07T00:42:13+00:00,ba68527f-8ec2-4c55-827a-8f4673ae047c,Base,morpho-blue,STEAKUSDC,425986045.0,4.26284,4.26284,0.0,65.21,YES
2026-09-07T00:42:13+00:00,e0672197-9f3e-4414-bca5-e6b4c90aa469,Base,morpho-blue,GTUSDCP,418614050.0,4.2646,4.2646,0.0,65.21,YES
2026-09-07T00:42:13+00:00,699f25fe-09f4-4f82-8f58-baa5b0af8fa4,Ethereum,morpho-blue,SENPYUSDMAIN,385994465.0,5.83725,2.88748,2.94977,63.24,NO
2026-09-07T00:42:13+00:00,9d499222-a01a-45bb-bbc9-f01c7923693b,Arbitrum,spark-savings,USDS,362516210.0,3.6,3.6,0.0,62.79,NO
2026-09-07T00:42:13+00:00,3637ce7b-529b-49c1-964c-710a50b2939c,Arbitrum,sky-lending,SUSDS,362516210.0,3.6,3.6,0.0,62.79,NO
2026-09-07T00:42:13+00:00,8276be38-acc6-4005-ab0d-62680f49f4df,Base,morpho-blue,SIRLOINUSDC,373466052.0,5.61694,2.83036,2.78657,62.55,NO
2026-09-07T00:42:13+00:00,a5fab52f-73fa-4f44-9c09-9af1eb20996c,Base,morpho-blue,SPARKUSDC,305904750.0,3.83058,3.83058,0.0,62.54,NO
2026-09-07T00:42:13+00:00,2e53bb82-f13f-4157-a3bf-b1a91b94b6a4,Ethereum,morpho-blue,SENRLUSDV2,348968107.0,6.19736,2.63398,3.56338,62.33,NO
2026-09-07T00:42:13+00:00,9f71f0fd-cfac-54b1-865e-37338f481708,Ethereum,sky-lending,STUSDS,208993705.0,5.3,5.3,0.0,62.07,NO
2026-09-07T00:42:13+00:00,c5c74dd1-995c-4445-9d84-3e710bad7d52,Ethereum,spark-savings,USDC,309952941.0,3.6,3.6,0.0,61.88,NO
2026-09-07T00:42:13+00:00,a5d67f7e-5b51-4a9d-969d-caf051a7f5a4,Ethereum,spark-savings,USDT,360739537.0,3.25,3.25,0.0,61.09,NO
2026-09-07T00:42:13+00:00,f569e486-da2a-41ef-8bfe-1a4db0d1d268,Ethereum,morpho-blue,SENPYUSDPRIMEV2,198366791.0,7.09722,4.61591,2.48131,60.13,NO
2026-09-07T00:42:13+00:00,4438dabc-7f0c-430b-8136-2722711ae663,Ethereum,fluid-lending,USDC,146671543.0,4.8,4.8,0.0,59.73,NO
2026-09-07T00:42:13+00:00,19d024ed-9c70-4323-9a81-fe873ea5f0e0,Ethereum,aave-v3,SGHO,166773427.0,4.5,4.5,0.0,59.47,NO
2026-09-07T00:42:13+00:00,4e8cc592-c8d5-4824-8155-128ba521e903,Ethereum,fluid-lending,USDT,136202685.0,4.52,4.52,0.0,58.3,NO
2026-09-07T00:42:13+00:00,2f5341f4-6c2e-4c65-b2e0-10cd5228ff62,Ethereum,morpho-blue,STEAKCUSDC,38418357.0,7.19945,7.19945,0.0,57.72,NO
2026-09-07T00:42:13+00:00,f981a304-bb6c-45b8-b0c5-fd2f515ad23a,Ethereum,aave-v3,USDT,216340399.0,3.53978,3.53978,0.0,57.49,NO
2026-09-07T00:42:13+00:00,df7ccfd1-2642-4d79-851a-a5b07d9b8a97,Base,morpho-blue,GTUSDCP,95732397.0,4.26268,4.26268,0.0,56.56,NO
2026-09-07T00:42:13+00:00,81ae8812-f04f-4f6e-9d71-ee5778f3a178,Base,morpho-blue,STEAKUSDC,135664510.0,3.18153,3.18153,0.0,56.44,NO
2026-09-07T00:42:13+00:00,d3b28212-a46b-4db8-8bb7-2c946b3cbe76,Ethereum,morpho-blue,STEAKEURCV,138640723.0,3.0,3.0,0.0,55.76,NO
2026-09-07T00:42:13+00:00,488f06db-5a36-450e-9ba9-b4321be39c7c,Ethereum,fluid-lite,USDC,46061403.0,6.51,0.0,0.0,55.55,NO
2026-09-07T00:42:13+00:00,0ed981dc-b49d-426d-ade5-6014728b1ef9,Ethereum,sparklend,USDS,245296917.0,2.31841,2.31841,0.0,55.54,NO
2026-09-07T00:42:13+00:00,931ea9be-5f4d-428e-beaf-205fc5b4e2b5,Ethereum,morpho-blue,STEAKUSDC,90193315.0,4.28387,4.28387,0.0,55.37,NO
2026-09-07T00:42:13+00:00,c8a24fee-ec00-4f38-86c0-9f6daebc4225,Ethereum,sky-lending,SDAI,204275579.0,1.25,1.25,0.0,55.07,NO
2026-09-07T00:42:13+00:00,71b34441-5a46-431b-a9b3-8c081cd0d74c,Ethereum,morpho-blue,GTUSDCP,85734178.0,4.29599,4.29599,0.0,55.03,NO
2026-09-07T00:42:13+00:00,d73fcfed-a2ca-5314-a94b-a841982df77f,Ethereum,morpho-blue,PENDLEUSDC,57655013.0,6.3318,4.94912,1.38268,54.25,NO
2026-09-07T00:42:13+00:00,2d3b68a8-33d3-47e0-a4c0-0bafef4b01d5,Base,morpho-blue,USDE,342153080.0,4.75,0.0,4.75,54.24,NO
2026-09-07T00:42:13+00:00,b55f43a8-f444-4cd8-a3a4-0a4e786ba566,Ethereum,morpho-blue,STEAKUSDC,68053869.0,4.09537,4.09537,0.0,53.42,NO
2026-09-07T00:42:13+00:00,d2a99602-b0c7-4f6a-a329-82bdaad3df0c,Ethereum,morpho-blue,ARMUSDCS,44178591.0,4.90784,4.8792,0.02864,53.22,NO
2026-09-07T01:06:59+00:00,d8c4eff5-c8a9-46fc-a888-057c4c668e72,Ethereum,sky-lending,SUSDS,4422479832.0,3.6,3.6,0.0,77.27,YES
2026-09-07T01:06:59+00:00,ba68527f-8ec2-4c55-827a-8f4673ae047c,Base,morpho-blue,STEAKUSDC,425986045.0,4.26284,4.26284,0.0,65.21,YES
2026-09-07T01:06:59+00:00,e0672197-9f3e-4414-bca5-e6b4c90aa469,Base,morpho-blue,GTUSDCP,418614050.0,4.2646,4.2646,0.0,65.21,YES
2026-09-07T01:06:59+00:00,699f25fe-09f4-4f82-8f58-baa5b0af8fa4,Ethereum,morpho-blue,SENPYUSDMAIN,385994465.0,5.83725,2.88748,2.94977,63.24,NO
2026-09-07T01:06:59+00:00,9d499222-a01a-45bb-bbc9-f01c7923693b,Arbitrum,spark-savings,USDS,362516210.0,3.6,3.6,0.0,62.79,NO
2026-09-07T01:06:59+00:00,3637ce7b-529b-49c1-964c-710a50b2939c,Arbitrum,sky-lending,SUSDS,362516210.0,3.6,3.6,0.0,62.79,NO
2026-09-07T01:06:59+00:00,8276be38-acc6-4005-ab0d-62680f49f4df,Base,morpho-blue,SIRLOINUSDC,373466052.0,5.61694,2.83036,2.78657,62.55,NO
2026-09-07T01:06:59+00:00,a5fab52f-73fa-4f44-9c09-9af1eb20996c,Base,morpho-blue,SPARKUSDC,305904750.0,3.83058,3.83058,0.0,62.54,NO
2026-09-07T01:06:59+00:00,2e53bb82-f13f-4157-a3bf-b1a91b94b6a4,Ethereum,morpho-blue,SENRLUSDV2,348968107.0,6.19736,2.63398,3.56338,62.33,NO
2026-09-07T01:06:59+00:00,9f71f0fd-cfac-54b1-865e-37338f481708,Ethereum,sky-lending,STUSDS,208993705.0,5.3,5.3,0.0,62.07,NO
2026-09-07T01:06:59+00:00,c5c74dd1-995c-4445-9d84-3e710bad7d52,Ethereum,spark-savings,USDC,309952941.0,3.6,3.6,0.0,61.88,NO
2026-09-07T01:06:59+00:00,a5d67f7e-5b51-4a9d-969d-caf051a7f5a4,Ethereum,spark-savings,USDT,360739537.0,3.25,3.25,0.0,61.09,NO
2026-09-07T01:06:59+00:00,f569e486-da2a-41ef-8bfe-1a4db0d1d268,Ethereum,morpho-blue,SENPYUSDPRIMEV2,198366791.0,7.09722,4.61591,2.48131,60.13,NO
2026-09-07T01:06:59+00:00,4438dabc-7f0c-430b-8136-2722711ae663,Ethereum,fluid-lending,USDC,146671543.0,4.8,4.8,0.0,59.73,NO
2026-09-07T01:06:59+00:00,19d024ed-9c70-4323-9a81-fe873ea5f0e0,Ethereum,aave-v3,SGHO,166773427.0,4.5,4.5,0.0,59.47,NO
2026-09-07T01:06:59+00:00,4e8cc592-c8d5-4824-8155-128ba521e903,Ethereum,fluid-lending,USDT,136202685.0,4.52,4.52,0.0,58.3,NO
2026-09-07T01:06:59+00:00,2f5341f4-6c2e-4c65-b2e0-10cd5228ff62,Ethereum,morpho-blue,STEAKCUSDC,38418357.0,7.19945,7.19945,0.0,57.72,NO
2026-09-07T01:06:59+00:00,f981a304-bb6c-45b8-b0c5-fd2f515ad23a,Ethereum,aave-v3,USDT,216340399.0,3.53978,3.53978,0.0,57.49,NO
2026-09-07T01:06:59+00:00,df7ccfd1-2642-4d79-851a-a5b07d9b8a97,Base,morpho-blue,GTUSDCP,95732397.0,4.26268,4.26268,0.0,56.56,NO
2026-09-07T01:06:59+00:00,81ae8812-f04f-4f6e-9d71-ee5778f3a178,Base,morpho-blue,STEAKUSDC,135664510.0,3.18153,3.18153,0.0,56.44,NO
2026-09-07T01:06:59+00:00,d3b28212-a46b-4db8-8bb7-2c946b3cbe76,Ethereum,morpho-blue,STEAKEURCV,138640723.0,3.0,3.0,0.0,55.76,NO
2026-09-07T01:06:59+00:00,488f06db-5a36-450e-9ba9-b4321be39c7c,Ethereum,fluid-lite,USDC,46061403.0,6.51,0.0,0.0,55.55,NO
2026-09-07T01:06:59+00:00,0ed981dc-b49d-426d-ade5-6014728b1ef9,Ethereum,sparklend,USDS,245296917.0,2.31841,2.31841,0.0,55.54,NO
2026-09-07T01:06:59+00:00,931ea9be-5f4d-428e-beaf-205fc5b4e2b5,Ethereum,morpho-blue,STEAKUSDC,90193315.0,4.28387,4.28387,0.0,55.37,NO
2026-09-07T01:06:59+00:00,c8a24fee-ec00-4f38-86c0-9f6daebc4225,Ethereum,sky-lending,SDAI,204275579.0,1.25,1.25,0.0,55.07,NO
2026-09-07T01:06:59+00:00,71b34441-5a46-431b-a9b3-8c081cd0d74c,Ethereum,morpho-blue,GTUSDCP,85734178.0,4.29599,4.29599,0.0,55.03,NO
2026-09-07T01:06:59+00:00,d73fcfed-a2ca-5314-a94b-a841982df77f,Ethereum,morpho-blue,PENDLEUSDC,57655013.0,6.3318,4.94912,1.38268,54.25,NO
2026-09-07T01:06:59+00:00,2d3b68a8-33d3-47e0-a4c0-0bafef4b01d5,Base,morpho-blue,USDE,342153080.0,4.75,0.0,4.75,54.24,NO
2026-09-07T01:06:59+00:00,b55f43a8-f444-4cd8-a3a4-0a4e786ba566,Ethereum,morpho-blue,STEAKUSDC,68053869.0,4.09537,4.09537,0.0,53.42,NO
2026-09-07T01:06:59+00:00,d2a99602-b0c7-4f6a-a329-82bdaad3df0c,Ethereum,morpho-blue,ARMUSDCS,44178591.0,4.90784,4.8792,0.02864,53.22,NO
2026-09-07T02:04:29+00:00,d8c4eff5-c8a9-46fc-a888-057c4c668e72,Ethereum,sky-lending,SUSDS,4662523114.0,3.6,3.6,0.0,77.58,YES
2026-09-07T02:04:29+00:00,ba68527f-8ec2-4c55-827a-8f4673ae047c,Base,morpho-blue,STEAKUSDC,425967312.0,4.26499,4.26499,0.0,65.23,YES
2026-09-07T02:04:29+00:00,e0672197-9f3e-4414-bca5-e6b4c90aa469,Base,morpho-blue,GTUSDCP,418618849.0,4.26611,4.26611,0.0,65.23,YES
2026-09-07T02:04:29+00:00,699f25fe-09f4-4f82-8f58-baa5b0af8fa4,Ethereum,morpho-blue,SENPYUSDMAIN,385979994.0,5.82883,2.87303,2.9558,63.22,NO
2026-09-07T02:04:29+00:00,9d499222-a01a-45bb-bbc9-f01c7923693b,Arbitrum,spark-savings,USDS,362477475.0,3.6,3.6,0.0,62.79,NO
2026-09-07T02:04:29+00:00,3637ce7b-529b-49c1-964c-710a50b2939c,Arbitrum,sky-lending,SUSDS,362477475.0,3.6,3.6,0.0,62.79,NO
2026-09-07T02:04:29+00:00,a5fab52f-73fa-4f44-9c09-9af1eb20996c,Base,morpho-blue,SPARKUSDC,305922235.0,3.83192,3.83192,0.0,62.56,NO
2026-09-07T02:04:29+00:00,8276be38-acc6-4005-ab0d-62680f49f4df,Base,morpho-blue,SIRLOINUSDC,376620629.0,5.60763,2.82766,2.77997,62.54,NO
2026-09-07T02:04:29+00:00,2e53bb82-f13f-4157-a3bf-b1a91b94b6a4,Ethereum,morpho-blue,SENRLUSDV2,348942450.0,6.19313,2.62574,3.56738,62.3,NO
2026-09-07T02:04:29+00:00,9f71f0fd-cfac-54b1-865e-37338f481708,Ethereum,sky-lending,STUSDS,208971816.0,5.3,5.3,0.0,62.08,NO
2026-09-07T02:04:29+00:00,c5c74dd1-995c-4445-9d84-3e710bad7d52,Ethereum,spark-savings,USDC,309927346.0,3.6,3.6,0.0,61.88,NO
2026-09-07T02:04:29+00:00,a5d67f7e-5b51-4a9d-969d-caf051a7f5a4,Ethereum,spark-savings,USDT,360711280.0,3.25,3.25,0.0,61.1,NO
2026-09-07T02:04:29+00:00,4438dabc-7f0c-430b-8136-2722711ae663,Ethereum,fluid-lending,USDC,146662244.0,4.88,4.88,0.0,60.3,NO
2026-09-07T02:04:29+00:00,f569e486-da2a-41ef-8bfe-1a4db0d1d268,Ethereum,morpho-blue,SENPYUSDPRIMEV2,198259377.0,7.09356,4.60913,2.48443,60.13,NO
2026-09-07T02:04:29+00:00,19d024ed-9c70-4323-9a81-fe873ea5f0e0,Ethereum,aave-v3,SGHO,166735441.0,4.5,4.5,0.0,59.47,NO
2026-09-07T02:04:29+00:00,4e8cc592-c8d5-4824-8155-128ba521e903,Ethereum,fluid-lending,USDT,135911985.0,4.52,4.52,0.0,58.29,NO
2026-09-07T02:04:29+00:00,2f5341f4-6c2e-4c65-b2e0-10cd5228ff62,Ethereum,morpho-blue,STEAKCUSDC,38416918.0,7.19947,7.19947,0.0,57.72,NO
2026-09-07T02:04:29+00:00,f981a304-bb6c-45b8-b0c5-fd2f515ad23a,Ethereum,aave-v3,USDT,216269452.0,3.53994,3.53994,0.0,57.5,NO
2026-09-07T02:04:29+00:00,df7ccfd1-2642-4d79-851a-a5b07d9b8a97,Base,morpho-blue,GTUSDCP,95734609.0,4.26484,4.26484,0.0,56.59,NO
2026-09-07T02:04:29+00:00,81ae8812-f04f-4f6e-9d71-ee5778f3a178,Base,morpho-blue,STEAKUSDC,135703495.0,3.18263,3.18263,0.0,56.45,NO
2026-09-07T02:04:29+00:00,d3b28212-a46b-4db8-8bb7-2c946b3cbe76,Ethereum,morpho-blue,STEAKEURCV,138621982.0,3.0,3.0,0.0,55.76,NO
2026-09-07T02:04:29+00:00,0ed981dc-b49d-426d-ade5-6014728b1ef9,Ethereum,sparklend,USDS,248416633.0,2.31841,2.31841,0.0,55.61,NO
2026-09-07T02:04:29+00:00,488f06db-5a36-450e-9ba9-b4321be39c7c,Ethereum,fluid-lite,USDC,46059936.0,6.51,0.0,0.0,55.55,NO
2026-09-07T02:04:29+00:00,931ea9be-5f4d-428e-beaf-205fc5b4e2b5,Ethereum,morpho-blue,STEAKUSDC,90224167.0,4.29367,4.29367,0.0,55.34,NO
2026-09-07T02:04:29+00:00,c8a24fee-ec00-4f38-86c0-9f6daebc4225,Ethereum,sky-lending,SDAI,204474581.0,1.25,1.25,0.0,55.08,NO
2026-09-07T02:04:29+00:00,71b34441-5a46-431b-a9b3-8c081cd0d74c,Ethereum,morpho-blue,GTUSDCP,85739725.0,4.30533,4.30533,0.0,55.0,NO
2026-09-07T02:04:29+00:00,2d3b68a8-33d3-47e0-a4c0-0bafef4b01d5,Base,morpho-blue,USDE,342141282.0,4.75,0.0,4.75,54.24,NO
2026-09-07T02:04:29+00:00,d73fcfed-a2ca-5314-a94b-a841982df77f,Ethereum,morpho-blue,PENDLEUSDC,54752133.0,6.33576,4.95094,1.38483,53.98,NO
2026-09-07T02:04:29+00:00,b55f43a8-f444-4cd8-a3a4-0a4e786ba566,Ethereum,morpho-blue,STEAKUSDC,68051136.0,4.10299,4.10299,0.0,53.39,NO
2026-09-07T02:04:29+00:00,d2a99602-b0c7-4f6a-a329-82bdaad3df0c,Ethereum,morpho-blue,ARMUSDCS,44176832.0,4.9222,4.89356,0.02864,53.32,NO
2026-09-07T05:11:47+00:00,d8c4eff5-c8a9-46fc-a888-057c4c668e72,Ethereum,sky-lending,SUSDS,4666342587.0,3.6,3.6,0.0,77.59,YES
2026-09-07T05:11:47+00:00,ba68527f-8ec2-4c55-827a-8f4673ae047c,Base,morpho-blue,STEAKUSDC,425970845.0,4.26873,4.26873,0.0,65.28,YES
2026-09-07T05:11:47+00:00,e0672197-9f3e-4414-bca5-e6b4c90aa469,Base,morpho-blue,GTUSDCP,418593859.0,4.26877,4.26877,0.0,65.26,YES
2026-09-07T05:11:47+00:00,699f25fe-09f4-4f82-8f58-baa5b0af8fa4,Ethereum,morpho-blue,SENPYUSDMAIN,386063132.0,5.80047,2.85856,2.94191,63.04,NO
2026-09-07T05:11:47+00:00,3637ce7b-529b-49c1-964c-710a50b2939c,Arbitrum,sky-lending,SUSDS,362498094.0,3.6,3.6,0.0,62.79,NO
2026-09-07T05:11:47+00:00,9d499222-a01a-45bb-bbc9-f01c7923693b,Arbitrum,spark-savings,USDS,362498094.0,3.6,3.6,0.0,62.79,NO
2026-09-07T05:11:47+00:00,a5fab52f-73fa-4f44-9c09-9af1eb20996c,Base,morpho-blue,SPARKUSDC,305917782.0,3.83495,3.83495,0.0,62.6,NO
2026-09-07T05:11:47+00:00,8276be38-acc6-4005-ab0d-62680f49f4df,Base,morpho-blue,SIRLOINUSDC,378174740.0,5.61154,2.82601,2.78554,62.58,NO
2026-09-07T05:11:47+00:00,2e53bb82-f13f-4157-a3bf-b1a91b94b6a4,Ethereum,morpho-blue,SENRLUSDV2,348975861.0,6.18015,2.62951,3.55064,62.24,NO
2026-09-07T05:11:47+00:00,9f71f0fd-cfac-54b1-865e-37338f481708,Ethereum,sky-lending,STUSDS,209096691.0,5.3,5.3,0.0,62.09,NO
2026-09-07T05:11:47+00:00,c5c74dd1-995c-4445-9d84-3e710bad7d52,Ethereum,spark-savings,USDC,309883523.0,3.6,3.6,0.0,61.88,NO
2026-09-07T05:11:47+00:00,a5d67f7e-5b51-4a9d-969d-caf051a7f5a4,Ethereum,spark-savings,USDT,361126831.0,3.25,3.25,0.0,61.12,NO
2026-09-07T05:11:47+00:00,4438dabc-7f0c-430b-8136-2722711ae663,Ethereum,fluid-lending,USDC,145646050.0,5.15,5.15,0.0,60.3,NO
2026-09-07T05:11:47+00:00,f569e486-da2a-41ef-8bfe-1a4db0d1d268,Ethereum,morpho-blue,SENPYUSDPRIMEV2,198509199.0,7.08281,4.61279,2.47001,60.18,NO
2026-09-07T05:11:47+00:00,19d024ed-9c70-4323-9a81-fe873ea5f0e0,Ethereum,aave-v3,SGHO,166776094.0,4.5,4.5,0.0,59.48,NO
2026-09-07T05:11:47+00:00,4e8cc592-c8d5-4824-8155-128ba521e903,Ethereum,fluid-lending,USDT,135635407.0,4.48,4.48,0.0,57.98,NO
2026-09-07T05:11:47+00:00,2f5341f4-6c2e-4c65-b2e0-10cd5228ff62,Ethereum,morpho-blue,STEAKCUSDC,38416683.0,7.19951,7.19951,0.0,57.72,NO
2026-09-07T05:11:47+00:00,f981a304-bb6c-45b8-b0c5-fd2f515ad23a,Ethereum,aave-v3,USDT,218616225.0,3.53488,3.53488,0.0,57.61,NO
2026-09-07T05:11:47+00:00,df7ccfd1-2642-4d79-851a-a5b07d9b8a97,Base,morpho-blue,GTUSDCP,95127989.0,4.26859,4.26859,0.0,56.6,NO
2026-09-07T05:11:47+00:00,81ae8812-f04f-4f6e-9d71-ee5778f3a178,Base,morpho-blue,STEAKUSDC,135554421.0,3.18512,3.18512,0.0,56.49,NO
2026-09-07T05:11:47+00:00,488f06db-5a36-450e-9ba9-b4321be39c7c,Ethereum,fluid-lite,USDC,45056733.0,6.65,0.0,0.0,56.23,NO
2026-09-07T05:11:47+00:00,d3b28212-a46b-4db8-8bb7-2c946b3cbe76,Ethereum,morpho-blue,STEAKEURCV,138550310.0,3.0,3.0,0.0,55.78,NO
2026-09-07T05:11:47+00:00,0ed981dc-b49d-426d-ade5-6014728b1ef9,Ethereum,sparklend,USDS,246897324.0,2.31843,2.31843,0.0,55.59,NO
2026-09-07T05:11:47+00:00,931ea9be-5f4d-428e-beaf-205fc5b4e2b5,Ethereum,morpho-blue,STEAKUSDC,89058371.0,4.30582,4.30582,0.0,55.24,NO
2026-09-07T05:11:47+00:00,c8a24fee-ec00-4f38-86c0-9f6daebc4225,Ethereum,sky-lending,SDAI,204475315.0,1.25,1.25,0.0,55.08,NO
2026-09-07T05:11:47+00:00,71b34441-5a46-431b-a9b3-8c081cd0d74c,Ethereum,morpho-blue,GTUSDCP,85874485.0,4.31852,4.31852,0.0,54.99,NO
2026-09-07T05:11:47+00:00,d73fcfed-a2ca-5314-a94b-a841982df77f,Ethereum,morpho-blue,PENDLEUSDC,56504516.0,6.42612,4.98178,1.44435,54.62,NO
2026-09-07T05:11:47+00:00,2d3b68a8-33d3-47e0-a4c0-0bafef4b01d5,Base,morpho-blue,USDE,342112435.0,4.75,0.0,4.75,54.25,NO
2026-09-07T05:11:47+00:00,d2a99602-b0c7-4f6a-a329-82bdaad3df0c,Ethereum,morpho-blue,ARMUSDCS,44176284.0,4.95303,4.9244,0.02864,53.52,NO
2026-09-07T05:11:47+00:00,b55f43a8-f444-4cd8-a3a4-0a4e786ba566,Ethereum,morpho-blue,STEAKUSDC,68049874.0,4.10752,4.10752,0.0,53.4,NO
2026-09-07T06:10:42+00:00,d8c4eff5-c8a9-46fc-a888-057c4c668e72,Ethereum,sky-lending,SUSDS,4668080721.0,3.6,3.6,0.0,77.59,YES
2026-09-07T06:10:42+00:00,ba68527f-8ec2-4c55-827a-8f4673ae047c,Base,morpho-blue,STEAKUSDC,425968582.0,4.26988,4.26988,0.0,65.29,YES
2026-09-07T06:10:42+00:00,e0672197-9f3e-4414-bca5-e6b4c90aa469,Base,morpho-blue,GTUSDCP,418606190.0,4.26974,4.26974,0.0,65.28,YES
2026-09-07T06:10:42+00:00,699f25fe-09f4-4f82-8f58-baa5b0af8fa4,Ethereum,morpho-blue,SENPYUSDMAIN,386043164.0,5.78986,2.84612,2.94374,62.96,NO
2026-09-07T06:10:42+00:00,3637ce7b-529b-49c1-964c-710a50b2939c,Arbitrum,sky-lending,SUSDS,362492611.0,3.6,3.6,0.0,62.79,NO
2026-09-07T06:10:42+00:00,9d499222-a01a-45bb-bbc9-f01c7923693b,Arbitrum,spark-savings,USDS,362492611.0,3.6,3.6,0.0,62.79,NO
2026-09-07T06:10:42+00:00,a5fab52f-73fa-4f44-9c09-9af1eb20996c,Base,morpho-blue,SPARKUSDC,305889311.0,3.83511,3.83511,0.0,62.6,NO
2026-09-07T06:10:42+00:00,8276be38-acc6-4005-ab0d-62680f49f4df,Base,morpho-blue,SIRLOINUSDC,378190556.0,5.61226,2.82551,2.78675,62.58,NO
2026-09-07T06:10:42+00:00,2e53bb82-f13f-4157-a3bf-b1a91b94b6a4,Ethereum,morpho-blue,SENRLUSDV2,348936242.0,6.17496,2.62224,3.55272,62.2,NO
2026-09-07T06:10:42+00:00,9f71f0fd-cfac-54b1-865e-37338f481708,Ethereum,sky-lending,STUSDS,209081296.0,5.3,5.3,0.0,62.1,NO
2026-09-07T06:10:42+00:00,c5c74dd1-995c-4445-9d84-3e710bad7d52,Ethereum,spark-savings,USDC,309884545.0,3.6,3.6,0.0,61.88,NO
2026-09-07T06:10:42+00:00,a5d67f7e-5b51-4a9d-969d-caf051a7f5a4,Ethereum,spark-savings,USDT,361128964.0,3.25,3.25,0.0,61.13,NO
2026-09-07T06:10:42+00:00,4438dabc-7f0c-430b-8136-2722711ae663,Ethereum,fluid-lending,USDC,145699291.0,5.14,5.14,0.0,60.33,NO
2026-09-07T06:10:42+00:00,f569e486-da2a-41ef-8bfe-1a4db0d1d268,Ethereum,morpho-blue,SENPYUSDPRIMEV2,198608012.0,7.07819,4.60564,2.47255,60.19,NO
2026-09-07T06:10:42+00:00,19d024ed-9c70-4323-9a81-fe873ea5f0e0,Ethereum,aave-v3,SGHO,166773643.0,4.5,4.5,0.0,59.48,NO
2026-09-07T06:10:42+00:00,4e8cc592-c8d5-4824-8155-128ba521e903,Ethereum,fluid-lending,USDT,135638514.0,4.48,4.48,0.0,57.98,NO
2026-09-07T06:10:42+00:00,2f5341f4-6c2e-4c65-b2e0-10cd5228ff62,Ethereum,morpho-blue,STEAKCUSDC,38417018.0,7.19953,7.19953,0.0,57.73,NO
2026-09-07T06:10:42+00:00,f981a304-bb6c-45b8-b0c5-fd2f515ad23a,Ethereum,aave-v3,USDT,219389007.0,3.5327,3.5327,0.0,57.66,NO
2026-09-07T06:10:42+00:00,df7ccfd1-2642-4d79-851a-a5b07d9b8a97,Base,morpho-blue,GTUSDCP,95729477.0,4.26974,4.26974,0.0,56.65,NO
2026-09-07T06:10:42+00:00,81ae8812-f04f-4f6e-9d71-ee5778f3a178,Base,morpho-blue,STEAKUSDC,135552940.0,3.18526,3.18526,0.0,56.49,NO
2026-09-07T06:10:42+00:00,488f06db-5a36-450e-9ba9-b4321be39c7c,Ethereum,fluid-lite,USDC,45056329.0,6.65,0.0,0.0,56.23,NO
2026-09-07T06:10:42+00:00,d3b28212-a46b-4db8-8bb7-2c946b3cbe76,Ethereum,morpho-blue,STEAKEURCV,138462226.0,3.0,3.0,0.0,55.78,NO
2026-09-07T06:10:42+00:00,0ed981dc-b49d-426d-ade5-6014728b1ef9,Ethereum,sparklend,USDS,246884160.0,2.31842,2.31842,0.0,55.6,NO
2026-09-07T06:10:42+00:00,931ea9be-5f4d-428e-beaf-205fc5b4e2b5,Ethereum,morpho-blue,STEAKUSDC,89256795.0,4.30617,4.30617,0.0,55.26,NO
2026-09-07T06:10:42+00:00,c8a24fee-ec00-4f38-86c0-9f6daebc4225,Ethereum,sky-lending,SDAI,204475315.0,1.25,1.25,0.0,55.08,NO
2026-09-07T06:10:42+00:00,d73fcfed-a2ca-5314-a94b-a841982df77f,Ethereum,morpho-blue,PENDLEUSDC,56504759.0,6.48089,5.09555,1.38534,55.05,NO
2026-09-07T06:10:42+00:00,71b34441-5a46-431b-a9b3-8c081cd0d74c,Ethereum,morpho-blue,GTUSDCP,85915393.0,4.31974,4.31974,0.0,54.99,NO
2026-09-07T06:10:42+00:00,2d3b68a8-33d3-47e0-a4c0-0bafef4b01d5,Base,morpho-blue,USDE,342113341.0,4.75,0.0,4.75,54.25,NO
2026-09-07T06:10:42+00:00,d2a99602-b0c7-4f6a-a329-82bdaad3df0c,Ethereum,morpho-blue,ARMUSDCS,44222209.0,4.96546,4.93682,0.02864,53.62,NO
2026-09-07T06:10:42+00:00,b55f43a8-f444-4cd8-a3a4-0a4e786ba566,Ethereum,morpho-blue,STEAKUSDC,68019714.0,4.10669,4.10669,0.0,53.41,NO
2026-09-07T10:17:48+00:00,d8c4eff5-c8a9-46fc-a888-057c4c668e72,Ethereum,sky-lending,SUSDS,4668039115.0,3.6,3.6,0.0,77.59,YES
2026-09-07T10:17:48+00:00,ba68527f-8ec2-4c55-827a-8f4673ae047c,Base,morpho-blue,STEAKUSDC,425963694.0,4.27219,4.27219,0.0,65.33,YES
2026-09-07T10:17:48+00:00,e0672197-9f3e-4414-bca5-e6b4c90aa469,Base,morpho-blue,GTUSDCP,418600391.0,4.2731,4.2731,0.0,65.32,YES
2026-09-07T10:17:48+00:00,9d499222-a01a-45bb-bbc9-f01c7923693b,Arbitrum,spark-savings,USDS,362520030.0,3.6,3.6,0.0,62.8,NO
2026-09-07T10:17:48+00:00,3637ce7b-529b-49c1-964c-710a50b2939c,Arbitrum,sky-lending,SUSDS,362520030.0,3.6,3.6,0.0,62.8,NO
2026-09-07T10:17:48+00:00,a5fab52f-73fa-4f44-9c09-9af1eb20996c,Base,morpho-blue,SPARKUSDC,305949798.0,3.83786,3.83786,0.0,62.64,NO
2026-09-07T10:17:48+00:00,8276be38-acc6-4005-ab0d-62680f49f4df,Base,morpho-blue,SIRLOINUSDC,378168353.0,5.61005,2.82417,2.78588,62.57,NO
2026-09-07T10:17:48+00:00,699f25fe-09f4-4f82-8f58-baa5b0af8fa4,Ethereum,morpho-blue,SENPYUSDMAIN,385972672.0,5.72478,2.76544,2.95933,62.47,NO
2026-09-07T10:17:48+00:00,9f71f0fd-cfac-54b1-865e-37338f481708,Ethereum,sky-lending,STUSDS,209227273.0,5.3,5.3,0.0,62.11,NO
2026-09-07T10:17:48+00:00,2e53bb82-f13f-4157-a3bf-b1a91b94b6a4,Ethereum,morpho-blue,SENRLUSDV2,348983610.0,6.15506,2.58466,3.5704,62.03,NO
2026-09-07T10:17:48+00:00,c5c74dd1-995c-4445-9d84-3e710bad7d52,Ethereum,spark-savings,USDC,309851974.0,3.6,3.6,0.0,61.89,NO
2026-09-07T10:17:48+00:00,a5d67f7e-5b51-4a9d-969d-caf051a7f5a4,Ethereum,spark-savings,USDT,361134105.0,3.25,3.25,0.0,61.15,NO
2026-09-07T10:17:48+00:00,4438dabc-7f0c-430b-8136-2722711ae663,Ethereum,fluid-lending,USDC,146196287.0,5.09,5.09,0.0,60.5,NO
2026-09-07T10:17:48+00:00,f569e486-da2a-41ef-8bfe-1a4db0d1d268,Ethereum,morpho-blue,SENPYUSDPRIMEV2,199691859.0,6.99221,4.52203,2.47018,60.36,NO
2026-09-07T10:17:48+00:00,19d024ed-9c70-4323-9a81-fe873ea5f0e0,Ethereum,aave-v3,SGHO,166770065.0,4.5,4.5,0.0,59.49,NO
2026-09-07T10:17:48+00:00,4e8cc592-c8d5-4824-8155-128ba521e903,Ethereum,fluid-lending,USDT,131685274.0,4.88,4.88,0.0,59.44,NO
2026-09-07T10:17:48+00:00,2f5341f4-6c2e-4c65-b2e0-10cd5228ff62,Ethereum,morpho-blue,STEAKCUSDC,38420954.0,7.19959,7.19959,0.0,57.74,NO
2026-09-07T10:17:48+00:00,f981a304-bb6c-45b8-b0c5-fd2f515ad23a,Ethereum,aave-v3,USDT,220343793.0,3.53048,3.53048,0.0,57.73,NO
2026-09-07T10:17:48+00:00,aa70268e-4b52-42bf-a116-608b370f9501,Ethereum,aave-v3,USDC,155951038.0,3.57958,3.57958,0.0,56.8,NO
2026-09-07T10:17:48+00:00,df7ccfd1-2642-4d79-851a-a5b07d9b8a97,Base,morpho-blue,GTUSDCP,95166236.0,4.27267,4.27267,0.0,56.66,NO
2026-09-07T10:17:48+00:00,81ae8812-f04f-4f6e-9d71-ee5778f3a178,Base,morpho-blue,STEAKUSDC,135427342.0,3.18763,3.18763,0.0,56.52,NO
2026-09-07T10:17:48+00:00,d73fcfed-a2ca-5314-a94b-a841982df77f,Ethereum,morpho-blue,PENDLEUSDC,55676159.0,6.70378,5.32469,1.37909,56.33,NO
2026-09-07T10:17:48+00:00,488f06db-5a36-450e-9ba9-b4321be39c7c,Ethereum,fluid-lite,USDC,45009964.0,6.66,0.0,0.0,56.3,NO
2026-09-07T10:17:48+00:00,d3b28212-a46b-4db8-8bb7-2c946b3cbe76,Ethereum,morpho-blue,STEAKEURCV,139477373.0,3.0,3.0,0.0,55.84,NO
2026-09-07T10:17:48+00:00,0ed981dc-b49d-426d-ade5-6014728b1ef9,Ethereum,sparklend,USDS,252162678.0,2.31842,2.31842,0.0,55.74,NO
2026-09-07T10:17:48+00:00,931ea9be-5f4d-428e-beaf-205fc5b4e2b5,Ethereum,morpho-blue,STEAKUSDC,89243820.0,4.30625,4.30625,0.0,55.3,NO
2026-09-07T10:17:48+00:00,c8a24fee-ec00-4f38-86c0-9f6daebc4225,Ethereum,sky-lending,SDAI,204475315.0,1.25,1.25,0.0,55.08,NO
2026-09-07T10:17:48+00:00,71b34441-5a46-431b-a9b3-8c081cd0d74c,Ethereum,morpho-blue,GTUSDCP,85957279.0,4.32071,4.32071,0.0,55.03,NO
2026-09-07T10:17:48+00:00,2d3b68a8-33d3-47e0-a4c0-0bafef4b01d5,Base,morpho-blue,USDE,342139406.0,4.75,0.0,4.75,54.26,NO
2026-09-07T10:17:48+00:00,d2a99602-b0c7-4f6a-a329-82bdaad3df0c,Ethereum,morpho-blue,ARMUSDCS,44226349.0,5.00771,4.9791,0.02861,53.9,NO
2026-09-07T13:58:47+00:00,d8c4eff5-c8a9-46fc-a888-057c4c668e72,Ethereum,sky-lending,SUSDS,4665358033.0,3.6,3.6,0.0,77.59,YES
2026-09-07T13:58:47+00:00,ba68527f-8ec2-4c55-827a-8f4673ae047c,Base,morpho-blue,STEAKUSDC,430126889.0,4.27447,4.27447,0.0,65.43,YES
2026-09-07T13:58:47+00:00,e0672197-9f3e-4414-bca5-e6b4c90aa469,Base,morpho-blue,GTUSDCP,418715844.0,4.27442,4.27442,0.0,65.34,YES
2026-09-07T13:58:47+00:00,9d499222-a01a-45bb-bbc9-f01c7923693b,Arbitrum,spark-savings,USDS,362520856.0,3.6,3.6,0.0,62.8,NO
2026-09-07T13:58:47+00:00,3637ce7b-529b-49c1-964c-710a50b2939c,Arbitrum,sky-lending,SUSDS,362520856.0,3.6,3.6,0.0,62.8,NO
2026-09-07T13:58:47+00:00,a5fab52f-73fa-4f44-9c09-9af1eb20996c,Base,morpho-blue,SPARKUSDC,305943302.0,3.83918,3.83918,0.0,62.66,NO
2026-09-07T13:58:47+00:00,8276be38-acc6-4005-ab0d-62680f49f4df,Base,morpho-blue,SIRLOINUSDC,378590529.0,5.60924,2.8237,2.78554,62.57,NO
2026-09-07T13:58:47+00:00,9f71f0fd-cfac-54b1-865e-37338f481708,Ethereum,sky-lending,STUSDS,209462139.0,5.3,5.3,0.0,62.14,NO
2026-09-07T13:58:47+00:00,699f25fe-09f4-4f82-8f58-baa5b0af8fa4,Ethereum,morpho-blue,SENPYUSDMAIN,385971826.0,5.65134,2.7104,2.94094,61.98,NO
2026-09-07T13:58:47+00:00,2e53bb82-f13f-4157-a3bf-b1a91b94b6a4,Ethereum,morpho-blue,SENRLUSDV2,348749341.0,6.1356,2.58565,3.54995,61.92,NO
2026-09-07T13:58:47+00:00,c5c74dd1-995c-4445-9d84-3e710bad7d52,Ethereum,spark-savings,USDC,309905750.0,3.6,3.6,0.0,61.89,NO
2026-09-07T13:58:47+00:00,a5d67f7e-5b51-4a9d-969d-caf051a7f5a4,Ethereum,spark-savings,USDT,361143566.0,3.25,3.25,0.0,61.17,NO
2026-09-07T13:58:47+00:00,f569e486-da2a-41ef-8bfe-1a4db0d1d268,Ethereum,morpho-blue,SENPYUSDPRIMEV2,199690851.0,6.84489,4.37479,2.4701,60.57,NO
2026-09-07T13:58:47+00:00,4438dabc-7f0c-430b-8136-2722711ae663,Ethereum,fluid-lending,USDC,147744137.0,4.87,4.87,0.0,60.28,NO
2026-09-07T13:58:47+00:00,19d024ed-9c70-4323-9a81-fe873ea5f0e0,Ethereum,aave-v3,SGHO,167365783.0,4.5,4.5,0.0,59.52,NO
2026-09-07T13:58:47+00:00,4e8cc592-c8d5-4824-8155-128ba521e903,Ethereum,fluid-lending,USDT,131516219.0,4.91,4.91,0.0,59.36,NO
2026-09-07T13:58:47+00:00,2f5341f4-6c2e-4c65-b2e0-10cd5228ff62,Ethereum,morpho-blue,STEAKCUSDC,38823010.0,7.19958,7.19958,0.0,57.81,NO
2026-09-07T13:58:47+00:00,f981a304-bb6c-45b8-b0c5-fd2f515ad23a,Ethereum,aave-v3,USDT,205878217.0,3.5678,3.5678,0.0,57.16,NO
2026-09-07T13:58:47+00:00,d73fcfed-a2ca-5314-a94b-a841982df77f,Ethereum,morpho-blue,PENDLEUSDC,55348425.0,6.87821,5.41414,1.46407,57.0,NO
2026-09-07T13:58:47+00:00,aa70268e-4b52-42bf-a116-608b370f9501,Ethereum,aave-v3,USDC,154753562.0,3.58375,3.58375,0.0,56.78,NO
2026-09-07T13:58:47+00:00,df7ccfd1-2642-4d79-851a-a5b07d9b8a97,Base,morpho-blue,GTUSDCP,95522952.0,4.2745,4.2745,0.0,56.71,NO
2026-09-07T13:58:47+00:00,81ae8812-f04f-4f6e-9d71-ee5778f3a178,Base,morpho-blue,STEAKUSDC,135337325.0,3.18877,3.18877,0.0,56.54,NO
2026-09-07T13:58:47+00:00,488f06db-5a36-450e-9ba9-b4321be39c7c,Ethereum,fluid-lite,USDC,44970746.0,6.67,0.0,0.0,56.36,NO
2026-09-07T13:58:47+00:00,d3b28212-a46b-4db8-8bb7-2c946b3cbe76,Ethereum,morpho-blue,STEAKEURCV,140007746.0,3.0,3.0,0.0,55.89,NO
2026-09-07T13:58:47+00:00,0ed981dc-b49d-426d-ade5-6014728b1ef9,Ethereum,sparklend,USDS,256957738.0,2.31842,2.31842,0.0,55.87,NO
2026-09-07T13:58:47+00:00,931ea9be-5f4d-428e-beaf-205fc5b4e2b5,Ethereum,morpho-blue,STEAKUSDC,89313998.0,4.30966,4.30966,0.0,55.32,NO
2026-09-07T13:58:47+00:00,71b34441-5a46-431b-a9b3-8c081cd0d74c,Ethereum,morpho-blue,GTUSDCP,88783881.0,4.32809,4.32809,0.0,55.22,NO
2026-09-07T13:58:47+00:00,c8a24fee-ec00-4f38-86c0-9f6daebc4225,Ethereum,sky-lending,SDAI,203313551.0,1.25,1.25,0.0,55.05,NO
2026-09-07T13:58:47+00:00,2d3b68a8-33d3-47e0-a4c0-0bafef4b01d5,Base,morpho-blue,USDE,342122941.0,4.75,0.0,4.75,54.27,NO
2026-09-07T13:58:47+00:00,d2a99602-b0c7-4f6a-a329-82bdaad3df0c,Ethereum,morpho-blue,ARMUSDCS,44236296.0,5.06711,5.0385,0.02861,53.91,NO
2026-09-07T14:04:13+00:00,d8c4eff5-c8a9-46fc-a888-057c4c668e72,Ethereum,sky-lending,SUSDS,4665358033.0,3.6,3.6,0.0,77.59,YES
2026-09-07T14:04:13+00:00,ba68527f-8ec2-4c55-827a-8f4673ae047c,Base,morpho-blue,STEAKUSDC,430126889.0,4.27447,4.27447,0.0,65.43,YES
2026-09-07T14:04:13+00:00,e0672197-9f3e-4414-bca5-e6b4c90aa469,Base,morpho-blue,GTUSDCP,418715844.0,4.27442,4.27442,0.0,65.34,YES
2026-09-07T14:04:13+00:00,9d499222-a01a-45bb-bbc9-f01c7923693b,Arbitrum,spark-savings,USDS,362520856.0,3.6,3.6,0.0,62.8,NO
2026-09-07T14:04:13+00:00,3637ce7b-529b-49c1-964c-710a50b2939c,Arbitrum,sky-lending,SUSDS,362520856.0,3.6,3.6,0.0,62.8,NO
2026-09-07T14:04:13+00:00,a5fab52f-73fa-4f44-9c09-9af1eb20996c,Base,morpho-blue,SPARKUSDC,305943302.0,3.83918,3.83918,0.0,62.66,NO
2026-09-07T14:04:13+00:00,8276be38-acc6-4005-ab0d-62680f49f4df,Base,morpho-blue,SIRLOINUSDC,378590529.0,5.60924,2.8237,2.78554,62.57,NO
2026-09-07T14:04:13+00:00,9f71f0fd-cfac-54b1-865e-37338f481708,Ethereum,sky-lending,STUSDS,209462139.0,5.3,5.3,0.0,62.14,NO
2026-09-07T14:04:13+00:00,699f25fe-09f4-4f82-8f58-baa5b0af8fa4,Ethereum,morpho-blue,SENPYUSDMAIN,385971826.0,5.65134,2.7104,2.94094,61.98,NO
2026-09-07T14:04:13+00:00,2e53bb82-f13f-4157-a3bf-b1a91b94b6a4,Ethereum,morpho-blue,SENRLUSDV2,348749341.0,6.1356,2.58565,3.54995,61.92,NO
2026-09-07T14:04:13+00:00,c5c74dd1-995c-4445-9d84-3e710bad7d52,Ethereum,spark-savings,USDC,309905750.0,3.6,3.6,0.0,61.89,NO
2026-09-07T14:04:13+00:00,a5d67f7e-5b51-4a9d-969d-caf051a7f5a4,Ethereum,spark-savings,USDT,361143566.0,3.25,3.25,0.0,61.17,NO
2026-09-07T14:04:13+00:00,f569e486-da2a-41ef-8bfe-1a4db0d1d268,Ethereum,morpho-blue,SENPYUSDPRIMEV2,199690851.0,6.84489,4.37479,2.4701,60.57,NO
2026-09-07T14:04:13+00:00,4438dabc-7f0c-430b-8136-2722711ae663,Ethereum,fluid-lending,USDC,147744137.0,4.87,4.87,0.0,60.28,NO
2026-09-07T14:04:13+00:00,19d024ed-9c70-4323-9a81-fe873ea5f0e0,Ethereum,aave-v3,SGHO,167365783.0,4.5,4.5,0.0,59.52,NO
2026-09-07T14:04:13+00:00,4e8cc592-c8d5-4824-8155-128ba521e903,Ethereum,fluid-lending,USDT,131516219.0,4.91,4.91,0.0,59.36,NO
2026-09-07T14:04:13+00:00,2f5341f4-6c2e-4c65-b2e0-10cd5228ff62,Ethereum,morpho-blue,STEAKCUSDC,38823010.0,7.19958,7.19958,0.0,57.81,NO
2026-09-07T14:04:13+00:00,f981a304-bb6c-45b8-b0c5-fd2f515ad23a,Ethereum,aave-v3,USDT,205878217.0,3.5678,3.5678,0.0,57.16,NO
2026-09-07T14:04:13+00:00,d73fcfed-a2ca-5314-a94b-a841982df77f,Ethereum,morpho-blue,PENDLEUSDC,55348425.0,6.87821,5.41414,1.46407,57.0,NO
2026-09-07T14:04:13+00:00,aa70268e-4b52-42bf-a116-608b370f9501,Ethereum,aave-v3,USDC,154753562.0,3.58375,3.58375,0.0,56.78,NO
2026-09-07T14:04:13+00:00,df7ccfd1-2642-4d79-851a-a5b07d9b8a97,Base,morpho-blue,GTUSDCP,95522952.0,4.2745,4.2745,0.0,56.71,NO
2026-09-07T14:04:13+00:00,81ae8812-f04f-4f6e-9d71-ee5778f3a178,Base,morpho-blue,STEAKUSDC,135337325.0,3.18877,3.18877,0.0,56.54,NO
2026-09-07T14:04:13+00:00,488f06db-5a36-450e-9ba9-b4321be39c7c,Ethereum,fluid-lite,USDC,44970746.0,6.67,0.0,0.0,56.36,NO
2026-09-07T14:04:13+00:00,d3b28212-a46b-4db8-8bb7-2c946b3cbe76,Ethereum,morpho-blue,STEAKEURCV,140007746.0,3.0,3.0,0.0,55.89,NO
2026-09-07T14:04:13+00:00,0ed981dc-b49d-426d-ade5-6014728b1ef9,Ethereum,sparklend,USDS,256957738.0,2.31842,2.31842,0.0,55.87,NO
2026-09-07T14:04:13+00:00,931ea9be-5f4d-428e-beaf-205fc5b4e2b5,Ethereum,morpho-blue,STEAKUSDC,89313998.0,4.30966,4.30966,0.0,55.32,NO
2026-09-07T14:04:13+00:00,71b34441-5a46-431b-a9b3-8c081cd0d74c,Ethereum,morpho-blue,GTUSDCP,88783881.0,4.32809,4.32809,0.0,55.22,NO
2026-09-07T14:04:13+00:00,c8a24fee-ec00-4f38-86c0-9f6daebc4225,Ethereum,sky-lending,SDAI,203313551.0,1.25,1.25,0.0,55.05,NO
2026-09-07T14:04:13+00:00,2d3b68a8-33d3-47e0-a4c0-0bafef4b01d5,Base,morpho-blue,USDE,342122941.0,4.75,0.0,4.75,54.27,NO
2026-09-07T14:04:13+00:00,d2a99602-b0c7-4f6a-a329-82bdaad3df0c,Ethereum,morpho-blue,ARMUSDCS,44236296.0,5.06711,5.0385,0.02861,53.91,NO
2026-09-07T14:46:37+00:00,d8c4eff5-c8a9-46fc-a888-057c4c668e72,Ethereum,sky-lending,SUSDS,4665425591.0,3.6,3.6,0.0,77.59,YES
2026-09-07T14:46:37+00:00,ba68527f-8ec2-4c55-827a-8f4673ae047c,Base,morpho-blue,STEAKUSDC,430097339.0,4.27471,4.27471,0.0,65.44,YES
2026-09-07T14:46:37+00:00,e0672197-9f3e-4414-bca5-e6b4c90aa469,Base,morpho-blue,GTUSDCP,418684071.0,4.27497,4.27497,0.0,65.35,YES
2026-09-07T14:46:37+00:00,3637ce7b-529b-49c1-964c-710a50b2939c,Arbitrum,sky-lending,SUSDS,362542715.0,3.6,3.6,0.0,62.8,NO
2026-09-07T14:46:37+00:00,9d499222-a01a-45bb-bbc9-f01c7923693b,Arbitrum,spark-savings,USDS,362542715.0,3.6,3.6,0.0,62.8,NO
2026-09-07T14:46:37+00:00,a5fab52f-73fa-4f44-9c09-9af1eb20996c,Base,morpho-blue,SPARKUSDC,305920009.0,3.83925,3.83925,0.0,62.67,NO
2026-09-07T14:46:37+00:00,8276be38-acc6-4005-ab0d-62680f49f4df,Base,morpho-blue,SIRLOINUSDC,378657570.0,5.60922,2.8232,2.78602,62.57,NO
2026-09-07T14:46:37+00:00,9f71f0fd-cfac-54b1-865e-37338f481708,Ethereum,sky-lending,STUSDS,209477137.0,5.3,5.3,0.0,62.14,NO
2026-09-07T14:46:37+00:00,c5c74dd1-995c-4445-9d84-3e710bad7d52,Ethereum,spark-savings,USDC,309896303.0,3.6,3.6,0.0,61.89,NO
2026-09-07T14:46:37+00:00,2e53bb82-f13f-4157-a3bf-b1a91b94b6a4,Ethereum,morpho-blue,SENRLUSDV2,348824526.0,6.13033,2.57534,3.55499,61.88,NO
2026-09-07T14:46:37+00:00,699f25fe-09f4-4f82-8f58-baa5b0af8fa4,Ethereum,morpho-blue,SENPYUSDMAIN,384729003.0,5.62819,2.68075,2.94744,61.78,NO
2026-09-07T14:46:37+00:00,a5d67f7e-5b51-4a9d-969d-caf051a7f5a4,Ethereum,spark-savings,USDT,361136143.0,3.25,3.25,0.0,61.18,NO
2026-09-07T14:46:37+00:00,4438dabc-7f0c-430b-8136-2722711ae663,Ethereum,fluid-lending,USDC,147687770.0,5.02,5.02,0.0,60.76,NO
2026-09-07T14:46:37+00:00,f569e486-da2a-41ef-8bfe-1a4db0d1d268,Ethereum,morpho-blue,SENPYUSDPRIMEV2,200282585.0,6.80812,4.35707,2.45106,60.67,NO
2026-09-07T14:46:37+00:00,19d024ed-9c70-4323-9a81-fe873ea5f0e0,Ethereum,aave-v3,SGHO,165909782.0,4.5,4.5,0.0,59.47,NO
2026-09-07T14:46:37+00:00,4e8cc592-c8d5-4824-8155-128ba521e903,Ethereum,fluid-lending,USDT,131517686.0,4.91,4.91,0.0,59.36,NO
2026-09-07T14:46:37+00:00,2f5341f4-6c2e-4c65-b2e0-10cd5228ff62,Ethereum,morpho-blue,STEAKCUSDC,38820185.0,7.19958,7.19958,0.0,57.81,NO
2026-09-07T14:46:37+00:00,f981a304-bb6c-45b8-b0c5-fd2f515ad23a,Ethereum,aave-v3,USDT,205759643.0,3.5681,3.5681,0.0,57.16,NO
2026-09-07T14:46:37+00:00,d73fcfed-a2ca-5314-a94b-a841982df77f,Ethereum,morpho-blue,PENDLEUSDC,55339681.0,6.89071,5.43138,1.45933,56.99,NO
2026-09-07T14:46:37+00:00,aa70268e-4b52-42bf-a116-608b370f9501,Ethereum,aave-v3,USDC,155287705.0,3.58201,3.58201,0.0,56.78,NO
2026-09-07T14:46:37+00:00,df7ccfd1-2642-4d79-851a-a5b07d9b8a97,Base,morpho-blue,GTUSDCP,95623287.0,4.27475,4.27475,0.0,56.73,NO
2026-09-07T14:46:37+00:00,81ae8812-f04f-4f6e-9d71-ee5778f3a178,Base,morpho-blue,STEAKUSDC,135329205.0,3.18886,3.18886,0.0,56.54,NO
2026-09-07T14:46:37+00:00,488f06db-5a36-450e-9ba9-b4321be39c7c,Ethereum,fluid-lite,USDC,44965276.0,6.67,0.0,0.0,56.36,NO
2026-09-07T14:46:37+00:00,d3b28212-a46b-4db8-8bb7-2c946b3cbe76,Ethereum,morpho-blue,STEAKEURCV,139941162.0,3.0,3.0,0.0,55.89,NO
2026-09-07T14:46:37+00:00,0ed981dc-b49d-426d-ade5-6014728b1ef9,Ethereum,sparklend,USDS,256974612.0,2.31842,2.31842,0.0,55.88,NO
2026-09-07T14:46:37+00:00,931ea9be-5f4d-428e-beaf-205fc5b4e2b5,Ethereum,morpho-blue,STEAKUSDC,90316290.0,4.3094,4.3094,0.0,55.4,NO
2026-09-07T14:46:37+00:00,71b34441-5a46-431b-a9b3-8c081cd0d74c,Ethereum,morpho-blue,GTUSDCP,88777108.0,4.32705,4.32705,0.0,55.23,NO
2026-09-07T14:46:37+00:00,c8a24fee-ec00-4f38-86c0-9f6daebc4225,Ethereum,sky-lending,SDAI,203313551.0,1.25,1.25,0.0,55.05,NO
2026-09-07T14:46:37+00:00,2d3b68a8-33d3-47e0-a4c0-0bafef4b01d5,Base,morpho-blue,USDE,342127720.0,4.75,0.0,4.75,54.28,NO
2026-09-07T14:46:37+00:00,d2a99602-b0c7-4f6a-a329-82bdaad3df0c,Ethereum,morpho-blue,ARMUSDCS,44233433.0,5.07663,5.04802,0.0286,53.89,NO
2026-09-07T15:52:00+00:00,d8c4eff5-c8a9-46fc-a888-057c4c668e72,Ethereum,sky-lending,SUSDS,4680739873.0,3.6,3.6,0.0,77.61,YES
2026-09-07T15:52:00+00:00,ba68527f-8ec2-4c55-827a-8f4673ae047c,Base,morpho-blue,STEAKUSDC,429858709.0,4.2748,4.2748,0.0,65.44,YES
2026-09-07T15:52:00+00:00,e0672197-9f3e-4414-bca5-e6b4c90aa469,Base,morpho-blue,GTUSDCP,418678567.0,4.27507,4.27507,0.0,65.35,YES
2026-09-07T15:52:00+00:00,3637ce7b-529b-49c1-964c-710a50b2939c,Arbitrum,sky-lending,SUSDS,362489934.0,3.6,3.6,0.0,62.8,NO
2026-09-07T15:52:00+00:00,9d499222-a01a-45bb-bbc9-f01c7923693b,Arbitrum,spark-savings,USDS,362489934.0,3.6,3.6,0.0,62.8,NO
2026-09-07T15:52:00+00:00,a5fab52f-73fa-4f44-9c09-9af1eb20996c,Base,morpho-blue,SPARKUSDC,305910090.0,3.83925,3.83925,0.0,62.67,NO
2026-09-07T15:52:00+00:00,8276be38-acc6-4005-ab0d-62680f49f4df,Base,morpho-blue,SIRLOINUSDC,378652917.0,5.60884,2.82282,2.78603,62.56,NO
2026-09-07T15:52:00+00:00,9f71f0fd-cfac-54b1-865e-37338f481708,Ethereum,sky-lending,STUSDS,209458708.0,5.3,5.3,0.0,62.14,NO
2026-09-07T15:52:00+00:00,c5c74dd1-995c-4445-9d84-3e710bad7d52,Ethereum,spark-savings,USDC,309890128.0,3.6,3.6,0.0,61.89,NO
2026-09-07T15:52:00+00:00,2e53bb82-f13f-4157-a3bf-b1a91b94b6a4,Ethereum,morpho-blue,SENRLUSDV2,348850824.0,6.12462,2.56729,3.55733,61.84,NO
2026-09-07T15:52:00+00:00,699f25fe-09f4-4f82-8f58-baa5b0af8fa4,Ethereum,morpho-blue,SENPYUSDMAIN,384618549.0,5.60817,2.65012,2.95806,61.62,NO
2026-09-07T15:52:00+00:00,a5d67f7e-5b51-4a9d-969d-caf051a7f5a4,Ethereum,spark-savings,USDT,361135018.0,3.25,3.25,0.0,61.19,NO
2026-09-07T15:52:00+00:00,f569e486-da2a-41ef-8bfe-1a4db0d1d268,Ethereum,morpho-blue,SENPYUSDPRIMEV2,200281271.0,6.77083,4.31722,2.45361,60.72,NO
2026-09-07T15:52:00+00:00,4438dabc-7f0c-430b-8136-2722711ae663,Ethereum,fluid-lending,USDC,147439119.0,5.09,5.09,0.0,60.54,NO
2026-09-07T15:52:00+00:00,19d024ed-9c70-4323-9a81-fe873ea5f0e0,Ethereum,aave-v3,SGHO,165905426.0,4.5,4.5,0.0,59.47,NO
2026-09-07T15:52:00+00:00,4e8cc592-c8d5-4824-8155-128ba521e903,Ethereum,fluid-lending,USDT,131336572.0,4.91,4.91,0.0,59.36,NO
2026-09-07T15:52:00+00:00,2f5341f4-6c2e-4c65-b2e0-10cd5228ff62,Ethereum,morpho-blue,STEAKCUSDC,38821240.0,7.19958,7.19958,0.0,57.81,NO
2026-09-07T15:52:00+00:00,f981a304-bb6c-45b8-b0c5-fd2f515ad23a,Ethereum,aave-v3,USDT,201958643.0,3.57716,3.57716,0.0,57.01,NO
2026-09-07T15:52:00+00:00,d73fcfed-a2ca-5314-a94b-a841982df77f,Ethereum,morpho-blue,PENDLEUSDC,55340214.0,6.90402,5.458,1.44602,56.99,NO
2026-09-07T15:52:00+00:00,aa70268e-4b52-42bf-a116-608b370f9501,Ethereum,aave-v3,USDC,153822173.0,3.58657,3.58657,0.0,56.77,NO
2026-09-07T15:52:00+00:00,df7ccfd1-2642-4d79-851a-a5b07d9b8a97,Base,morpho-blue,GTUSDCP,95727799.0,4.27488,4.27488,0.0,56.74,NO
2026-09-07T15:52:00+00:00,81ae8812-f04f-4f6e-9d71-ee5778f3a178,Base,morpho-blue,STEAKUSDC,135320597.0,3.18888,3.18888,0.0,56.55,NO
2026-09-07T15:52:00+00:00,488f06db-5a36-450e-9ba9-b4321be39c7c,Ethereum,fluid-lite,USDC,44966833.0,6.67,0.0,0.0,56.37,NO
2026-09-07T15:52:00+00:00,d3b28212-a46b-4db8-8bb7-2c946b3cbe76,Ethereum,morpho-blue,STEAKEURCV,139976314.0,3.0,3.0,0.0,55.9,NO
2026-09-07T15:52:00+00:00,0ed981dc-b49d-426d-ade5-6014728b1ef9,Ethereum,sparklend,USDS,257159207.0,2.31845,2.31845,0.0,55.89,NO
2026-09-07T15:52:00+00:00,931ea9be-5f4d-428e-beaf-205fc5b4e2b5,Ethereum,morpho-blue,STEAKUSDC,91314946.0,4.30901,4.30901,0.0,55.47,NO
2026-09-07T15:52:00+00:00,71b34441-5a46-431b-a9b3-8c081cd0d74c,Ethereum,morpho-blue,GTUSDCP,88779211.0,4.32572,4.32572,0.0,55.25,NO
2026-09-07T15:52:00+00:00,c8a24fee-ec00-4f38-86c0-9f6daebc4225,Ethereum,sky-lending,SDAI,203313551.0,1.25,1.25,0.0,55.05,NO
2026-09-07T15:52:00+00:00,2d3b68a8-33d3-47e0-a4c0-0bafef4b01d5,Base,morpho-blue,USDE,342128894.0,4.75,0.0,4.75,54.28,NO
2026-09-07T15:52:00+00:00,d2a99602-b0c7-4f6a-a329-82bdaad3df0c,Ethereum,morpho-blue,ARMUSDCS,44234538.0,5.08632,5.05771,0.0286,53.86,NO
2026-09-07T15:56:24+00:00,d8c4eff5-c8a9-46fc-a888-057c4c668e72,Ethereum,sky-lending,SUSDS,4680739873.0,3.6,3.6,0.0,77.61,YES
2026-09-07T15:56:24+00:00,ba68527f-8ec2-4c55-827a-8f4673ae047c,Base,morpho-blue,STEAKUSDC,429858709.0,4.2748,4.2748,0.0,65.44,YES
2026-09-07T15:56:24+00:00,e0672197-9f3e-4414-bca5-e6b4c90aa469,Base,morpho-blue,GTUSDCP,418678567.0,4.27507,4.27507,0.0,65.35,YES
2026-09-07T15:56:24+00:00,3637ce7b-529b-49c1-964c-710a50b2939c,Arbitrum,sky-lending,SUSDS,362489934.0,3.6,3.6,0.0,62.8,NO
2026-09-07T15:56:24+00:00,9d499222-a01a-45bb-bbc9-f01c7923693b,Arbitrum,spark-savings,USDS,362489934.0,3.6,3.6,0.0,62.8,NO
2026-09-07T15:56:24+00:00,a5fab52f-73fa-4f44-9c09-9af1eb20996c,Base,morpho-blue,SPARKUSDC,305910090.0,3.83925,3.83925,0.0,62.67,NO
2026-09-07T15:56:24+00:00,8276be38-acc6-4005-ab0d-62680f49f4df,Base,morpho-blue,SIRLOINUSDC,378652917.0,5.60884,2.82282,2.78603,62.56,NO
2026-09-07T15:56:24+00:00,9f71f0fd-cfac-54b1-865e-37338f481708,Ethereum,sky-lending,STUSDS,209458708.0,5.3,5.3,0.0,62.14,NO
2026-09-07T15:56:24+00:00,c5c74dd1-995c-4445-9d84-3e710bad7d52,Ethereum,spark-savings,USDC,309890128.0,3.6,3.6,0.0,61.89,NO
2026-09-07T15:56:24+00:00,2e53bb82-f13f-4157-a3bf-b1a91b94b6a4,Ethereum,morpho-blue,SENRLUSDV2,348850824.0,6.12462,2.56729,3.55733,61.84,NO
2026-09-07T15:56:24+00:00,699f25fe-09f4-4f82-8f58-baa5b0af8fa4,Ethereum,morpho-blue,SENPYUSDMAIN,384618549.0,5.60817,2.65012,2.95806,61.62,NO
2026-09-07T15:56:24+00:00,a5d67f7e-5b51-4a9d-969d-caf051a7f5a4,Ethereum,spark-savings,USDT,361135018.0,3.25,3.25,0.0,61.19,NO
2026-09-07T15:56:24+00:00,f569e486-da2a-41ef-8bfe-1a4db0d1d268,Ethereum,morpho-blue,SENPYUSDPRIMEV2,200281271.0,6.77083,4.31722,2.45361,60.72,NO
2026-09-07T15:56:24+00:00,4438dabc-7f0c-430b-8136-2722711ae663,Ethereum,fluid-lending,USDC,147439119.0,5.09,5.09,0.0,60.54,NO
2026-09-07T15:56:24+00:00,19d024ed-9c70-4323-9a81-fe873ea5f0e0,Ethereum,aave-v3,SGHO,165905426.0,4.5,4.5,0.0,59.47,NO
2026-09-07T15:56:24+00:00,4e8cc592-c8d5-4824-8155-128ba521e903,Ethereum,fluid-lending,USDT,131336572.0,4.91,4.91,0.0,59.36,NO
2026-09-07T15:56:24+00:00,2f5341f4-6c2e-4c65-b2e0-10cd5228ff62,Ethereum,morpho-blue,STEAKCUSDC,38821240.0,7.19958,7.19958,0.0,57.81,NO
2026-09-07T15:56:24+00:00,f981a304-bb6c-45b8-b0c5-fd2f515ad23a,Ethereum,aave-v3,USDT,201958643.0,3.57716,3.57716,0.0,57.01,NO
2026-09-07T15:56:24+00:00,d73fcfed-a2ca-5314-a94b-a841982df77f,Ethereum,morpho-blue,PENDLEUSDC,55340214.0,6.90402,5.458,1.44602,56.99,NO
2026-09-07T15:56:24+00:00,aa70268e-4b52-42bf-a116-608b370f9501,Ethereum,aave-v3,USDC,153822173.0,3.58657,3.58657,0.0,56.77,NO
2026-09-07T15:56:24+00:00,df7ccfd1-2642-4d79-851a-a5b07d9b8a97,Base,morpho-blue,GTUSDCP,95727799.0,4.27488,4.27488,0.0,56.74,NO
2026-09-07T15:56:24+00:00,81ae8812-f04f-4f6e-9d71-ee5778f3a178,Base,morpho-blue,STEAKUSDC,135320597.0,3.18888,3.18888,0.0,56.55,NO
2026-09-07T15:56:24+00:00,488f06db-5a36-450e-9ba9-b4321be39c7c,Ethereum,fluid-lite,USDC,44966833.0,6.67,0.0,0.0,56.37,NO
2026-09-07T15:56:24+00:00,d3b28212-a46b-4db8-8bb7-2c946b3cbe76,Ethereum,morpho-blue,STEAKEURCV,139976314.0,3.0,3.0,0.0,55.9,NO
2026-09-07T15:56:24+00:00,0ed981dc-b49d-426d-ade5-6014728b1ef9,Ethereum,sparklend,USDS,257159207.0,2.31845,2.31845,0.0,55.89,NO
2026-09-07T15:56:24+00:00,931ea9be-5f4d-428e-beaf-205fc5b4e2b5,Ethereum,morpho-blue,STEAKUSDC,91314946.0,4.30901,4.30901,0.0,55.47,NO
2026-09-07T15:56:24+00:00,71b34441-5a46-431b-a9b3-8c081cd0d74c,Ethereum,morpho-blue,GTUSDCP,88779211.0,4.32572,4.32572,0.0,55.25,NO
2026-09-07T15:56:24+00:00,c8a24fee-ec00-4f38-86c0-9f6daebc4225,Ethereum,sky-lending,SDAI,203313551.0,1.25,1.25,0.0,55.05,NO
2026-09-07T15:56:24+00:00,2d3b68a8-33d3-47e0-a4c0-0bafef4b01d5,Base,morpho-blue,USDE,342128894.0,4.75,0.0,4.75,54.28,NO
2026-09-07T15:56:24+00:00,d2a99602-b0c7-4f6a-a329-82bdaad3df0c,Ethereum,morpho-blue,ARMUSDCS,44234538.0,5.08632,5.05771,0.0286,53.86,NO
2026-09-07T18:20:50+00:00,d8c4eff5-c8a9-46fc-a888-057c4c668e72,Ethereum,sky-lending,SUSDS,4679837519.0,3.6,3.6,0.0,77.61,YES
2026-09-07T18:20:50+00:00,ba68527f-8ec2-4c55-827a-8f4673ae047c,Base,morpho-blue,STEAKUSDC,429845970.0,4.27493,4.27493,0.0,65.45,YES
2026-09-07T18:20:50+00:00,e0672197-9f3e-4414-bca5-e6b4c90aa469,Base,morpho-blue,GTUSDCP,418617598.0,4.27562,4.27562,0.0,65.35,YES
2026-09-07T18:20:50+00:00,3637ce7b-529b-49c1-964c-710a50b2939c,Arbitrum,sky-lending,SUSDS,362529043.0,3.6,3.6,0.0,62.8,NO
2026-09-07T18:20:50+00:00,9d499222-a01a-45bb-bbc9-f01c7923693b,Arbitrum,spark-savings,USDS,362529043.0,3.6,3.6,0.0,62.8,NO
2026-09-07T18:20:50+00:00,a5fab52f-73fa-4f44-9c09-9af1eb20996c,Base,morpho-blue,SPARKUSDC,305918648.0,3.83945,3.83945,0.0,62.67,NO
2026-09-07T18:20:50+00:00,8276be38-acc6-4005-ab0d-62680f49f4df,Base,morpho-blue,SIRLOINUSDC,378636679.0,5.60811,2.82247,2.78564,62.56,NO
2026-09-07T18:20:50+00:00,9f71f0fd-cfac-54b1-865e-37338f481708,Ethereum,sky-lending,STUSDS,209433173.0,5.3,5.3,0.0,62.15,NO
2026-09-07T18:20:50+00:00,c5c74dd1-995c-4445-9d84-3e710bad7d52,Ethereum,spark-savings,USDC,309904114.0,3.6,3.6,0.0,61.89,NO
2026-09-07T18:20:50+00:00,2e53bb82-f13f-4157-a3bf-b1a91b94b6a4,Ethereum,morpho-blue,SENRLUSDV2,348903900.0,6.1138,2.54283,3.57097,61.74,NO
2026-09-07T18:20:50+00:00,699f25fe-09f4-4f82-8f58-baa5b0af8fa4,Ethereum,morpho-blue,SENPYUSDMAIN,384985800.0,5.57765,2.61126,2.96639,61.39,NO
2026-09-07T18:20:50+00:00,a5d67f7e-5b51-4a9d-969d-caf051a7f5a4,Ethereum,spark-savings,USDT,361133703.0,3.25,3.25,0.0,61.2,NO
2026-09-07T18:20:50+00:00,f569e486-da2a-41ef-8bfe-1a4db0d1d268,Ethereum,morpho-blue,SENPYUSDPRIMEV2,200242895.0,6.72052,4.25682,2.4637,60.77,NO
2026-09-07T18:20:50+00:00,4438dabc-7f0c-430b-8136-2722711ae663,Ethereum,fluid-lending,USDC,147612423.0,5.09,5.09,0.0,60.55,NO
2026-09-07T18:20:50+00:00,19d024ed-9c70-4323-9a81-fe873ea5f0e0,Ethereum,aave-v3,SGHO,165981181.0,4.5,4.5,0.0,59.48,NO
2026-09-07T18:20:50+00:00,4e8cc592-c8d5-4824-8155-128ba521e903,Ethereum,fluid-lending,USDT,131337999.0,4.91,4.91,0.0,59.36,NO
2026-09-07T18:20:50+00:00,2f5341f4-6c2e-4c65-b2e0-10cd5228ff62,Ethereum,morpho-blue,STEAKCUSDC,38822567.0,7.19956,7.19956,0.0,57.82,NO
2026-09-07T18:20:50+00:00,f981a304-bb6c-45b8-b0c5-fd2f515ad23a,Ethereum,aave-v3,USDT,203047942.0,3.57436,3.57436,0.0,57.08,NO
2026-09-07T18:20:50+00:00,d73fcfed-a2ca-5314-a94b-a841982df77f,Ethereum,morpho-blue,PENDLEUSDC,54413319.0,6.96466,5.50862,1.45604,56.8,NO
2026-09-07T18:20:50+00:00,df7ccfd1-2642-4d79-851a-a5b07d9b8a97,Base,morpho-blue,GTUSDCP,95841510.0,4.27506,4.27506,0.0,56.76,NO
2026-09-07T18:20:50+00:00,aa70268e-4b52-42bf-a116-608b370f9501,Ethereum,aave-v3,USDC,150319057.0,3.59775,3.59775,0.0,56.73,NO
2026-09-07T18:20:50+00:00,81ae8812-f04f-4f6e-9d71-ee5778f3a178,Base,morpho-blue,STEAKUSDC,135182064.0,3.18912,3.18912,0.0,56.55,NO
2026-09-07T18:20:50+00:00,488f06db-5a36-450e-9ba9-b4321be39c7c,Ethereum,fluid-lite,USDC,45037875.0,6.66,0.0,0.0,56.33,NO
2026-09-07T18:20:50+00:00,d3b28212-a46b-4db8-8bb7-2c946b3cbe76,Ethereum,morpho-blue,STEAKEURCV,140050725.0,3.0,3.0,0.0,55.91,NO
2026-09-07T18:20:50+00:00,0ed981dc-b49d-426d-ade5-6014728b1ef9,Ethereum,sparklend,USDS,257147574.0,2.31848,2.31848,0.0,55.9,NO
2026-09-07T18:20:50+00:00,931ea9be-5f4d-428e-beaf-205fc5b4e2b5,Ethereum,morpho-blue,STEAKUSDC,91543578.0,4.30976,4.30976,0.0,55.5,NO
2026-09-07T18:20:50+00:00,71b34441-5a46-431b-a9b3-8c081cd0d74c,Ethereum,morpho-blue,GTUSDCP,88780186.0,4.32549,4.32549,0.0,55.27,NO
2026-09-07T18:20:50+00:00,c8a24fee-ec00-4f38-86c0-9f6daebc4225,Ethereum,sky-lending,SDAI,203272039.0,1.25,1.25,0.0,55.05,NO
2026-09-07T18:20:50+00:00,2d3b68a8-33d3-47e0-a4c0-0bafef4b01d5,Base,morpho-blue,USDE,342138438.0,4.75,0.0,4.75,54.29,NO
2026-09-07T18:20:50+00:00,f8d7740c-4cef-420e-a944-1b7caffde643,Ethereum,morpho-blue,BBQUSDC,41472775.0,5.21265,5.21265,0.0,53.86,NO
2026-09-07T18:40:57+00:00,d8c4eff5-c8a9-46fc-a888-057c4c668e72,Ethereum,sky-lending,SUSDS,4679311691.0,3.6,3.6,0.0,77.61,YES
2026-09-07T18:40:57+00:00,ba68527f-8ec2-4c55-827a-8f4673ae047c,Base,morpho-blue,STEAKUSDC,429808052.0,4.27509,4.27509,0.0,65.46,YES
2026-09-07T18:40:57+00:00,e0672197-9f3e-4414-bca5-e6b4c90aa469,Base,morpho-blue,GTUSDCP,418623684.0,4.27594,4.27594,0.0,65.36,YES
2026-09-07T18:40:57+00:00,3637ce7b-529b-49c1-964c-710a50b2939c,Arbitrum,sky-lending,SUSDS,362519401.0,3.6,3.6,0.0,62.8,NO
2026-09-07T18:40:57+00:00,9d499222-a01a-45bb-bbc9-f01c7923693b,Arbitrum,spark-savings,USDS,362519401.0,3.6,3.6,0.0,62.8,NO
2026-09-07T18:40:57+00:00,a5fab52f-73fa-4f44-9c09-9af1eb20996c,Base,morpho-blue,SPARKUSDC,305926620.0,3.83965,3.83965,0.0,62.68,NO
2026-09-07T18:40:57+00:00,8276be38-acc6-4005-ab0d-62680f49f4df,Base,morpho-blue,SIRLOINUSDC,378845321.0,5.60859,2.82238,2.78621,62.56,NO
2026-09-07T18:40:57+00:00,9f71f0fd-cfac-54b1-865e-37338f481708,Ethereum,sky-lending,STUSDS,209468938.0,5.3,5.3,0.0,62.16,NO
2026-09-07T18:40:57+00:00,c5c74dd1-995c-4445-9d84-3e710bad7d52,Ethereum,spark-savings,USDC,309919259.0,3.6,3.6,0.0,61.89,NO
2026-09-07T18:40:57+00:00,2e53bb82-f13f-4157-a3bf-b1a91b94b6a4,Ethereum,morpho-blue,SENRLUSDV2,348905146.0,6.10888,2.55307,3.55581,61.73,NO
2026-09-07T18:40:57+00:00,699f25fe-09f4-4f82-8f58-baa5b0af8fa4,Ethereum,morpho-blue,SENPYUSDMAIN,382953879.0,5.56084,2.607,2.95384,61.26,NO
2026-09-07T18:40:57+00:00,a5d67f7e-5b51-4a9d-969d-caf051a7f5a4,Ethereum,spark-savings,USDT,360838434.0,3.25,3.25,0.0,61.2,NO
2026-09-07T18:40:57+00:00,f569e486-da2a-41ef-8bfe-1a4db0d1d268,Ethereum,morpho-blue,SENPYUSDPRIMEV2,200242601.0,6.69491,4.24267,2.45224,60.82,NO
2026-09-07T18:40:57+00:00,4438dabc-7f0c-430b-8136-2722711ae663,Ethereum,fluid-lending,USDC,147612423.0,5.09,5.09,0.0,60.55,NO
2026-09-07T18:40:57+00:00,19d024ed-9c70-4323-9a81-fe873ea5f0e0,Ethereum,aave-v3,SGHO,166995313.0,4.5,4.5,0.0,59.51,NO
2026-09-07T18:40:57+00:00,4e8cc592-c8d5-4824-8155-128ba521e903,Ethereum,fluid-lending,USDT,131337999.0,4.91,4.91,0.0,59.37,NO
2026-09-07T18:40:57+00:00,2f5341f4-6c2e-4c65-b2e0-10cd5228ff62,Ethereum,morpho-blue,STEAKCUSDC,38823714.0,7.19955,7.19955,0.0,57.82,NO
2026-09-07T18:40:57+00:00,f981a304-bb6c-45b8-b0c5-fd2f515ad23a,Ethereum,aave-v3,USDT,203563508.0,3.57314,3.57314,0.0,57.11,NO
2026-09-07T18:40:57+00:00,d73fcfed-a2ca-5314-a94b-a841982df77f,Ethereum,morpho-blue,PENDLEUSDC,55784091.0,7.06224,5.59803,1.46421,56.81,NO
2026-09-07T18:40:57+00:00,df7ccfd1-2642-4d79-851a-a5b07d9b8a97,Base,morpho-blue,GTUSDCP,95805100.0,4.27531,4.27531,0.0,56.77,NO
2026-09-07T18:40:57+00:00,aa70268e-4b52-42bf-a116-608b370f9501,Ethereum,aave-v3,USDC,150224338.0,3.59803,3.59803,0.0,56.72,NO
2026-09-07T18:40:57+00:00,81ae8812-f04f-4f6e-9d71-ee5778f3a178,Base,morpho-blue,STEAKUSDC,134835641.0,3.18931,3.18931,0.0,56.53,NO
2026-09-07T18:40:57+00:00,488f06db-5a36-450e-9ba9-b4321be39c7c,Ethereum,fluid-lite,USDC,45039528.0,6.66,0.0,0.0,56.33,NO
2026-09-07T18:40:57+00:00,d3b28212-a46b-4db8-8bb7-2c946b3cbe76,Ethereum,morpho-blue,STEAKEURCV,140017928.0,3.0,3.0,0.0,55.92,NO
2026-09-07T18:40:57+00:00,0ed981dc-b49d-426d-ade5-6014728b1ef9,Ethereum,sparklend,USDS,257157123.0,2.31848,2.31848,0.0,55.9,NO
2026-09-07T18:40:57+00:00,931ea9be-5f4d-428e-beaf-205fc5b4e2b5,Ethereum,morpho-blue,STEAKUSDC,91471807.0,4.30945,4.30945,0.0,55.51,NO
2026-09-07T18:40:57+00:00,71b34441-5a46-431b-a9b3-8c081cd0d74c,Ethereum,morpho-blue,GTUSDCP,88769486.0,4.32509,4.32509,0.0,55.28,NO
2026-09-07T18:40:57+00:00,c8a24fee-ec00-4f38-86c0-9f6daebc4225,Ethereum,sky-lending,SDAI,203272445.0,1.25,1.25,0.0,55.05,NO
2026-09-07T18:40:57+00:00,2d3b68a8-33d3-47e0-a4c0-0bafef4b01d5,Base,morpho-blue,USDE,341684532.0,4.75,0.0,4.75,54.28,NO
2026-09-07T18:40:57+00:00,f8d7740c-4cef-420e-a944-1b7caffde643,Ethereum,morpho-blue,BBQUSDC,41473959.0,5.25873,5.25873,0.0,54.18,NO
2026-09-07T21:12:45+00:00,d8c4eff5-c8a9-46fc-a888-057c4c668e72,Ethereum,sky-lending,SUSDS,4679395761.0,3.6,3.6,0.0,77.62,YES
2026-09-07T21:12:45+00:00,ba68527f-8ec2-4c55-827a-8f4673ae047c,Base,morpho-blue,STEAKUSDC,429822084.0,4.27541,4.27541,0.0,65.47,YES
2026-09-07T21:12:45+00:00,e0672197-9f3e-4414-bca5-e6b4c90aa469,Base,morpho-blue,GTUSDCP,418627126.0,4.27602,4.27602,0.0,65.36,YES
2026-09-07T21:12:45+00:00,3637ce7b-529b-49c1-964c-710a50b2939c,Arbitrum,sky-lending,SUSDS,362520752.0,3.6,3.6,0.0,62.8,NO
2026-09-07T21:12:45+00:00,9d499222-a01a-45bb-bbc9-f01c7923693b,Arbitrum,spark-savings,USDS,362520752.0,3.6,3.6,0.0,62.8,NO
2026-09-07T21:12:45+00:00,a5fab52f-73fa-4f44-9c09-9af1eb20996c,Base,morpho-blue,SPARKUSDC,305927226.0,3.83954,3.83954,0.0,62.68,NO
2026-09-07T21:12:45+00:00,8276be38-acc6-4005-ab0d-62680f49f4df,Base,morpho-blue,SIRLOINUSDC,379776557.0,5.60262,2.81968,2.78294,62.54,NO
2026-09-07T21:12:45+00:00,9f71f0fd-cfac-54b1-865e-37338f481708,Ethereum,sky-lending,STUSDS,209531294.0,5.3,5.3,0.0,62.17,NO
2026-09-07T21:12:45+00:00,c5c74dd1-995c-4445-9d84-3e710bad7d52,Ethereum,spark-savings,USDC,309926109.0,3.6,3.6,0.0,61.9,NO
2026-09-07T21:12:45+00:00,2e53bb82-f13f-4157-a3bf-b1a91b94b6a4,Ethereum,morpho-blue,SENRLUSDV2,348913686.0,6.09898,2.54105,3.55793,61.66,NO
2026-09-07T21:12:45+00:00,a5d67f7e-5b51-4a9d-969d-caf051a7f5a4,Ethereum,spark-savings,USDT,360836769.0,3.25,3.25,0.0,61.21,NO
2026-09-07T21:12:45+00:00,699f25fe-09f4-4f82-8f58-baa5b0af8fa4,Ethereum,morpho-blue,SENPYUSDMAIN,385033770.0,5.54527,2.57368,2.97159,61.15,NO
2026-09-07T21:12:45+00:00,f569e486-da2a-41ef-8bfe-1a4db0d1d268,Ethereum,morpho-blue,SENPYUSDPRIMEV2,200249388.0,6.64195,4.18705,2.4549,60.89,NO
2026-09-07T21:12:45+00:00,4438dabc-7f0c-430b-8136-2722711ae663,Ethereum,fluid-lending,USDC,147560261.0,4.91,4.91,0.0,60.56,NO
2026-09-07T21:12:45+00:00,19d024ed-9c70-4323-9a81-fe873ea5f0e0,Ethereum,aave-v3,SGHO,166949885.0,4.5,4.5,0.0,59.52,NO
2026-09-07T21:12:45+00:00,4e8cc592-c8d5-4824-8155-128ba521e903,Ethereum,fluid-lending,USDT,131392691.0,4.68,4.68,0.0,59.23,NO
2026-09-07T21:12:45+00:00,2f5341f4-6c2e-4c65-b2e0-10cd5228ff62,Ethereum,morpho-blue,STEAKCUSDC,38824245.0,7.19952,7.19952,0.0,57.82,NO
2026-09-07T21:12:45+00:00,df7ccfd1-2642-4d79-851a-a5b07d9b8a97,Base,morpho-blue,GTUSDCP,95870727.0,4.2757,4.2757,0.0,56.78,NO
2026-09-07T21:12:45+00:00,aa70268e-4b52-42bf-a116-608b370f9501,Ethereum,aave-v3,USDC,149589960.0,3.60021,3.60021,0.0,56.71,NO
2026-09-07T21:12:45+00:00,d73fcfed-a2ca-5314-a94b-a841982df77f,Ethereum,morpho-blue,PENDLEUSDC,55685884.0,7.19231,5.70728,1.48504,56.61,NO
2026-09-07T21:12:45+00:00,81ae8812-f04f-4f6e-9d71-ee5778f3a178,Base,morpho-blue,STEAKUSDC,134753723.0,3.18928,3.18928,0.0,56.53,NO
2026-09-07T21:12:45+00:00,f981a304-bb6c-45b8-b0c5-fd2f515ad23a,Ethereum,aave-v3,USDT,188738765.0,3.60911,3.60911,0.0,56.49,NO
2026-09-07T21:12:45+00:00,488f06db-5a36-450e-9ba9-b4321be39c7c,Ethereum,fluid-lite,USDC,45038941.0,6.66,0.0,0.0,56.34,NO
2026-09-07T21:12:45+00:00,0ed981dc-b49d-426d-ade5-6014728b1ef9,Ethereum,sparklend,USDS,257173990.0,2.31842,2.31842,0.0,55.92,NO
2026-09-07T21:12:45+00:00,d3b28212-a46b-4db8-8bb7-2c946b3cbe76,Ethereum,morpho-blue,STEAKEURCV,139936177.0,3.0,3.0,0.0,55.92,NO
2026-09-07T21:12:45+00:00,931ea9be-5f4d-428e-beaf-205fc5b4e2b5,Ethereum,morpho-blue,STEAKUSDC,91491378.0,4.30905,4.30905,0.0,55.53,NO
2026-09-07T21:12:45+00:00,71b34441-5a46-431b-a9b3-8c081cd0d74c,Ethereum,morpho-blue,GTUSDCP,88770162.0,4.32424,4.32424,0.0,55.3,NO
2026-09-07T21:12:45+00:00,c8a24fee-ec00-4f38-86c0-9f6daebc4225,Ethereum,sky-lending,SDAI,203272948.0,1.25,1.25,0.0,55.05,NO
2026-09-07T21:12:45+00:00,2d3b68a8-33d3-47e0-a4c0-0bafef4b01d5,Base,morpho-blue,USDE,341247506.0,4.75,0.0,4.75,54.28,NO
2026-09-07T21:12:45+00:00,f8d7740c-4cef-420e-a944-1b7caffde643,Ethereum,morpho-blue,BBQUSDC,41474884.0,5.33381,5.33381,0.0,54.01,NO
2026-09-07T21:55:05+00:00,d8c4eff5-c8a9-46fc-a888-057c4c668e72,Ethereum,sky-lending,SUSDS,4678841175.0,3.6,3.6,0.0,77.62,YES
2026-09-07T21:55:05+00:00,ba68527f-8ec2-4c55-827a-8f4673ae047c,Base,morpho-blue,STEAKUSDC,429813187.0,4.27524,4.27524,0.0,65.47,YES
2026-09-07T21:55:05+00:00,e0672197-9f3e-4414-bca5-e6b4c90aa469,Base,morpho-blue,GTUSDCP,418662825.0,4.27582,4.27582,0.0,65.36,YES
2026-09-07T21:55:05+00:00,9d499222-a01a-45bb-bbc9-f01c7923693b,Arbitrum,spark-savings,USDS,362515283.0,3.6,3.6,0.0,62.81,NO
2026-09-07T21:55:05+00:00,3637ce7b-529b-49c1-964c-710a50b2939c,Arbitrum,sky-lending,SUSDS,362515283.0,3.6,3.6,0.0,62.8,NO
2026-09-07T21:55:05+00:00,a5fab52f-73fa-4f44-9c09-9af1eb20996c,Base,morpho-blue,SPARKUSDC,305926589.0,3.83934,3.83934,0.0,62.68,NO
2026-09-07T21:55:05+00:00,8276be38-acc6-4005-ab0d-62680f49f4df,Base,morpho-blue,SIRLOINUSDC,379704522.0,5.59723,2.81892,2.7783,62.51,NO
2026-09-07T21:55:05+00:00,9f71f0fd-cfac-54b1-865e-37338f481708,Ethereum,sky-lending,STUSDS,209522303.0,5.3,5.3,0.0,62.17,NO
2026-09-07T21:55:05+00:00,c5c74dd1-995c-4445-9d84-3e710bad7d52,Ethereum,spark-savings,USDC,309919785.0,3.6,3.6,0.0,61.9,NO
2026-09-07T21:55:05+00:00,2e53bb82-f13f-4157-a3bf-b1a91b94b6a4,Ethereum,morpho-blue,SENRLUSDV2,348907164.0,6.09317,2.53871,3.55447,61.62,NO
2026-09-07T21:55:05+00:00,a5d67f7e-5b51-4a9d-969d-caf051a7f5a4,Ethereum,spark-savings,USDT,360822926.0,3.25,3.25,0.0,61.22,NO
2026-09-07T21:55:05+00:00,699f25fe-09f4-4f82-8f58-baa5b0af8fa4,Ethereum,morpho-blue,SENPYUSDMAIN,385004177.0,5.53829,2.58522,2.95308,61.13,NO
2026-09-07T21:55:05+00:00,f569e486-da2a-41ef-8bfe-1a4db0d1d268,Ethereum,morpho-blue,SENPYUSDPRIMEV2,200233442.0,6.59486,4.14365,2.45121,60.96,NO
2026-09-07T21:55:05+00:00,4438dabc-7f0c-430b-8136-2722711ae663,Ethereum,fluid-lending,USDC,147541391.0,4.92,4.92,0.0,60.63,NO
2026-09-07T21:55:05+00:00,19d024ed-9c70-4323-9a81-fe873ea5f0e0,Ethereum,aave-v3,SGHO,166940515.0,4.5,4.5,0.0,59.52,NO
2026-09-07T21:55:05+00:00,4e8cc592-c8d5-4824-8155-128ba521e903,Ethereum,fluid-lending,USDT,131390751.0,4.67,4.67,0.0,59.15,NO
2026-09-07T21:55:05+00:00,2f5341f4-6c2e-4c65-b2e0-10cd5228ff62,Ethereum,morpho-blue,STEAKCUSDC,38323083.0,7.19951,7.19951,0.0,57.75,NO
2026-09-07T21:55:05+00:00,df7ccfd1-2642-4d79-851a-a5b07d9b8a97,Base,morpho-blue,GTUSDCP,95880790.0,4.27556,4.27556,0.0,56.79,NO
2026-09-07T21:55:05+00:00,aa70268e-4b52-42bf-a116-608b370f9501,Ethereum,aave-v3,USDC,152424446.0,3.59143,3.59143,0.0,56.74,NO
2026-09-07T21:55:05+00:00,f981a304-bb6c-45b8-b0c5-fd2f515ad23a,Ethereum,aave-v3,USDT,191110753.0,3.60304,3.60304,0.0,56.6,NO
2026-09-07T21:55:05+00:00,d73fcfed-a2ca-5314-a94b-a841982df77f,Ethereum,morpho-blue,PENDLEUSDC,55686638.0,7.24148,5.75418,1.48731,56.55,NO
2026-09-07T21:55:05+00:00,81ae8812-f04f-4f6e-9d71-ee5778f3a178,Base,morpho-blue,STEAKUSDC,134743864.0,3.18912,3.18912,0.0,56.53,NO
2026-09-07T21:55:05+00:00,488f06db-5a36-450e-9ba9-b4321be39c7c,Ethereum,fluid-lite,USDC,45039625.0,6.66,0.0,0.0,56.34,NO
2026-09-07T21:55:05+00:00,d3b28212-a46b-4db8-8bb7-2c946b3cbe76,Ethereum,morpho-blue,STEAKEURCV,139936056.0,3.0,3.0,0.0,55.93,NO
2026-09-07T21:55:05+00:00,0ed981dc-b49d-426d-ade5-6014728b1ef9,Ethereum,sparklend,USDS,257169287.0,2.31842,2.31842,0.0,55.92,NO
2026-09-07T21:55:05+00:00,931ea9be-5f4d-428e-beaf-205fc5b4e2b5,Ethereum,morpho-blue,STEAKUSDC,91941910.0,4.30912,4.30912,0.0,55.56,NO
2026-09-07T21:55:05+00:00,71b34441-5a46-431b-a9b3-8c081cd0d74c,Ethereum,morpho-blue,GTUSDCP,88768143.0,4.32422,4.32422,0.0,55.31,NO
2026-09-07T21:55:05+00:00,c8a24fee-ec00-4f38-86c0-9f6daebc4225,Ethereum,sky-lending,SDAI,203272948.0,1.25,1.25,0.0,55.05,NO
2026-09-07T21:55:05+00:00,2d3b68a8-33d3-47e0-a4c0-0bafef4b01d5,Base,morpho-blue,USDE,341268881.0,4.75,0.0,4.75,54.28,NO
2026-09-07T21:55:05+00:00,54e9b138-3146-4c1f-8dce-1cb948f5ef96,Ethereum,sparklend,USDS,594522656.0,4.01674,0.0,4.01674,54.03,NO
2026-09-07T23:57:23+00:00,d8c4eff5-c8a9-46fc-a888-057c4c668e72,Ethereum,sky-lending,SUSDS,4678999787.0,3.6,3.6,0.0,77.62,YES
2026-09-07T23:57:23+00:00,ba68527f-8ec2-4c55-827a-8f4673ae047c,Base,morpho-blue,STEAKUSDC,429801641.0,4.27478,4.27478,0.0,65.48,YES
2026-09-07T23:57:23+00:00,e0672197-9f3e-4414-bca5-e6b4c90aa469,Base,morpho-blue,GTUSDCP,418686419.0,4.27536,4.27536,0.0,65.36,YES
2026-09-07T23:57:23+00:00,3637ce7b-529b-49c1-964c-710a50b2939c,Arbitrum,sky-lending,SUSDS,362507688.0,3.6,3.6,0.0,62.81,NO
2026-09-07T23:57:23+00:00,9d499222-a01a-45bb-bbc9-f01c7923693b,Arbitrum,spark-savings,USDS,362507688.0,3.6,3.6,0.0,62.81,NO
2026-09-07T23:57:23+00:00,a5fab52f-73fa-4f44-9c09-9af1eb20996c,Base,morpho-blue,SPARKUSDC,305930196.0,3.83889,3.83889,0.0,62.68,NO
2026-09-07T23:57:23+00:00,8276be38-acc6-4005-ab0d-62680f49f4df,Base,morpho-blue,SIRLOINUSDC,380004859.0,5.59396,2.81921,2.77474,62.49,NO
2026-09-07T23:57:23+00:00,9f71f0fd-cfac-54b1-865e-37338f481708,Ethereum,sky-lending,STUSDS,209517271.0,5.3,5.3,0.0,62.18,NO
2026-09-07T23:57:23+00:00,c5c74dd1-995c-4445-9d84-3e710bad7d52,Ethereum,spark-savings,USDC,309925822.0,3.6,3.6,0.0,61.9,NO
2026-09-07T23:57:23+00:00,2e53bb82-f13f-4157-a3bf-b1a91b94b6a4,Ethereum,morpho-blue,SENRLUSDV2,348914783.0,6.08448,2.50547,3.57901,61.52,NO
2026-09-07T23:57:23+00:00,a5d67f7e-5b51-4a9d-969d-caf051a7f5a4,Ethereum,spark-savings,USDT,360819277.0,3.25,3.25,0.0,61.23,NO
2026-09-07T23:57:23+00:00,699f25fe-09f4-4f82-8f58-baa5b0af8fa4,Ethereum,morpho-blue,SENPYUSDMAIN,384989879.0,5.53334,2.56146,2.97188,61.07,NO
2026-09-07T23:57:23+00:00,f569e486-da2a-41ef-8bfe-1a4db0d1d268,Ethereum,morpho-blue,SENPYUSDPRIMEV2,200186330.0,6.51123,4.04207,2.46917,61.04,NO
2026-09-07T23:57:23+00:00,4438dabc-7f0c-430b-8136-2722711ae663,Ethereum,fluid-lending,USDC,147522606.0,4.95,4.95,0.0,60.84,NO
2026-09-07T23:57:23+00:00,19d024ed-9c70-4323-9a81-fe873ea5f0e0,Ethereum,aave-v3,SGHO,166946696.0,4.5,4.5,0.0,59.52,NO
2026-09-07T23:57:23+00:00,4e8cc592-c8d5-4824-8155-128ba521e903,Ethereum,fluid-lending,USDT,131350824.0,4.65,4.65,0.0,59.0,NO
2026-09-07T23:57:23+00:00,2f5341f4-6c2e-4c65-b2e0-10cd5228ff62,Ethereum,morpho-blue,STEAKCUSDC,38322789.0,7.19952,7.19952,0.0,57.75,NO
2026-09-07T23:57:23+00:00,df7ccfd1-2642-4d79-851a-a5b07d9b8a97,Base,morpho-blue,GTUSDCP,95897415.0,4.27512,4.27512,0.0,56.8,NO
2026-09-07T23:57:23+00:00,aa70268e-4b52-42bf-a116-608b370f9501,Ethereum,aave-v3,USDC,151855178.0,3.59322,3.59322,0.0,56.73,NO
2026-09-07T23:57:23+00:00,f981a304-bb6c-45b8-b0c5-fd2f515ad23a,Ethereum,aave-v3,USDT,191159381.0,3.60292,3.60292,0.0,56.62,NO
2026-09-07T23:57:23+00:00,81ae8812-f04f-4f6e-9d71-ee5778f3a178,Base,morpho-blue,STEAKUSDC,134735224.0,3.18876,3.18876,0.0,56.53,NO
2026-09-07T23:57:23+00:00,d73fcfed-a2ca-5314-a94b-a841982df77f,Ethereum,morpho-blue,PENDLEUSDC,55791163.0,7.3393,5.84084,1.49846,56.42,NO
2026-09-07T23:57:23+00:00,488f06db-5a36-450e-9ba9-b4321be39c7c,Ethereum,fluid-lite,USDC,45023974.0,6.66,0.0,0.0,56.35,NO
2026-09-07T23:57:23+00:00,d3b28212-a46b-4db8-8bb7-2c946b3cbe76,Ethereum,morpho-blue,STEAKEURCV,139887496.0,3.0,3.0,0.0,55.94,NO
2026-09-07T23:57:23+00:00,0ed981dc-b49d-426d-ade5-6014728b1ef9,Ethereum,sparklend,USDS,257162583.0,2.31842,2.31842,0.0,55.93,NO
2026-09-07T23:57:23+00:00,931ea9be-5f4d-428e-beaf-205fc5b4e2b5,Ethereum,morpho-blue,STEAKUSDC,91790186.0,4.30888,4.30888,0.0,55.57,NO
2026-09-07T23:57:23+00:00,71b34441-5a46-431b-a9b3-8c081cd0d74c,Ethereum,morpho-blue,GTUSDCP,85922539.0,4.32299,4.32299,0.0,55.14,NO
2026-09-07T23:57:23+00:00,c8a24fee-ec00-4f38-86c0-9f6daebc4225,Ethereum,sky-lending,SDAI,203124881.0,1.25,1.25,0.0,55.04,NO
2026-09-07T23:57:23+00:00,54e9b138-3146-4c1f-8dce-1cb948f5ef96,Ethereum,sparklend,USDS,594507158.0,3.95869,0.0,3.95869,54.33,NO
2026-09-07T23:57:23+00:00,2d3b68a8-33d3-47e0-a4c0-0bafef4b01d5,Base,morpho-blue,USDE,341238677.0,4.75,0.0,4.75,54.29,NO
2026-09-08T02:16:37+00:00,d8c4eff5-c8a9-46fc-a888-057c4c668e72,Ethereum,sky-lending,SUSDS,4678024480.0,3.6,3.6,0.0,77.62,YES
2026-09-08T02:16:37+00:00,ba68527f-8ec2-4c55-827a-8f4673ae047c,Base,morpho-blue,STEAKUSDC,429832004.0,4.27431,4.27431,0.0,65.48,YES
2026-09-08T02:16:37+00:00,e0672197-9f3e-4414-bca5-e6b4c90aa469,Base,morpho-blue,GTUSDCP,418674830.0,4.27512,4.27512,0.0,65.36,YES
2026-09-08T02:16:37+00:00,3637ce7b-529b-49c1-964c-710a50b2939c,Arbitrum,sky-lending,SUSDS,362521034.0,3.6,3.6,0.0,62.81,NO
2026-09-08T02:16:37+00:00,9d499222-a01a-45bb-bbc9-f01c7923693b,Arbitrum,spark-savings,USDS,362521034.0,3.6,3.6,0.0,62.81,NO
2026-09-08T02:16:37+00:00,a5fab52f-73fa-4f44-9c09-9af1eb20996c,Base,morpho-blue,SPARKUSDC,305938839.0,3.83852,3.83852,0.0,62.68,NO
2026-09-08T02:16:37+00:00,8276be38-acc6-4005-ab0d-62680f49f4df,Base,morpho-blue,SIRLOINUSDC,379925225.0,5.59038,2.81913,2.77125,62.47,NO
2026-09-08T02:16:37+00:00,9f71f0fd-cfac-54b1-865e-37338f481708,Ethereum,sky-lending,STUSDS,209538515.0,5.3,5.3,0.0,62.18,NO
2026-09-08T02:16:37+00:00,c5c74dd1-995c-4445-9d84-3e710bad7d52,Ethereum,spark-savings,USDC,309893913.0,3.6,3.6,0.0,61.9,NO
2026-09-08T02:16:37+00:00,2e53bb82-f13f-4157-a3bf-b1a91b94b6a4,Ethereum,morpho-blue,SENRLUSDV2,348906294.0,6.0867,2.3867,3.7,61.34,NO
2026-09-08T02:16:37+00:00,a5d67f7e-5b51-4a9d-969d-caf051a7f5a4,Ethereum,spark-savings,USDT,360831278.0,3.25,3.25,0.0,61.24,NO
2026-09-08T02:16:37+00:00,f569e486-da2a-41ef-8bfe-1a4db0d1d268,Ethereum,morpho-blue,SENPYUSDPRIMEV2,200092215.0,6.43766,3.68078,2.75688,60.69,NO
2026-09-08T02:16:37+00:00,4438dabc-7f0c-430b-8136-2722711ae663,Ethereum,fluid-lending,USDC,147639241.0,5.04,5.04,0.0,60.69,NO
2026-09-08T02:16:37+00:00,699f25fe-09f4-4f82-8f58-baa5b0af8fa4,Ethereum,morpho-blue,SENPYUSDMAIN,384999953.0,5.5303,2.21198,3.31832,60.43,NO
2026-09-08T02:16:37+00:00,19d024ed-9c70-4323-9a81-fe873ea5f0e0,Ethereum,aave-v3,SGHO,166891712.0,4.5,4.5,0.0,59.52,NO
2026-09-08T02:16:37+00:00,4e8cc592-c8d5-4824-8155-128ba521e903,Ethereum,fluid-lending,USDT,131288772.0,4.64,4.64,0.0,58.92,NO
2026-09-08T02:16:37+00:00,2f5341f4-6c2e-4c65-b2e0-10cd5228ff62,Ethereum,morpho-blue,STEAKCUSDC,38324492.0,7.19954,7.19954,0.0,57.76,NO
2026-09-08T02:16:37+00:00,f981a304-bb6c-45b8-b0c5-fd2f515ad23a,Ethereum,aave-v3,USDT,200756481.0,3.57976,3.57976,0.0,57.06,NO
2026-09-08T02:16:37+00:00,df7ccfd1-2642-4d79-851a-a5b07d9b8a97,Base,morpho-blue,GTUSDCP,95915833.0,4.27466,4.27466,0.0,56.8,NO
2026-09-08T02:16:37+00:00,81ae8812-f04f-4f6e-9d71-ee5778f3a178,Base,morpho-blue,STEAKUSDC,134694607.0,3.18846,3.18846,0.0,56.53,NO
2026-09-08T02:16:37+00:00,488f06db-5a36-450e-9ba9-b4321be39c7c,Ethereum,fluid-lite,USDC,45025237.0,6.66,0.0,0.0,56.35,NO
2026-09-08T02:16:37+00:00,d73fcfed-a2ca-5314-a94b-a841982df77f,Ethereum,morpho-blue,PENDLEUSDC,55866862.0,7.42721,5.89686,1.53035,56.28,NO
2026-09-08T02:16:37+00:00,0ed981dc-b49d-426d-ade5-6014728b1ef9,Ethereum,sparklend,USDS,257164053.0,2.31843,2.31843,0.0,55.94,NO
2026-09-08T02:16:37+00:00,d3b28212-a46b-4db8-8bb7-2c946b3cbe76,Ethereum,morpho-blue,STEAKEURCV,139582701.0,3.0,3.0,0.0,55.94,NO
2026-09-08T02:16:37+00:00,931ea9be-5f4d-428e-beaf-205fc5b4e2b5,Ethereum,morpho-blue,STEAKUSDC,91777088.0,4.30056,4.30056,0.0,55.62,NO
2026-09-08T02:16:37+00:00,71b34441-5a46-431b-a9b3-8c081cd0d74c,Ethereum,morpho-blue,GTUSDCP,85771156.0,4.31561,4.31561,0.0,55.18,NO
2026-09-08T02:16:37+00:00,c8a24fee-ec00-4f38-86c0-9f6daebc4225,Ethereum,sky-lending,SDAI,203159189.0,1.25,1.25,0.0,55.04,NO
2026-09-08T02:16:37+00:00,2d3b68a8-33d3-47e0-a4c0-0bafef4b01d5,Base,morpho-blue,USDE,341239934.0,4.75,0.0,4.75,54.3,NO
2026-09-08T02:16:37+00:00,54e9b138-3146-4c1f-8dce-1cb948f5ef96,Ethereum,sparklend,USDS,594498114.0,4.0096,0.0,4.0096,54.1,NO
2026-09-08T02:16:37+00:00,f8d7740c-4cef-420e-a944-1b7caffde643,Ethereum,morpho-blue,BBQUSDC,41464338.0,5.48553,5.48553,0.0,53.62,NO
2026-09-08T02:58:40+00:00,d8c4eff5-c8a9-46fc-a888-057c4c668e72,Ethereum,sky-lending,SUSDS,4677969154.0,3.6,3.6,0.0,77.62,YES
2026-09-08T02:58:40+00:00,ba68527f-8ec2-4c55-827a-8f4673ae047c,Base,morpho-blue,STEAKUSDC,429834379.0,4.27412,4.27412,0.0,65.48,YES
2026-09-08T02:58:40+00:00,e0672197-9f3e-4414-bca5-e6b4c90aa469,Base,morpho-blue,GTUSDCP,418739385.0,4.27499,4.27499,0.0,65.36,YES
2026-09-08T02:58:40+00:00,3637ce7b-529b-49c1-964c-710a50b2939c,Arbitrum,sky-lending,SUSDS,362523405.0,3.6,3.6,0.0,62.81,NO
2026-09-08T02:58:40+00:00,9d499222-a01a-45bb-bbc9-f01c7923693b,Arbitrum,spark-savings,USDS,362523405.0,3.6,3.6,0.0,62.81,NO
2026-09-08T02:58:40+00:00,a5fab52f-73fa-4f44-9c09-9af1eb20996c,Base,morpho-blue,SPARKUSDC,305944631.0,3.8385,3.8385,0.0,62.68,NO
2026-09-08T02:58:40+00:00,8276be38-acc6-4005-ab0d-62680f49f4df,Base,morpho-blue,SIRLOINUSDC,380804062.0,5.59092,2.81957,2.77136,62.49,NO
2026-09-08T02:58:40+00:00,9f71f0fd-cfac-54b1-865e-37338f481708,Ethereum,sky-lending,STUSDS,209538838.0,5.3,5.3,0.0,62.19,NO
2026-09-08T02:58:40+00:00,c5c74dd1-995c-4445-9d84-3e710bad7d52,Ethereum,spark-savings,USDC,309929599.0,3.6,3.6,0.0,61.9,NO
2026-09-08T02:58:40+00:00,2e53bb82-f13f-4157-a3bf-b1a91b94b6a4,Ethereum,morpho-blue,SENRLUSDV2,348906294.0,6.0867,2.3867,3.7,61.34,NO
2026-09-08T02:58:40+00:00,a5d67f7e-5b51-4a9d-969d-caf051a7f5a4,Ethereum,spark-savings,USDT,360821111.0,3.25,3.25,0.0,61.25,NO
2026-09-08T02:58:40+00:00,f569e486-da2a-41ef-8bfe-1a4db0d1d268,Ethereum,morpho-blue,SENPYUSDPRIMEV2,200092215.0,6.43766,3.68078,2.75688,60.69,NO
2026-09-08T02:58:40+00:00,699f25fe-09f4-4f82-8f58-baa5b0af8fa4,Ethereum,morpho-blue,SENPYUSDMAIN,384999953.0,5.5303,2.21198,3.31832,60.43,NO
2026-09-08T02:58:40+00:00,4438dabc-7f0c-430b-8136-2722711ae663,Ethereum,fluid-lending,USDC,146964032.0,5.12,5.12,0.0,60.43,NO
2026-09-08T02:58:40+00:00,19d024ed-9c70-4323-9a81-fe873ea5f0e0,Ethereum,aave-v3,SGHO,166911398.0,4.5,4.5,0.0,59.53,NO
2026-09-08T02:58:40+00:00,4e8cc592-c8d5-4824-8155-128ba521e903,Ethereum,fluid-lending,USDT,131289961.0,4.64,4.64,0.0,58.91,NO
2026-09-08T02:58:40+00:00,2f5341f4-6c2e-4c65-b2e0-10cd5228ff62,Ethereum,morpho-blue,STEAKCUSDC,38324492.0,7.19954,7.19954,0.0,57.76,NO
2026-09-08T02:58:40+00:00,f981a304-bb6c-45b8-b0c5-fd2f515ad23a,Ethereum,aave-v3,USDT,199958074.0,3.58182,3.58182,0.0,57.03,NO
2026-09-08T02:58:40+00:00,df7ccfd1-2642-4d79-851a-a5b07d9b8a97,Base,morpho-blue,GTUSDCP,94988056.0,4.27447,4.27447,0.0,56.74,NO
2026-09-08T02:58:40+00:00,81ae8812-f04f-4f6e-9d71-ee5778f3a178,Base,morpho-blue,STEAKUSDC,133772656.0,3.18846,3.18846,0.0,56.49,NO
2026-09-08T02:58:40+00:00,488f06db-5a36-450e-9ba9-b4321be39c7c,Ethereum,fluid-lite,USDC,45026307.0,6.66,0.0,0.0,56.36,NO
2026-09-08T02:58:40+00:00,d73fcfed-a2ca-5314-a94b-a841982df77f,Ethereum,morpho-blue,PENDLEUSDC,55866862.0,7.42721,5.89686,1.53035,56.28,NO
2026-09-08T02:58:40+00:00,0ed981dc-b49d-426d-ade5-6014728b1ef9,Ethereum,sparklend,USDS,257189621.0,2.31843,2.31843,0.0,55.95,NO
2026-09-08T02:58:40+00:00,d3b28212-a46b-4db8-8bb7-2c946b3cbe76,Ethereum,morpho-blue,STEAKEURCV,139582701.0,3.0,3.0,0.0,55.94,NO
2026-09-08T02:58:40+00:00,931ea9be-5f4d-428e-beaf-205fc5b4e2b5,Ethereum,morpho-blue,STEAKUSDC,91777088.0,4.30056,4.30056,0.0,55.63,NO
2026-09-08T02:58:40+00:00,71b34441-5a46-431b-a9b3-8c081cd0d74c,Ethereum,morpho-blue,GTUSDCP,85771156.0,4.31561,4.31561,0.0,55.19,NO
2026-09-08T02:58:40+00:00,c8a24fee-ec00-4f38-86c0-9f6daebc4225,Ethereum,sky-lending,SDAI,203159189.0,1.25,1.25,0.0,55.04,NO
2026-09-08T02:58:40+00:00,2d3b68a8-33d3-47e0-a4c0-0bafef4b01d5,Base,morpho-blue,USDE,341222434.0,4.75,0.0,4.75,54.3,NO
2026-09-08T02:58:40+00:00,54e9b138-3146-4c1f-8dce-1cb948f5ef96,Ethereum,sparklend,USDS,594557222.0,4.01041,0.0,4.01041,54.11,NO
2026-09-08T02:58:40+00:00,f8d7740c-4cef-420e-a944-1b7caffde643,Ethereum,morpho-blue,BBQUSDC,41464338.0,5.48553,5.48553,0.0,53.62,NO
2026-09-08T05:14:10+00:00,d8c4eff5-c8a9-46fc-a888-057c4c668e72,Ethereum,sky-lending,SUSDS,4676472381.0,3.6,3.6,0.0,77.62,YES
2026-09-08T05:14:10+00:00,ba68527f-8ec2-4c55-827a-8f4673ae047c,Base,morpho-blue,STEAKUSDC,429850261.0,4.27417,4.27417,0.0,65.49,YES
2026-09-08T05:14:10+00:00,e0672197-9f3e-4414-bca5-e6b4c90aa469,Base,morpho-blue,GTUSDCP,418723925.0,4.2753,4.2753,0.0,65.37,YES
2026-09-08T05:14:10+00:00,3637ce7b-529b-49c1-964c-710a50b2939c,Arbitrum,sky-lending,SUSDS,362525312.0,3.6,3.6,0.0,62.81,NO
2026-09-08T05:14:10+00:00,9d499222-a01a-45bb-bbc9-f01c7923693b,Arbitrum,spark-savings,USDS,362525312.0,3.6,3.6,0.0,62.81,NO
2026-09-08T05:14:10+00:00,a5fab52f-73fa-4f44-9c09-9af1eb20996c,Base,morpho-blue,SPARKUSDC,305937351.0,3.83864,3.83864,0.0,62.68,NO
2026-09-08T05:14:10+00:00,8276be38-acc6-4005-ab0d-62680f49f4df,Base,morpho-blue,SIRLOINUSDC,380748957.0,5.59252,2.82147,2.77104,62.5,NO
2026-09-08T05:14:10+00:00,9f71f0fd-cfac-54b1-865e-37338f481708,Ethereum,sky-lending,STUSDS,209311653.0,5.3,5.3,0.0,62.19,NO
2026-09-08T05:14:10+00:00,c5c74dd1-995c-4445-9d84-3e710bad7d52,Ethereum,spark-savings,USDC,309619981.0,3.6,3.6,0.0,61.9,NO
2026-09-08T05:14:10+00:00,2e53bb82-f13f-4157-a3bf-b1a91b94b6a4,Ethereum,morpho-blue,SENRLUSDV2,348836420.0,6.0933,2.50749,3.58582,61.57,NO
2026-09-08T05:14:10+00:00,f569e486-da2a-41ef-8bfe-1a4db0d1d268,Ethereum,morpho-blue,SENPYUSDPRIMEV2,200094607.0,6.33778,3.86369,2.47409,61.27,NO
2026-09-08T05:14:10+00:00,a5d67f7e-5b51-4a9d-969d-caf051a7f5a4,Ethereum,spark-savings,USDT,360809416.0,3.25,3.25,0.0,61.26,NO
2026-09-08T05:14:10+00:00,699f25fe-09f4-4f82-8f58-baa5b0af8fa4,Ethereum,morpho-blue,SENPYUSDMAIN,385078028.0,5.53908,2.56191,2.97717,61.11,NO
2026-09-08T05:14:10+00:00,4438dabc-7f0c-430b-8136-2722711ae663,Ethereum,fluid-lending,USDC,146450971.0,5.21,5.21,0.0,60.14,NO
2026-09-08T05:14:10+00:00,19d024ed-9c70-4323-9a81-fe873ea5f0e0,Ethereum,aave-v3,SGHO,166882287.0,4.5,4.5,0.0,59.53,NO
2026-09-08T05:14:10+00:00,4e8cc592-c8d5-4824-8155-128ba521e903,Ethereum,fluid-lending,USDT,130988026.0,4.64,4.64,0.0,58.9,NO
2026-09-08T05:14:10+00:00,2f5341f4-6c2e-4c65-b2e0-10cd5228ff62,Ethereum,morpho-blue,STEAKCUSDC,38324824.0,7.19957,7.19957,0.0,57.76,NO
2026-09-08T05:14:10+00:00,f981a304-bb6c-45b8-b0c5-fd2f515ad23a,Ethereum,aave-v3,USDT,200200265.0,3.58121,3.58121,0.0,57.06,NO
2026-09-08T05:14:10+00:00,df7ccfd1-2642-4d79-851a-a5b07d9b8a97,Base,morpho-blue,GTUSDCP,95358406.0,4.27454,4.27454,0.0,56.77,NO
2026-09-08T05:14:10+00:00,488f06db-5a36-450e-9ba9-b4321be39c7c,Ethereum,fluid-lite,USDC,44477249.0,6.74,0.0,0.0,56.74,NO
2026-09-08T05:14:10+00:00,81ae8812-f04f-4f6e-9d71-ee5778f3a178,Base,morpho-blue,STEAKUSDC,133769839.0,3.18871,3.18871,0.0,56.5,NO
2026-09-08T05:14:10+00:00,d73fcfed-a2ca-5314-a94b-a841982df77f,Ethereum,morpho-blue,PENDLEUSDC,55029600.0,7.54074,6.00183,1.53891,56.04,NO
2026-09-08T05:14:10+00:00,0ed981dc-b49d-426d-ade5-6014728b1ef9,Ethereum,sparklend,USDS,257152704.0,2.31843,2.31843,0.0,55.96,NO
2026-09-08T05:14:10+00:00,d3b28212-a46b-4db8-8bb7-2c946b3cbe76,Ethereum,morpho-blue,STEAKEURCV,139537921.0,3.0,3.0,0.0,55.95,NO
2026-09-08T05:14:10+00:00,931ea9be-5f4d-428e-beaf-205fc5b4e2b5,Ethereum,morpho-blue,STEAKUSDC,92244553.0,4.28819,4.28819,0.0,55.73,NO
2026-09-08T05:14:10+00:00,71b34441-5a46-431b-a9b3-8c081cd0d74c,Ethereum,morpho-blue,GTUSDCP,86055100.0,4.30244,4.30244,0.0,55.28,NO
2026-09-08T05:14:10+00:00,c8a24fee-ec00-4f38-86c0-9f6daebc4225,Ethereum,sky-lending,SDAI,203024728.0,1.25,1.25,0.0,55.04,NO
2026-09-08T05:14:10+00:00,2d3b68a8-33d3-47e0-a4c0-0bafef4b01d5,Base,morpho-blue,USDE,341223905.0,4.75,0.0,4.75,54.31,NO
2026-09-08T05:14:10+00:00,54e9b138-3146-4c1f-8dce-1cb948f5ef96,Ethereum,sparklend,USDS,594471878.0,4.01365,0.0,4.01365,54.11,NO
2026-09-08T05:14:10+00:00,b55f43a8-f444-4cd8-a3a4-0a4e786ba566,Ethereum,morpho-blue,STEAKUSDC,67816741.0,4.08532,4.08532,0.0,53.66,NO
2026-09-08T06:44:57+00:00,d8c4eff5-c8a9-46fc-a888-057c4c668e72,Ethereum,sky-lending,SUSDS,4676726846.0,3.6,3.6,0.0,77.62,YES
2026-09-08T06:44:57+00:00,ba68527f-8ec2-4c55-827a-8f4673ae047c,Base,morpho-blue,STEAKUSDC,429842878.0,4.27446,4.27446,0.0,65.49,YES
2026-09-08T06:44:57+00:00,e0672197-9f3e-4414-bca5-e6b4c90aa469,Base,morpho-blue,GTUSDCP,418683683.0,4.27538,4.27538,0.0,65.37,YES
2026-09-08T06:44:57+00:00,9d499222-a01a-45bb-bbc9-f01c7923693b,Arbitrum,spark-savings,USDS,362576967.0,3.6,3.6,0.0,62.81,NO
2026-09-08T06:44:57+00:00,3637ce7b-529b-49c1-964c-710a50b2939c,Arbitrum,sky-lending,SUSDS,362576967.0,3.6,3.6,0.0,62.81,NO
2026-09-08T06:44:57+00:00,a5fab52f-73fa-4f44-9c09-9af1eb20996c,Base,morpho-blue,SPARKUSDC,305946677.0,3.83883,3.83883,0.0,62.69,NO
2026-09-08T06:44:57+00:00,8276be38-acc6-4005-ab0d-62680f49f4df,Base,morpho-blue,SIRLOINUSDC,382966275.0,5.58792,2.82206,2.76587,62.5,NO
2026-09-08T06:44:57+00:00,9f71f0fd-cfac-54b1-865e-37338f481708,Ethereum,sky-lending,STUSDS,209321863.0,5.3,5.3,0.0,62.2,NO
2026-09-08T06:44:57+00:00,c5c74dd1-995c-4445-9d84-3e710bad7d52,Ethereum,spark-savings,USDC,309628276.0,3.6,3.6,0.0,61.9,NO
2026-09-08T06:44:57+00:00,2e53bb82-f13f-4157-a3bf-b1a91b94b6a4,Ethereum,morpho-blue,SENRLUSDV2,348962187.0,6.09532,2.51343,3.58189,61.6,NO
2026-09-08T06:44:57+00:00,f569e486-da2a-41ef-8bfe-1a4db0d1d268,Ethereum,morpho-blue,SENPYUSDPRIMEV2,200081503.0,6.26394,3.79081,2.47313,61.37,NO
2026-09-08T06:44:57+00:00,a5d67f7e-5b51-4a9d-969d-caf051a7f5a4,Ethereum,spark-savings,USDT,360811702.0,3.25,3.25,0.0,61.27,NO
2026-09-08T06:44:57+00:00,699f25fe-09f4-4f82-8f58-baa5b0af8fa4,Ethereum,morpho-blue,SENPYUSDMAIN,385042819.0,5.53847,2.56409,2.97438,61.12,NO
2026-09-08T06:44:57+00:00,4438dabc-7f0c-430b-8136-2722711ae663,Ethereum,fluid-lending,USDC,146458546.0,5.36,5.36,0.0,59.7,NO
2026-09-08T06:44:57+00:00,19d024ed-9c70-4323-9a81-fe873ea5f0e0,Ethereum,aave-v3,SGHO,163849666.0,4.5,4.5,0.0,59.43,NO
2026-09-08T06:44:57+00:00,4e8cc592-c8d5-4824-8155-128ba521e903,Ethereum,fluid-lending,USDT,130998355.0,4.57,4.57,0.0,58.38,NO
2026-09-08T06:44:57+00:00,2f5341f4-6c2e-4c65-b2e0-10cd5228ff62,Ethereum,morpho-blue,STEAKCUSDC,38324726.0,7.19958,7.19958,0.0,57.76,NO
2026-09-08T06:44:57+00:00,f981a304-bb6c-45b8-b0c5-fd2f515ad23a,Ethereum,aave-v3,USDT,208709732.0,3.56071,3.56071,0.0,57.43,NO
2026-09-08T06:44:57+00:00,df7ccfd1-2642-4d79-851a-a5b07d9b8a97,Base,morpho-blue,GTUSDCP,95511452.0,4.27482,4.27482,0.0,56.78,NO
2026-09-08T06:44:57+00:00,488f06db-5a36-450e-9ba9-b4321be39c7c,Ethereum,fluid-lite,USDC,44467282.0,6.74,0.0,0.0,56.75,NO
2026-09-08T06:44:57+00:00,aa70268e-4b52-42bf-a116-608b370f9501,Ethereum,aave-v3,USDC,149001148.0,3.60267,3.60267,0.0,56.7,NO
2026-09-08T06:44:57+00:00,81ae8812-f04f-4f6e-9d71-ee5778f3a178,Base,morpho-blue,STEAKUSDC,133762922.0,3.18877,3.18877,0.0,56.5,NO
2026-09-08T06:44:57+00:00,d3b28212-a46b-4db8-8bb7-2c946b3cbe76,Ethereum,morpho-blue,STEAKEURCV,139401246.0,3.0,3.0,0.0,55.96,NO
2026-09-08T06:44:57+00:00,0ed981dc-b49d-426d-ade5-6014728b1ef9,Ethereum,sparklend,USDS,255069920.0,2.31843,2.31843,0.0,55.92,NO
2026-09-08T06:44:57+00:00,d73fcfed-a2ca-5314-a94b-a841982df77f,Ethereum,morpho-blue,PENDLEUSDC,53245703.0,7.63573,6.10377,1.53196,55.75,NO
2026-09-08T06:44:57+00:00,931ea9be-5f4d-428e-beaf-205fc5b4e2b5,Ethereum,morpho-blue,STEAKUSDC,92291616.0,4.28963,4.28963,0.0,55.74,NO
2026-09-08T06:44:57+00:00,71b34441-5a46-431b-a9b3-8c081cd0d74c,Ethereum,morpho-blue,GTUSDCP,86082556.0,4.3049,4.3049,0.0,55.29,NO
2026-09-08T06:44:57+00:00,c8a24fee-ec00-4f38-86c0-9f6daebc4225,Ethereum,sky-lending,SDAI,203034797.0,1.25,1.25,0.0,55.04,NO
2026-09-08T06:44:57+00:00,2d3b68a8-33d3-47e0-a4c0-0bafef4b01d5,Base,morpho-blue,USDE,341200277.0,4.75,0.0,4.75,54.31,NO
2026-09-08T06:44:57+00:00,54e9b138-3146-4c1f-8dce-1cb948f5ef96,Ethereum,sparklend,USDS,594491208.0,4.0019,0.0,4.0019,54.19,NO
2026-09-08T07:24:31+00:00,d8c4eff5-c8a9-46fc-a888-057c4c668e72,Ethereum,sky-lending,SUSDS,4675077142.0,3.6,3.6,0.0,77.62,YES
2026-09-08T07:24:31+00:00,ba68527f-8ec2-4c55-827a-8f4673ae047c,Base,morpho-blue,STEAKUSDC,429849354.0,4.27448,4.27448,0.0,65.49,YES
2026-09-08T07:24:31+00:00,e0672197-9f3e-4414-bca5-e6b4c90aa469,Base,morpho-blue,GTUSDCP,418686304.0,4.27527,4.27527,0.0,65.37,YES
2026-09-08T07:24:31+00:00,3637ce7b-529b-49c1-964c-710a50b2939c,Arbitrum,sky-lending,SUSDS,362536462.0,3.6,3.6,0.0,62.81,NO
2026-09-08T07:24:31+00:00,9d499222-a01a-45bb-bbc9-f01c7923693b,Arbitrum,spark-savings,USDS,362536462.0,3.6,3.6,0.0,62.81,NO
2026-09-08T07:24:31+00:00,a5fab52f-73fa-4f44-9c09-9af1eb20996c,Base,morpho-blue,SPARKUSDC,305948613.0,3.83872,3.83872,0.0,62.69,NO
2026-09-08T07:24:31+00:00,8276be38-acc6-4005-ab0d-62680f49f4df,Base,morpho-blue,SIRLOINUSDC,382831258.0,5.58787,2.82133,2.76654,62.5,NO
2026-09-08T07:24:31+00:00,9f71f0fd-cfac-54b1-865e-37338f481708,Ethereum,sky-lending,STUSDS,209320461.0,5.3,5.3,0.0,62.2,NO
2026-09-08T07:24:31+00:00,c5c74dd1-995c-4445-9d84-3e710bad7d52,Ethereum,spark-savings,USDC,309631345.0,3.6,3.6,0.0,61.9,NO
2026-09-08T07:24:31+00:00,2e53bb82-f13f-4157-a3bf-b1a91b94b6a4,Ethereum,morpho-blue,SENRLUSDV2,348980058.0,6.09544,2.53406,3.56137,61.63,NO
2026-09-08T07:24:31+00:00,f569e486-da2a-41ef-8bfe-1a4db0d1d268,Ethereum,morpho-blue,SENPYUSDPRIMEV2,199290622.0,6.22967,3.77114,2.45853,61.31,NO
2026-09-08T07:24:31+00:00,a5d67f7e-5b51-4a9d-969d-caf051a7f5a4,Ethereum,spark-savings,USDT,360812038.0,3.25,3.25,0.0,61.28,NO
2026-09-08T07:24:31+00:00,699f25fe-09f4-4f82-8f58-baa5b0af8fa4,Ethereum,morpho-blue,SENPYUSDMAIN,385058306.0,5.53997,2.58262,2.95735,61.16,NO
2026-09-08T07:24:31+00:00,4438dabc-7f0c-430b-8136-2722711ae663,Ethereum,fluid-lending,USDC,146465113.0,5.36,5.36,0.0,59.7,NO
2026-09-08T07:24:31+00:00,19d024ed-9c70-4323-9a81-fe873ea5f0e0,Ethereum,aave-v3,SGHO,163915711.0,4.5,4.5,0.0,59.43,NO
2026-09-08T07:24:31+00:00,4e8cc592-c8d5-4824-8155-128ba521e903,Ethereum,fluid-lending,USDT,130992635.0,4.58,4.58,0.0,58.45,NO
2026-09-08T07:24:31+00:00,2f5341f4-6c2e-4c65-b2e0-10cd5228ff62,Ethereum,morpho-blue,STEAKCUSDC,38223983.0,7.19959,7.19959,0.0,57.75,NO
2026-09-08T07:24:31+00:00,f981a304-bb6c-45b8-b0c5-fd2f515ad23a,Ethereum,aave-v3,USDT,209026290.0,3.56007,3.56007,0.0,57.46,NO
2026-09-08T07:24:31+00:00,df7ccfd1-2642-4d79-851a-a5b07d9b8a97,Base,morpho-blue,GTUSDCP,95554245.0,4.27485,4.27485,0.0,56.79,NO
2026-09-08T07:24:31+00:00,488f06db-5a36-450e-9ba9-b4321be39c7c,Ethereum,fluid-lite,USDC,44467400.0,6.74,0.0,0.0,56.75,NO
2026-09-08T07:24:31+00:00,aa70268e-4b52-42bf-a116-608b370f9501,Ethereum,aave-v3,USDC,148081033.0,3.60564,3.60564,0.0,56.68,NO
2026-09-08T07:24:31+00:00,81ae8812-f04f-4f6e-9d71-ee5778f3a178,Base,morpho-blue,STEAKUSDC,133766923.0,3.1887,3.1887,0.0,56.5,NO
2026-09-08T07:24:31+00:00,d3b28212-a46b-4db8-8bb7-2c946b3cbe76,Ethereum,morpho-blue,STEAKEURCV,139886121.0,3.0,3.0,0.0,55.98,NO
2026-09-08T07:24:31+00:00,0ed981dc-b49d-426d-ade5-6014728b1ef9,Ethereum,sparklend,USDS,256474637.0,2.31843,2.31843,0.0,55.96,NO
2026-09-08T07:24:31+00:00,931ea9be-5f4d-428e-beaf-205fc5b4e2b5,Ethereum,morpho-blue,STEAKUSDC,92289804.0,4.29326,4.29326,0.0,55.74,NO
2026-09-08T07:24:31+00:00,d73fcfed-a2ca-5314-a94b-a841982df77f,Ethereum,morpho-blue,PENDLEUSDC,54765047.0,7.89725,6.30879,1.58846,55.5,NO
2026-09-08T07:24:31+00:00,71b34441-5a46-431b-a9b3-8c081cd0d74c,Ethereum,morpho-blue,GTUSDCP,86165376.0,4.3059,4.3059,0.0,55.3,NO
2026-09-08T07:24:31+00:00,c8a24fee-ec00-4f38-86c0-9f6daebc4225,Ethereum,sky-lending,SDAI,203035191.0,1.25,1.25,0.0,55.04,NO
2026-09-08T07:24:31+00:00,54e9b138-3146-4c1f-8dce-1cb948f5ef96,Ethereum,sparklend,USDS,594538604.0,3.94881,0.0,3.94881,54.46,NO
2026-09-08T07:24:31+00:00,2d3b68a8-33d3-47e0-a4c0-0bafef4b01d5,Base,morpho-blue,USDE,341201601.0,4.75,0.0,4.75,54.31,NO
2026-09-08T08:01:32+00:00,d8c4eff5-c8a9-46fc-a888-057c4c668e72,Ethereum,sky-lending,SUSDS,4675077142.0,3.6,3.6,0.0,77.62,YES
2026-09-08T08:01:32+00:00,ba68527f-8ec2-4c55-827a-8f4673ae047c,Base,morpho-blue,STEAKUSDC,429849354.0,4.27448,4.27448,0.0,65.49,YES
2026-09-08T08:01:32+00:00,e0672197-9f3e-4414-bca5-e6b4c90aa469,Base,morpho-blue,GTUSDCP,418686304.0,4.27527,4.27527,0.0,65.37,YES
2026-09-08T08:01:32+00:00,3637ce7b-529b-49c1-964c-710a50b2939c,Arbitrum,sky-lending,SUSDS,362536462.0,3.6,3.6,0.0,62.81,NO
2026-09-08T08:01:32+00:00,9d499222-a01a-45bb-bbc9-f01c7923693b,Arbitrum,spark-savings,USDS,362536462.0,3.6,3.6,0.0,62.81,NO
2026-09-08T08:01:32+00:00,a5fab52f-73fa-4f44-9c09-9af1eb20996c,Base,morpho-blue,SPARKUSDC,305948613.0,3.83872,3.83872,0.0,62.69,NO
2026-09-08T08:01:32+00:00,8276be38-acc6-4005-ab0d-62680f49f4df,Base,morpho-blue,SIRLOINUSDC,382831258.0,5.58787,2.82133,2.76654,62.5,NO
2026-09-08T08:01:32+00:00,9f71f0fd-cfac-54b1-865e-37338f481708,Ethereum,sky-lending,STUSDS,209320461.0,5.3,5.3,0.0,62.2,NO
2026-09-08T08:01:32+00:00,c5c74dd1-995c-4445-9d84-3e710bad7d52,Ethereum,spark-savings,USDC,309631345.0,3.6,3.6,0.0,61.9,NO
2026-09-08T08:01:32+00:00,2e53bb82-f13f-4157-a3bf-b1a91b94b6a4,Ethereum,morpho-blue,SENRLUSDV2,348980058.0,6.09544,2.53406,3.56137,61.63,NO
2026-09-08T08:01:32+00:00,f569e486-da2a-41ef-8bfe-1a4db0d1d268,Ethereum,morpho-blue,SENPYUSDPRIMEV2,199290622.0,6.22967,3.77114,2.45853,61.31,NO
2026-09-08T08:01:32+00:00,a5d67f7e-5b51-4a9d-969d-caf051a7f5a4,Ethereum,spark-savings,USDT,360812038.0,3.25,3.25,0.0,61.28,NO
2026-09-08T08:01:32+00:00,699f25fe-09f4-4f82-8f58-baa5b0af8fa4,Ethereum,morpho-blue,SENPYUSDMAIN,385058306.0,5.53997,2.58262,2.95735,61.16,NO
2026-09-08T08:01:32+00:00,4438dabc-7f0c-430b-8136-2722711ae663,Ethereum,fluid-lending,USDC,146465113.0,5.36,5.36,0.0,59.7,NO
2026-09-08T08:01:32+00:00,19d024ed-9c70-4323-9a81-fe873ea5f0e0,Ethereum,aave-v3,SGHO,163915711.0,4.5,4.5,0.0,59.43,NO
2026-09-08T08:01:32+00:00,4e8cc592-c8d5-4824-8155-128ba521e903,Ethereum,fluid-lending,USDT,130992635.0,4.58,4.58,0.0,58.45,NO
2026-09-08T08:01:32+00:00,2f5341f4-6c2e-4c65-b2e0-10cd5228ff62,Ethereum,morpho-blue,STEAKCUSDC,38223983.0,7.19959,7.19959,0.0,57.75,NO
2026-09-08T08:01:32+00:00,f981a304-bb6c-45b8-b0c5-fd2f515ad23a,Ethereum,aave-v3,USDT,209026290.0,3.56007,3.56007,0.0,57.46,NO
2026-09-08T08:01:32+00:00,df7ccfd1-2642-4d79-851a-a5b07d9b8a97,Base,morpho-blue,GTUSDCP,95554245.0,4.27485,4.27485,0.0,56.79,NO
2026-09-08T08:01:32+00:00,488f06db-5a36-450e-9ba9-b4321be39c7c,Ethereum,fluid-lite,USDC,44467400.0,6.74,0.0,0.0,56.75,NO
2026-09-08T08:01:32+00:00,aa70268e-4b52-42bf-a116-608b370f9501,Ethereum,aave-v3,USDC,148081033.0,3.60564,3.60564,0.0,56.68,NO
2026-09-08T08:01:32+00:00,81ae8812-f04f-4f6e-9d71-ee5778f3a178,Base,morpho-blue,STEAKUSDC,133766923.0,3.1887,3.1887,0.0,56.5,NO
2026-09-08T08:01:32+00:00,d3b28212-a46b-4db8-8bb7-2c946b3cbe76,Ethereum,morpho-blue,STEAKEURCV,139886121.0,3.0,3.0,0.0,55.98,NO
2026-09-08T08:01:32+00:00,0ed981dc-b49d-426d-ade5-6014728b1ef9,Ethereum,sparklend,USDS,256474637.0,2.31843,2.31843,0.0,55.96,NO
2026-09-08T08:01:32+00:00,931ea9be-5f4d-428e-beaf-205fc5b4e2b5,Ethereum,morpho-blue,STEAKUSDC,92289804.0,4.29326,4.29326,0.0,55.74,NO
2026-09-08T08:01:32+00:00,d73fcfed-a2ca-5314-a94b-a841982df77f,Ethereum,morpho-blue,PENDLEUSDC,54765047.0,7.89725,6.30879,1.58846,55.5,NO
2026-09-08T08:01:32+00:00,71b34441-5a46-431b-a9b3-8c081cd0d74c,Ethereum,morpho-blue,GTUSDCP,86165376.0,4.3059,4.3059,0.0,55.3,NO
2026-09-08T08:01:32+00:00,c8a24fee-ec00-4f38-86c0-9f6daebc4225,Ethereum,sky-lending,SDAI,203035191.0,1.25,1.25,0.0,55.04,NO
2026-09-08T08:01:32+00:00,54e9b138-3146-4c1f-8dce-1cb948f5ef96,Ethereum,sparklend,USDS,594538604.0,3.94881,0.0,3.94881,54.46,NO
2026-09-08T08:01:32+00:00,2d3b68a8-33d3-47e0-a4c0-0bafef4b01d5,Base,morpho-blue,USDE,341201601.0,4.75,0.0,4.75,54.31,NO
2026-09-08T09:37:36+00:00,d8c4eff5-c8a9-46fc-a888-057c4c668e72,Ethereum,sky-lending,SUSDS,4671715188.0,3.6,3.6,0.0,77.62,YES
2026-09-08T09:37:36+00:00,ba68527f-8ec2-4c55-827a-8f4673ae047c,Base,morpho-blue,STEAKUSDC,429365538.0,4.27434,4.27434,0.0,65.49,YES
2026-09-08T09:37:36+00:00,e0672197-9f3e-4414-bca5-e6b4c90aa469,Base,morpho-blue,GTUSDCP,418716482.0,4.27538,4.27538,0.0,65.37,YES
2026-09-08T09:37:36+00:00,9d499222-a01a-45bb-bbc9-f01c7923693b,Arbitrum,spark-savings,USDS,362536309.0,3.6,3.6,0.0,62.81,NO
2026-09-08T09:37:36+00:00,3637ce7b-529b-49c1-964c-710a50b2939c,Arbitrum,sky-lending,SUSDS,362536309.0,3.6,3.6,0.0,62.81,NO
2026-09-08T09:37:36+00:00,a5fab52f-73fa-4f44-9c09-9af1eb20996c,Base,morpho-blue,SPARKUSDC,305946650.0,3.83883,3.83883,0.0,62.69,NO
2026-09-08T09:37:36+00:00,8276be38-acc6-4005-ab0d-62680f49f4df,Base,morpho-blue,SIRLOINUSDC,382917039.0,5.58213,2.82182,2.76031,62.47,NO
2026-09-08T09:37:36+00:00,9f71f0fd-cfac-54b1-865e-37338f481708,Ethereum,sky-lending,STUSDS,209281109.0,5.3,5.3,0.0,62.21,NO
2026-09-08T09:37:36+00:00,c5c74dd1-995c-4445-9d84-3e710bad7d52,Ethereum,spark-savings,USDC,309623262.0,3.6,3.6,0.0,61.9,NO
2026-09-08T09:37:36+00:00,2e53bb82-f13f-4157-a3bf-b1a91b94b6a4,Ethereum,morpho-blue,SENRLUSDV2,348242989.0,6.09467,2.39467,3.7,61.39,NO
2026-09-08T09:37:36+00:00,a5d67f7e-5b51-4a9d-969d-caf051a7f5a4,Ethereum,spark-savings,USDT,360809659.0,3.25,3.25,0.0,61.29,NO
2026-09-08T09:37:36+00:00,f569e486-da2a-41ef-8bfe-1a4db0d1d268,Ethereum,morpho-blue,SENPYUSDPRIMEV2,199301131.0,6.22273,3.41037,2.81236,60.69,NO
2026-09-08T09:37:36+00:00,699f25fe-09f4-4f82-8f58-baa5b0af8fa4,Ethereum,morpho-blue,SENPYUSDMAIN,385879197.0,5.55159,2.18942,3.36217,60.53,NO
2026-09-08T09:37:36+00:00,4438dabc-7f0c-430b-8136-2722711ae663,Ethereum,fluid-lending,USDC,146591467.0,5.37,5.37,0.0,59.68,NO
2026-09-08T09:37:36+00:00,19d024ed-9c70-4323-9a81-fe873ea5f0e0,Ethereum,aave-v3,SGHO,163941078.0,4.5,4.5,0.0,59.44,NO
2026-09-08T09:37:36+00:00,4e8cc592-c8d5-4824-8155-128ba521e903,Ethereum,fluid-lending,USDT,130972321.0,4.55,4.55,0.0,58.23,NO
2026-09-08T09:37:36+00:00,2f5341f4-6c2e-4c65-b2e0-10cd5228ff62,Ethereum,morpho-blue,STEAKCUSDC,38174954.0,7.19965,7.19965,0.0,57.74,NO
2026-09-08T09:37:36+00:00,f981a304-bb6c-45b8-b0c5-fd2f515ad23a,Ethereum,aave-v3,USDT,209394069.0,3.55947,3.55947,0.0,57.49,NO
2026-09-08T09:37:36+00:00,df7ccfd1-2642-4d79-851a-a5b07d9b8a97,Base,morpho-blue,GTUSDCP,94914023.0,4.27471,4.27471,0.0,56.75,NO
2026-09-08T09:37:36+00:00,488f06db-5a36-450e-9ba9-b4321be39c7c,Ethereum,fluid-lite,USDC,44595062.0,6.72,0.0,0.0,56.66,NO
2026-09-08T09:37:36+00:00,aa70268e-4b52-42bf-a116-608b370f9501,Ethereum,aave-v3,USDC,142485274.0,3.6243,3.6243,0.0,56.61,NO
2026-09-08T09:37:36+00:00,81ae8812-f04f-4f6e-9d71-ee5778f3a178,Base,morpho-blue,STEAKUSDC,133761706.0,3.18882,3.18882,0.0,56.5,NO
2026-09-08T09:37:36+00:00,d3b28212-a46b-4db8-8bb7-2c946b3cbe76,Ethereum,morpho-blue,STEAKEURCV,139798509.0,3.0,3.0,0.0,55.99,NO
2026-09-08T09:37:36+00:00,0ed981dc-b49d-426d-ade5-6014728b1ef9,Ethereum,sparklend,USDS,254136297.0,2.31843,2.31843,0.0,55.91,NO
2026-09-08T09:37:36+00:00,931ea9be-5f4d-428e-beaf-205fc5b4e2b5,Ethereum,morpho-blue,STEAKUSDC,93353488.0,4.29357,4.29357,0.0,55.82,NO
2026-09-08T09:37:36+00:00,71b34441-5a46-431b-a9b3-8c081cd0d74c,Ethereum,morpho-blue,GTUSDCP,86118528.0,4.30703,4.30703,0.0,55.31,NO
2026-09-08T09:37:36+00:00,c8a24fee-ec00-4f38-86c0-9f6daebc4225,Ethereum,sky-lending,SDAI,203283518.0,1.25,1.25,0.0,55.05,NO
2026-09-08T09:37:36+00:00,d73fcfed-a2ca-5314-a94b-a841982df77f,Ethereum,morpho-blue,PENDLEUSDC,53522768.0,8.32405,6.7513,1.57275,54.84,NO
2026-09-08T09:37:36+00:00,54e9b138-3146-4c1f-8dce-1cb948f5ef96,Ethereum,sparklend,USDS,594483876.0,3.94597,0.0,3.94597,54.49,NO
2026-09-08T09:37:36+00:00,2d3b68a8-33d3-47e0-a4c0-0bafef4b01d5,Base,morpho-blue,USDE,342651007.0,4.75,0.0,4.75,54.35,NO
2026-09-08T11:04:16+00:00,d8c4eff5-c8a9-46fc-a888-057c4c668e72,Ethereum,sky-lending,SUSDS,4671025414.0,3.6,3.6,0.0,77.62,YES
2026-09-08T11:04:16+00:00,ba68527f-8ec2-4c55-827a-8f4673ae047c,Base,morpho-blue,STEAKUSDC,429389331.0,4.27448,4.27448,0.0,65.49,YES
2026-09-08T11:04:16+00:00,e0672197-9f3e-4414-bca5-e6b4c90aa469,Base,morpho-blue,GTUSDCP,418677883.0,4.27582,4.27582,0.0,65.38,YES
2026-09-08T11:04:16+00:00,3637ce7b-529b-49c1-964c-710a50b2939c,Arbitrum,sky-lending,SUSDS,362526603.0,3.6,3.6,0.0,62.82,NO
2026-09-08T11:04:16+00:00,9d499222-a01a-45bb-bbc9-f01c7923693b,Arbitrum,spark-savings,USDS,362526603.0,3.6,3.6,0.0,62.82,NO
2026-09-08T11:04:16+00:00,a5fab52f-73fa-4f44-9c09-9af1eb20996c,Base,morpho-blue,SPARKUSDC,305940236.0,3.83903,3.83903,0.0,62.69,NO
2026-09-08T11:04:16+00:00,8276be38-acc6-4005-ab0d-62680f49f4df,Base,morpho-blue,SIRLOINUSDC,382944146.0,5.58477,2.82259,2.76217,62.48,NO
2026-09-08T11:04:16+00:00,9f71f0fd-cfac-54b1-865e-37338f481708,Ethereum,sky-lending,STUSDS,209311377.0,5.3,5.3,0.0,62.21,NO
2026-09-08T11:04:16+00:00,c5c74dd1-995c-4445-9d84-3e710bad7d52,Ethereum,spark-savings,USDC,309620263.0,3.6,3.6,0.0,61.9,NO
2026-09-08T11:04:16+00:00,2e53bb82-f13f-4157-a3bf-b1a91b94b6a4,Ethereum,morpho-blue,SENRLUSDV2,348227777.0,6.09836,2.52995,3.56842,61.63,NO
2026-09-08T11:04:16+00:00,699f25fe-09f4-4f82-8f58-baa5b0af8fa4,Ethereum,morpho-blue,SENPYUSDMAIN,385868130.0,5.57456,2.62192,2.95264,61.44,NO
2026-09-08T11:04:16+00:00,f569e486-da2a-41ef-8bfe-1a4db0d1d268,Ethereum,morpho-blue,SENPYUSDPRIMEV2,199295033.0,6.2337,3.76784,2.46586,61.32,NO
2026-09-08T11:04:16+00:00,a5d67f7e-5b51-4a9d-969d-caf051a7f5a4,Ethereum,spark-savings,USDT,360799454.0,3.25,3.25,0.0,61.29,NO
2026-09-08T11:04:16+00:00,4438dabc-7f0c-430b-8136-2722711ae663,Ethereum,fluid-lending,USDC,146570721.0,5.33,5.33,0.0,59.8,NO
2026-09-08T11:04:16+00:00,19d024ed-9c70-4323-9a81-fe873ea5f0e0,Ethereum,aave-v3,SGHO,162461712.0,4.5,4.5,0.0,59.39,NO
2026-09-08T11:04:16+00:00,4e8cc592-c8d5-4824-8155-128ba521e903,Ethereum,fluid-lending,USDT,130999202.0,4.57,4.57,0.0,58.38,NO
2026-09-08T11:04:16+00:00,2f5341f4-6c2e-4c65-b2e0-10cd5228ff62,Ethereum,morpho-blue,STEAKCUSDC,38174259.0,7.19969,7.19969,0.0,57.74,NO
2026-09-08T11:04:16+00:00,f981a304-bb6c-45b8-b0c5-fd2f515ad23a,Ethereum,aave-v3,USDT,210438864.0,3.55697,3.55697,0.0,57.54,NO
2026-09-08T11:04:16+00:00,df7ccfd1-2642-4d79-851a-a5b07d9b8a97,Base,morpho-blue,GTUSDCP,95006449.0,4.27484,4.27484,0.0,56.76,NO
2026-09-08T11:04:16+00:00,488f06db-5a36-450e-9ba9-b4321be39c7c,Ethereum,fluid-lite,USDC,44594731.0,6.72,0.0,0.0,56.66,NO
2026-09-08T11:04:16+00:00,aa70268e-4b52-42bf-a116-608b370f9501,Ethereum,aave-v3,USDC,140775513.0,3.62977,3.62977,0.0,56.59,NO
2026-09-08T11:04:16+00:00,81ae8812-f04f-4f6e-9d71-ee5778f3a178,Base,morpho-blue,STEAKUSDC,133749655.0,3.18905,3.18905,0.0,56.5,NO
2026-09-08T11:04:16+00:00,d3b28212-a46b-4db8-8bb7-2c946b3cbe76,Ethereum,morpho-blue,STEAKEURCV,139823625.0,3.0,3.0,0.0,56.0,NO
2026-09-08T11:04:16+00:00,0ed981dc-b49d-426d-ade5-6014728b1ef9,Ethereum,sparklend,USDS,256745953.0,2.31843,2.31843,0.0,55.98,NO
2026-09-08T11:04:16+00:00,931ea9be-5f4d-428e-beaf-205fc5b4e2b5,Ethereum,morpho-blue,STEAKUSDC,93344026.0,4.29447,4.29447,0.0,55.83,NO
2026-09-08T11:04:16+00:00,71b34441-5a46-431b-a9b3-8c081cd0d74c,Ethereum,morpho-blue,GTUSDCP,86156746.0,4.30945,4.30945,0.0,55.31,NO
2026-09-08T11:04:16+00:00,c8a24fee-ec00-4f38-86c0-9f6daebc4225,Ethereum,sky-lending,SDAI,203392425.0,1.25,1.25,0.0,55.05,NO
2026-09-08T11:04:16+00:00,d73fcfed-a2ca-5314-a94b-a841982df77f,Ethereum,morpho-blue,PENDLEUSDC,53575058.0,8.43603,6.85939,1.57664,54.71,NO
2026-09-08T11:04:16+00:00,54e9b138-3146-4c1f-8dce-1cb948f5ef96,Ethereum,sparklend,USDS,594458230.0,3.94627,0.0,3.94627,54.5,NO
2026-09-08T11:04:16+00:00,2d3b68a8-33d3-47e0-a4c0-0bafef4b01d5,Base,morpho-blue,USDE,342657815.0,4.75,0.0,4.75,54.35,NO
2026-09-08T11:52:13+00:00,d8c4eff5-c8a9-46fc-a888-057c4c668e72,Ethereum,sky-lending,SUSDS,4670990642.0,3.6,3.6,0.0,77.62,YES
2026-09-08T11:52:13+00:00,ba68527f-8ec2-4c55-827a-8f4673ae047c,Base,morpho-blue,STEAKUSDC,429366596.0,4.27473,4.27473,0.0,65.49,YES
2026-09-08T11:52:13+00:00,e0672197-9f3e-4414-bca5-e6b4c90aa469,Base,morpho-blue,GTUSDCP,418647412.0,4.27635,4.27635,0.0,65.38,YES
2026-09-08T11:52:13+00:00,3637ce7b-529b-49c1-964c-710a50b2939c,Arbitrum,sky-lending,SUSDS,362513382.0,3.6,3.6,0.0,62.82,NO
2026-09-08T11:52:13+00:00,9d499222-a01a-45bb-bbc9-f01c7923693b,Arbitrum,spark-savings,USDS,362513382.0,3.6,3.6,0.0,62.82,NO
2026-09-08T11:52:13+00:00,a5fab52f-73fa-4f44-9c09-9af1eb20996c,Base,morpho-blue,SPARKUSDC,305934492.0,3.83946,3.83946,0.0,62.7,NO
2026-09-08T11:52:13+00:00,8276be38-acc6-4005-ab0d-62680f49f4df,Base,morpho-blue,SIRLOINUSDC,382940260.0,5.58529,2.82234,2.76295,62.48,NO
2026-09-08T11:52:13+00:00,9f71f0fd-cfac-54b1-865e-37338f481708,Ethereum,sky-lending,STUSDS,209295530.0,5.3,5.3,0.0,62.22,NO
2026-09-08T11:52:13+00:00,c5c74dd1-995c-4445-9d84-3e710bad7d52,Ethereum,spark-savings,USDC,309662309.0,3.6,3.6,0.0,61.9,NO
2026-09-08T11:52:13+00:00,2e53bb82-f13f-4157-a3bf-b1a91b94b6a4,Ethereum,morpho-blue,SENRLUSDV2,348228489.0,6.09746,2.5102,3.58726,61.59,NO
2026-09-08T11:52:13+00:00,699f25fe-09f4-4f82-8f58-baa5b0af8fa4,Ethereum,morpho-blue,SENPYUSDMAIN,385876320.0,5.58912,2.61968,2.96943,61.52,NO
2026-09-08T11:52:13+00:00,a5d67f7e-5b51-4a9d-969d-caf051a7f5a4,Ethereum,spark-savings,USDT,360780742.0,3.25,3.25,0.0,61.3,NO
2026-09-08T11:52:13+00:00,f569e486-da2a-41ef-8bfe-1a4db0d1d268,Ethereum,morpho-blue,SENPYUSDPRIMEV2,199298119.0,6.23085,3.74828,2.48257,61.27,NO
2026-09-08T11:52:13+00:00,4438dabc-7f0c-430b-8136-2722711ae663,Ethereum,fluid-lending,USDC,146603675.0,5.39,5.39,0.0,59.63,NO
2026-09-08T11:52:13+00:00,19d024ed-9c70-4323-9a81-fe873ea5f0e0,Ethereum,aave-v3,SGHO,162422255.0,4.5,4.5,0.0,59.39,NO
2026-09-08T11:52:13+00:00,4e8cc592-c8d5-4824-8155-128ba521e903,Ethereum,fluid-lending,USDT,131285583.0,4.54,4.54,0.0,58.17,NO
2026-09-08T11:52:13+00:00,f981a304-bb6c-45b8-b0c5-fd2f515ad23a,Ethereum,aave-v3,USDT,215883248.0,3.544,3.544,0.0,57.77,NO
2026-09-08T11:52:13+00:00,2f5341f4-6c2e-4c65-b2e0-10cd5228ff62,Ethereum,morpho-blue,STEAKCUSDC,35239157.0,7.19973,7.19973,0.0,57.28,NO
2026-09-08T11:52:13+00:00,df7ccfd1-2642-4d79-851a-a5b07d9b8a97,Base,morpho-blue,GTUSDCP,95104677.0,4.27515,4.27515,0.0,56.77,NO
2026-09-08T11:52:13+00:00,488f06db-5a36-450e-9ba9-b4321be39c7c,Ethereum,fluid-lite,USDC,44594356.0,6.72,0.0,0.0,56.66,NO
2026-09-08T11:52:13+00:00,aa70268e-4b52-42bf-a116-608b370f9501,Ethereum,aave-v3,USDC,143909253.0,3.61995,3.61995,0.0,56.63,NO
2026-09-08T11:52:13+00:00,81ae8812-f04f-4f6e-9d71-ee5778f3a178,Base,morpho-blue,STEAKUSDC,133747664.0,3.18944,3.18944,0.0,56.51,NO
2026-09-08T11:52:13+00:00,d3b28212-a46b-4db8-8bb7-2c946b3cbe76,Ethereum,morpho-blue,STEAKEURCV,140350538.0,3.0,3.0,0.0,56.02,NO
2026-09-08T11:52:13+00:00,0ed981dc-b49d-426d-ade5-6014728b1ef9,Ethereum,sparklend,USDS,256758722.0,2.31844,2.31844,0.0,55.98,NO
2026-09-08T11:52:13+00:00,931ea9be-5f4d-428e-beaf-205fc5b4e2b5,Ethereum,morpho-blue,STEAKUSDC,93274357.0,4.29334,4.29334,0.0,55.84,NO
2026-09-08T11:52:13+00:00,71b34441-5a46-431b-a9b3-8c081cd0d74c,Ethereum,morpho-blue,GTUSDCP,88995772.0,4.30641,4.30641,0.0,55.52,NO
2026-09-08T11:52:13+00:00,c8a24fee-ec00-4f38-86c0-9f6daebc4225,Ethereum,sky-lending,SDAI,203310146.0,1.25,1.25,0.0,55.05,NO
2026-09-08T11:52:13+00:00,d73fcfed-a2ca-5314-a94b-a841982df77f,Ethereum,morpho-blue,PENDLEUSDC,53560253.0,8.46486,6.86448,1.60037,54.65,NO
2026-09-08T11:52:13+00:00,54e9b138-3146-4c1f-8dce-1cb948f5ef96,Ethereum,sparklend,USDS,594486710.0,3.93247,0.0,3.93247,54.57,NO
2026-09-08T11:52:13+00:00,2d3b68a8-33d3-47e0-a4c0-0bafef4b01d5,Base,morpho-blue,USDE,342654520.0,4.75,0.0,4.75,54.35,NO
2026-09-08T12:20:05+00:00,d8c4eff5-c8a9-46fc-a888-057c4c668e72,Ethereum,sky-lending,SUSDS,4670990642.0,3.6,3.6,0.0,77.62,YES
2026-09-08T12:20:05+00:00,ba68527f-8ec2-4c55-827a-8f4673ae047c,Base,morpho-blue,STEAKUSDC,429366596.0,4.27473,4.27473,0.0,65.49,YES
2026-09-08T12:20:05+00:00,e0672197-9f3e-4414-bca5-e6b4c90aa469,Base,morpho-blue,GTUSDCP,418647412.0,4.27635,4.27635,0.0,65.38,YES
2026-09-08T12:20:05+00:00,3637ce7b-529b-49c1-964c-710a50b2939c,Arbitrum,sky-lending,SUSDS,362513382.0,3.6,3.6,0.0,62.82,NO
2026-09-08T12:20:05+00:00,9d499222-a01a-45bb-bbc9-f01c7923693b,Arbitrum,spark-savings,USDS,362513382.0,3.6,3.6,0.0,62.82,NO
2026-09-08T12:20:05+00:00,a5fab52f-73fa-4f44-9c09-9af1eb20996c,Base,morpho-blue,SPARKUSDC,305934492.0,3.83946,3.83946,0.0,62.7,NO
2026-09-08T12:20:05+00:00,8276be38-acc6-4005-ab0d-62680f49f4df,Base,morpho-blue,SIRLOINUSDC,382940260.0,5.58529,2.82234,2.76295,62.48,NO
2026-09-08T12:20:05+00:00,9f71f0fd-cfac-54b1-865e-37338f481708,Ethereum,sky-lending,STUSDS,209295530.0,5.3,5.3,0.0,62.22,NO
2026-09-08T12:20:05+00:00,c5c74dd1-995c-4445-9d84-3e710bad7d52,Ethereum,spark-savings,USDC,309662309.0,3.6,3.6,0.0,61.9,NO
2026-09-08T12:20:05+00:00,2e53bb82-f13f-4157-a3bf-b1a91b94b6a4,Ethereum,morpho-blue,SENRLUSDV2,348228489.0,6.09746,2.5102,3.58726,61.59,NO
2026-09-08T12:20:05+00:00,699f25fe-09f4-4f82-8f58-baa5b0af8fa4,Ethereum,morpho-blue,SENPYUSDMAIN,385876320.0,5.58912,2.61968,2.96943,61.52,NO
2026-09-08T12:20:05+00:00,a5d67f7e-5b51-4a9d-969d-caf051a7f5a4,Ethereum,spark-savings,USDT,360780742.0,3.25,3.25,0.0,61.3,NO
2026-09-08T12:20:05+00:00,f569e486-da2a-41ef-8bfe-1a4db0d1d268,Ethereum,morpho-blue,SENPYUSDPRIMEV2,199298119.0,6.23085,3.74828,2.48257,61.27,NO
2026-09-08T12:20:05+00:00,4438dabc-7f0c-430b-8136-2722711ae663,Ethereum,fluid-lending,USDC,146603675.0,5.39,5.39,0.0,59.63,NO
2026-09-08T12:20:05+00:00,19d024ed-9c70-4323-9a81-fe873ea5f0e0,Ethereum,aave-v3,SGHO,162422255.0,4.5,4.5,0.0,59.39,NO
2026-09-08T12:20:05+00:00,4e8cc592-c8d5-4824-8155-128ba521e903,Ethereum,fluid-lending,USDT,131285583.0,4.54,4.54,0.0,58.17,NO
2026-09-08T12:20:05+00:00,f981a304-bb6c-45b8-b0c5-fd2f515ad23a,Ethereum,aave-v3,USDT,215883248.0,3.544,3.544,0.0,57.77,NO
2026-09-08T12:20:05+00:00,2f5341f4-6c2e-4c65-b2e0-10cd5228ff62,Ethereum,morpho-blue,STEAKCUSDC,35239157.0,7.19973,7.19973,0.0,57.28,NO
2026-09-08T12:20:05+00:00,df7ccfd1-2642-4d79-851a-a5b07d9b8a97,Base,morpho-blue,GTUSDCP,95104677.0,4.27515,4.27515,0.0,56.77,NO
2026-09-08T12:20:05+00:00,488f06db-5a36-450e-9ba9-b4321be39c7c,Ethereum,fluid-lite,USDC,44594356.0,6.72,0.0,0.0,56.66,NO
2026-09-08T12:20:05+00:00,aa70268e-4b52-42bf-a116-608b370f9501,Ethereum,aave-v3,USDC,143909253.0,3.61995,3.61995,0.0,56.63,NO
2026-09-08T12:20:05+00:00,81ae8812-f04f-4f6e-9d71-ee5778f3a178,Base,morpho-blue,STEAKUSDC,133747664.0,3.18944,3.18944,0.0,56.51,NO
2026-09-08T12:20:05+00:00,d3b28212-a46b-4db8-8bb7-2c946b3cbe76,Ethereum,morpho-blue,STEAKEURCV,140350538.0,3.0,3.0,0.0,56.02,NO
2026-09-08T12:20:05+00:00,0ed981dc-b49d-426d-ade5-6014728b1ef9,Ethereum,sparklend,USDS,256758722.0,2.31844,2.31844,0.0,55.98,NO
2026-09-08T12:20:05+00:00,931ea9be-5f4d-428e-beaf-205fc5b4e2b5,Ethereum,morpho-blue,STEAKUSDC,93274357.0,4.29334,4.29334,0.0,55.84,NO
2026-09-08T12:20:05+00:00,71b34441-5a46-431b-a9b3-8c081cd0d74c,Ethereum,morpho-blue,GTUSDCP,88995772.0,4.30641,4.30641,0.0,55.52,NO
2026-09-08T12:20:05+00:00,c8a24fee-ec00-4f38-86c0-9f6daebc4225,Ethereum,sky-lending,SDAI,203310146.0,1.25,1.25,0.0,55.05,NO
2026-09-08T12:20:05+00:00,d73fcfed-a2ca-5314-a94b-a841982df77f,Ethereum,morpho-blue,PENDLEUSDC,53560253.0,8.46486,6.86448,1.60037,54.65,NO
2026-09-08T12:20:05+00:00,54e9b138-3146-4c1f-8dce-1cb948f5ef96,Ethereum,sparklend,USDS,594486710.0,3.93247,0.0,3.93247,54.57,NO
2026-09-08T12:20:05+00:00,2d3b68a8-33d3-47e0-a4c0-0bafef4b01d5,Base,morpho-blue,USDE,342654520.0,4.75,0.0,4.75,54.35,NO
2026-09-08T12:53:47+00:00,d8c4eff5-c8a9-46fc-a888-057c4c668e72,Ethereum,sky-lending,SUSDS,4671629468.0,3.6,3.6,0.0,77.62,YES
2026-09-08T12:53:47+00:00,ba68527f-8ec2-4c55-827a-8f4673ae047c,Base,morpho-blue,STEAKUSDC,429635254.0,4.27473,4.27473,0.0,65.5,YES
2026-09-08T12:53:47+00:00,e0672197-9f3e-4414-bca5-e6b4c90aa469,Base,morpho-blue,GTUSDCP,418600012.0,4.27712,4.27712,0.0,65.39,YES
2026-09-08T12:53:47+00:00,3637ce7b-529b-49c1-964c-710a50b2939c,Arbitrum,sky-lending,SUSDS,362506523.0,3.6,3.6,0.0,62.82,NO
2026-09-08T12:53:47+00:00,9d499222-a01a-45bb-bbc9-f01c7923693b,Arbitrum,spark-savings,USDS,362506523.0,3.6,3.6,0.0,62.82,NO
2026-09-08T12:53:47+00:00,a5fab52f-73fa-4f44-9c09-9af1eb20996c,Base,morpho-blue,SPARKUSDC,305926502.0,3.84016,3.84016,0.0,62.7,NO
2026-09-08T12:53:47+00:00,8276be38-acc6-4005-ab0d-62680f49f4df,Base,morpho-blue,SIRLOINUSDC,382359283.0,5.58572,2.82279,2.76293,62.48,NO
2026-09-08T12:53:47+00:00,9f71f0fd-cfac-54b1-865e-37338f481708,Ethereum,sky-lending,STUSDS,209291174.0,5.3,5.3,0.0,62.22,NO
2026-09-08T12:53:47+00:00,c5c74dd1-995c-4445-9d84-3e710bad7d52,Ethereum,spark-savings,USDC,309660926.0,3.6,3.6,0.0,61.9,NO
2026-09-08T12:53:47+00:00,699f25fe-09f4-4f82-8f58-baa5b0af8fa4,Ethereum,morpho-blue,SENPYUSDMAIN,385851139.0,5.60479,2.65655,2.94824,61.67,NO
2026-09-08T12:53:47+00:00,2e53bb82-f13f-4157-a3bf-b1a91b94b6a4,Ethereum,morpho-blue,SENRLUSDV2,348216151.0,6.09629,2.53199,3.56429,61.62,NO
2026-09-08T12:53:47+00:00,a5d67f7e-5b51-4a9d-969d-caf051a7f5a4,Ethereum,spark-savings,USDT,360779914.0,3.25,3.25,0.0,61.31,NO
2026-09-08T12:53:47+00:00,f569e486-da2a-41ef-8bfe-1a4db0d1d268,Ethereum,morpho-blue,SENPYUSDPRIMEV2,199287298.0,6.22806,3.76324,2.46482,61.28,NO
2026-09-08T12:53:47+00:00,19d024ed-9c70-4323-9a81-fe873ea5f0e0,Ethereum,aave-v3,SGHO,162417935.0,4.5,4.5,0.0,59.39,NO
2026-09-08T12:53:47+00:00,4438dabc-7f0c-430b-8136-2722711ae663,Ethereum,fluid-lending,USDC,146496504.0,5.47,5.47,0.0,59.39,NO
2026-09-08T12:53:47+00:00,4e8cc592-c8d5-4824-8155-128ba521e903,Ethereum,fluid-lending,USDT,131271821.0,4.5,4.5,0.0,57.87,NO
2026-09-08T12:53:47+00:00,f981a304-bb6c-45b8-b0c5-fd2f515ad23a,Ethereum,aave-v3,USDT,215056455.0,3.5461,3.5461,0.0,57.74,NO
2026-09-08T12:53:47+00:00,2f5341f4-6c2e-4c65-b2e0-10cd5228ff62,Ethereum,morpho-blue,STEAKCUSDC,35188635.0,7.19975,7.19975,0.0,57.27,NO
2026-09-08T12:53:47+00:00,df7ccfd1-2642-4d79-851a-a5b07d9b8a97,Base,morpho-blue,GTUSDCP,94877601.0,4.27567,4.27567,0.0,56.76,NO
2026-09-08T12:53:47+00:00,488f06db-5a36-450e-9ba9-b4321be39c7c,Ethereum,fluid-lite,USDC,44613164.0,6.72,0.0,0.0,56.67,NO
2026-09-08T12:53:47+00:00,aa70268e-4b52-42bf-a116-608b370f9501,Ethereum,aave-v3,USDC,143044913.0,3.62265,3.62265,0.0,56.61,NO
2026-09-08T12:53:47+00:00,81ae8812-f04f-4f6e-9d71-ee5778f3a178,Base,morpho-blue,STEAKUSDC,133684814.0,3.19003,3.19003,0.0,56.51,NO
2026-09-08T12:53:47+00:00,d3b28212-a46b-4db8-8bb7-2c946b3cbe76,Ethereum,morpho-blue,STEAKEURCV,140403755.0,3.0,3.0,0.0,56.03,NO
2026-09-08T12:53:47+00:00,0ed981dc-b49d-426d-ade5-6014728b1ef9,Ethereum,sparklend,USDS,256755289.0,2.31844,2.31844,0.0,55.99,NO
2026-09-08T12:53:47+00:00,931ea9be-5f4d-428e-beaf-205fc5b4e2b5,Ethereum,morpho-blue,STEAKUSDC,93548099.0,4.29259,4.29259,0.0,55.87,NO
2026-09-08T12:53:47+00:00,71b34441-5a46-431b-a9b3-8c081cd0d74c,Ethereum,morpho-blue,GTUSDCP,89026233.0,4.30315,4.30315,0.0,55.55,NO
2026-09-08T12:53:47+00:00,c8a24fee-ec00-4f38-86c0-9f6daebc4225,Ethereum,sky-lending,SDAI,203310687.0,1.25,1.25,0.0,55.05,NO
2026-09-08T12:53:47+00:00,d73fcfed-a2ca-5314-a94b-a841982df77f,Ethereum,morpho-blue,PENDLEUSDC,53939439.0,8.55116,6.98427,1.56689,54.62,NO
2026-09-08T12:53:47+00:00,54e9b138-3146-4c1f-8dce-1cb948f5ef96,Ethereum,sparklend,USDS,594478737.0,3.9374,0.0,3.9374,54.56,NO
2026-09-08T12:53:47+00:00,2d3b68a8-33d3-47e0-a4c0-0bafef4b01d5,Base,morpho-blue,USDE,342660517.0,4.75,0.0,4.75,54.36,NO
2026-09-08T15:33:51+00:00,d8c4eff5-c8a9-46fc-a888-057c4c668e72,Ethereum,sky-lending,SUSDS,4672803746.0,3.6,3.6,0.0,77.62,YES
2026-09-08T15:33:51+00:00,ba68527f-8ec2-4c55-827a-8f4673ae047c,Base,morpho-blue,STEAKUSDC,429724383.0,4.27781,4.27781,0.0,65.53,YES
2026-09-08T15:33:51+00:00,e0672197-9f3e-4414-bca5-e6b4c90aa469,Base,morpho-blue,GTUSDCP,418670558.0,4.27978,4.27978,0.0,65.42,YES
2026-09-08T15:33:51+00:00,9d499222-a01a-45bb-bbc9-f01c7923693b,Arbitrum,spark-savings,USDS,362524396.0,3.6,3.6,0.0,62.82,NO
2026-09-08T15:33:51+00:00,3637ce7b-529b-49c1-964c-710a50b2939c,Arbitrum,sky-lending,SUSDS,362524396.0,3.6,3.6,0.0,62.82,NO
2026-09-08T15:33:51+00:00,a5fab52f-73fa-4f44-9c09-9af1eb20996c,Base,morpho-blue,SPARKUSDC,305963846.0,3.84268,3.84268,0.0,62.73,NO
2026-09-08T15:33:51+00:00,8276be38-acc6-4005-ab0d-62680f49f4df,Base,morpho-blue,SIRLOINUSDC,382158665.0,5.59074,2.82545,2.76528,62.5,NO
2026-09-08T15:33:51+00:00,9f71f0fd-cfac-54b1-865e-37338f481708,Ethereum,sky-lending,STUSDS,209310067.0,5.3,5.3,0.0,62.23,NO
2026-09-08T15:33:51+00:00,c5c74dd1-995c-4445-9d84-3e710bad7d52,Ethereum,spark-savings,USDC,309816458.0,3.6,3.6,0.0,61.91,NO
2026-09-08T15:33:51+00:00,699f25fe-09f4-4f82-8f58-baa5b0af8fa4,Ethereum,morpho-blue,SENPYUSDMAIN,383385716.0,5.64581,2.66959,2.97622,61.89,NO
2026-09-08T15:33:51+00:00,2e53bb82-f13f-4157-a3bf-b1a91b94b6a4,Ethereum,morpho-blue,SENRLUSDV2,345261663.0,6.09613,2.5239,3.57223,61.56,NO
2026-09-08T15:33:51+00:00,a5d67f7e-5b51-4a9d-969d-caf051a7f5a4,Ethereum,spark-savings,USDT,360793809.0,3.25,3.25,0.0,61.32,NO
2026-09-08T15:33:51+00:00,f569e486-da2a-41ef-8bfe-1a4db0d1d268,Ethereum,morpho-blue,SENPYUSDPRIMEV2,201781841.0,6.21355,3.77277,2.44079,61.3,NO
2026-09-08T15:33:51+00:00,4438dabc-7f0c-430b-8136-2722711ae663,Ethereum,fluid-lending,USDC,146589145.0,5.39,5.39,0.0,59.65,NO
2026-09-08T15:33:51+00:00,19d024ed-9c70-4323-9a81-fe873ea5f0e0,Ethereum,aave-v3,SGHO,164498424.0,4.5,4.5,0.0,59.47,NO
2026-09-08T15:33:51+00:00,4e8cc592-c8d5-4824-8155-128ba521e903,Ethereum,fluid-lending,USDT,131079780.0,4.5,4.5,0.0,57.86,NO
2026-09-08T15:33:51+00:00,f981a304-bb6c-45b8-b0c5-fd2f515ad23a,Ethereum,aave-v3,USDT,213518792.0,3.54994,3.54994,0.0,57.71,NO
2026-09-08T15:33:51+00:00,2f5341f4-6c2e-4c65-b2e0-10cd5228ff62,Ethereum,morpho-blue,STEAKCUSDC,35173073.0,7.19976,7.19976,0.0,57.27,NO
2026-09-08T15:33:51+00:00,df7ccfd1-2642-4d79-851a-a5b07d9b8a97,Base,morpho-blue,GTUSDCP,95195887.0,4.27821,4.27821,0.0,56.8,NO
2026-09-08T15:33:51+00:00,488f06db-5a36-450e-9ba9-b4321be39c7c,Ethereum,fluid-lite,USDC,44611176.0,6.72,0.0,0.0,56.68,NO
2026-09-08T15:33:51+00:00,aa70268e-4b52-42bf-a116-608b370f9501,Ethereum,aave-v3,USDC,140002316.0,3.63265,3.63265,0.0,56.56,NO
2026-09-08T15:33:51+00:00,81ae8812-f04f-4f6e-9d71-ee5778f3a178,Base,morpho-blue,STEAKUSDC,133412739.0,3.19212,3.19212,0.0,56.53,NO
2026-09-08T15:33:51+00:00,931ea9be-5f4d-428e-beaf-205fc5b4e2b5,Ethereum,morpho-blue,STEAKUSDC,96602755.0,4.292,4.292,0.0,56.08,NO
2026-09-08T15:33:51+00:00,d3b28212-a46b-4db8-8bb7-2c946b3cbe76,Ethereum,morpho-blue,STEAKEURCV,140720693.0,3.0,3.0,0.0,56.06,NO
2026-09-08T15:33:51+00:00,0ed981dc-b49d-426d-ade5-6014728b1ef9,Ethereum,sparklend,USDS,256768288.0,2.31847,2.31847,0.0,56.0,NO
2026-09-08T15:33:51+00:00,71b34441-5a46-431b-a9b3-8c081cd0d74c,Ethereum,morpho-blue,GTUSDCP,88848141.0,4.30129,4.30129,0.0,55.57,NO
2026-09-08T15:33:51+00:00,c8a24fee-ec00-4f38-86c0-9f6daebc4225,Ethereum,sky-lending,SDAI,203310687.0,1.25,1.25,0.0,55.05,NO
2026-09-08T15:33:51+00:00,54e9b138-3146-4c1f-8dce-1cb948f5ef96,Ethereum,sparklend,USDS,594461290.0,3.90664,0.0,3.90664,54.73,NO
2026-09-08T15:33:51+00:00,2d3b68a8-33d3-47e0-a4c0-0bafef4b01d5,Base,morpho-blue,USDE,342644443.0,4.75,0.0,4.75,54.36,NO
2026-09-08T15:33:51+00:00,d73fcfed-a2ca-5314-a94b-a841982df77f,Ethereum,morpho-blue,PENDLEUSDC,53363393.0,8.75502,7.1887,1.56632,54.33,NO
2026-09-08T16:15:00+00:00,d8c4eff5-c8a9-46fc-a888-057c4c668e72,Ethereum,sky-lending,SUSDS,4672803746.0,3.6,3.6,0.0,77.62,YES
2026-09-08T16:15:00+00:00,ba68527f-8ec2-4c55-827a-8f4673ae047c,Base,morpho-blue,STEAKUSDC,429724383.0,4.27781,4.27781,0.0,65.53,YES
2026-09-08T16:15:00+00:00,e0672197-9f3e-4414-bca5-e6b4c90aa469,Base,morpho-blue,GTUSDCP,418670558.0,4.27978,4.27978,0.0,65.42,YES
2026-09-08T16:15:00+00:00,9d499222-a01a-45bb-bbc9-f01c7923693b,Arbitrum,spark-savings,USDS,362524396.0,3.6,3.6,0.0,62.82,NO
2026-09-08T16:15:00+00:00,3637ce7b-529b-49c1-964c-710a50b2939c,Arbitrum,sky-lending,SUSDS,362524396.0,3.6,3.6,0.0,62.82,NO
2026-09-08T16:15:00+00:00,a5fab52f-73fa-4f44-9c09-9af1eb20996c,Base,morpho-blue,SPARKUSDC,305963846.0,3.84268,3.84268,0.0,62.73,NO
2026-09-08T16:15:00+00:00,8276be38-acc6-4005-ab0d-62680f49f4df,Base,morpho-blue,SIRLOINUSDC,382158665.0,5.59074,2.82545,2.76528,62.5,NO
2026-09-08T16:15:00+00:00,9f71f0fd-cfac-54b1-865e-37338f481708,Ethereum,sky-lending,STUSDS,209310067.0,5.3,5.3,0.0,62.23,NO
2026-09-08T16:15:00+00:00,c5c74dd1-995c-4445-9d84-3e710bad7d52,Ethereum,spark-savings,USDC,309816458.0,3.6,3.6,0.0,61.91,NO
2026-09-08T16:15:00+00:00,699f25fe-09f4-4f82-8f58-baa5b0af8fa4,Ethereum,morpho-blue,SENPYUSDMAIN,383385716.0,5.64581,2.66959,2.97622,61.89,NO
2026-09-08T16:15:00+00:00,2e53bb82-f13f-4157-a3bf-b1a91b94b6a4,Ethereum,morpho-blue,SENRLUSDV2,345261663.0,6.09613,2.5239,3.57223,61.56,NO
2026-09-08T16:15:00+00:00,a5d67f7e-5b51-4a9d-969d-caf051a7f5a4,Ethereum,spark-savings,USDT,360793809.0,3.25,3.25,0.0,61.32,NO
2026-09-08T16:15:00+00:00,f569e486-da2a-41ef-8bfe-1a4db0d1d268,Ethereum,morpho-blue,SENPYUSDPRIMEV2,201781841.0,6.21355,3.77277,2.44079,61.3,NO
2026-09-08T16:15:00+00:00,4438dabc-7f0c-430b-8136-2722711ae663,Ethereum,fluid-lending,USDC,146589145.0,5.39,5.39,0.0,59.65,NO
2026-09-08T16:15:00+00:00,19d024ed-9c70-4323-9a81-fe873ea5f0e0,Ethereum,aave-v3,SGHO,164498424.0,4.5,4.5,0.0,59.47,NO
2026-09-08T16:15:00+00:00,4e8cc592-c8d5-4824-8155-128ba521e903,Ethereum,fluid-lending,USDT,131079780.0,4.5,4.5,0.0,57.86,NO
2026-09-08T16:15:00+00:00,f981a304-bb6c-45b8-b0c5-fd2f515ad23a,Ethereum,aave-v3,USDT,213518792.0,3.54994,3.54994,0.0,57.71,NO
2026-09-08T16:15:00+00:00,2f5341f4-6c2e-4c65-b2e0-10cd5228ff62,Ethereum,morpho-blue,STEAKCUSDC,35173073.0,7.19976,7.19976,0.0,57.27,NO
2026-09-08T16:15:00+00:00,df7ccfd1-2642-4d79-851a-a5b07d9b8a97,Base,morpho-blue,GTUSDCP,95195887.0,4.27821,4.27821,0.0,56.8,NO
2026-09-08T16:15:00+00:00,488f06db-5a36-450e-9ba9-b4321be39c7c,Ethereum,fluid-lite,USDC,44611176.0,6.72,0.0,0.0,56.68,NO
2026-09-08T16:15:00+00:00,aa70268e-4b52-42bf-a116-608b370f9501,Ethereum,aave-v3,USDC,140002316.0,3.63265,3.63265,0.0,56.56,NO
2026-09-08T16:15:00+00:00,81ae8812-f04f-4f6e-9d71-ee5778f3a178,Base,morpho-blue,STEAKUSDC,133412739.0,3.19212,3.19212,0.0,56.53,NO
2026-09-08T16:15:00+00:00,931ea9be-5f4d-428e-beaf-205fc5b4e2b5,Ethereum,morpho-blue,STEAKUSDC,96602755.0,4.292,4.292,0.0,56.08,NO
2026-09-08T16:15:00+00:00,d3b28212-a46b-4db8-8bb7-2c946b3cbe76,Ethereum,morpho-blue,STEAKEURCV,140720693.0,3.0,3.0,0.0,56.06,NO
2026-09-08T16:15:00+00:00,0ed981dc-b49d-426d-ade5-6014728b1ef9,Ethereum,sparklend,USDS,256768288.0,2.31847,2.31847,0.0,56.0,NO
2026-09-08T16:15:00+00:00,71b34441-5a46-431b-a9b3-8c081cd0d74c,Ethereum,morpho-blue,GTUSDCP,88848141.0,4.30129,4.30129,0.0,55.57,NO
2026-09-08T16:15:00+00:00,c8a24fee-ec00-4f38-86c0-9f6daebc4225,Ethereum,sky-lending,SDAI,203310687.0,1.25,1.25,0.0,55.05,NO
2026-09-08T16:15:00+00:00,54e9b138-3146-4c1f-8dce-1cb948f5ef96,Ethereum,sparklend,USDS,594461290.0,3.90664,0.0,3.90664,54.73,NO
2026-09-08T16:15:00+00:00,2d3b68a8-33d3-47e0-a4c0-0bafef4b01d5,Base,morpho-blue,USDE,342644443.0,4.75,0.0,4.75,54.36,NO
2026-09-08T16:15:00+00:00,d73fcfed-a2ca-5314-a94b-a841982df77f,Ethereum,morpho-blue,PENDLEUSDC,53363393.0,8.75502,7.1887,1.56632,54.33,NO
2026-09-08T16:47:22+00:00,d8c4eff5-c8a9-46fc-a888-057c4c668e72,Ethereum,sky-lending,SUSDS,4674082963.0,3.6,3.6,0.0,77.63,YES
2026-09-08T16:47:22+00:00,ba68527f-8ec2-4c55-827a-8f4673ae047c,Base,morpho-blue,STEAKUSDC,428940301.0,4.2788,4.2788,0.0,65.53,YES
2026-09-08T16:47:22+00:00,e0672197-9f3e-4414-bca5-e6b4c90aa469,Base,morpho-blue,GTUSDCP,418706965.0,4.28082,4.28082,0.0,65.43,YES
2026-09-08T16:47:22+00:00,3637ce7b-529b-49c1-964c-710a50b2939c,Arbitrum,sky-lending,SUSDS,362651213.0,3.6,3.6,0.0,62.82,NO
2026-09-08T16:47:22+00:00,9d499222-a01a-45bb-bbc9-f01c7923693b,Arbitrum,spark-savings,USDS,362651213.0,3.6,3.6,0.0,62.82,NO
2026-09-08T16:47:22+00:00,a5fab52f-73fa-4f44-9c09-9af1eb20996c,Base,morpho-blue,SPARKUSDC,305991323.0,3.84365,3.84365,0.0,62.74,NO
2026-09-08T16:47:22+00:00,8276be38-acc6-4005-ab0d-62680f49f4df,Base,morpho-blue,SIRLOINUSDC,382383918.0,5.59282,2.82646,2.76636,62.52,NO
2026-09-08T16:47:22+00:00,9f71f0fd-cfac-54b1-865e-37338f481708,Ethereum,sky-lending,STUSDS,209357758.0,5.3,5.3,0.0,62.24,NO
2026-09-08T16:47:22+00:00,699f25fe-09f4-4f82-8f58-baa5b0af8fa4,Ethereum,morpho-blue,SENPYUSDMAIN,382741456.0,5.65387,2.66742,2.98645,61.92,NO
2026-09-08T16:47:22+00:00,c5c74dd1-995c-4445-9d84-3e710bad7d52,Ethereum,spark-savings,USDC,309844617.0,3.6,3.6,0.0,61.91,NO
2026-09-08T16:47:22+00:00,2e53bb82-f13f-4157-a3bf-b1a91b94b6a4,Ethereum,morpho-blue,SENRLUSDV2,345310832.0,6.11642,2.51149,3.60493,61.65,NO
2026-09-08T16:47:22+00:00,a5d67f7e-5b51-4a9d-969d-caf051a7f5a4,Ethereum,spark-savings,USDT,360837870.0,3.25,3.25,0.0,61.33,NO
2026-09-08T16:47:22+00:00,f569e486-da2a-41ef-8bfe-1a4db0d1d268,Ethereum,morpho-blue,SENPYUSDPRIMEV2,201321872.0,6.20913,3.76739,2.44175,61.25,NO
2026-09-08T16:47:22+00:00,4438dabc-7f0c-430b-8136-2722711ae663,Ethereum,fluid-lending,USDC,146674552.0,5.29,5.29,0.0,59.95,NO
2026-09-08T16:47:22+00:00,19d024ed-9c70-4323-9a81-fe873ea5f0e0,Ethereum,aave-v3,SGHO,164606240.0,4.5,4.5,0.0,59.48,NO
2026-09-08T16:47:22+00:00,4e8cc592-c8d5-4824-8155-128ba521e903,Ethereum,fluid-lending,USDT,130928459.0,4.55,4.55,0.0,58.22,NO
2026-09-08T16:47:22+00:00,f981a304-bb6c-45b8-b0c5-fd2f515ad23a,Ethereum,aave-v3,USDT,213259279.0,3.55064,3.55064,0.0,57.7,NO
2026-09-08T16:47:22+00:00,2f5341f4-6c2e-4c65-b2e0-10cd5228ff62,Ethereum,morpho-blue,STEAKCUSDC,35115944.0,7.19976,7.19976,0.0,57.27,NO
2026-09-08T16:47:22+00:00,df7ccfd1-2642-4d79-851a-a5b07d9b8a97,Base,morpho-blue,GTUSDCP,95279744.0,4.27919,4.27919,0.0,56.82,NO
2026-09-08T16:47:22+00:00,488f06db-5a36-450e-9ba9-b4321be39c7c,Ethereum,fluid-lite,USDC,44615298.0,6.72,0.0,0.0,56.68,NO
2026-09-08T16:47:22+00:00,aa70268e-4b52-42bf-a116-608b370f9501,Ethereum,aave-v3,USDC,140030243.0,3.63235,3.63235,0.0,56.56,NO
2026-09-08T16:47:22+00:00,81ae8812-f04f-4f6e-9d71-ee5778f3a178,Base,morpho-blue,STEAKUSDC,133415268.0,3.19267,3.19267,0.0,56.53,NO
2026-09-08T16:47:22+00:00,d3b28212-a46b-4db8-8bb7-2c946b3cbe76,Ethereum,morpho-blue,STEAKEURCV,140734160.0,3.0,3.0,0.0,56.07,NO
2026-09-08T16:47:22+00:00,0ed981dc-b49d-426d-ade5-6014728b1ef9,Ethereum,sparklend,USDS,258406752.0,2.31844,2.31844,0.0,56.05,NO
2026-09-08T16:47:22+00:00,931ea9be-5f4d-428e-beaf-205fc5b4e2b5,Ethereum,morpho-blue,STEAKUSDC,93547075.0,4.29106,4.29106,0.0,55.91,NO
2026-09-08T16:47:22+00:00,71b34441-5a46-431b-a9b3-8c081cd0d74c,Ethereum,morpho-blue,GTUSDCP,88920180.0,4.29994,4.29994,0.0,55.59,NO
2026-09-08T16:47:22+00:00,c8a24fee-ec00-4f38-86c0-9f6daebc4225,Ethereum,sky-lending,SDAI,203272307.0,1.25,1.25,0.0,55.05,NO
2026-09-08T16:47:22+00:00,54e9b138-3146-4c1f-8dce-1cb948f5ef96,Ethereum,sparklend,USDS,594600858.0,3.94649,0.0,3.94649,54.55,NO
2026-09-08T16:47:22+00:00,2d3b68a8-33d3-47e0-a4c0-0bafef4b01d5,Base,morpho-blue,USDE,342661755.0,4.75,0.0,4.75,54.37,NO
2026-09-08T16:47:22+00:00,d73fcfed-a2ca-5314-a94b-a841982df77f,Ethereum,morpho-blue,PENDLEUSDC,53368334.0,8.7744,7.17936,1.59504,54.28,NO
2026-09-08T17:05:06+00:00,d8c4eff5-c8a9-46fc-a888-057c4c668e72,Ethereum,sky-lending,SUSDS,4674082963.0,3.6,3.6,0.0,77.63,YES
2026-09-08T17:05:06+00:00,ba68527f-8ec2-4c55-827a-8f4673ae047c,Base,morpho-blue,STEAKUSDC,428940301.0,4.2788,4.2788,0.0,65.53,YES
2026-09-08T17:05:06+00:00,e0672197-9f3e-4414-bca5-e6b4c90aa469,Base,morpho-blue,GTUSDCP,418706965.0,4.28082,4.28082,0.0,65.43,YES
2026-09-08T17:05:06+00:00,3637ce7b-529b-49c1-964c-710a50b2939c,Arbitrum,sky-lending,SUSDS,362651213.0,3.6,3.6,0.0,62.82,NO
2026-09-08T17:05:06+00:00,9d499222-a01a-45bb-bbc9-f01c7923693b,Arbitrum,spark-savings,USDS,362651213.0,3.6,3.6,0.0,62.82,NO
2026-09-08T17:05:06+00:00,a5fab52f-73fa-4f44-9c09-9af1eb20996c,Base,morpho-blue,SPARKUSDC,305991323.0,3.84365,3.84365,0.0,62.74,NO
2026-09-08T17:05:06+00:00,8276be38-acc6-4005-ab0d-62680f49f4df,Base,morpho-blue,SIRLOINUSDC,382383918.0,5.59282,2.82646,2.76636,62.52,NO
2026-09-08T17:05:06+00:00,9f71f0fd-cfac-54b1-865e-37338f481708,Ethereum,sky-lending,STUSDS,209357758.0,5.3,5.3,0.0,62.24,NO
2026-09-08T17:05:06+00:00,699f25fe-09f4-4f82-8f58-baa5b0af8fa4,Ethereum,morpho-blue,SENPYUSDMAIN,382741456.0,5.65387,2.66742,2.98645,61.92,NO
2026-09-08T17:05:06+00:00,c5c74dd1-995c-4445-9d84-3e710bad7d52,Ethereum,spark-savings,USDC,309844617.0,3.6,3.6,0.0,61.91,NO
2026-09-08T17:05:06+00:00,2e53bb82-f13f-4157-a3bf-b1a91b94b6a4,Ethereum,morpho-blue,SENRLUSDV2,345310832.0,6.11642,2.51149,3.60493,61.65,NO
2026-09-08T17:05:06+00:00,a5d67f7e-5b51-4a9d-969d-caf051a7f5a4,Ethereum,spark-savings,USDT,360837870.0,3.25,3.25,0.0,61.33,NO
2026-09-08T17:05:06+00:00,f569e486-da2a-41ef-8bfe-1a4db0d1d268,Ethereum,morpho-blue,SENPYUSDPRIMEV2,201321872.0,6.20913,3.76739,2.44175,61.25,NO
2026-09-08T17:05:06+00:00,4438dabc-7f0c-430b-8136-2722711ae663,Ethereum,fluid-lending,USDC,146674552.0,5.29,5.29,0.0,59.95,NO
2026-09-08T17:05:06+00:00,19d024ed-9c70-4323-9a81-fe873ea5f0e0,Ethereum,aave-v3,SGHO,164606240.0,4.5,4.5,0.0,59.48,NO
2026-09-08T17:05:06+00:00,4e8cc592-c8d5-4824-8155-128ba521e903,Ethereum,fluid-lending,USDT,130928459.0,4.55,4.55,0.0,58.22,NO
2026-09-08T17:05:06+00:00,f981a304-bb6c-45b8-b0c5-fd2f515ad23a,Ethereum,aave-v3,USDT,213259279.0,3.55064,3.55064,0.0,57.7,NO
2026-09-08T17:05:06+00:00,2f5341f4-6c2e-4c65-b2e0-10cd5228ff62,Ethereum,morpho-blue,STEAKCUSDC,35115944.0,7.19976,7.19976,0.0,57.27,NO
2026-09-08T17:05:06+00:00,df7ccfd1-2642-4d79-851a-a5b07d9b8a97,Base,morpho-blue,GTUSDCP,95279744.0,4.27919,4.27919,0.0,56.82,NO
2026-09-08T17:05:06+00:00,488f06db-5a36-450e-9ba9-b4321be39c7c,Ethereum,fluid-lite,USDC,44615298.0,6.72,0.0,0.0,56.68,NO
2026-09-08T17:05:06+00:00,aa70268e-4b52-42bf-a116-608b370f9501,Ethereum,aave-v3,USDC,140030243.0,3.63235,3.63235,0.0,56.56,NO
2026-09-08T17:05:06+00:00,81ae8812-f04f-4f6e-9d71-ee5778f3a178,Base,morpho-blue,STEAKUSDC,133415268.0,3.19267,3.19267,0.0,56.53,NO
2026-09-08T17:05:06+00:00,d3b28212-a46b-4db8-8bb7-2c946b3cbe76,Ethereum,morpho-blue,STEAKEURCV,140734160.0,3.0,3.0,0.0,56.07,NO
2026-09-08T17:05:06+00:00,0ed981dc-b49d-426d-ade5-6014728b1ef9,Ethereum,sparklend,USDS,258406752.0,2.31844,2.31844,0.0,56.05,NO
2026-09-08T17:05:06+00:00,931ea9be-5f4d-428e-beaf-205fc5b4e2b5,Ethereum,morpho-blue,STEAKUSDC,93547075.0,4.29106,4.29106,0.0,55.91,NO
2026-09-08T17:05:06+00:00,71b34441-5a46-431b-a9b3-8c081cd0d74c,Ethereum,morpho-blue,GTUSDCP,88920180.0,4.29994,4.29994,0.0,55.59,NO
2026-09-08T17:05:06+00:00,c8a24fee-ec00-4f38-86c0-9f6daebc4225,Ethereum,sky-lending,SDAI,203272307.0,1.25,1.25,0.0,55.05,NO
2026-09-08T17:05:06+00:00,54e9b138-3146-4c1f-8dce-1cb948f5ef96,Ethereum,sparklend,USDS,594600858.0,3.94649,0.0,3.94649,54.55,NO
2026-09-08T17:05:06+00:00,2d3b68a8-33d3-47e0-a4c0-0bafef4b01d5,Base,morpho-blue,USDE,342661755.0,4.75,0.0,4.75,54.37,NO
2026-09-08T17:05:06+00:00,d73fcfed-a2ca-5314-a94b-a841982df77f,Ethereum,morpho-blue,PENDLEUSDC,53368334.0,8.7744,7.17936,1.59504,54.28,NO
